time_utc,time_local,dni_w_m2,tracking_diffuse_w_m2,tracking_ground_reflected_w_m2,pvgis_sun_elevation_deg,temperature_c,wind_speed_m_s,reconstructed
2023-01-01 00:10:00+00:00,2023-01-01 01:10:00+01:00,0.0,0.0,0.0,0.0,7.04,1.93,0.0
2023-01-01 01:10:00+00:00,2023-01-01 02:10:00+01:00,0.0,0.0,0.0,0.0,6.61,1.93,0.0
2023-01-01 02:10:00+00:00,2023-01-01 03:10:00+01:00,0.0,0.0,0.0,0.0,6.29,1.93,0.0
2023-01-01 03:10:00+00:00,2023-01-01 04:10:00+01:00,0.0,0.0,0.0,0.0,6.12,1.86,0.0
2023-01-01 04:10:00+00:00,2023-01-01 05:10:00+01:00,0.0,0.0,0.0,0.0,6.04,1.79,0.0
2023-01-01 05:10:00+00:00,2023-01-01 06:10:00+01:00,0.0,0.0,0.0,0.0,5.97,1.79,0.0
2023-01-01 06:10:00+00:00,2023-01-01 07:10:00+01:00,0.0,0.0,0.0,0.0,5.76,1.86,0.0
2023-01-01 07:10:00+00:00,2023-01-01 08:10:00+01:00,0.0,0.0,0.0,0.0,5.74,1.93,0.0
2023-01-01 08:10:00+00:00,2023-01-01 09:10:00+01:00,434.34,78.56,5.4,4.89,5.68,1.93,0.0
2023-01-01 09:10:00+00:00,2023-01-01 10:10:00+01:00,419.0,154.71,14.37,14.09,8.04,1.45,0.0
2023-01-01 10:10:00+00:00,2023-01-01 11:10:00+01:00,208.75,180.99,15.9,21.65,12.03,1.45,0.0
2023-01-01 11:10:00+00:00,2023-01-01 12:10:00+01:00,344.44,233.64,19.53,26.93,15.18,1.17,0.0
2023-01-01 12:10:00+00:00,2023-01-01 13:10:00+01:00,728.78,185.45,24.38,29.33,17.45,0.83,0.0
2023-01-01 13:10:00+00:00,2023-01-01 14:10:00+01:00,322.73,242.46,19.4,28.5,18.93,0.41,0.0
2023-01-01 14:10:00+00:00,2023-01-01 15:10:00+01:00,43.3,143.07,11.92,24.57,19.72,0.48,0.0
2023-01-01 15:10:00+00:00,2023-01-01 16:10:00+01:00,342.22,174.28,16.15,18.04,19.92,0.69,0.0
2023-01-01 16:10:00+00:00,2023-01-01 17:10:00+01:00,613.0,113.79,11.59,9.58,19.28,0.97,0.0
2023-01-01 17:10:00+00:00,2023-01-01 18:10:00+01:00,0.0,0.0,0.0,0.0,17.78,1.66,0.0
2023-01-01 18:10:00+00:00,2023-01-01 19:10:00+01:00,0.0,0.0,0.0,0.0,15.35,1.79,0.0
2023-01-01 19:10:00+00:00,2023-01-01 20:10:00+01:00,0.0,0.0,0.0,0.0,13.39,2.28,0.0
2023-01-01 20:10:00+00:00,2023-01-01 21:10:00+01:00,0.0,0.0,0.0,0.0,12.27,2.28,0.0
2023-01-01 21:10:00+00:00,2023-01-01 22:10:00+01:00,0.0,0.0,0.0,0.0,11.41,2.21,0.0
2023-01-01 22:10:00+00:00,2023-01-01 23:10:00+01:00,0.0,0.0,0.0,0.0,10.75,2.07,0.0
2023-01-01 23:10:00+00:00,2023-01-02 00:10:00+01:00,0.0,0.0,0.0,0.0,10.11,2.14,0.0
2023-01-02 00:10:00+00:00,2023-01-02 01:10:00+01:00,0.0,0.0,0.0,0.0,9.81,2.07,0.0
2023-01-02 01:10:00+00:00,2023-01-02 02:10:00+01:00,0.0,0.0,0.0,0.0,9.83,1.86,0.0
2023-01-02 02:10:00+00:00,2023-01-02 03:10:00+01:00,0.0,0.0,0.0,0.0,10.26,1.66,0.0
2023-01-02 03:10:00+00:00,2023-01-02 04:10:00+01:00,0.0,0.0,0.0,0.0,10.71,1.45,0.0
2023-01-02 04:10:00+00:00,2023-01-02 05:10:00+01:00,0.0,0.0,0.0,0.0,11.03,1.17,0.0
2023-01-02 05:10:00+00:00,2023-01-02 06:10:00+01:00,0.0,0.0,0.0,0.0,10.75,0.97,0.0
2023-01-02 06:10:00+00:00,2023-01-02 07:10:00+01:00,0.0,0.0,0.0,0.0,10.13,1.17,0.0
2023-01-02 07:10:00+00:00,2023-01-02 08:10:00+01:00,0.0,0.0,0.0,0.0,10.87,1.03,0.0
2023-01-02 08:10:00+00:00,2023-01-02 09:10:00+01:00,0.0,2.7,0.46,4.87,11.24,0.97,0.0
2023-01-02 09:10:00+00:00,2023-01-02 10:10:00+01:00,0.0,26.67,3.25,14.09,12.02,0.55,0.0
2023-01-02 10:10:00+00:00,2023-01-02 11:10:00+01:00,27.08,112.26,10.34,21.67,12.98,0.55,0.0
2023-01-02 11:10:00+00:00,2023-01-02 12:10:00+01:00,0.0,51.52,3.88,26.98,13.36,0.97,0.0
2023-01-02 12:10:00+00:00,2023-01-02 13:10:00+01:00,0.0,84.11,5.75,29.41,13.49,1.03,0.0
2023-01-02 13:10:00+00:00,2023-01-02 14:10:00+01:00,0.0,77.51,5.47,28.6,14.13,1.24,0.0
2023-01-02 14:10:00+00:00,2023-01-02 15:10:00+01:00,69.44,155.8,12.93,24.69,13.98,1.79,0.0
2023-01-02 15:10:00+00:00,2023-01-02 16:10:00+01:00,83.37,115.77,11.42,18.17,13.86,2.21,0.0
2023-01-02 16:10:00+00:00,2023-01-02 17:10:00+01:00,88.93,64.2,6.9,9.71,13.41,2.34,0.0
2023-01-02 17:10:00+00:00,2023-01-02 18:10:00+01:00,0.0,0.0,0.0,0.0,13.11,2.07,0.0
2023-01-02 18:10:00+00:00,2023-01-02 19:10:00+01:00,0.0,0.0,0.0,0.0,12.85,1.72,0.0
2023-01-02 19:10:00+00:00,2023-01-02 20:10:00+01:00,0.0,0.0,0.0,0.0,12.99,1.24,0.0
2023-01-02 20:10:00+00:00,2023-01-02 21:10:00+01:00,0.0,0.0,0.0,0.0,12.84,1.31,0.0
2023-01-02 21:10:00+00:00,2023-01-02 22:10:00+01:00,0.0,0.0,0.0,0.0,12.54,1.45,0.0
2023-01-02 22:10:00+00:00,2023-01-02 23:10:00+01:00,0.0,0.0,0.0,0.0,12.2,1.52,0.0
2023-01-02 23:10:00+00:00,2023-01-03 00:10:00+01:00,0.0,0.0,0.0,0.0,11.87,1.52,0.0
2023-01-03 00:10:00+00:00,2023-01-03 01:10:00+01:00,0.0,0.0,0.0,0.0,11.42,1.59,0.0
2023-01-03 01:10:00+00:00,2023-01-03 02:10:00+01:00,0.0,0.0,0.0,0.0,10.83,1.66,0.0
2023-01-03 02:10:00+00:00,2023-01-03 03:10:00+01:00,0.0,0.0,0.0,0.0,10.47,1.45,0.0
2023-01-03 03:10:00+00:00,2023-01-03 04:10:00+01:00,0.0,0.0,0.0,0.0,10.03,1.52,0.0
2023-01-03 04:10:00+00:00,2023-01-03 05:10:00+01:00,0.0,0.0,0.0,0.0,9.89,1.52,0.0
2023-01-03 05:10:00+00:00,2023-01-03 06:10:00+01:00,0.0,0.0,0.0,0.0,9.67,1.59,0.0
2023-01-03 06:10:00+00:00,2023-01-03 07:10:00+01:00,0.0,0.0,0.0,0.0,9.37,1.66,0.0
2023-01-03 07:10:00+00:00,2023-01-03 08:10:00+01:00,0.0,0.0,0.0,0.0,8.66,1.86,0.0
2023-01-03 08:10:00+00:00,2023-01-03 09:10:00+01:00,353.65,75.28,5.03,4.87,8.26,1.86,0.0
2023-01-03 09:10:00+00:00,2023-01-03 10:10:00+01:00,164.13,117.6,11.34,14.11,9.32,1.66,0.0
2023-01-03 10:10:00+00:00,2023-01-03 11:10:00+01:00,108.15,152.31,13.61,21.71,11.19,2.0,0.0
2023-01-03 11:10:00+00:00,2023-01-03 12:10:00+01:00,149.56,206.25,15.98,27.04,13.19,2.55,0.0
2023-01-03 12:10:00+00:00,2023-01-03 13:10:00+01:00,79.21,199.53,14.11,29.5,14.7,2.48,0.0
2023-01-03 13:10:00+00:00,2023-01-03 14:10:00+01:00,308.05,243.83,19.22,28.71,15.75,2.21,0.0
2023-01-03 14:10:00+00:00,2023-01-03 15:10:00+01:00,474.24,218.14,20.78,24.81,16.38,1.93,0.0
2023-01-03 15:10:00+00:00,2023-01-03 16:10:00+01:00,783.21,125.29,20.78,18.31,16.71,1.93,0.0
2023-01-03 16:10:00+00:00,2023-01-03 17:10:00+01:00,561.28,117.86,11.44,9.85,16.49,2.0,0.0
2023-01-03 17:10:00+00:00,2023-01-03 18:10:00+01:00,0.0,0.0,0.0,0.0,15.48,2.14,0.0
2023-01-03 18:10:00+00:00,2023-01-03 19:10:00+01:00,0.0,0.0,0.0,0.0,14.1,2.34,0.0
2023-01-03 19:10:00+00:00,2023-01-03 20:10:00+01:00,0.0,0.0,0.0,0.0,13.98,2.07,0.0
2023-01-03 20:10:00+00:00,2023-01-03 21:10:00+01:00,0.0,0.0,0.0,0.0,13.7,2.07,0.0
2023-01-03 21:10:00+00:00,2023-01-03 22:10:00+01:00,0.0,0.0,0.0,0.0,13.18,2.21,0.0
2023-01-03 22:10:00+00:00,2023-01-03 23:10:00+01:00,0.0,0.0,0.0,0.0,12.9,2.14,0.0
2023-01-03 23:10:00+00:00,2023-01-04 00:10:00+01:00,0.0,0.0,0.0,0.0,12.28,2.07,0.0
2023-01-04 00:10:00+00:00,2023-01-04 01:10:00+01:00,0.0,0.0,0.0,0.0,11.22,2.0,0.0
2023-01-04 01:10:00+00:00,2023-01-04 02:10:00+01:00,0.0,0.0,0.0,0.0,10.4,1.93,0.0
2023-01-04 02:10:00+00:00,2023-01-04 03:10:00+01:00,0.0,0.0,0.0,0.0,9.69,1.93,0.0
2023-01-04 03:10:00+00:00,2023-01-04 04:10:00+01:00,0.0,0.0,0.0,0.0,9.35,1.93,0.0
2023-01-04 04:10:00+00:00,2023-01-04 05:10:00+01:00,0.0,0.0,0.0,0.0,9.08,2.0,0.0
2023-01-04 05:10:00+00:00,2023-01-04 06:10:00+01:00,0.0,0.0,0.0,0.0,8.91,2.0,0.0
2023-01-04 06:10:00+00:00,2023-01-04 07:10:00+01:00,0.0,0.0,0.0,0.0,9.07,2.0,0.0
2023-01-04 07:10:00+00:00,2023-01-04 08:10:00+01:00,0.0,0.0,0.0,0.0,9.83,2.21,0.0
2023-01-04 08:10:00+00:00,2023-01-04 09:10:00+01:00,389.12,78.17,5.22,4.86,10.01,2.34,0.0
2023-01-04 09:10:00+00:00,2023-01-04 10:10:00+01:00,704.92,129.93,16.93,14.12,10.95,2.48,0.0
2023-01-04 10:10:00+00:00,2023-01-04 11:10:00+01:00,820.49,131.34,23.29,21.75,12.78,3.59,0.0
2023-01-04 11:10:00+00:00,2023-01-04 12:10:00+01:00,899.67,117.81,25.91,27.11,14.49,3.66,0.0
2023-01-04 12:10:00+00:00,2023-01-04 13:10:00+01:00,897.08,124.09,26.17,29.59,15.33,3.24,0.0
2023-01-04 13:10:00+00:00,2023-01-04 14:10:00+01:00,902.07,119.82,26.15,28.83,16.22,3.1,0.0
2023-01-04 14:10:00+00:00,2023-01-04 15:10:00+01:00,839.44,131.53,24.64,24.94,16.83,2.76,0.0
2023-01-04 15:10:00+00:00,2023-01-04 16:10:00+01:00,771.17,129.83,20.78,18.45,17.25,2.48,0.0
2023-01-04 16:10:00+00:00,2023-01-04 17:10:00+01:00,576.42,118.93,11.74,9.99,17.06,2.14,0.0
2023-01-04 17:10:00+00:00,2023-01-04 18:10:00+01:00,0.0,0.0,0.0,0.0,15.68,2.41,0.0
2023-01-04 18:10:00+00:00,2023-01-04 19:10:00+01:00,0.0,0.0,0.0,0.0,13.96,2.62,0.0
2023-01-04 19:10:00+00:00,2023-01-04 20:10:00+01:00,0.0,0.0,0.0,0.0,13.45,2.48,0.0
2023-01-04 20:10:00+00:00,2023-01-04 21:10:00+01:00,0.0,0.0,0.0,0.0,12.39,2.28,0.0
2023-01-04 21:10:00+00:00,2023-01-04 22:10:00+01:00,0.0,0.0,0.0,0.0,11.43,2.14,0.0
2023-01-04 22:10:00+00:00,2023-01-04 23:10:00+01:00,0.0,0.0,0.0,0.0,10.57,2.07,0.0
2023-01-04 23:10:00+00:00,2023-01-05 00:10:00+01:00,0.0,0.0,0.0,0.0,9.82,2.0,0.0
2023-01-05 00:10:00+00:00,2023-01-05 01:10:00+01:00,0.0,0.0,0.0,0.0,9.2,2.0,0.0
2023-01-05 01:10:00+00:00,2023-01-05 02:10:00+01:00,0.0,0.0,0.0,0.0,9.08,1.93,0.0
2023-01-05 02:10:00+00:00,2023-01-05 03:10:00+01:00,0.0,0.0,0.0,0.0,8.76,1.93,0.0
2023-01-05 03:10:00+00:00,2023-01-05 04:10:00+01:00,0.0,0.0,0.0,0.0,8.52,2.0,0.0
2023-01-05 04:10:00+00:00,2023-01-05 05:10:00+01:00,0.0,0.0,0.0,0.0,8.19,2.14,0.0
2023-01-05 05:10:00+00:00,2023-01-05 06:10:00+01:00,0.0,0.0,0.0,0.0,8.19,2.28,0.0
2023-01-05 06:10:00+00:00,2023-01-05 07:10:00+01:00,0.0,0.0,0.0,0.0,8.25,2.34,0.0
2023-01-05 07:10:00+00:00,2023-01-05 08:10:00+01:00,0.0,0.0,0.0,0.0,8.73,2.41,0.0
2023-01-05 08:10:00+00:00,2023-01-05 09:10:00+01:00,376.97,76.15,5.12,4.87,9.01,2.55,0.0
2023-01-05 09:10:00+00:00,2023-01-05 10:10:00+01:00,695.57,133.48,16.93,14.15,10.31,2.62,0.0
2023-01-05 10:10:00+00:00,2023-01-05 11:10:00+01:00,805.31,137.57,23.2,21.79,12.16,3.24,0.0
2023-01-05 11:10:00+00:00,2023-01-05 12:10:00+01:00,884.25,125.41,25.8,27.19,13.65,2.76,0.0
2023-01-05 12:10:00+00:00,2023-01-05 13:10:00+01:00,892.26,128.5,26.19,29.69,15.06,2.34,0.0
2023-01-05 13:10:00+00:00,2023-01-05 14:10:00+01:00,884.08,130.18,26.05,28.95,16.09,1.93,0.0
2023-01-05 14:10:00+00:00,2023-01-05 15:10:00+01:00,837.47,134.5,24.71,25.08,16.74,1.66,0.0
2023-01-05 15:10:00+00:00,2023-01-05 16:10:00+01:00,759.08,134.17,20.78,18.59,17.01,1.59,0.0
2023-01-05 16:10:00+00:00,2023-01-05 17:10:00+01:00,590.86,119.81,12.03,10.14,16.8,1.59,0.0
2023-01-05 17:10:00+00:00,2023-01-05 18:10:00+01:00,0.0,0.0,0.0,0.0,15.43,2.0,0.0
2023-01-05 18:10:00+00:00,2023-01-05 19:10:00+01:00,0.0,0.0,0.0,0.0,13.76,2.07,0.0
2023-01-05 19:10:00+00:00,2023-01-05 20:10:00+01:00,0.0,0.0,0.0,0.0,12.77,1.86,0.0
2023-01-05 20:10:00+00:00,2023-01-05 21:10:00+01:00,0.0,0.0,0.0,0.0,11.03,1.72,0.0
2023-01-05 21:10:00+00:00,2023-01-05 22:10:00+01:00,0.0,0.0,0.0,0.0,9.8,1.59,0.0
2023-01-05 22:10:00+00:00,2023-01-05 23:10:00+01:00,0.0,0.0,0.0,0.0,8.89,1.59,0.0
2023-01-05 23:10:00+00:00,2023-01-06 00:10:00+01:00,0.0,0.0,0.0,0.0,8.23,1.52,0.0
2023-01-06 00:10:00+00:00,2023-01-06 01:10:00+01:00,0.0,0.0,0.0,0.0,7.59,1.52,0.0
2023-01-06 01:10:00+00:00,2023-01-06 02:10:00+01:00,0.0,0.0,0.0,0.0,7.11,1.45,0.0
2023-01-06 02:10:00+00:00,2023-01-06 03:10:00+01:00,0.0,0.0,0.0,0.0,6.8,1.45,0.0
2023-01-06 03:10:00+00:00,2023-01-06 04:10:00+01:00,0.0,0.0,0.0,0.0,6.35,1.52,0.0
2023-01-06 04:10:00+00:00,2023-01-06 05:10:00+01:00,0.0,0.0,0.0,0.0,6.24,1.59,0.0
2023-01-06 05:10:00+00:00,2023-01-06 06:10:00+01:00,0.0,0.0,0.0,0.0,5.85,1.72,0.0
2023-01-06 06:10:00+00:00,2023-01-06 07:10:00+01:00,0.0,0.0,0.0,0.0,6.17,1.59,0.0
2023-01-06 07:10:00+00:00,2023-01-06 08:10:00+01:00,0.0,0.0,0.0,0.0,5.97,1.31,0.0
2023-01-06 08:10:00+00:00,2023-01-06 09:10:00+01:00,387.9,77.98,5.22,4.88,6.03,1.52,0.0
2023-01-06 09:10:00+00:00,2023-01-06 10:10:00+01:00,685.95,134.39,16.84,14.18,6.77,1.59,0.0
2023-01-06 10:10:00+00:00,2023-01-06 11:10:00+01:00,781.9,144.62,22.98,21.85,8.3,1.59,0.0
2023-01-06 11:10:00+00:00,2023-01-06 12:10:00+01:00,870.88,131.2,25.68,27.27,10.22,1.38,0.0
2023-01-06 12:10:00+00:00,2023-01-06 13:10:00+01:00,869.17,136.53,25.9,29.8,12.11,1.24,0.0
2023-01-06 13:10:00+00:00,2023-01-06 14:10:00+01:00,874.27,132.46,25.9,29.09,13.79,0.9,0.0
2023-01-06 14:10:00+00:00,2023-01-06 15:10:00+01:00,825.94,138.37,24.62,25.23,14.79,0.55,0.0
2023-01-06 15:10:00+00:00,2023-01-06 16:10:00+01:00,759.41,135.52,20.9,18.74,15.18,0.41,0.0
2023-01-06 16:10:00+00:00,2023-01-06 17:10:00+01:00,587.82,120.72,12.16,10.29,15.06,0.48,0.0
2023-01-06 17:10:00+00:00,2023-01-06 18:10:00+01:00,0.0,0.0,0.0,0.0,14.35,0.55,0.0
2023-01-06 18:10:00+00:00,2023-01-06 19:10:00+01:00,0.0,0.0,0.0,0.0,13.26,0.55,0.0
2023-01-06 19:10:00+00:00,2023-01-06 20:10:00+01:00,0.0,0.0,0.0,0.0,12.7,0.69,0.0
2023-01-06 20:10:00+00:00,2023-01-06 21:10:00+01:00,0.0,0.0,0.0,0.0,11.43,1.1,0.0
2023-01-06 21:10:00+00:00,2023-01-06 22:10:00+01:00,0.0,0.0,0.0,0.0,9.26,1.45,0.0
2023-01-06 22:10:00+00:00,2023-01-06 23:10:00+01:00,0.0,0.0,0.0,0.0,8.43,1.45,0.0
2023-01-06 23:10:00+00:00,2023-01-07 00:10:00+01:00,0.0,0.0,0.0,0.0,7.81,1.38,0.0
2023-01-07 00:10:00+00:00,2023-01-07 01:10:00+01:00,0.0,0.0,0.0,0.0,7.41,1.31,0.0
2023-01-07 01:10:00+00:00,2023-01-07 02:10:00+01:00,0.0,0.0,0.0,0.0,7.39,1.17,0.0
2023-01-07 02:10:00+00:00,2023-01-07 03:10:00+01:00,0.0,0.0,0.0,0.0,6.84,1.17,0.0
2023-01-07 03:10:00+00:00,2023-01-07 04:10:00+01:00,0.0,0.0,0.0,0.0,5.93,1.31,0.0
2023-01-07 04:10:00+00:00,2023-01-07 05:10:00+01:00,0.0,0.0,0.0,0.0,5.1,1.45,0.0
2023-01-07 05:10:00+00:00,2023-01-07 06:10:00+01:00,0.0,0.0,0.0,0.0,5.34,0.97,0.0
2023-01-07 06:10:00+00:00,2023-01-07 07:10:00+01:00,0.0,0.0,0.0,0.0,6.24,0.28,0.0
2023-01-07 07:10:00+00:00,2023-01-07 08:10:00+01:00,0.0,0.0,0.0,0.0,4.93,1.24,0.0
2023-01-07 08:10:00+00:00,2023-01-07 09:10:00+01:00,281.15,70.19,4.76,4.9,5.28,1.24,0.0
2023-01-07 09:10:00+00:00,2023-01-07 10:10:00+01:00,411.34,155.53,14.41,14.21,7.85,0.9,0.0
2023-01-07 10:10:00+00:00,2023-01-07 11:10:00+01:00,790.53,137.51,22.94,21.91,10.44,0.97,0.0
2023-01-07 11:10:00+00:00,2023-01-07 12:10:00+01:00,774.68,161.44,24.54,27.36,12.66,0.97,0.0
2023-01-07 12:10:00+00:00,2023-01-07 13:10:00+01:00,268.65,248.66,18.65,29.92,14.02,1.03,0.0
2023-01-07 13:10:00+00:00,2023-01-07 14:10:00+01:00,618.57,218.26,23.29,29.22,15.2,2.14,0.0
2023-01-07 14:10:00+00:00,2023-01-07 15:10:00+01:00,0.0,92.69,7.43,25.38,15.44,2.97,0.0
2023-01-07 15:10:00+00:00,2023-01-07 16:10:00+01:00,89.54,124.81,12.03,18.9,14.81,2.48,0.0
2023-01-07 16:10:00+00:00,2023-01-07 17:10:00+01:00,253.7,111.04,9.66,10.45,14.49,2.07,0.0
2023-01-07 17:10:00+00:00,2023-01-07 18:10:00+01:00,0.0,0.0,0.0,0.0,14.08,2.21,0.0
2023-01-07 18:10:00+00:00,2023-01-07 19:10:00+01:00,0.0,0.0,0.0,0.0,13.61,2.62,0.0
2023-01-07 19:10:00+00:00,2023-01-07 20:10:00+01:00,0.0,0.0,0.0,0.0,13.45,3.59,0.0
2023-01-07 20:10:00+00:00,2023-01-07 21:10:00+01:00,0.0,0.0,0.0,0.0,13.27,3.66,0.0
2023-01-07 21:10:00+00:00,2023-01-07 22:10:00+01:00,0.0,0.0,0.0,0.0,12.95,3.72,0.0
2023-01-07 22:10:00+00:00,2023-01-07 23:10:00+01:00,0.0,0.0,0.0,0.0,13.09,3.79,0.0
2023-01-07 23:10:00+00:00,2023-01-08 00:10:00+01:00,0.0,0.0,0.0,0.0,13.27,4.0,0.0
2023-01-08 00:10:00+00:00,2023-01-08 01:10:00+01:00,0.0,0.0,0.0,0.0,13.61,4.28,0.0
2023-01-08 01:10:00+00:00,2023-01-08 02:10:00+01:00,0.0,0.0,0.0,0.0,13.75,4.55,0.0
2023-01-08 02:10:00+00:00,2023-01-08 03:10:00+01:00,0.0,0.0,0.0,0.0,13.92,5.03,0.0
2023-01-08 03:10:00+00:00,2023-01-08 04:10:00+01:00,0.0,0.0,0.0,0.0,13.82,5.1,0.0
2023-01-08 04:10:00+00:00,2023-01-08 05:10:00+01:00,0.0,0.0,0.0,0.0,13.85,5.1,0.0
2023-01-08 05:10:00+00:00,2023-01-08 06:10:00+01:00,0.0,0.0,0.0,0.0,14.17,5.45,0.0
2023-01-08 06:10:00+00:00,2023-01-08 07:10:00+01:00,0.0,0.0,0.0,0.0,14.11,5.24,0.0
2023-01-08 07:10:00+00:00,2023-01-08 08:10:00+01:00,0.0,0.0,0.0,0.0,14.4,5.66,0.0
2023-01-08 08:10:00+00:00,2023-01-08 09:10:00+01:00,0.0,11.37,1.92,4.92,14.46,5.45,0.0
2023-01-08 09:10:00+00:00,2023-01-08 10:10:00+01:00,4.06,50.62,6.11,14.26,14.67,5.31,0.0
2023-01-08 10:10:00+00:00,2023-01-08 11:10:00+01:00,189.7,173.88,15.33,21.98,15.04,5.79,0.0
2023-01-08 11:10:00+00:00,2023-01-08 12:10:00+01:00,62.9,172.92,13.1,27.45,15.25,5.79,0.0
2023-01-08 12:10:00+00:00,2023-01-08 13:10:00+01:00,169.78,228.48,16.43,30.04,16.1,4.34,0.0
2023-01-08 13:10:00+00:00,2023-01-08 14:10:00+01:00,32.62,166.42,11.67,29.37,16.84,4.62,0.0
2023-01-08 14:10:00+00:00,2023-01-08 15:10:00+01:00,78.88,165.38,13.37,25.53,17.14,5.1,0.0
2023-01-08 15:10:00+00:00,2023-01-08 16:10:00+01:00,33.69,97.54,9.76,19.06,17.08,5.31,0.0
2023-01-08 16:10:00+00:00,2023-01-08 17:10:00+01:00,43.46,53.37,6.45,10.61,16.89,5.38,0.0
2023-01-08 17:10:00+00:00,2023-01-08 18:10:00+01:00,0.0,0.0,0.0,0.0,16.1,5.59,0.0
2023-01-08 18:10:00+00:00,2023-01-08 19:10:00+01:00,0.0,0.0,0.0,0.0,15.6,5.38,0.0
2023-01-08 19:10:00+00:00,2023-01-08 20:10:00+01:00,0.0,0.0,0.0,0.0,15.51,5.45,0.0
2023-01-08 20:10:00+00:00,2023-01-08 21:10:00+01:00,0.0,0.0,0.0,0.0,15.21,5.17,0.0
2023-01-08 21:10:00+00:00,2023-01-08 22:10:00+01:00,0.0,0.0,0.0,0.0,14.88,4.76,0.0
2023-01-08 22:10:00+00:00,2023-01-08 23:10:00+01:00,0.0,0.0,0.0,0.0,14.53,4.69,0.0
2023-01-08 23:10:00+00:00,2023-01-09 00:10:00+01:00,0.0,0.0,0.0,0.0,14.24,4.69,0.0
2023-01-09 00:10:00+00:00,2023-01-09 01:10:00+01:00,0.0,0.0,0.0,0.0,14.16,4.62,0.0
2023-01-09 01:10:00+00:00,2023-01-09 02:10:00+01:00,0.0,0.0,0.0,0.0,14.06,4.55,0.0
2023-01-09 02:10:00+00:00,2023-01-09 03:10:00+01:00,0.0,0.0,0.0,0.0,14.05,4.41,0.0
2023-01-09 03:10:00+00:00,2023-01-09 04:10:00+01:00,0.0,0.0,0.0,0.0,13.95,4.28,0.0
2023-01-09 04:10:00+00:00,2023-01-09 05:10:00+01:00,0.0,0.0,0.0,0.0,14.08,4.14,0.0
2023-01-09 05:10:00+00:00,2023-01-09 06:10:00+01:00,0.0,0.0,0.0,0.0,14.24,4.0,0.0
2023-01-09 06:10:00+00:00,2023-01-09 07:10:00+01:00,0.0,0.0,0.0,0.0,14.39,4.0,0.0
2023-01-09 07:10:00+00:00,2023-01-09 08:10:00+01:00,0.0,0.0,0.0,0.0,14.62,3.93,0.0
2023-01-09 08:10:00+00:00,2023-01-09 09:10:00+01:00,359.39,73.24,5.03,4.95,14.65,3.79,0.0
2023-01-09 09:10:00+00:00,2023-01-09 10:10:00+01:00,590.82,139.9,15.81,14.31,14.78,3.72,0.0
2023-01-09 10:10:00+00:00,2023-01-09 11:10:00+01:00,452.73,197.58,19.3,22.05,15.18,3.31,0.0
2023-01-09 11:10:00+00:00,2023-01-09 12:10:00+01:00,326.38,232.13,19.13,27.56,16.05,3.66,0.0
2023-01-09 12:10:00+00:00,2023-01-09 13:10:00+01:00,123.35,217.85,15.32,30.17,16.6,3.59,0.0
2023-01-09 13:10:00+00:00,2023-01-09 14:10:00+01:00,298.34,243.06,18.87,29.52,17.36,3.86,0.0
2023-01-09 14:10:00+00:00,2023-01-09 15:10:00+01:00,131.45,186.1,15.01,25.7,17.74,3.72,0.0
2023-01-09 15:10:00+00:00,2023-01-09 16:10:00+01:00,115.39,133.04,12.61,19.23,18.18,3.52,0.0
2023-01-09 16:10:00+00:00,2023-01-09 17:10:00+01:00,481.5,123.58,11.63,10.77,17.83,2.69,0.0
2023-01-09 17:10:00+00:00,2023-01-09 18:10:00+01:00,0.0,0.0,0.0,0.0,17.0,2.34,0.0
2023-01-09 18:10:00+00:00,2023-01-09 19:10:00+01:00,0.0,0.0,0.0,0.0,15.44,2.28,0.0
2023-01-09 19:10:00+00:00,2023-01-09 20:10:00+01:00,0.0,0.0,0.0,0.0,15.05,2.34,0.0
2023-01-09 20:10:00+00:00,2023-01-09 21:10:00+01:00,0.0,0.0,0.0,0.0,14.25,2.21,0.0
2023-01-09 21:10:00+00:00,2023-01-09 22:10:00+01:00,0.0,0.0,0.0,0.0,13.53,2.0,0.0
2023-01-09 22:10:00+00:00,2023-01-09 23:10:00+01:00,0.0,0.0,0.0,0.0,12.94,1.59,0.0
2023-01-09 23:10:00+00:00,2023-01-10 00:10:00+01:00,0.0,0.0,0.0,0.0,12.1,1.1,0.0
2023-01-10 00:10:00+00:00,2023-01-10 01:10:00+01:00,0.0,0.0,0.0,0.0,11.9,0.83,0.0
2023-01-10 01:10:00+00:00,2023-01-10 02:10:00+01:00,0.0,0.0,0.0,0.0,12.06,0.55,0.0
2023-01-10 02:10:00+00:00,2023-01-10 03:10:00+01:00,0.0,0.0,0.0,0.0,11.46,0.48,0.0
2023-01-10 03:10:00+00:00,2023-01-10 04:10:00+01:00,0.0,0.0,0.0,0.0,10.46,0.9,0.0
2023-01-10 04:10:00+00:00,2023-01-10 05:10:00+01:00,0.0,0.0,0.0,0.0,10.33,1.1,0.0
2023-01-10 05:10:00+00:00,2023-01-10 06:10:00+01:00,0.0,0.0,0.0,0.0,10.22,1.17,0.0
2023-01-10 06:10:00+00:00,2023-01-10 07:10:00+01:00,0.0,0.0,0.0,0.0,10.16,1.1,0.0
2023-01-10 07:10:00+00:00,2023-01-10 08:10:00+01:00,0.0,0.0,0.0,0.0,9.82,1.17,0.0
2023-01-10 08:10:00+00:00,2023-01-10 09:10:00+01:00,333.87,74.75,5.02,4.98,10.05,1.24,0.0
2023-01-10 09:10:00+00:00,2023-01-10 10:10:00+01:00,245.9,137.03,12.63,14.36,10.59,1.59,0.0
2023-01-10 10:10:00+00:00,2023-01-10 11:10:00+01:00,143.3,166.92,14.64,22.14,11.12,1.59,0.0
2023-01-10 11:10:00+00:00,2023-01-10 12:10:00+01:00,25.84,152.6,11.36,27.67,11.9,1.24,0.0
2023-01-10 12:10:00+00:00,2023-01-10 13:10:00+01:00,221.9,245.1,17.78,30.31,12.69,0.9,0.0
2023-01-10 13:10:00+00:00,2023-01-10 14:10:00+01:00,813.91,150.47,25.09,29.68,13.69,0.55,0.0
2023-01-10 14:10:00+00:00,2023-01-10 15:10:00+01:00,832.04,132.98,24.69,25.87,14.6,0.48,0.0
2023-01-10 15:10:00+00:00,2023-01-10 16:10:00+01:00,764.74,130.65,21.17,19.4,15.08,0.34,0.0
2023-01-10 16:10:00+00:00,2023-01-10 17:10:00+01:00,595.27,118.74,12.72,10.94,15.22,0.34,0.0
2023-01-10 17:10:00+00:00,2023-01-10 18:10:00+01:00,0.0,0.0,0.0,0.0,14.74,0.55,0.0
2023-01-10 18:10:00+00:00,2023-01-10 19:10:00+01:00,0.0,0.0,0.0,0.0,13.07,0.9,0.0
2023-01-10 19:10:00+00:00,2023-01-10 20:10:00+01:00,0.0,0.0,0.0,0.0,12.6,1.1,0.0
2023-01-10 20:10:00+00:00,2023-01-10 21:10:00+01:00,0.0,0.0,0.0,0.0,12.06,1.1,0.0
2023-01-10 21:10:00+00:00,2023-01-10 22:10:00+01:00,0.0,0.0,0.0,0.0,12.3,0.9,0.0
2023-01-10 22:10:00+00:00,2023-01-10 23:10:00+01:00,0.0,0.0,0.0,0.0,11.88,0.55,0.0
2023-01-10 23:10:00+00:00,2023-01-11 00:10:00+01:00,0.0,0.0,0.0,0.0,11.28,0.41,0.0
2023-01-11 00:10:00+00:00,2023-01-11 01:10:00+01:00,0.0,0.0,0.0,0.0,10.65,0.76,0.0
2023-01-11 01:10:00+00:00,2023-01-11 02:10:00+01:00,0.0,0.0,0.0,0.0,9.03,1.31,0.0
2023-01-11 02:10:00+00:00,2023-01-11 03:10:00+01:00,0.0,0.0,0.0,0.0,8.22,1.59,0.0
2023-01-11 03:10:00+00:00,2023-01-11 04:10:00+01:00,0.0,0.0,0.0,0.0,7.72,1.66,0.0
2023-01-11 04:10:00+00:00,2023-01-11 05:10:00+01:00,0.0,0.0,0.0,0.0,7.56,1.45,0.0
2023-01-11 05:10:00+00:00,2023-01-11 06:10:00+01:00,0.0,0.0,0.0,0.0,7.29,1.31,0.0
2023-01-11 06:10:00+00:00,2023-01-11 07:10:00+01:00,0.0,0.0,0.0,0.0,6.96,1.31,0.0
2023-01-11 07:10:00+00:00,2023-01-11 08:10:00+01:00,0.0,0.0,0.0,0.0,7.51,1.1,0.0
2023-01-11 08:10:00+00:00,2023-01-11 09:10:00+01:00,102.78,39.12,3.65,5.02,8.35,1.38,0.0
2023-01-11 09:10:00+00:00,2023-01-11 10:10:00+01:00,72.25,88.97,9.54,14.43,8.94,1.45,0.0
2023-01-11 10:10:00+00:00,2023-01-11 11:10:00+01:00,68.73,140.04,12.5,22.23,9.89,1.45,0.0
2023-01-11 11:10:00+00:00,2023-01-11 12:10:00+01:00,319.61,237.78,19.27,27.79,11.18,1.38,0.0
2023-01-11 12:10:00+00:00,2023-01-11 13:10:00+01:00,761.48,175.79,24.7,30.46,13.86,1.1,0.0
2023-01-11 13:10:00+00:00,2023-01-11 14:10:00+01:00,182.86,233.98,16.93,29.84,14.88,1.1,0.0
2023-01-11 14:10:00+00:00,2023-01-11 15:10:00+01:00,45.56,155.1,12.29,26.04,15.34,1.59,0.0
2023-01-11 15:10:00+00:00,2023-01-11 16:10:00+01:00,92.52,130.49,12.37,19.58,15.47,1.72,0.0
2023-01-11 16:10:00+00:00,2023-01-11 17:10:00+01:00,77.8,69.55,7.67,11.12,15.26,1.17,0.0
2023-01-11 17:10:00+00:00,2023-01-11 18:10:00+01:00,0.0,0.0,0.0,0.0,14.96,0.34,0.0
2023-01-11 18:10:00+00:00,2023-01-11 19:10:00+01:00,0.0,0.0,0.0,0.0,14.53,0.14,0.0
2023-01-11 19:10:00+00:00,2023-01-11 20:10:00+01:00,0.0,0.0,0.0,0.0,12.99,0.76,0.0
2023-01-11 20:10:00+00:00,2023-01-11 21:10:00+01:00,0.0,0.0,0.0,0.0,11.93,1.17,0.0
2023-01-11 21:10:00+00:00,2023-01-11 22:10:00+01:00,0.0,0.0,0.0,0.0,11.69,1.1,0.0
2023-01-11 22:10:00+00:00,2023-01-11 23:10:00+01:00,0.0,0.0,0.0,0.0,11.05,1.31,0.0
2023-01-11 23:10:00+00:00,2023-01-12 00:10:00+01:00,0.0,0.0,0.0,0.0,11.01,1.59,0.0
2023-01-12 00:10:00+00:00,2023-01-12 01:10:00+01:00,0.0,0.0,0.0,0.0,10.85,1.93,0.0
2023-01-12 01:10:00+00:00,2023-01-12 02:10:00+01:00,0.0,0.0,0.0,0.0,10.67,2.14,0.0
2023-01-12 02:10:00+00:00,2023-01-12 03:10:00+01:00,0.0,0.0,0.0,0.0,9.85,2.41,0.0
2023-01-12 03:10:00+00:00,2023-01-12 04:10:00+01:00,0.0,0.0,0.0,0.0,9.53,2.55,0.0
2023-01-12 04:10:00+00:00,2023-01-12 05:10:00+01:00,0.0,0.0,0.0,0.0,9.3,2.55,0.0
2023-01-12 05:10:00+00:00,2023-01-12 06:10:00+01:00,0.0,0.0,0.0,0.0,9.02,2.55,0.0
2023-01-12 06:10:00+00:00,2023-01-12 07:10:00+01:00,0.0,0.0,0.0,0.0,8.65,2.55,0.0
2023-01-12 07:10:00+00:00,2023-01-12 08:10:00+01:00,0.0,0.0,0.0,0.0,8.55,2.69,0.0
2023-01-12 08:10:00+00:00,2023-01-12 09:10:00+01:00,429.94,81.48,5.56,5.07,8.34,2.62,0.0
2023-01-12 09:10:00+00:00,2023-01-12 10:10:00+01:00,707.17,130.1,17.24,14.49,9.6,2.21,0.0
2023-01-12 10:10:00+00:00,2023-01-12 11:10:00+01:00,808.29,137.47,23.44,22.32,12.11,2.83,0.0
2023-01-12 11:10:00+00:00,2023-01-12 12:10:00+01:00,886.52,126.77,25.96,27.91,13.84,3.03,0.0
2023-01-12 12:10:00+00:00,2023-01-12 13:10:00+01:00,883.74,133.51,26.11,30.61,15.28,2.83,0.0
2023-01-12 13:10:00+00:00,2023-01-12 14:10:00+01:00,891.57,127.54,26.14,30.02,16.3,2.48,0.0
2023-01-12 14:10:00+00:00,2023-01-12 15:10:00+01:00,869.04,125.74,25.34,26.22,16.9,2.0,0.0
2023-01-12 15:10:00+00:00,2023-01-12 16:10:00+01:00,780.95,132.67,21.71,19.76,17.08,1.72,0.0
2023-01-12 16:10:00+00:00,2023-01-12 17:10:00+01:00,612.67,123.73,13.35,11.3,16.86,1.59,0.0
2023-01-12 17:10:00+00:00,2023-01-12 18:10:00+01:00,0.0,0.0,0.0,0.0,15.74,1.79,0.0
2023-01-12 18:10:00+00:00,2023-01-12 19:10:00+01:00,0.0,0.0,0.0,0.0,14.03,2.0,0.0
2023-01-12 19:10:00+00:00,2023-01-12 20:10:00+01:00,0.0,0.0,0.0,0.0,12.66,1.79,0.0
2023-01-12 20:10:00+00:00,2023-01-12 21:10:00+01:00,0.0,0.0,0.0,0.0,10.94,1.59,0.0
2023-01-12 21:10:00+00:00,2023-01-12 22:10:00+01:00,0.0,0.0,0.0,0.0,10.32,1.31,0.0
2023-01-12 22:10:00+00:00,2023-01-12 23:10:00+01:00,0.0,0.0,0.0,0.0,11.16,0.76,0.0
2023-01-12 23:10:00+00:00,2023-01-13 00:10:00+01:00,0.0,0.0,0.0,0.0,10.6,0.76,0.0
2023-01-13 00:10:00+00:00,2023-01-13 01:10:00+01:00,0.0,0.0,0.0,0.0,9.56,0.9,0.0
2023-01-13 01:10:00+00:00,2023-01-13 02:10:00+01:00,0.0,0.0,0.0,0.0,9.0,0.9,0.0
2023-01-13 02:10:00+00:00,2023-01-13 03:10:00+01:00,0.0,0.0,0.0,0.0,8.54,0.62,0.0
2023-01-13 03:10:00+00:00,2023-01-13 04:10:00+01:00,0.0,0.0,0.0,0.0,7.29,0.97,0.0
2023-01-13 04:10:00+00:00,2023-01-13 05:10:00+01:00,0.0,0.0,0.0,0.0,6.29,1.1,0.0
2023-01-13 05:10:00+00:00,2023-01-13 06:10:00+01:00,0.0,0.0,0.0,0.0,5.32,1.38,0.0
2023-01-13 06:10:00+00:00,2023-01-13 07:10:00+01:00,0.0,0.0,0.0,0.0,4.9,1.45,0.0
2023-01-13 07:10:00+00:00,2023-01-13 08:10:00+01:00,0.0,0.0,0.0,0.0,4.5,1.52,0.0
2023-01-13 08:10:00+00:00,2023-01-13 09:10:00+01:00,492.7,87.49,6.01,5.12,4.44,1.45,0.0
2023-01-13 09:10:00+00:00,2023-01-13 10:10:00+01:00,731.42,130.2,17.66,14.57,6.61,1.52,0.0
2023-01-13 10:10:00+00:00,2023-01-13 11:10:00+01:00,783.81,147.9,23.32,22.42,8.21,1.59,0.0
2023-01-13 11:10:00+00:00,2023-01-13 12:10:00+01:00,876.3,134.26,25.96,28.04,10.19,1.66,0.0
2023-01-13 12:10:00+00:00,2023-01-13 13:10:00+01:00,869.84,143.41,26.08,30.77,11.96,1.79,0.0
2023-01-13 13:10:00+00:00,2023-01-13 14:10:00+01:00,892.76,132.06,26.29,30.19,13.76,1.79,0.0
2023-01-13 14:10:00+00:00,2023-01-13 15:10:00+01:00,847.59,137.65,25.26,26.41,14.8,1.86,0.0
2023-01-13 15:10:00+00:00,2023-01-13 16:10:00+01:00,785.65,136.38,22.01,19.95,15.29,1.86,0.0
2023-01-13 16:10:00+00:00,2023-01-13 17:10:00+01:00,638.24,123.25,13.78,11.48,15.19,1.59,0.0
2023-01-13 17:10:00+00:00,2023-01-13 18:10:00+01:00,0.0,0.0,0.0,0.0,14.35,1.38,0.0
2023-01-13 18:10:00+00:00,2023-01-13 19:10:00+01:00,0.0,0.0,0.0,0.0,12.42,1.31,0.0
2023-01-13 19:10:00+00:00,2023-01-13 20:10:00+01:00,0.0,0.0,0.0,0.0,12.01,1.03,0.0
2023-01-13 20:10:00+00:00,2023-01-13 21:10:00+01:00,0.0,0.0,0.0,0.0,11.54,1.03,0.0
2023-01-13 21:10:00+00:00,2023-01-13 22:10:00+01:00,0.0,0.0,0.0,0.0,10.35,0.97,0.0
2023-01-13 22:10:00+00:00,2023-01-13 23:10:00+01:00,0.0,0.0,0.0,0.0,8.65,1.17,0.0
2023-01-13 23:10:00+00:00,2023-01-14 00:10:00+01:00,0.0,0.0,0.0,0.0,7.11,1.38,0.0
2023-01-14 00:10:00+00:00,2023-01-14 01:10:00+01:00,0.0,0.0,0.0,0.0,6.23,1.38,0.0
2023-01-14 01:10:00+00:00,2023-01-14 02:10:00+01:00,0.0,0.0,0.0,0.0,5.48,1.38,0.0
2023-01-14 02:10:00+00:00,2023-01-14 03:10:00+01:00,0.0,0.0,0.0,0.0,4.61,1.66,0.0
2023-01-14 03:10:00+00:00,2023-01-14 04:10:00+01:00,0.0,0.0,0.0,0.0,4.07,1.86,0.0
2023-01-14 04:10:00+00:00,2023-01-14 05:10:00+01:00,0.0,0.0,0.0,0.0,3.75,1.86,0.0
2023-01-14 05:10:00+00:00,2023-01-14 06:10:00+01:00,0.0,0.0,0.0,0.0,3.51,1.66,0.0
2023-01-14 06:10:00+00:00,2023-01-14 07:10:00+01:00,0.0,0.0,0.0,0.0,3.11,1.72,0.0
2023-01-14 07:10:00+00:00,2023-01-14 08:10:00+01:00,0.0,0.0,0.0,0.0,2.82,1.66,0.0
2023-01-14 08:10:00+00:00,2023-01-14 09:10:00+01:00,332.13,83.08,5.37,5.18,2.95,1.38,0.0
2023-01-14 09:10:00+00:00,2023-01-14 10:10:00+01:00,723.47,131.11,17.63,14.65,5.48,0.97,0.0
2023-01-14 10:10:00+00:00,2023-01-14 11:10:00+01:00,798.47,143.25,23.5,22.53,9.35,0.9,0.0
2023-01-14 11:10:00+00:00,2023-01-14 12:10:00+01:00,887.15,129.43,26.07,28.18,12.09,0.55,0.0
2023-01-14 12:10:00+00:00,2023-01-14 13:10:00+01:00,922.04,121.89,26.63,30.94,14.06,0.14,0.0
2023-01-14 13:10:00+00:00,2023-01-14 14:10:00+01:00,891.79,133.1,26.3,30.38,15.3,0.55,0.0
2023-01-14 14:10:00+00:00,2023-01-14 15:10:00+01:00,848.59,137.05,25.29,26.6,16.01,1.1,0.0
2023-01-14 15:10:00+00:00,2023-01-14 16:10:00+01:00,787.18,135.59,22.1,20.14,16.15,1.59,0.0
2023-01-14 16:10:00+00:00,2023-01-14 17:10:00+01:00,633.14,126.33,13.96,11.66,15.76,1.66,0.0
2023-01-14 17:10:00+00:00,2023-01-14 18:10:00+01:00,0.0,2.57,0.48,1.79,14.6,1.52,0.0
2023-01-14 18:10:00+00:00,2023-01-14 19:10:00+01:00,0.0,0.0,0.0,0.0,12.91,1.66,0.0
2023-01-14 19:10:00+00:00,2023-01-14 20:10:00+01:00,0.0,0.0,0.0,0.0,10.84,1.72,0.0
2023-01-14 20:10:00+00:00,2023-01-14 21:10:00+01:00,0.0,0.0,0.0,0.0,9.43,1.59,0.0
2023-01-14 21:10:00+00:00,2023-01-14 22:10:00+01:00,0.0,0.0,0.0,0.0,8.94,1.52,0.0
2023-01-14 22:10:00+00:00,2023-01-14 23:10:00+01:00,0.0,0.0,0.0,0.0,8.38,1.52,0.0
2023-01-14 23:10:00+00:00,2023-01-15 00:10:00+01:00,0.0,0.0,0.0,0.0,8.13,1.38,0.0
2023-01-15 00:10:00+00:00,2023-01-15 01:10:00+01:00,0.0,0.0,0.0,0.0,8.69,0.97,0.0
2023-01-15 01:10:00+00:00,2023-01-15 02:10:00+01:00,0.0,0.0,0.0,0.0,8.3,0.62,0.0
2023-01-15 02:10:00+00:00,2023-01-15 03:10:00+01:00,0.0,0.0,0.0,0.0,7.81,0.41,0.0
2023-01-15 03:10:00+00:00,2023-01-15 04:10:00+01:00,0.0,0.0,0.0,0.0,7.54,0.07,0.0
2023-01-15 04:10:00+00:00,2023-01-15 05:10:00+01:00,0.0,0.0,0.0,0.0,7.26,0.48,0.0
2023-01-15 05:10:00+00:00,2023-01-15 06:10:00+01:00,0.0,0.0,0.0,0.0,6.77,0.83,0.0
2023-01-15 06:10:00+00:00,2023-01-15 07:10:00+01:00,0.0,0.0,0.0,0.0,6.14,0.97,0.0
2023-01-15 07:10:00+00:00,2023-01-15 08:10:00+01:00,0.0,0.0,0.0,0.0,6.17,0.9,0.0
2023-01-15 08:10:00+00:00,2023-01-15 09:10:00+01:00,382.7,83.64,5.54,5.25,5.68,0.97,0.0
2023-01-15 09:10:00+00:00,2023-01-15 10:10:00+01:00,550.23,152.94,16.03,14.74,7.68,0.41,0.0
2023-01-15 10:10:00+00:00,2023-01-15 11:10:00+01:00,799.79,135.25,23.3,22.65,10.23,0.9,0.0
2023-01-15 11:10:00+00:00,2023-01-15 12:10:00+01:00,853.46,135.04,25.48,28.33,11.75,0.97,0.0
2023-01-15 12:10:00+00:00,2023-01-15 13:10:00+01:00,863.23,137.13,25.71,31.11,13.39,0.69,0.0
2023-01-15 13:10:00+00:00,2023-01-15 14:10:00+01:00,871.02,132.79,25.8,30.57,14.6,1.17,0.0
2023-01-15 14:10:00+00:00,2023-01-15 15:10:00+01:00,825.03,139.61,24.87,26.8,15.27,1.86,0.0
2023-01-15 15:10:00+00:00,2023-01-15 16:10:00+01:00,506.5,187.56,19.25,20.33,15.48,2.62,0.0
2023-01-15 16:10:00+00:00,2023-01-15 17:10:00+01:00,530.63,135.15,13.27,11.85,15.28,2.76,0.0
2023-01-15 17:10:00+00:00,2023-01-15 18:10:00+01:00,0.0,0.52,0.1,1.97,14.45,2.62,0.0
2023-01-15 18:10:00+00:00,2023-01-15 19:10:00+01:00,0.0,0.0,0.0,0.0,12.92,2.62,0.0
2023-01-15 19:10:00+00:00,2023-01-15 20:10:00+01:00,0.0,0.0,0.0,0.0,11.96,2.55,0.0
2023-01-15 20:10:00+00:00,2023-01-15 21:10:00+01:00,0.0,0.0,0.0,0.0,10.77,2.41,0.0
2023-01-15 21:10:00+00:00,2023-01-15 22:10:00+01:00,0.0,0.0,0.0,0.0,10.04,2.21,0.0
2023-01-15 22:10:00+00:00,2023-01-15 23:10:00+01:00,0.0,0.0,0.0,0.0,9.14,2.07,0.0
2023-01-15 23:10:00+00:00,2023-01-16 00:10:00+01:00,0.0,0.0,0.0,0.0,8.1,2.21,0.0
2023-01-16 00:10:00+00:00,2023-01-16 01:10:00+01:00,0.0,0.0,0.0,0.0,7.22,2.28,0.0
2023-01-16 01:10:00+00:00,2023-01-16 02:10:00+01:00,0.0,0.0,0.0,0.0,6.46,2.34,0.0
2023-01-16 02:10:00+00:00,2023-01-16 03:10:00+01:00,0.0,0.0,0.0,0.0,5.57,2.0,0.0
2023-01-16 03:10:00+00:00,2023-01-16 04:10:00+01:00,0.0,0.0,0.0,0.0,4.93,1.52,0.0
2023-01-16 04:10:00+00:00,2023-01-16 05:10:00+01:00,0.0,0.0,0.0,0.0,3.84,1.86,0.0
2023-01-16 05:10:00+00:00,2023-01-16 06:10:00+01:00,0.0,0.0,0.0,0.0,3.31,2.21,0.0
2023-01-16 06:10:00+00:00,2023-01-16 07:10:00+01:00,0.0,0.0,0.0,0.0,3.2,2.28,0.0
2023-01-16 07:10:00+00:00,2023-01-16 08:10:00+01:00,0.0,0.0,0.0,0.0,3.47,2.34,0.0
2023-01-16 08:10:00+00:00,2023-01-16 09:10:00+01:00,194.2,62.84,4.63,5.32,3.82,2.62,0.0
2023-01-16 09:10:00+00:00,2023-01-16 10:10:00+01:00,195.29,130.18,12.28,14.83,5.85,2.48,0.0
2023-01-16 10:10:00+00:00,2023-01-16 11:10:00+01:00,682.04,173.52,22.31,22.77,8.48,3.24,0.0
2023-01-16 11:10:00+00:00,2023-01-16 12:10:00+01:00,341.8,245.06,19.77,28.48,10.33,3.86,0.0
2023-01-16 12:10:00+00:00,2023-01-16 13:10:00+01:00,46.21,195.25,12.79,31.29,11.83,4.48,0.0
2023-01-16 13:10:00+00:00,2023-01-16 14:10:00+01:00,1.95,128.64,8.35,30.77,12.71,5.52,0.0
2023-01-16 14:10:00+00:00,2023-01-16 15:10:00+01:00,114.52,193.64,14.96,27.0,12.92,4.9,0.0
2023-01-16 15:10:00+00:00,2023-01-16 16:10:00+01:00,316.44,188.28,17.07,20.53,12.97,3.86,0.0
2023-01-16 16:10:00+00:00,2023-01-16 17:10:00+01:00,134.15,93.39,9.34,12.05,13.07,4.07,0.0
2023-01-16 17:10:00+00:00,2023-01-16 18:10:00+01:00,0.0,1.03,0.19,2.15,12.94,4.34,0.0
2023-01-16 18:10:00+00:00,2023-01-16 19:10:00+01:00,0.0,0.0,0.0,0.0,12.85,4.41,0.0
2023-01-16 19:10:00+00:00,2023-01-16 20:10:00+01:00,0.0,0.0,0.0,0.0,12.0,4.76,0.0
2023-01-16 20:10:00+00:00,2023-01-16 21:10:00+01:00,0.0,0.0,0.0,0.0,11.89,5.03,0.0
2023-01-16 21:10:00+00:00,2023-01-16 22:10:00+01:00,0.0,0.0,0.0,0.0,11.88,5.38,0.0
2023-01-16 22:10:00+00:00,2023-01-16 23:10:00+01:00,0.0,0.0,0.0,0.0,11.65,5.59,0.0
2023-01-16 23:10:00+00:00,2023-01-17 00:10:00+01:00,0.0,0.0,0.0,0.0,11.58,5.86,0.0
2023-01-17 00:10:00+00:00,2023-01-17 01:10:00+01:00,0.0,0.0,0.0,0.0,11.26,5.72,0.0
2023-01-17 01:10:00+00:00,2023-01-17 02:10:00+01:00,0.0,0.0,0.0,0.0,10.91,5.72,0.0
2023-01-17 02:10:00+00:00,2023-01-17 03:10:00+01:00,0.0,0.0,0.0,0.0,10.88,5.93,0.0
2023-01-17 03:10:00+00:00,2023-01-17 04:10:00+01:00,0.0,0.0,0.0,0.0,11.51,6.34,0.0
2023-01-17 04:10:00+00:00,2023-01-17 05:10:00+01:00,0.0,0.0,0.0,0.0,11.88,6.21,0.0
2023-01-17 05:10:00+00:00,2023-01-17 06:10:00+01:00,0.0,0.0,0.0,0.0,11.73,6.14,0.0
2023-01-17 06:10:00+00:00,2023-01-17 07:10:00+01:00,0.0,0.0,0.0,0.0,11.72,6.34,0.0
2023-01-17 07:10:00+00:00,2023-01-17 08:10:00+01:00,0.0,0.0,0.0,0.0,12.19,6.83,0.0
2023-01-17 08:10:00+00:00,2023-01-17 09:10:00+01:00,319.06,83.28,5.44,5.4,12.36,7.1,0.0
2023-01-17 09:10:00+00:00,2023-01-17 10:10:00+01:00,34.92,75.32,8.46,14.94,12.74,7.45,0.0
2023-01-17 10:10:00+00:00,2023-01-17 11:10:00+01:00,472.82,206.72,20.1,22.9,13.2,6.34,0.0
2023-01-17 11:10:00+00:00,2023-01-17 12:10:00+01:00,110.57,205.12,15.05,28.64,14.09,8.0,0.0
2023-01-17 12:10:00+00:00,2023-01-17 13:10:00+01:00,0.0,85.11,5.35,31.47,14.81,7.72,0.0
2023-01-17 13:10:00+00:00,2023-01-17 14:10:00+01:00,122.42,226.75,15.48,30.97,15.35,7.17,0.0
2023-01-17 14:10:00+00:00,2023-01-17 15:10:00+01:00,798.13,149.37,24.64,27.21,15.21,6.83,0.0
2023-01-17 15:10:00+00:00,2023-01-17 16:10:00+01:00,717.25,150.26,21.51,20.74,14.44,6.76,0.0
2023-01-17 16:10:00+00:00,2023-01-17 17:10:00+01:00,570.51,131.83,13.87,12.25,13.61,5.86,0.0
2023-01-17 17:10:00+00:00,2023-01-17 18:10:00+01:00,0.0,3.63,0.67,2.34,13.03,5.52,0.0
2023-01-17 18:10:00+00:00,2023-01-17 19:10:00+01:00,0.0,0.0,0.0,0.0,12.15,5.1,0.0
2023-01-17 19:10:00+00:00,2023-01-17 20:10:00+01:00,0.0,0.0,0.0,0.0,12.68,6.0,0.0
2023-01-17 20:10:00+00:00,2023-01-17 21:10:00+01:00,0.0,0.0,0.0,0.0,12.11,5.79,0.0
2023-01-17 21:10:00+00:00,2023-01-17 22:10:00+01:00,0.0,0.0,0.0,0.0,11.31,5.66,0.0
2023-01-17 22:10:00+00:00,2023-01-17 23:10:00+01:00,0.0,0.0,0.0,0.0,10.69,5.59,0.0
2023-01-17 23:10:00+00:00,2023-01-18 00:10:00+01:00,0.0,0.0,0.0,0.0,10.07,5.38,0.0
2023-01-18 00:10:00+00:00,2023-01-18 01:10:00+01:00,0.0,0.0,0.0,0.0,9.61,5.1,0.0
2023-01-18 01:10:00+00:00,2023-01-18 02:10:00+01:00,0.0,0.0,0.0,0.0,9.28,5.24,0.0
2023-01-18 02:10:00+00:00,2023-01-18 03:10:00+01:00,0.0,0.0,0.0,0.0,8.14,5.03,0.0
2023-01-18 03:10:00+00:00,2023-01-18 04:10:00+01:00,0.0,0.0,0.0,0.0,7.87,4.62,0.0
2023-01-18 04:10:00+00:00,2023-01-18 05:10:00+01:00,0.0,0.0,0.0,0.0,7.27,4.55,0.0
2023-01-18 05:10:00+00:00,2023-01-18 06:10:00+01:00,0.0,0.0,0.0,0.0,6.63,4.34,0.0
2023-01-18 06:10:00+00:00,2023-01-18 07:10:00+01:00,0.0,0.0,0.0,0.0,6.16,4.21,0.0
2023-01-18 07:10:00+00:00,2023-01-18 08:10:00+01:00,0.0,0.0,0.0,0.0,6.26,4.14,0.0
2023-01-18 08:10:00+00:00,2023-01-18 09:10:00+01:00,471.36,91.99,6.24,5.48,5.99,3.93,0.0
2023-01-18 09:10:00+00:00,2023-01-18 10:10:00+01:00,728.22,131.52,17.99,15.04,7.03,3.66,0.0
2023-01-18 10:10:00+00:00,2023-01-18 11:10:00+01:00,827.94,136.3,24.04,23.04,8.51,4.76,0.0
2023-01-18 11:10:00+00:00,2023-01-18 12:10:00+01:00,894.42,128.0,26.22,28.81,9.8,5.1,0.0
2023-01-18 12:10:00+00:00,2023-01-18 13:10:00+01:00,891.43,135.85,26.27,31.67,10.94,5.17,0.0
2023-01-18 13:10:00+00:00,2023-01-18 14:10:00+01:00,873.0,142.42,26.09,31.18,11.81,5.45,0.0
2023-01-18 14:10:00+00:00,2023-01-18 15:10:00+01:00,794.54,161.61,24.97,27.43,12.28,5.59,0.0
2023-01-18 15:10:00+00:00,2023-01-18 16:10:00+01:00,788.69,137.91,22.55,20.95,12.41,5.79,0.0
2023-01-18 16:10:00+00:00,2023-01-18 17:10:00+01:00,658.88,126.26,14.91,12.45,12.13,5.17,0.0
2023-01-18 17:10:00+00:00,2023-01-18 18:10:00+01:00,22.62,6.12,0.96,2.53,11.19,4.28,0.0
2023-01-18 18:10:00+00:00,2023-01-18 19:10:00+01:00,0.0,0.0,0.0,0.0,9.78,3.72,0.0
2023-01-18 19:10:00+00:00,2023-01-18 20:10:00+01:00,0.0,0.0,0.0,0.0,8.8,3.31,0.0
2023-01-18 20:10:00+00:00,2023-01-18 21:10:00+01:00,0.0,0.0,0.0,0.0,8.02,3.03,0.0
2023-01-18 21:10:00+00:00,2023-01-18 22:10:00+01:00,0.0,0.0,0.0,0.0,7.17,2.48,0.0
2023-01-18 22:10:00+00:00,2023-01-18 23:10:00+01:00,0.0,0.0,0.0,0.0,6.29,2.34,0.0
2023-01-18 23:10:00+00:00,2023-01-19 00:10:00+01:00,0.0,0.0,0.0,0.0,5.51,2.48,0.0
2023-01-19 00:10:00+00:00,2023-01-19 01:10:00+01:00,0.0,0.0,0.0,0.0,4.93,2.41,0.0
2023-01-19 01:10:00+00:00,2023-01-19 02:10:00+01:00,0.0,0.0,0.0,0.0,4.35,2.28,0.0
2023-01-19 02:10:00+00:00,2023-01-19 03:10:00+01:00,0.0,0.0,0.0,0.0,3.57,2.0,0.0
2023-01-19 03:10:00+00:00,2023-01-19 04:10:00+01:00,0.0,0.0,0.0,0.0,2.7,1.79,0.0
2023-01-19 04:10:00+00:00,2023-01-19 05:10:00+01:00,0.0,0.0,0.0,0.0,2.68,1.52,0.0
2023-01-19 05:10:00+00:00,2023-01-19 06:10:00+01:00,0.0,0.0,0.0,0.0,3.33,1.17,0.0
2023-01-19 06:10:00+00:00,2023-01-19 07:10:00+01:00,0.0,0.0,0.0,0.0,3.97,0.97,0.0
2023-01-19 07:10:00+00:00,2023-01-19 08:10:00+01:00,0.0,0.0,0.0,0.0,1.4,1.66,0.0
2023-01-19 08:10:00+00:00,2023-01-19 09:10:00+01:00,474.16,96.33,6.41,5.57,0.75,1.86,0.0
2023-01-19 09:10:00+00:00,2023-01-19 10:10:00+01:00,715.26,133.92,17.95,15.16,3.66,1.38,0.0
2023-01-19 10:10:00+00:00,2023-01-19 11:10:00+01:00,823.14,137.17,24.01,23.18,7.1,1.66,0.0
2023-01-19 11:10:00+00:00,2023-01-19 12:10:00+01:00,877.16,133.06,25.98,28.98,8.45,1.52,0.0
2023-01-19 12:10:00+00:00,2023-01-19 13:10:00+01:00,873.17,142.0,26.01,31.87,9.66,1.72,0.0
2023-01-19 13:10:00+00:00,2023-01-19 14:10:00+01:00,882.96,136.07,26.11,31.4,10.65,2.07,0.0
2023-01-19 14:10:00+00:00,2023-01-19 15:10:00+01:00,851.21,138.86,25.51,27.65,11.48,2.41,0.0
2023-01-19 15:10:00+00:00,2023-01-19 16:10:00+01:00,637.04,178.6,21.21,21.16,12.31,2.97,0.0
2023-01-19 16:10:00+00:00,2023-01-19 17:10:00+01:00,566.22,139.58,14.37,12.65,12.76,3.03,0.0
2023-01-19 17:10:00+00:00,2023-01-19 18:10:00+01:00,0.0,3.66,0.67,2.73,11.9,2.41,0.0
2023-01-19 18:10:00+00:00,2023-01-19 19:10:00+01:00,0.0,0.0,0.0,0.0,10.99,2.48,0.0
2023-01-19 19:10:00+00:00,2023-01-19 20:10:00+01:00,0.0,0.0,0.0,0.0,11.1,3.1,0.0
2023-01-19 20:10:00+00:00,2023-01-19 21:10:00+01:00,0.0,0.0,0.0,0.0,10.23,3.1,0.0
2023-01-19 21:10:00+00:00,2023-01-19 22:10:00+01:00,0.0,0.0,0.0,0.0,9.92,3.38,0.0
2023-01-19 22:10:00+00:00,2023-01-19 23:10:00+01:00,0.0,0.0,0.0,0.0,9.94,3.72,0.0
2023-01-19 23:10:00+00:00,2023-01-20 00:10:00+01:00,0.0,0.0,0.0,0.0,9.83,3.93,0.0
2023-01-20 00:10:00+00:00,2023-01-20 01:10:00+01:00,0.0,0.0,0.0,0.0,9.49,4.0,0.0
2023-01-20 01:10:00+00:00,2023-01-20 02:10:00+01:00,0.0,0.0,0.0,0.0,9.66,4.07,0.0
2023-01-20 02:10:00+00:00,2023-01-20 03:10:00+01:00,0.0,0.0,0.0,0.0,9.71,3.86,0.0
2023-01-20 03:10:00+00:00,2023-01-20 04:10:00+01:00,0.0,0.0,0.0,0.0,9.73,3.72,0.0
2023-01-20 04:10:00+00:00,2023-01-20 05:10:00+01:00,0.0,0.0,0.0,0.0,9.25,3.45,0.0
2023-01-20 05:10:00+00:00,2023-01-20 06:10:00+01:00,0.0,0.0,0.0,0.0,9.14,3.17,0.0
2023-01-20 06:10:00+00:00,2023-01-20 07:10:00+01:00,0.0,0.0,0.0,0.0,9.0,2.83,0.0
2023-01-20 07:10:00+00:00,2023-01-20 08:10:00+01:00,0.0,0.0,0.0,0.0,8.92,2.9,0.0
2023-01-20 08:10:00+00:00,2023-01-20 09:10:00+01:00,456.11,93.24,6.31,5.66,9.35,2.76,0.0
2023-01-20 09:10:00+00:00,2023-01-20 10:10:00+01:00,223.95,137.03,12.82,15.28,10.36,2.62,0.0
2023-01-20 10:10:00+00:00,2023-01-20 11:10:00+01:00,53.03,138.58,12.02,23.33,11.96,2.97,0.0
2023-01-20 11:10:00+00:00,2023-01-20 12:10:00+01:00,119.03,209.37,15.18,29.16,13.52,2.97,0.0
2023-01-20 12:10:00+00:00,2023-01-20 13:10:00+01:00,1.88,134.87,8.3,32.07,15.06,3.03,0.0
2023-01-20 13:10:00+00:00,2023-01-20 14:10:00+01:00,0.0,112.63,7.04,31.62,15.79,2.76,0.0
2023-01-20 14:10:00+00:00,2023-01-20 15:10:00+01:00,0.0,69.59,5.06,27.87,16.09,2.76,0.0
2023-01-20 15:10:00+00:00,2023-01-20 16:10:00+01:00,5.49,86.3,8.07,21.38,15.98,2.55,0.0
2023-01-20 16:10:00+00:00,2023-01-20 17:10:00+01:00,0.0,38.42,4.9,12.86,15.91,2.34,0.0
2023-01-20 17:10:00+00:00,2023-01-20 18:10:00+01:00,0.0,3.14,0.57,2.92,14.67,2.28,0.0
2023-01-20 18:10:00+00:00,2023-01-20 19:10:00+01:00,0.0,0.0,0.0,0.0,13.48,2.28,0.0
2023-01-20 19:10:00+00:00,2023-01-20 20:10:00+01:00,0.0,0.0,0.0,0.0,12.41,2.62,0.0
2023-01-20 20:10:00+00:00,2023-01-20 21:10:00+01:00,0.0,0.0,0.0,0.0,12.08,2.48,0.0
2023-01-20 21:10:00+00:00,2023-01-20 22:10:00+01:00,0.0,0.0,0.0,0.0,11.39,2.34,0.0
2023-01-20 22:10:00+00:00,2023-01-20 23:10:00+01:00,0.0,0.0,0.0,0.0,10.83,2.14,0.0
2023-01-20 23:10:00+00:00,2023-01-21 00:10:00+01:00,0.0,0.0,0.0,0.0,10.3,2.0,0.0
2023-01-21 00:10:00+00:00,2023-01-21 01:10:00+01:00,0.0,0.0,0.0,0.0,9.95,1.93,0.0
2023-01-21 01:10:00+00:00,2023-01-21 02:10:00+01:00,0.0,0.0,0.0,0.0,9.47,1.86,0.0
2023-01-21 02:10:00+00:00,2023-01-21 03:10:00+01:00,0.0,0.0,0.0,0.0,8.56,2.0,0.0
2023-01-21 03:10:00+00:00,2023-01-21 04:10:00+01:00,0.0,0.0,0.0,0.0,7.83,1.93,0.0
2023-01-21 04:10:00+00:00,2023-01-21 05:10:00+01:00,0.0,0.0,0.0,0.0,7.3,1.66,0.0
2023-01-21 05:10:00+00:00,2023-01-21 06:10:00+01:00,0.0,0.0,0.0,0.0,7.71,1.31,0.0
2023-01-21 06:10:00+00:00,2023-01-21 07:10:00+01:00,0.0,0.0,0.0,0.0,8.98,0.97,0.0
2023-01-21 07:10:00+00:00,2023-01-21 08:10:00+01:00,0.0,0.0,0.0,0.0,5.71,1.79,0.0
2023-01-21 08:10:00+00:00,2023-01-21 09:10:00+01:00,358.52,91.07,5.94,5.76,5.68,1.66,0.0
2023-01-21 09:10:00+00:00,2023-01-21 10:10:00+01:00,534.7,157.31,16.38,15.4,8.96,0.97,0.0
2023-01-21 10:10:00+00:00,2023-01-21 11:10:00+01:00,72.78,149.73,12.87,23.48,11.43,1.24,0.0
2023-01-21 11:10:00+00:00,2023-01-21 12:10:00+01:00,59.17,187.48,13.26,29.35,12.57,2.34,0.0
2023-01-21 12:10:00+00:00,2023-01-21 13:10:00+01:00,33.7,191.9,12.02,32.29,13.44,2.55,0.0
2023-01-21 13:10:00+00:00,2023-01-21 14:10:00+01:00,246.37,257.01,18.14,31.85,13.94,2.41,0.0
2023-01-21 14:10:00+00:00,2023-01-21 15:10:00+01:00,721.78,177.02,23.96,28.1,14.29,2.21,0.0
2023-01-21 15:10:00+00:00,2023-01-21 16:10:00+01:00,456.27,196.27,19.21,21.6,14.59,2.0,0.0
2023-01-21 16:10:00+00:00,2023-01-21 17:10:00+01:00,163.64,106.51,10.37,13.07,14.64,1.17,0.0
2023-01-21 17:10:00+00:00,2023-01-21 18:10:00+01:00,18.36,9.17,1.42,3.12,14.39,0.41,0.0
2023-01-21 18:10:00+00:00,2023-01-21 19:10:00+01:00,0.0,0.0,0.0,0.0,13.57,0.48,0.0
2023-01-21 19:10:00+00:00,2023-01-21 20:10:00+01:00,0.0,0.0,0.0,0.0,11.21,1.31,0.0
2023-01-21 20:10:00+00:00,2023-01-21 21:10:00+01:00,0.0,0.0,0.0,0.0,9.88,1.52,0.0
2023-01-21 21:10:00+00:00,2023-01-21 22:10:00+01:00,0.0,0.0,0.0,0.0,9.11,1.59,0.0
2023-01-21 22:10:00+00:00,2023-01-21 23:10:00+01:00,0.0,0.0,0.0,0.0,9.2,1.24,0.0
2023-01-21 23:10:00+00:00,2023-01-22 00:10:00+01:00,0.0,0.0,0.0,0.0,8.93,1.17,0.0
2023-01-22 00:10:00+00:00,2023-01-22 01:10:00+01:00,0.0,0.0,0.0,0.0,8.13,2.34,0.0
2023-01-22 01:10:00+00:00,2023-01-22 02:10:00+01:00,0.0,0.0,0.0,0.0,8.71,3.59,0.0
2023-01-22 02:10:00+00:00,2023-01-22 03:10:00+01:00,0.0,0.0,0.0,0.0,8.64,4.41,0.0
2023-01-22 03:10:00+00:00,2023-01-22 04:10:00+01:00,0.0,0.0,0.0,0.0,8.44,4.9,0.0
2023-01-22 04:10:00+00:00,2023-01-22 05:10:00+01:00,0.0,0.0,0.0,0.0,7.57,5.03,0.0
2023-01-22 05:10:00+00:00,2023-01-22 06:10:00+01:00,0.0,0.0,0.0,0.0,6.79,4.9,0.0
2023-01-22 06:10:00+00:00,2023-01-22 07:10:00+01:00,0.0,0.0,0.0,0.0,5.87,4.55,0.0
2023-01-22 07:10:00+00:00,2023-01-22 08:10:00+01:00,0.0,0.0,0.0,0.0,5.43,3.86,0.0
2023-01-22 08:10:00+00:00,2023-01-22 09:10:00+01:00,488.92,100.65,6.82,5.87,4.92,3.79,0.0
2023-01-22 09:10:00+00:00,2023-01-22 10:10:00+01:00,735.66,134.03,18.52,15.53,5.96,3.52,0.0
2023-01-22 10:10:00+00:00,2023-01-22 11:10:00+01:00,830.29,139.7,24.38,23.64,7.64,4.83,0.0
2023-01-22 11:10:00+00:00,2023-01-22 12:10:00+01:00,868.13,144.0,26.11,29.54,8.97,5.17,0.0
2023-01-22 12:10:00+00:00,2023-01-22 13:10:00+01:00,856.02,157.6,26.0,32.5,10.13,4.9,0.0
2023-01-22 13:10:00+00:00,2023-01-22 14:10:00+01:00,884.94,142.22,26.26,32.08,10.98,4.83,0.0
2023-01-22 14:10:00+00:00,2023-01-22 15:10:00+01:00,882.73,132.14,26.06,28.34,11.42,4.62,0.0
2023-01-22 15:10:00+00:00,2023-01-22 16:10:00+01:00,817.49,134.79,23.37,21.83,11.61,4.07,0.0
2023-01-22 16:10:00+00:00,2023-01-22 17:10:00+01:00,713.85,124.57,16.25,13.28,11.5,3.66,0.0
2023-01-22 17:10:00+00:00,2023-01-22 18:10:00+01:00,34.51,13.09,1.79,3.32,10.59,2.69,0.0
2023-01-22 18:10:00+00:00,2023-01-22 19:10:00+01:00,0.0,0.0,0.0,0.0,8.99,2.55,0.0
2023-01-22 19:10:00+00:00,2023-01-22 20:10:00+01:00,0.0,0.0,0.0,0.0,8.05,2.14,0.0
2023-01-22 20:10:00+00:00,2023-01-22 21:10:00+01:00,0.0,0.0,0.0,0.0,6.53,2.14,0.0
2023-01-22 21:10:00+00:00,2023-01-22 22:10:00+01:00,0.0,0.0,0.0,0.0,5.03,2.0,0.0
2023-01-22 22:10:00+00:00,2023-01-22 23:10:00+01:00,0.0,0.0,0.0,0.0,3.87,1.93,0.0
2023-01-22 23:10:00+00:00,2023-01-23 00:10:00+01:00,0.0,0.0,0.0,0.0,3.31,1.86,0.0
2023-01-23 00:10:00+00:00,2023-01-23 01:10:00+01:00,0.0,0.0,0.0,0.0,2.66,2.21,0.0
2023-01-23 01:10:00+00:00,2023-01-23 02:10:00+01:00,0.0,0.0,0.0,0.0,2.68,2.69,0.0
2023-01-23 02:10:00+00:00,2023-01-23 03:10:00+01:00,0.0,0.0,0.0,0.0,2.86,2.9,0.0
2023-01-23 03:10:00+00:00,2023-01-23 04:10:00+01:00,0.0,0.0,0.0,0.0,2.88,2.97,0.0
2023-01-23 04:10:00+00:00,2023-01-23 05:10:00+01:00,0.0,0.0,0.0,0.0,2.63,2.83,0.0
2023-01-23 05:10:00+00:00,2023-01-23 06:10:00+01:00,0.0,0.0,0.0,0.0,2.3,2.76,0.0
2023-01-23 06:10:00+00:00,2023-01-23 07:10:00+01:00,0.0,0.0,0.0,0.0,2.0,2.69,0.0
2023-01-23 07:10:00+00:00,2023-01-23 08:10:00+01:00,0.0,0.0,0.0,0.0,1.57,2.48,0.0
2023-01-23 08:10:00+00:00,2023-01-23 09:10:00+01:00,508.54,102.38,7.08,5.98,1.88,2.76,0.0
2023-01-23 09:10:00+00:00,2023-01-23 10:10:00+01:00,751.57,135.11,18.9,15.67,4.46,2.76,0.0
2023-01-23 10:10:00+00:00,2023-01-23 11:10:00+01:00,847.08,138.66,24.74,23.81,7.3,3.93,0.0
2023-01-23 11:10:00+00:00,2023-01-23 12:10:00+01:00,897.12,137.17,26.56,29.74,8.86,4.97,0.0
2023-01-23 12:10:00+00:00,2023-01-23 13:10:00+01:00,885.93,149.8,26.41,32.73,9.93,5.24,0.0
2023-01-23 13:10:00+00:00,2023-01-23 14:10:00+01:00,899.67,142.52,26.57,32.32,10.7,4.9,0.0
2023-01-23 14:10:00+00:00,2023-01-23 15:10:00+01:00,898.95,132.52,26.45,28.58,11.16,4.41,0.0
2023-01-23 15:10:00+00:00,2023-01-23 16:10:00+01:00,846.66,130.51,23.91,22.06,11.33,3.93,0.0
2023-01-23 16:10:00+00:00,2023-01-23 17:10:00+01:00,754.01,119.82,16.86,13.5,11.12,3.31,0.0
2023-01-23 17:10:00+00:00,2023-01-23 18:10:00+01:00,48.78,16.57,2.06,3.53,10.26,2.07,0.0
2023-01-23 18:10:00+00:00,2023-01-23 19:10:00+01:00,0.0,0.0,0.0,0.0,8.89,1.86,0.0
2023-01-23 19:10:00+00:00,2023-01-23 20:10:00+01:00,0.0,0.0,0.0,0.0,7.71,1.93,0.0
2023-01-23 20:10:00+00:00,2023-01-23 21:10:00+01:00,0.0,0.0,0.0,0.0,6.07,1.59,0.0
2023-01-23 21:10:00+00:00,2023-01-23 22:10:00+01:00,0.0,0.0,0.0,0.0,5.5,1.31,0.0
2023-01-23 22:10:00+00:00,2023-01-23 23:10:00+01:00,0.0,0.0,0.0,0.0,3.65,1.72,0.0
2023-01-23 23:10:00+00:00,2023-01-24 00:10:00+01:00,0.0,0.0,0.0,0.0,3.44,2.34,0.0
2023-01-24 00:10:00+00:00,2023-01-24 01:10:00+01:00,0.0,0.0,0.0,0.0,4.34,3.38,0.0
2023-01-24 01:10:00+00:00,2023-01-24 02:10:00+01:00,0.0,0.0,0.0,0.0,4.67,3.93,0.0
2023-01-24 02:10:00+00:00,2023-01-24 03:10:00+01:00,0.0,0.0,0.0,0.0,4.37,3.66,0.0
2023-01-24 03:10:00+00:00,2023-01-24 04:10:00+01:00,0.0,0.0,0.0,0.0,4.0,3.59,0.0
2023-01-24 04:10:00+00:00,2023-01-24 05:10:00+01:00,0.0,0.0,0.0,0.0,3.67,3.52,0.0
2023-01-24 05:10:00+00:00,2023-01-24 06:10:00+01:00,0.0,0.0,0.0,0.0,3.36,3.52,0.0
2023-01-24 06:10:00+00:00,2023-01-24 07:10:00+01:00,0.0,0.0,0.0,0.0,3.1,3.52,0.0
2023-01-24 07:10:00+00:00,2023-01-24 08:10:00+01:00,0.0,0.0,0.0,0.0,2.66,3.03,0.0
2023-01-24 08:10:00+00:00,2023-01-24 09:10:00+01:00,545.75,98.69,7.33,6.1,2.57,3.1,0.0
2023-01-24 09:10:00+00:00,2023-01-24 10:10:00+01:00,726.56,135.78,18.62,15.81,4.17,3.03,0.0
2023-01-24 10:10:00+00:00,2023-01-24 11:10:00+01:00,831.46,138.42,24.45,23.99,6.1,3.79,0.0
2023-01-24 11:10:00+00:00,2023-01-24 12:10:00+01:00,895.55,131.44,26.35,29.94,7.73,3.79,0.0
2023-01-24 12:10:00+00:00,2023-01-24 13:10:00+01:00,889.6,141.6,26.22,32.96,9.09,3.52,0.0
2023-01-24 13:10:00+00:00,2023-01-24 14:10:00+01:00,912.23,129.96,26.46,32.56,10.11,3.31,0.0
2023-01-24 14:10:00+00:00,2023-01-24 15:10:00+01:00,871.25,136.57,25.95,28.82,10.69,2.97,0.0
2023-01-24 15:10:00+00:00,2023-01-24 16:10:00+01:00,830.33,132.0,23.71,22.29,10.9,2.83,0.0
2023-01-24 16:10:00+00:00,2023-01-24 17:10:00+01:00,729.53,120.74,16.71,13.72,10.79,2.69,0.0
2023-01-24 17:10:00+00:00,2023-01-24 18:10:00+01:00,46.1,17.1,2.15,3.73,9.86,2.14,0.0
2023-01-24 18:10:00+00:00,2023-01-24 19:10:00+01:00,0.0,0.0,0.0,0.0,8.44,2.48,0.0
2023-01-24 19:10:00+00:00,2023-01-24 20:10:00+01:00,0.0,0.0,0.0,0.0,8.32,2.83,0.0
2023-01-24 20:10:00+00:00,2023-01-24 21:10:00+01:00,0.0,0.0,0.0,0.0,7.6,2.83,0.0
2023-01-24 21:10:00+00:00,2023-01-24 22:10:00+01:00,0.0,0.0,0.0,0.0,6.95,3.03,0.0
2023-01-24 22:10:00+00:00,2023-01-24 23:10:00+01:00,0.0,0.0,0.0,0.0,6.42,3.31,0.0
2023-01-24 23:10:00+00:00,2023-01-25 00:10:00+01:00,0.0,0.0,0.0,0.0,5.66,3.31,0.0
2023-01-25 00:10:00+00:00,2023-01-25 01:10:00+01:00,0.0,0.0,0.0,0.0,5.06,3.1,0.0
2023-01-25 01:10:00+00:00,2023-01-25 02:10:00+01:00,0.0,0.0,0.0,0.0,4.52,2.97,0.0
2023-01-25 02:10:00+00:00,2023-01-25 03:10:00+01:00,0.0,0.0,0.0,0.0,4.02,2.97,0.0
2023-01-25 03:10:00+00:00,2023-01-25 04:10:00+01:00,0.0,0.0,0.0,0.0,3.61,2.97,0.0
2023-01-25 04:10:00+00:00,2023-01-25 05:10:00+01:00,0.0,0.0,0.0,0.0,3.29,2.9,0.0
2023-01-25 05:10:00+00:00,2023-01-25 06:10:00+01:00,0.0,0.0,0.0,0.0,2.97,2.83,0.0
2023-01-25 06:10:00+00:00,2023-01-25 07:10:00+01:00,0.0,0.0,0.0,0.0,2.65,2.76,0.0
2023-01-25 07:10:00+00:00,2023-01-25 08:10:00+01:00,0.0,0.0,0.0,0.0,2.13,2.55,0.0
2023-01-25 08:10:00+00:00,2023-01-25 09:10:00+01:00,488.79,103.07,7.22,6.22,1.99,2.62,0.0
2023-01-25 09:10:00+00:00,2023-01-25 10:10:00+01:00,734.46,135.82,18.85,15.96,3.99,2.62,0.0
2023-01-25 10:10:00+00:00,2023-01-25 11:10:00+01:00,847.62,135.4,24.75,24.17,6.63,3.45,0.0
2023-01-25 11:10:00+00:00,2023-01-25 12:10:00+01:00,887.87,136.91,26.33,30.15,8.54,3.86,0.0
2023-01-25 12:10:00+00:00,2023-01-25 13:10:00+01:00,894.93,141.3,26.29,33.2,10.02,3.79,0.0
2023-01-25 13:10:00+00:00,2023-01-25 14:10:00+01:00,906.05,135.24,26.43,32.81,11.05,3.45,0.0
2023-01-25 14:10:00+00:00,2023-01-25 15:10:00+01:00,446.63,252.41,21.54,29.07,11.73,2.9,0.0
2023-01-25 15:10:00+00:00,2023-01-25 16:10:00+01:00,83.51,150.12,13.2,22.53,12.01,2.55,0.0
2023-01-25 16:10:00+00:00,2023-01-25 17:10:00+01:00,776.25,113.84,17.38,13.94,11.9,2.62,0.0
2023-01-25 17:10:00+00:00,2023-01-25 18:10:00+01:00,378.54,50.95,3.91,3.94,10.93,2.21,0.0
2023-01-25 18:10:00+00:00,2023-01-25 19:10:00+01:00,0.0,0.0,0.0,0.0,9.19,2.55,0.0
2023-01-25 19:10:00+00:00,2023-01-25 20:10:00+01:00,0.0,0.0,0.0,0.0,8.08,2.34,0.0
2023-01-25 20:10:00+00:00,2023-01-25 21:10:00+01:00,0.0,0.0,0.0,0.0,6.92,2.34,0.0
2023-01-25 21:10:00+00:00,2023-01-25 22:10:00+01:00,0.0,0.0,0.0,0.0,5.89,2.41,0.0
2023-01-25 22:10:00+00:00,2023-01-25 23:10:00+01:00,0.0,0.0,0.0,0.0,4.8,2.21,0.0
2023-01-25 23:10:00+00:00,2023-01-26 00:10:00+01:00,0.0,0.0,0.0,0.0,3.58,1.93,0.0
2023-01-26 00:10:00+00:00,2023-01-26 01:10:00+01:00,0.0,0.0,0.0,0.0,2.67,2.0,0.0
2023-01-26 01:10:00+00:00,2023-01-26 02:10:00+01:00,0.0,0.0,0.0,0.0,2.48,1.72,0.0
2023-01-26 02:10:00+00:00,2023-01-26 03:10:00+01:00,0.0,0.0,0.0,0.0,2.6,1.45,0.0
2023-01-26 03:10:00+00:00,2023-01-26 04:10:00+01:00,0.0,0.0,0.0,0.0,3.33,1.1,0.0
2023-01-26 04:10:00+00:00,2023-01-26 05:10:00+01:00,0.0,0.0,0.0,0.0,3.43,0.55,0.0
2023-01-26 05:10:00+00:00,2023-01-26 06:10:00+01:00,0.0,0.0,0.0,0.0,2.82,0.28,0.0
2023-01-26 06:10:00+00:00,2023-01-26 07:10:00+01:00,0.0,0.0,0.0,0.0,2.24,0.55,0.0
2023-01-26 07:10:00+00:00,2023-01-26 08:10:00+01:00,0.0,0.0,0.0,0.0,1.81,0.07,0.0
2023-01-26 08:10:00+00:00,2023-01-26 09:10:00+01:00,478.82,103.11,7.29,6.35,1.32,0.14,0.0
2023-01-26 09:10:00+00:00,2023-01-26 10:10:00+01:00,745.56,133.86,19.07,16.12,2.32,0.34,0.0
2023-01-26 10:10:00+00:00,2023-01-26 11:10:00+01:00,795.46,155.41,24.33,24.35,5.55,0.62,0.0
2023-01-26 11:10:00+00:00,2023-01-26 12:10:00+01:00,369.86,263.24,20.57,30.37,7.8,0.69,0.0
2023-01-26 12:10:00+00:00,2023-01-26 13:10:00+01:00,680.49,228.51,24.24,33.44,9.38,0.9,0.0
2023-01-26 13:10:00+00:00,2023-01-26 14:10:00+01:00,909.0,134.74,26.44,33.07,10.41,1.24,0.0
2023-01-26 14:10:00+00:00,2023-01-26 15:10:00+01:00,59.22,190.73,13.47,29.32,11.04,1.66,0.0
2023-01-26 15:10:00+00:00,2023-01-26 16:10:00+01:00,5.17,99.46,8.83,22.77,11.27,1.93,0.0
2023-01-26 16:10:00+00:00,2023-01-26 17:10:00+01:00,8.17,56.61,6.8,14.16,11.03,2.07,0.0
2023-01-26 17:10:00+00:00,2023-01-26 18:10:00+01:00,165.91,39.09,3.25,4.15,10.3,1.72,0.0
2023-01-26 18:10:00+00:00,2023-01-26 19:10:00+01:00,0.0,0.0,0.0,0.0,8.89,2.14,0.0
2023-01-26 19:10:00+00:00,2023-01-26 20:10:00+01:00,0.0,0.0,0.0,0.0,8.23,1.1,0.0
2023-01-26 20:10:00+00:00,2023-01-26 21:10:00+01:00,0.0,0.0,0.0,0.0,6.71,1.24,0.0
2023-01-26 21:10:00+00:00,2023-01-26 22:10:00+01:00,0.0,0.0,0.0,0.0,5.79,1.59,0.0
2023-01-26 22:10:00+00:00,2023-01-26 23:10:00+01:00,0.0,0.0,0.0,0.0,4.88,2.07,0.0
2023-01-26 23:10:00+00:00,2023-01-27 00:10:00+01:00,0.0,0.0,0.0,0.0,4.0,2.34,0.0
2023-01-27 00:10:00+00:00,2023-01-27 01:10:00+01:00,0.0,0.0,0.0,0.0,3.34,2.34,0.0
2023-01-27 01:10:00+00:00,2023-01-27 02:10:00+01:00,0.0,0.0,0.0,0.0,2.77,2.34,0.0
2023-01-27 02:10:00+00:00,2023-01-27 03:10:00+01:00,0.0,0.0,0.0,0.0,2.35,2.28,0.0
2023-01-27 03:10:00+00:00,2023-01-27 04:10:00+01:00,0.0,0.0,0.0,0.0,2.05,2.34,0.0
2023-01-27 04:10:00+00:00,2023-01-27 05:10:00+01:00,0.0,0.0,0.0,0.0,1.87,2.41,0.0
2023-01-27 05:10:00+00:00,2023-01-27 06:10:00+01:00,0.0,0.0,0.0,0.0,1.67,2.48,0.0
2023-01-27 06:10:00+00:00,2023-01-27 07:10:00+01:00,0.0,0.0,0.0,0.0,1.49,2.48,0.0
2023-01-27 07:10:00+00:00,2023-01-27 08:10:00+01:00,0.0,0.0,0.0,0.0,0.66,1.59,0.0
2023-01-27 08:10:00+00:00,2023-01-27 09:10:00+01:00,513.08,103.61,7.63,6.49,0.4,1.52,0.0
2023-01-27 09:10:00+00:00,2023-01-27 10:10:00+01:00,756.2,131.79,19.29,16.28,3.61,1.1,0.0
2023-01-27 10:10:00+00:00,2023-01-27 11:10:00+01:00,849.8,134.12,24.85,24.54,7.28,1.93,0.0
2023-01-27 11:10:00+00:00,2023-01-27 12:10:00+01:00,901.83,131.61,26.47,30.59,9.33,2.76,0.0
2023-01-27 12:10:00+00:00,2023-01-27 13:10:00+01:00,895.99,141.58,26.23,33.69,10.56,3.17,0.0
2023-01-27 13:10:00+00:00,2023-01-27 14:10:00+01:00,908.17,134.0,26.36,33.33,11.41,3.24,0.0
2023-01-27 14:10:00+00:00,2023-01-27 15:10:00+01:00,903.53,128.07,26.43,29.58,12.01,3.24,0.0
2023-01-27 15:10:00+00:00,2023-01-27 16:10:00+01:00,841.47,130.01,24.12,23.02,12.55,3.45,0.0
2023-01-27 16:10:00+00:00,2023-01-27 17:10:00+01:00,704.11,130.64,17.13,14.39,12.57,3.59,0.0
2023-01-27 17:10:00+00:00,2023-01-27 18:10:00+01:00,368.42,59.23,4.34,4.36,11.58,3.1,0.0
2023-01-27 18:10:00+00:00,2023-01-27 19:10:00+01:00,0.0,0.0,0.0,0.0,9.79,3.03,0.0
2023-01-27 19:10:00+00:00,2023-01-27 20:10:00+01:00,0.0,0.0,0.0,0.0,9.36,2.97,0.0
2023-01-27 20:10:00+00:00,2023-01-27 21:10:00+01:00,0.0,0.0,0.0,0.0,8.39,2.9,0.0
2023-01-27 21:10:00+00:00,2023-01-27 22:10:00+01:00,0.0,0.0,0.0,0.0,7.5,2.69,0.0
2023-01-27 22:10:00+00:00,2023-01-27 23:10:00+01:00,0.0,0.0,0.0,0.0,6.87,2.9,0.0
2023-01-27 23:10:00+00:00,2023-01-28 00:10:00+01:00,0.0,0.0,0.0,0.0,6.36,3.45,0.0
2023-01-28 00:10:00+00:00,2023-01-28 01:10:00+01:00,0.0,0.0,0.0,0.0,5.86,3.79,0.0
2023-01-28 01:10:00+00:00,2023-01-28 02:10:00+01:00,0.0,0.0,0.0,0.0,5.24,3.72,0.0
2023-01-28 02:10:00+00:00,2023-01-28 03:10:00+01:00,0.0,0.0,0.0,0.0,4.71,3.66,0.0
2023-01-28 03:10:00+00:00,2023-01-28 04:10:00+01:00,0.0,0.0,0.0,0.0,4.26,3.66,0.0
2023-01-28 04:10:00+00:00,2023-01-28 05:10:00+01:00,0.0,0.0,0.0,0.0,3.84,3.66,0.0
2023-01-28 05:10:00+00:00,2023-01-28 06:10:00+01:00,0.0,0.0,0.0,0.0,3.51,3.59,0.0
2023-01-28 06:10:00+00:00,2023-01-28 07:10:00+01:00,0.0,0.0,0.0,0.0,3.11,3.52,0.0
2023-01-28 07:10:00+00:00,2023-01-28 08:10:00+01:00,0.0,0.0,0.0,0.0,3.02,3.17,0.0
2023-01-28 08:10:00+00:00,2023-01-28 09:10:00+01:00,476.21,105.86,7.61,6.63,2.96,3.17,0.0
2023-01-28 09:10:00+00:00,2023-01-28 10:10:00+01:00,745.18,136.42,19.35,16.45,4.66,2.97,0.0
2023-01-28 10:10:00+00:00,2023-01-28 11:10:00+01:00,845.82,138.58,24.95,24.74,6.81,3.93,0.0
2023-01-28 11:10:00+00:00,2023-01-28 12:10:00+01:00,897.72,135.6,26.48,30.82,8.33,4.62,0.0
2023-01-28 12:10:00+00:00,2023-01-28 13:10:00+01:00,886.49,149.47,26.19,33.94,9.45,4.69,0.0
2023-01-28 13:10:00+00:00,2023-01-28 14:10:00+01:00,900.01,140.56,26.31,33.6,10.3,4.34,0.0
2023-01-28 14:10:00+00:00,2023-01-28 15:10:00+01:00,900.36,130.45,26.43,29.84,10.94,4.0,0.0
2023-01-28 15:10:00+00:00,2023-01-28 16:10:00+01:00,838.09,134.5,24.26,23.26,11.31,3.86,0.0
2023-01-28 16:10:00+00:00,2023-01-28 17:10:00+01:00,717.08,130.74,17.49,14.62,11.31,3.66,0.0
2023-01-28 17:10:00+00:00,2023-01-28 18:10:00+01:00,388.96,65.25,4.69,4.57,10.55,2.55,0.0
2023-01-28 18:10:00+00:00,2023-01-28 19:10:00+01:00,0.0,0.0,0.0,0.0,8.98,2.28,0.0
2023-01-28 19:10:00+00:00,2023-01-28 20:10:00+01:00,0.0,0.0,0.0,0.0,7.98,2.0,0.0
2023-01-28 20:10:00+00:00,2023-01-28 21:10:00+01:00,0.0,0.0,0.0,0.0,6.17,1.66,0.0
2023-01-28 21:10:00+00:00,2023-01-28 22:10:00+01:00,0.0,0.0,0.0,0.0,5.65,1.31,0.0
2023-01-28 22:10:00+00:00,2023-01-28 23:10:00+01:00,0.0,0.0,0.0,0.0,5.56,1.1,0.0
2023-01-28 23:10:00+00:00,2023-01-29 00:10:00+01:00,0.0,0.0,0.0,0.0,4.32,1.1,0.0
2023-01-29 00:10:00+00:00,2023-01-29 01:10:00+01:00,0.0,0.0,0.0,0.0,3.38,1.1,0.0
2023-01-29 01:10:00+00:00,2023-01-29 02:10:00+01:00,0.0,0.0,0.0,0.0,2.75,1.03,0.0
2023-01-29 02:10:00+00:00,2023-01-29 03:10:00+01:00,0.0,0.0,0.0,0.0,1.48,1.24,0.0
2023-01-29 03:10:00+00:00,2023-01-29 04:10:00+01:00,0.0,0.0,0.0,0.0,0.16,1.79,0.0
2023-01-29 04:10:00+00:00,2023-01-29 05:10:00+01:00,0.0,0.0,0.0,0.0,0.28,2.41,0.0
2023-01-29 05:10:00+00:00,2023-01-29 06:10:00+01:00,0.0,0.0,0.0,0.0,0.92,2.83,0.0
2023-01-29 06:10:00+00:00,2023-01-29 07:10:00+01:00,0.0,0.0,0.0,0.0,1.3,3.03,0.0
2023-01-29 07:10:00+00:00,2023-01-29 08:10:00+01:00,0.0,0.0,0.0,0.0,0.41,2.41,0.0
2023-01-29 08:10:00+00:00,2023-01-29 09:10:00+01:00,508.28,106.17,7.94,6.78,0.68,2.55,0.0
2023-01-29 09:10:00+00:00,2023-01-29 10:10:00+01:00,748.13,135.71,19.49,16.62,3.41,2.41,0.0
2023-01-29 10:10:00+00:00,2023-01-29 11:10:00+01:00,858.31,135.17,25.15,24.95,6.48,3.1,0.0
2023-01-29 11:10:00+00:00,2023-01-29 12:10:00+01:00,881.9,143.55,26.33,31.06,8.64,3.45,0.0
2023-01-29 12:10:00+00:00,2023-01-29 13:10:00+01:00,885.89,150.23,26.14,34.2,10.23,3.45,0.0
2023-01-29 13:10:00+00:00,2023-01-29 14:10:00+01:00,915.2,134.58,26.43,33.87,11.36,3.1,0.0
2023-01-29 14:10:00+00:00,2023-01-29 15:10:00+01:00,901.13,131.39,26.47,30.11,12.04,2.76,0.0
2023-01-29 15:10:00+00:00,2023-01-29 16:10:00+01:00,852.24,128.96,24.46,23.51,12.32,2.55,0.0
2023-01-29 16:10:00+00:00,2023-01-29 17:10:00+01:00,729.56,128.27,17.77,14.85,12.2,2.41,0.0
2023-01-29 17:10:00+00:00,2023-01-29 18:10:00+01:00,407.54,71.27,5.04,4.79,11.35,2.0,0.0
2023-01-29 18:10:00+00:00,2023-01-29 19:10:00+01:00,0.0,0.0,0.0,0.0,9.43,2.55,0.0
2023-01-29 19:10:00+00:00,2023-01-29 20:10:00+01:00,0.0,0.0,0.0,0.0,8.46,2.48,0.0
2023-01-29 20:10:00+00:00,2023-01-29 21:10:00+01:00,0.0,0.0,0.0,0.0,7.24,2.34,0.0
2023-01-29 21:10:00+00:00,2023-01-29 22:10:00+01:00,0.0,0.0,0.0,0.0,5.93,2.34,0.0
2023-01-29 22:10:00+00:00,2023-01-29 23:10:00+01:00,0.0,0.0,0.0,0.0,4.83,2.28,0.0
2023-01-29 23:10:00+00:00,2023-01-30 00:10:00+01:00,0.0,0.0,0.0,0.0,4.38,2.21,0.0
2023-01-30 00:10:00+00:00,2023-01-30 01:10:00+01:00,0.0,0.0,0.0,0.0,3.88,2.14,0.0
2023-01-30 01:10:00+00:00,2023-01-30 02:10:00+01:00,0.0,0.0,0.0,0.0,3.77,2.0,0.0
2023-01-30 02:10:00+00:00,2023-01-30 03:10:00+01:00,0.0,0.0,0.0,0.0,3.17,2.07,0.0
2023-01-30 03:10:00+00:00,2023-01-30 04:10:00+01:00,0.0,0.0,0.0,0.0,2.71,2.21,0.0
2023-01-30 04:10:00+00:00,2023-01-30 05:10:00+01:00,0.0,0.0,0.0,0.0,2.55,2.34,0.0
2023-01-30 05:10:00+00:00,2023-01-30 06:10:00+01:00,0.0,0.0,0.0,0.0,2.54,2.41,0.0
2023-01-30 06:10:00+00:00,2023-01-30 07:10:00+01:00,0.0,0.0,0.0,0.0,2.68,2.48,0.0
2023-01-30 07:10:00+00:00,2023-01-30 08:10:00+01:00,0.0,0.0,0.0,0.0,2.24,2.55,0.0
2023-01-30 08:10:00+00:00,2023-01-30 09:10:00+01:00,513.7,105.12,8.09,6.93,2.23,2.55,0.0
2023-01-30 09:10:00+00:00,2023-01-30 10:10:00+01:00,723.1,138.3,19.27,16.8,4.62,2.48,0.0
2023-01-30 10:10:00+00:00,2023-01-30 11:10:00+01:00,837.51,138.1,24.84,25.16,7.71,2.97,0.0
2023-01-30 11:10:00+00:00,2023-01-30 12:10:00+01:00,873.87,142.27,26.09,31.3,10.01,3.31,0.0
2023-01-30 12:10:00+00:00,2023-01-30 13:10:00+01:00,876.36,148.88,25.82,34.47,11.58,3.24,0.0
2023-01-30 13:10:00+00:00,2023-01-30 14:10:00+01:00,890.88,141.62,26.02,34.14,12.55,3.1,0.0
2023-01-30 14:10:00+00:00,2023-01-30 15:10:00+01:00,889.95,131.52,26.2,30.37,13.16,2.97,0.0
2023-01-30 15:10:00+00:00,2023-01-30 16:10:00+01:00,831.29,133.77,24.24,23.77,13.5,2.83,0.0
2023-01-30 16:10:00+00:00,2023-01-30 17:10:00+01:00,718.52,130.22,17.83,15.09,13.52,2.69,0.0
2023-01-30 17:10:00+00:00,2023-01-30 18:10:00+01:00,447.36,73.44,5.39,5.0,12.54,2.48,0.0
2023-01-30 18:10:00+00:00,2023-01-30 19:10:00+01:00,0.0,0.0,0.0,0.0,10.44,2.9,0.0
2023-01-30 19:10:00+00:00,2023-01-30 20:10:00+01:00,0.0,0.0,0.0,0.0,9.58,2.0,0.0
2023-01-30 20:10:00+00:00,2023-01-30 21:10:00+01:00,0.0,0.0,0.0,0.0,7.7,1.66,0.0
2023-01-30 21:10:00+00:00,2023-01-30 22:10:00+01:00,0.0,0.0,0.0,0.0,6.24,1.66,0.0
2023-01-30 22:10:00+00:00,2023-01-30 23:10:00+01:00,0.0,0.0,0.0,0.0,5.55,1.45,0.0
2023-01-30 23:10:00+00:00,2023-01-31 00:10:00+01:00,0.0,0.0,0.0,0.0,5.66,1.24,0.0
2023-01-31 00:10:00+00:00,2023-01-31 01:10:00+01:00,0.0,0.0,0.0,0.0,4.23,1.38,0.0
2023-01-31 01:10:00+00:00,2023-01-31 02:10:00+01:00,0.0,0.0,0.0,0.0,2.84,1.66,0.0
2023-01-31 02:10:00+00:00,2023-01-31 03:10:00+01:00,0.0,0.0,0.0,0.0,1.98,1.86,0.0
2023-01-31 03:10:00+00:00,2023-01-31 04:10:00+01:00,0.0,0.0,0.0,0.0,1.48,2.0,0.0
2023-01-31 04:10:00+00:00,2023-01-31 05:10:00+01:00,0.0,0.0,0.0,0.0,1.21,2.07,0.0
2023-01-31 05:10:00+00:00,2023-01-31 06:10:00+01:00,0.0,0.0,0.0,0.0,1.02,2.14,0.0
2023-01-31 06:10:00+00:00,2023-01-31 07:10:00+01:00,0.0,0.0,0.0,0.0,0.91,2.21,0.0
2023-01-31 07:10:00+00:00,2023-01-31 08:10:00+01:00,0.0,0.0,0.0,0.0,0.82,2.28,0.0
2023-01-31 08:10:00+00:00,2023-01-31 09:10:00+01:00,550.9,105.67,8.5,7.09,1.01,2.21,0.0
2023-01-31 09:10:00+00:00,2023-01-31 10:10:00+01:00,749.71,135.99,19.75,16.98,4.59,2.07,0.0
2023-01-31 10:10:00+00:00,2023-01-31 11:10:00+01:00,849.54,138.33,25.15,25.37,8.46,2.34,0.0
2023-01-31 11:10:00+00:00,2023-01-31 12:10:00+01:00,884.93,142.32,26.32,31.55,11.11,2.48,0.0
2023-01-31 12:10:00+00:00,2023-01-31 13:10:00+01:00,870.37,158.22,25.89,34.74,12.84,2.21,0.0
2023-01-31 13:10:00+00:00,2023-01-31 14:10:00+01:00,918.13,133.35,26.34,34.42,14.01,2.07,0.0
2023-01-31 14:10:00+00:00,2023-01-31 15:10:00+01:00,904.36,130.03,26.47,30.65,14.72,2.28,0.0
2023-01-31 15:10:00+00:00,2023-01-31 16:10:00+01:00,854.9,131.03,24.73,24.02,15.05,2.55,0.0
2023-01-31 16:10:00+00:00,2023-01-31 17:10:00+01:00,738.02,128.68,18.25,15.32,14.87,2.69,0.0
2023-01-31 17:10:00+00:00,2023-01-31 18:10:00+01:00,461.78,83.03,5.82,5.22,13.71,2.21,0.0
2023-01-31 18:10:00+00:00,2023-01-31 19:10:00+01:00,0.0,0.0,0.0,0.0,11.7,2.48,0.0
2023-01-31 19:10:00+00:00,2023-01-31 20:10:00+01:00,0.0,0.0,0.0,0.0,10.38,2.14,0.0
2023-01-31 20:10:00+00:00,2023-01-31 21:10:00+01:00,0.0,0.0,0.0,0.0,8.5,2.14,0.0
2023-01-31 21:10:00+00:00,2023-01-31 22:10:00+01:00,0.0,0.0,0.0,0.0,6.68,2.14,0.0
2023-01-31 22:10:00+00:00,2023-01-31 23:10:00+01:00,0.0,0.0,0.0,0.0,5.27,2.0,0.0
2023-01-31 23:10:00+00:00,2023-02-01 00:10:00+01:00,0.0,0.0,0.0,0.0,4.25,1.79,0.0
2023-02-01 00:10:00+00:00,2023-02-01 01:10:00+01:00,0.0,0.0,0.0,0.0,3.33,1.66,0.0
2023-02-01 01:10:00+00:00,2023-02-01 02:10:00+01:00,0.0,0.0,0.0,0.0,2.52,1.52,0.0
2023-02-01 02:10:00+00:00,2023-02-01 03:10:00+01:00,0.0,0.0,0.0,0.0,1.52,1.66,0.0
2023-02-01 03:10:00+00:00,2023-02-01 04:10:00+01:00,0.0,0.0,0.0,0.0,0.86,1.72,0.0
2023-02-01 04:10:00+00:00,2023-02-01 05:10:00+01:00,0.0,0.0,0.0,0.0,0.35,1.86,0.0
2023-02-01 05:10:00+00:00,2023-02-01 06:10:00+01:00,0.0,0.0,0.0,0.0,0.04,1.93,0.0
2023-02-01 06:10:00+00:00,2023-02-01 07:10:00+01:00,0.0,0.0,0.0,0.0,-0.15,2.0,0.0
2023-02-01 07:10:00+00:00,2023-02-01 08:10:00+01:00,0.0,0.0,0.0,0.0,-0.61,1.93,0.0
2023-02-01 08:10:00+00:00,2023-02-01 09:10:00+01:00,467.25,115.53,8.39,7.25,-0.57,1.72,0.0
2023-02-01 09:10:00+00:00,2023-02-01 10:10:00+01:00,680.71,160.32,19.52,17.17,3.72,1.59,0.0
2023-02-01 10:10:00+00:00,2023-02-01 11:10:00+01:00,787.13,168.65,24.82,25.59,8.08,1.93,0.0
2023-02-01 11:10:00+00:00,2023-02-01 12:10:00+01:00,829.29,174.85,26.02,31.8,11.23,2.21,0.0
2023-02-01 12:10:00+00:00,2023-02-01 13:10:00+01:00,819.06,188.68,25.57,35.02,13.39,2.14,0.0
2023-02-01 13:10:00+00:00,2023-02-01 14:10:00+01:00,848.3,174.52,25.88,34.71,14.74,1.66,0.0
2023-02-01 14:10:00+00:00,2023-02-01 15:10:00+01:00,844.53,165.12,26.15,30.92,15.47,1.17,0.0
2023-02-01 15:10:00+00:00,2023-02-01 16:10:00+01:00,780.69,165.04,24.32,24.28,15.8,0.83,0.0
2023-02-01 16:10:00+00:00,2023-02-01 17:10:00+01:00,663.66,153.93,18.08,15.56,15.7,0.97,0.0
2023-02-01 17:10:00+00:00,2023-02-01 18:10:00+01:00,390.52,88.59,5.79,5.44,14.85,1.59,0.0
2023-02-01 18:10:00+00:00,2023-02-01 19:10:00+01:00,0.0,0.0,0.0,0.0,12.87,1.93,0.0
2023-02-01 19:10:00+00:00,2023-02-01 20:10:00+01:00,0.0,0.0,0.0,0.0,10.38,1.45,0.0
2023-02-01 20:10:00+00:00,2023-02-01 21:10:00+01:00,0.0,0.0,0.0,0.0,11.11,0.76,0.0
2023-02-01 21:10:00+00:00,2023-02-01 22:10:00+01:00,0.0,0.0,0.0,0.0,10.36,0.28,0.0
2023-02-01 22:10:00+00:00,2023-02-01 23:10:00+01:00,0.0,0.0,0.0,0.0,9.3,0.97,0.0
2023-02-01 23:10:00+00:00,2023-02-02 00:10:00+01:00,0.0,0.0,0.0,0.0,7.06,1.17,0.0
2023-02-02 00:10:00+00:00,2023-02-02 01:10:00+01:00,0.0,0.0,0.0,0.0,5.44,1.31,0.0
2023-02-02 01:10:00+00:00,2023-02-02 02:10:00+01:00,0.0,0.0,0.0,0.0,3.23,1.66,0.0
2023-02-02 02:10:00+00:00,2023-02-02 03:10:00+01:00,0.0,0.0,0.0,0.0,1.83,1.86,0.0
2023-02-02 03:10:00+00:00,2023-02-02 04:10:00+01:00,0.0,0.0,0.0,0.0,1.1,1.79,0.0
2023-02-02 04:10:00+00:00,2023-02-02 05:10:00+01:00,0.0,0.0,0.0,0.0,0.82,1.79,0.0
2023-02-02 05:10:00+00:00,2023-02-02 06:10:00+01:00,0.0,0.0,0.0,0.0,0.53,1.93,0.0
2023-02-02 06:10:00+00:00,2023-02-02 07:10:00+01:00,0.0,0.0,0.0,0.0,0.47,1.93,0.0
2023-02-02 07:10:00+00:00,2023-02-02 08:10:00+01:00,0.0,0.0,0.0,0.0,0.34,2.0,0.0
2023-02-02 08:10:00+00:00,2023-02-02 09:10:00+01:00,448.92,112.76,8.36,7.42,0.54,1.86,0.0
2023-02-02 09:10:00+00:00,2023-02-02 10:10:00+01:00,669.93,159.47,19.43,17.37,4.5,1.72,0.0
2023-02-02 10:10:00+00:00,2023-02-02 11:10:00+01:00,776.1,169.9,24.67,25.82,8.21,1.79,0.0
2023-02-02 11:10:00+00:00,2023-02-02 12:10:00+01:00,819.55,173.12,25.71,32.06,11.26,1.86,0.0
2023-02-02 12:10:00+00:00,2023-02-02 13:10:00+01:00,825.47,181.11,25.41,35.3,13.28,1.79,0.0
2023-02-02 13:10:00+00:00,2023-02-02 14:10:00+01:00,838.68,174.36,25.59,35.0,14.46,1.59,0.0
2023-02-02 14:10:00+00:00,2023-02-02 15:10:00+01:00,847.35,159.68,26.02,31.2,15.12,1.45,0.0
2023-02-02 15:10:00+00:00,2023-02-02 16:10:00+01:00,770.49,164.49,24.15,24.54,15.38,1.45,0.0
2023-02-02 16:10:00+00:00,2023-02-02 17:10:00+01:00,653.87,152.89,18.05,15.8,15.3,1.52,0.0
2023-02-02 17:10:00+00:00,2023-02-02 18:10:00+01:00,395.71,92.93,6.04,5.66,14.58,1.38,0.0
2023-02-02 18:10:00+00:00,2023-02-02 19:10:00+01:00,0.0,0.0,0.0,0.0,12.96,1.93,0.0
2023-02-02 19:10:00+00:00,2023-02-02 20:10:00+01:00,0.0,0.0,0.0,0.0,11.13,1.31,0.0
2023-02-02 20:10:00+00:00,2023-02-02 21:10:00+01:00,0.0,0.0,0.0,0.0,9.63,1.45,0.0
2023-02-02 21:10:00+00:00,2023-02-02 22:10:00+01:00,0.0,0.0,0.0,0.0,8.59,1.52,0.0
2023-02-02 22:10:00+00:00,2023-02-02 23:10:00+01:00,0.0,0.0,0.0,0.0,7.97,1.31,0.0
2023-02-02 23:10:00+00:00,2023-02-03 00:10:00+01:00,0.0,0.0,0.0,0.0,6.4,1.24,0.0
2023-02-03 00:10:00+00:00,2023-02-03 01:10:00+01:00,0.0,0.0,0.0,0.0,4.29,1.45,0.0
2023-02-03 01:10:00+00:00,2023-02-03 02:10:00+01:00,0.0,0.0,0.0,0.0,2.99,1.45,0.0
2023-02-03 02:10:00+00:00,2023-02-03 03:10:00+01:00,0.0,0.0,0.0,0.0,2.0,1.59,0.0
2023-02-03 03:10:00+00:00,2023-02-03 04:10:00+01:00,0.0,0.0,0.0,0.0,1.43,1.72,0.0
2023-02-03 04:10:00+00:00,2023-02-03 05:10:00+01:00,0.0,0.0,0.0,0.0,1.22,1.72,0.0
2023-02-03 05:10:00+00:00,2023-02-03 06:10:00+01:00,0.0,0.0,0.0,0.0,1.07,1.72,0.0
2023-02-03 06:10:00+00:00,2023-02-03 07:10:00+01:00,0.0,0.0,0.0,0.0,0.72,1.79,0.0
2023-02-03 07:10:00+00:00,2023-02-03 08:10:00+01:00,0.0,0.0,0.0,0.0,0.45,1.86,0.0
2023-02-03 08:10:00+00:00,2023-02-03 09:10:00+01:00,453.79,117.51,8.68,7.6,0.78,1.86,0.0
2023-02-03 09:10:00+00:00,2023-02-03 10:10:00+01:00,672.45,162.68,19.69,17.57,5.05,1.72,0.0
2023-02-03 10:10:00+00:00,2023-02-03 11:10:00+01:00,790.17,168.76,24.96,26.05,9.29,1.93,0.0
2023-02-03 11:10:00+00:00,2023-02-03 12:10:00+01:00,813.59,180.85,25.78,32.32,12.38,2.14,0.0
2023-02-03 12:10:00+00:00,2023-02-03 13:10:00+01:00,819.69,188.42,25.42,35.59,14.43,2.0,0.0
2023-02-03 13:10:00+00:00,2023-02-03 14:10:00+01:00,849.9,174.38,25.76,35.29,15.74,1.72,0.0
2023-02-03 14:10:00+00:00,2023-02-03 15:10:00+01:00,846.24,164.96,26.13,31.49,16.58,1.66,0.0
2023-02-03 15:10:00+00:00,2023-02-03 16:10:00+01:00,784.29,164.89,24.5,24.8,16.98,1.66,0.0
2023-02-03 16:10:00+00:00,2023-02-03 17:10:00+01:00,662.42,154.73,18.38,16.04,16.92,1.66,0.0
2023-02-03 17:10:00+00:00,2023-02-03 18:10:00+01:00,439.51,99.2,6.55,5.88,16.11,1.31,0.0
2023-02-03 18:10:00+00:00,2023-02-03 19:10:00+01:00,0.0,0.0,0.0,0.0,13.71,1.17,0.0
2023-02-03 19:10:00+00:00,2023-02-03 20:10:00+01:00,0.0,0.0,0.0,0.0,14.56,0.07,0.0
2023-02-03 20:10:00+00:00,2023-02-03 21:10:00+01:00,0.0,0.0,0.0,0.0,13.86,0.34,0.0
2023-02-03 21:10:00+00:00,2023-02-03 22:10:00+01:00,0.0,0.0,0.0,0.0,12.74,0.34,0.0
2023-02-03 22:10:00+00:00,2023-02-03 23:10:00+01:00,0.0,0.0,0.0,0.0,10.81,0.62,0.0
2023-02-03 23:10:00+00:00,2023-02-04 00:10:00+01:00,0.0,0.0,0.0,0.0,6.91,1.45,0.0
2023-02-04 00:10:00+00:00,2023-02-04 01:10:00+01:00,0.0,0.0,0.0,0.0,4.21,2.0,0.0
2023-02-04 01:10:00+00:00,2023-02-04 02:10:00+01:00,0.0,0.0,0.0,0.0,3.25,1.93,0.0
2023-02-04 02:10:00+00:00,2023-02-04 03:10:00+01:00,0.0,0.0,0.0,0.0,2.68,1.86,0.0
2023-02-04 03:10:00+00:00,2023-02-04 04:10:00+01:00,0.0,0.0,0.0,0.0,2.18,2.0,0.0
2023-02-04 04:10:00+00:00,2023-02-04 05:10:00+01:00,0.0,0.0,0.0,0.0,1.86,2.07,0.0
2023-02-04 05:10:00+00:00,2023-02-04 06:10:00+01:00,0.0,0.0,0.0,0.0,1.62,2.07,0.0
2023-02-04 06:10:00+00:00,2023-02-04 07:10:00+01:00,0.0,0.0,0.0,0.0,1.45,2.07,0.0
2023-02-04 07:10:00+00:00,2023-02-04 08:10:00+01:00,0.0,0.0,0.0,0.0,1.07,2.0,0.0
2023-02-04 08:10:00+00:00,2023-02-04 09:10:00+01:00,480.3,120.67,9.08,7.78,2.44,1.79,0.0
2023-02-04 09:10:00+00:00,2023-02-04 10:10:00+01:00,700.93,159.43,20.15,17.78,4.99,1.86,0.0
2023-02-04 10:10:00+00:00,2023-02-04 11:10:00+01:00,794.83,168.27,25.07,26.29,7.3,2.0,0.0
2023-02-04 11:10:00+00:00,2023-02-04 12:10:00+01:00,803.9,186.59,25.7,32.59,10.28,2.07,0.0
2023-02-04 12:10:00+00:00,2023-02-04 13:10:00+01:00,825.84,188.06,25.46,35.88,13.22,2.21,0.0
2023-02-04 13:10:00+00:00,2023-02-04 14:10:00+01:00,855.74,173.95,25.79,35.59,15.02,2.21,0.0
2023-02-04 14:10:00+00:00,2023-02-04 15:10:00+01:00,841.29,168.29,26.09,31.77,16.19,2.34,0.0
2023-02-04 15:10:00+00:00,2023-02-04 16:10:00+01:00,778.88,168.39,24.55,25.07,16.8,2.41,0.0
2023-02-04 16:10:00+00:00,2023-02-04 17:10:00+01:00,659.97,156.99,18.57,16.28,16.87,2.14,0.0
2023-02-04 17:10:00+00:00,2023-02-04 18:10:00+01:00,442.44,100.16,6.79,6.1,16.05,1.45,0.0
2023-02-04 18:10:00+00:00,2023-02-04 19:10:00+01:00,0.0,0.0,0.0,0.0,13.79,1.31,0.0
2023-02-04 19:10:00+00:00,2023-02-04 20:10:00+01:00,0.0,0.0,0.0,0.0,14.23,0.55,0.0
2023-02-04 20:10:00+00:00,2023-02-04 21:10:00+01:00,0.0,0.0,0.0,0.0,13.36,0.34,0.0
2023-02-04 21:10:00+00:00,2023-02-04 22:10:00+01:00,0.0,0.0,0.0,0.0,12.45,0.34,0.0
2023-02-04 22:10:00+00:00,2023-02-04 23:10:00+01:00,0.0,0.0,0.0,0.0,10.91,0.14,0.0
2023-02-04 23:10:00+00:00,2023-02-05 00:10:00+01:00,0.0,0.0,0.0,0.0,9.16,0.48,0.0
2023-02-05 00:10:00+00:00,2023-02-05 01:10:00+01:00,0.0,0.0,0.0,0.0,6.83,1.17,0.0
2023-02-05 01:10:00+00:00,2023-02-05 02:10:00+01:00,0.0,0.0,0.0,0.0,3.41,1.66,0.0
2023-02-05 02:10:00+00:00,2023-02-05 03:10:00+01:00,0.0,0.0,0.0,0.0,2.26,1.86,0.0
2023-02-05 03:10:00+00:00,2023-02-05 04:10:00+01:00,0.0,0.0,0.0,0.0,2.09,2.07,0.0
2023-02-05 04:10:00+00:00,2023-02-05 05:10:00+01:00,0.0,0.0,0.0,0.0,2.05,2.28,0.0
2023-02-05 05:10:00+00:00,2023-02-05 06:10:00+01:00,0.0,0.0,0.0,0.0,2.01,2.34,0.0
2023-02-05 06:10:00+00:00,2023-02-05 07:10:00+01:00,0.0,0.0,0.0,0.0,2.01,2.48,0.0
2023-02-05 07:10:00+00:00,2023-02-05 08:10:00+01:00,0.0,0.0,0.0,0.0,1.23,2.21,0.0
2023-02-05 08:10:00+00:00,2023-02-05 09:10:00+01:00,505.29,120.23,9.39,7.96,1.32,1.93,0.0
2023-02-05 09:10:00+00:00,2023-02-05 10:10:00+01:00,686.49,164.21,20.18,17.99,5.83,1.79,0.0
2023-02-05 10:10:00+00:00,2023-02-05 11:10:00+01:00,788.08,171.65,25.07,26.53,10.59,2.14,0.0
2023-02-05 11:10:00+00:00,2023-02-05 12:10:00+01:00,823.74,181.49,25.93,32.86,14.13,2.28,0.0
2023-02-05 12:10:00+00:00,2023-02-05 13:10:00+01:00,830.15,188.95,25.49,36.18,16.68,2.28,0.0
2023-02-05 13:10:00+00:00,2023-02-05 14:10:00+01:00,844.37,180.9,25.65,35.89,18.45,2.0,0.0
2023-02-05 14:10:00+00:00,2023-02-05 15:10:00+01:00,845.79,169.28,26.18,32.06,19.49,1.79,0.0
2023-02-05 15:10:00+00:00,2023-02-05 16:10:00+01:00,794.56,165.46,24.83,25.33,20.04,1.72,0.0
2023-02-05 16:10:00+00:00,2023-02-05 17:10:00+01:00,668.1,156.59,18.82,16.52,20.04,1.66,0.0
2023-02-05 17:10:00+00:00,2023-02-05 18:10:00+01:00,445.11,104.43,7.12,6.32,19.03,1.59,0.0
2023-02-05 18:10:00+00:00,2023-02-05 19:10:00+01:00,0.0,0.0,0.0,0.0,16.55,2.07,0.0
2023-02-05 19:10:00+00:00,2023-02-05 20:10:00+01:00,0.0,0.0,0.0,0.0,13.7,2.07,0.0
2023-02-05 20:10:00+00:00,2023-02-05 21:10:00+01:00,0.0,0.0,0.0,0.0,11.07,2.34,0.0
2023-02-05 21:10:00+00:00,2023-02-05 22:10:00+01:00,0.0,0.0,0.0,0.0,9.52,2.48,0.0
2023-02-05 22:10:00+00:00,2023-02-05 23:10:00+01:00,0.0,0.0,0.0,0.0,8.48,2.41,0.0
2023-02-05 23:10:00+00:00,2023-02-06 00:10:00+01:00,0.0,0.0,0.0,0.0,7.6,2.34,0.0
2023-02-06 00:10:00+00:00,2023-02-06 01:10:00+01:00,0.0,0.0,0.0,0.0,6.93,2.07,0.0
2023-02-06 01:10:00+00:00,2023-02-06 02:10:00+01:00,0.0,0.0,0.0,0.0,7.17,1.72,0.0
2023-02-06 02:10:00+00:00,2023-02-06 03:10:00+01:00,0.0,0.0,0.0,0.0,5.97,1.93,0.0
2023-02-06 03:10:00+00:00,2023-02-06 04:10:00+01:00,0.0,0.0,0.0,0.0,4.92,2.21,0.0
2023-02-06 04:10:00+00:00,2023-02-06 05:10:00+01:00,0.0,0.0,0.0,0.0,5.06,2.28,0.0
2023-02-06 05:10:00+00:00,2023-02-06 06:10:00+01:00,0.0,0.0,0.0,0.0,5.02,2.34,0.0
2023-02-06 06:10:00+00:00,2023-02-06 07:10:00+01:00,0.0,0.0,0.0,0.0,5.35,2.21,0.0
2023-02-06 07:10:00+00:00,2023-02-06 08:10:00+01:00,0.0,0.0,0.0,0.0,4.62,1.72,0.0
2023-02-06 08:10:00+00:00,2023-02-06 09:10:00+01:00,472.42,120.41,9.35,8.15,4.67,1.24,0.0
2023-02-06 09:10:00+00:00,2023-02-06 10:10:00+01:00,678.59,161.64,20.08,18.2,7.06,1.1,0.0
2023-02-06 10:10:00+00:00,2023-02-06 11:10:00+01:00,770.22,173.68,24.78,26.78,9.78,1.03,0.0
2023-02-06 11:10:00+00:00,2023-02-06 12:10:00+01:00,823.07,174.49,25.65,33.14,12.27,0.21,0.0
2023-02-06 12:10:00+00:00,2023-02-06 13:10:00+01:00,814.13,188.14,25.02,36.48,14.35,0.76,0.0
2023-02-06 13:10:00+00:00,2023-02-06 14:10:00+01:00,843.26,174.16,25.34,36.2,15.77,1.45,0.0
2023-02-06 14:10:00+00:00,2023-02-06 15:10:00+01:00,769.82,193.0,25.19,32.36,16.63,1.86,0.0
2023-02-06 15:10:00+00:00,2023-02-06 16:10:00+01:00,768.24,168.32,24.42,25.6,17.04,2.21,0.0
2023-02-06 16:10:00+00:00,2023-02-06 17:10:00+01:00,651.7,156.61,18.71,16.77,16.97,2.55,0.0
2023-02-06 17:10:00+00:00,2023-02-06 18:10:00+01:00,438.78,103.52,7.27,6.54,16.15,2.07,0.0
2023-02-06 18:10:00+00:00,2023-02-06 19:10:00+01:00,0.0,0.0,0.0,0.0,14.34,2.0,0.0
2023-02-06 19:10:00+00:00,2023-02-06 20:10:00+01:00,0.0,0.0,0.0,0.0,12.72,2.62,0.0
2023-02-06 20:10:00+00:00,2023-02-06 21:10:00+01:00,0.0,0.0,0.0,0.0,11.53,2.76,0.0
2023-02-06 21:10:00+00:00,2023-02-06 22:10:00+01:00,0.0,0.0,0.0,0.0,10.54,2.69,0.0
2023-02-06 22:10:00+00:00,2023-02-06 23:10:00+01:00,0.0,0.0,0.0,0.0,9.55,2.34,0.0
2023-02-06 23:10:00+00:00,2023-02-07 00:10:00+01:00,0.0,0.0,0.0,0.0,8.74,1.93,0.0
2023-02-07 00:10:00+00:00,2023-02-07 01:10:00+01:00,0.0,0.0,0.0,0.0,7.97,1.52,0.0
2023-02-07 01:10:00+00:00,2023-02-07 02:10:00+01:00,0.0,0.0,0.0,0.0,7.67,1.59,0.0
2023-02-07 02:10:00+00:00,2023-02-07 03:10:00+01:00,0.0,0.0,0.0,0.0,7.22,1.86,0.0
2023-02-07 03:10:00+00:00,2023-02-07 04:10:00+01:00,0.0,0.0,0.0,0.0,7.02,2.0,0.0
2023-02-07 04:10:00+00:00,2023-02-07 05:10:00+01:00,0.0,0.0,0.0,0.0,7.03,2.34,0.0
2023-02-07 05:10:00+00:00,2023-02-07 06:10:00+01:00,0.0,0.0,0.0,0.0,7.23,2.55,0.0
2023-02-07 06:10:00+00:00,2023-02-07 07:10:00+01:00,0.0,0.0,0.0,0.0,7.0,2.69,0.0
2023-02-07 07:10:00+00:00,2023-02-07 08:10:00+01:00,0.0,0.0,0.0,0.0,6.7,2.76,0.0
2023-02-07 08:10:00+00:00,2023-02-07 09:10:00+01:00,488.98,121.42,9.66,8.35,6.89,2.83,0.0
2023-02-07 09:10:00+00:00,2023-02-07 10:10:00+01:00,300.55,172.49,15.8,18.43,8.06,2.83,0.0
2023-02-07 10:10:00+00:00,2023-02-07 11:10:00+01:00,732.75,176.54,24.11,27.03,9.81,2.97,0.0
2023-02-07 11:10:00+00:00,2023-02-07 12:10:00+01:00,557.29,251.89,22.59,33.43,11.67,3.03,0.0
2023-02-07 12:10:00+00:00,2023-02-07 13:10:00+01:00,25.05,214.53,11.11,36.78,13.32,2.69,0.0
2023-02-07 13:10:00+00:00,2023-02-07 14:10:00+01:00,596.71,256.01,22.56,36.51,14.68,2.28,0.0
2023-02-07 14:10:00+00:00,2023-02-07 15:10:00+01:00,85.26,224.24,14.23,32.65,13.95,2.21,0.0
2023-02-07 15:10:00+00:00,2023-02-07 16:10:00+01:00,531.6,217.45,21.7,25.88,13.29,3.1,0.0
2023-02-07 16:10:00+00:00,2023-02-07 17:10:00+01:00,420.4,171.83,16.41,17.01,12.36,2.21,0.0
2023-02-07 17:10:00+00:00,2023-02-07 18:10:00+01:00,415.86,102.43,7.32,6.77,11.72,1.72,0.0
2023-02-07 18:10:00+00:00,2023-02-07 19:10:00+01:00,0.0,0.0,0.0,0.0,10.64,2.14,0.0
2023-02-07 19:10:00+00:00,2023-02-07 20:10:00+01:00,0.0,0.0,0.0,0.0,10.02,2.41,0.0
2023-02-07 20:10:00+00:00,2023-02-07 21:10:00+01:00,0.0,0.0,0.0,0.0,9.38,2.55,0.0
2023-02-07 21:10:00+00:00,2023-02-07 22:10:00+01:00,0.0,0.0,0.0,0.0,9.23,2.55,0.0
2023-02-07 22:10:00+00:00,2023-02-07 23:10:00+01:00,0.0,0.0,0.0,0.0,9.08,2.34,0.0
2023-02-07 23:10:00+00:00,2023-02-08 00:10:00+01:00,0.0,0.0,0.0,0.0,8.81,2.28,0.0
2023-02-08 00:10:00+00:00,2023-02-08 01:10:00+01:00,0.0,0.0,0.0,0.0,8.45,2.41,0.0
2023-02-08 01:10:00+00:00,2023-02-08 02:10:00+01:00,0.0,0.0,0.0,0.0,8.38,2.48,0.0
2023-02-08 02:10:00+00:00,2023-02-08 03:10:00+01:00,0.0,0.0,0.0,0.0,8.01,2.83,0.0
2023-02-08 03:10:00+00:00,2023-02-08 04:10:00+01:00,0.0,0.0,0.0,0.0,7.56,3.1,0.0
2023-02-08 04:10:00+00:00,2023-02-08 05:10:00+01:00,0.0,0.0,0.0,0.0,7.17,3.24,0.0
2023-02-08 05:10:00+00:00,2023-02-08 06:10:00+01:00,0.0,0.0,0.0,0.0,6.93,3.24,0.0
2023-02-08 06:10:00+00:00,2023-02-08 07:10:00+01:00,0.0,0.0,0.0,0.0,6.76,3.1,0.0
2023-02-08 07:10:00+00:00,2023-02-08 08:10:00+01:00,0.0,0.0,0.0,0.0,6.84,2.55,0.0
2023-02-08 08:10:00+00:00,2023-02-08 09:10:00+01:00,13.45,31.15,4.34,8.55,6.84,2.48,0.0
2023-02-08 09:10:00+00:00,2023-02-08 10:10:00+01:00,12.51,80.01,8.23,18.65,8.66,2.69,0.0
2023-02-08 10:10:00+00:00,2023-02-08 11:10:00+01:00,2.18,109.62,8.18,27.29,10.62,3.24,0.0
2023-02-08 11:10:00+00:00,2023-02-08 12:10:00+01:00,0.0,123.46,7.07,33.72,12.38,3.45,0.0
2023-02-08 12:10:00+00:00,2023-02-08 13:10:00+01:00,0.0,64.85,3.21,37.09,13.94,3.86,0.0
2023-02-08 13:10:00+00:00,2023-02-08 14:10:00+01:00,0.0,138.97,6.97,36.82,15.08,3.93,0.0
2023-02-08 14:10:00+00:00,2023-02-08 15:10:00+01:00,18.38,179.83,10.85,32.95,15.44,4.0,0.0
2023-02-08 15:10:00+00:00,2023-02-08 16:10:00+01:00,27.23,140.56,11.07,26.15,15.46,4.0,0.0
2023-02-08 16:10:00+00:00,2023-02-08 17:10:00+01:00,0.0,38.82,4.22,17.26,14.5,4.0,0.0
2023-02-08 17:10:00+00:00,2023-02-08 18:10:00+01:00,24.65,27.33,3.69,6.99,13.16,2.9,0.0
2023-02-08 18:10:00+00:00,2023-02-08 19:10:00+01:00,0.0,0.0,0.0,0.0,12.39,2.69,0.0
2023-02-08 19:10:00+00:00,2023-02-08 20:10:00+01:00,0.0,0.0,0.0,0.0,11.67,2.55,0.0
2023-02-08 20:10:00+00:00,2023-02-08 21:10:00+01:00,0.0,0.0,0.0,0.0,11.48,2.9,0.0
2023-02-08 21:10:00+00:00,2023-02-08 22:10:00+01:00,0.0,0.0,0.0,0.0,11.24,2.97,0.0
2023-02-08 22:10:00+00:00,2023-02-08 23:10:00+01:00,0.0,0.0,0.0,0.0,10.92,2.83,0.0
2023-02-08 23:10:00+00:00,2023-02-09 00:10:00+01:00,0.0,0.0,0.0,0.0,10.86,2.69,0.0
2023-02-09 00:10:00+00:00,2023-02-09 01:10:00+01:00,0.0,0.0,0.0,0.0,10.77,2.76,0.0
2023-02-09 01:10:00+00:00,2023-02-09 02:10:00+01:00,0.0,0.0,0.0,0.0,10.76,2.76,0.0
2023-02-09 02:10:00+00:00,2023-02-09 03:10:00+01:00,0.0,0.0,0.0,0.0,10.26,2.62,0.0
2023-02-09 03:10:00+00:00,2023-02-09 04:10:00+01:00,0.0,0.0,0.0,0.0,9.68,2.62,0.0
2023-02-09 04:10:00+00:00,2023-02-09 05:10:00+01:00,0.0,0.0,0.0,0.0,9.13,2.76,0.0
2023-02-09 05:10:00+00:00,2023-02-09 06:10:00+01:00,0.0,0.0,0.0,0.0,8.67,2.9,0.0
2023-02-09 06:10:00+00:00,2023-02-09 07:10:00+01:00,0.0,0.0,0.0,0.0,8.7,3.03,0.0
2023-02-09 07:10:00+00:00,2023-02-09 08:10:00+01:00,0.0,0.0,0.0,0.0,8.45,2.62,0.0
2023-02-09 08:10:00+00:00,2023-02-09 09:10:00+01:00,486.17,121.94,10.0,8.75,8.12,2.69,0.0
2023-02-09 09:10:00+00:00,2023-02-09 10:10:00+01:00,679.72,157.76,20.29,18.88,10.04,3.1,0.0
2023-02-09 10:10:00+00:00,2023-02-09 11:10:00+01:00,776.17,164.66,24.67,27.55,12.37,3.45,0.0
2023-02-09 11:10:00+00:00,2023-02-09 12:10:00+01:00,818.81,168.52,25.21,34.01,14.19,3.59,0.0
2023-02-09 12:10:00+00:00,2023-02-09 13:10:00+01:00,842.77,166.57,24.73,37.41,15.61,3.79,0.0
2023-02-09 13:10:00+00:00,2023-02-09 14:10:00+01:00,851.33,163.61,24.92,37.14,16.52,3.59,0.0
2023-02-09 14:10:00+00:00,2023-02-09 15:10:00+01:00,767.79,186.89,24.8,33.25,16.7,3.24,0.0
2023-02-09 15:10:00+00:00,2023-02-09 16:10:00+01:00,773.04,160.41,24.36,26.42,16.53,2.97,0.0
2023-02-09 16:10:00+00:00,2023-02-09 17:10:00+01:00,654.89,152.42,19.02,17.51,16.16,2.69,0.0
2023-02-09 17:10:00+00:00,2023-02-09 18:10:00+01:00,175.16,72.09,6.03,7.22,15.6,2.0,0.0
2023-02-09 18:10:00+00:00,2023-02-09 19:10:00+01:00,0.0,0.0,0.0,0.0,14.46,2.0,0.0
2023-02-09 19:10:00+00:00,2023-02-09 20:10:00+01:00,0.0,0.0,0.0,0.0,13.66,2.41,0.0
2023-02-09 20:10:00+00:00,2023-02-09 21:10:00+01:00,0.0,0.0,0.0,0.0,12.52,2.9,0.0
2023-02-09 21:10:00+00:00,2023-02-09 22:10:00+01:00,0.0,0.0,0.0,0.0,11.5,3.31,0.0
2023-02-09 22:10:00+00:00,2023-02-09 23:10:00+01:00,0.0,0.0,0.0,0.0,10.69,3.17,0.0
2023-02-09 23:10:00+00:00,2023-02-10 00:10:00+01:00,0.0,0.0,0.0,0.0,10.11,3.03,0.0
2023-02-10 00:10:00+00:00,2023-02-10 01:10:00+01:00,0.0,0.0,0.0,0.0,9.5,2.97,0.0
2023-02-10 01:10:00+00:00,2023-02-10 02:10:00+01:00,0.0,0.0,0.0,0.0,9.1,2.76,0.0
2023-02-10 02:10:00+00:00,2023-02-10 03:10:00+01:00,0.0,0.0,0.0,0.0,8.67,2.62,0.0
2023-02-10 03:10:00+00:00,2023-02-10 04:10:00+01:00,0.0,0.0,0.0,0.0,8.29,2.62,0.0
2023-02-10 04:10:00+00:00,2023-02-10 05:10:00+01:00,0.0,0.0,0.0,0.0,8.05,2.62,0.0
2023-02-10 05:10:00+00:00,2023-02-10 06:10:00+01:00,0.0,0.0,0.0,0.0,7.75,2.76,0.0
2023-02-10 06:10:00+00:00,2023-02-10 07:10:00+01:00,0.0,0.0,0.0,0.0,7.2,3.03,0.0
2023-02-10 07:10:00+00:00,2023-02-10 08:10:00+01:00,0.0,0.0,0.0,0.0,7.16,3.31,0.0
2023-02-10 08:10:00+00:00,2023-02-10 09:10:00+01:00,500.52,125.21,10.38,8.97,7.08,3.52,0.0
2023-02-10 09:10:00+00:00,2023-02-10 10:10:00+01:00,503.72,189.61,18.9,19.12,8.46,4.28,0.0
2023-02-10 10:10:00+00:00,2023-02-10 11:10:00+01:00,640.72,213.55,23.57,27.82,10.48,5.31,0.0
2023-02-10 11:10:00+00:00,2023-02-10 12:10:00+01:00,408.05,284.27,20.86,34.31,12.12,5.72,0.0
2023-02-10 12:10:00+00:00,2023-02-10 13:10:00+01:00,313.75,309.92,18.94,37.73,13.55,5.66,0.0
2023-02-10 13:10:00+00:00,2023-02-10 14:10:00+01:00,407.75,303.2,20.33,37.46,14.58,5.38,0.0
2023-02-10 14:10:00+00:00,2023-02-10 15:10:00+01:00,611.49,245.82,23.39,33.56,15.31,4.97,0.0
2023-02-10 15:10:00+00:00,2023-02-10 16:10:00+01:00,209.21,219.07,17.29,26.7,15.86,4.41,0.0
2023-02-10 16:10:00+00:00,2023-02-10 17:10:00+01:00,347.61,176.32,16.19,17.75,15.96,4.0,0.0
2023-02-10 17:10:00+00:00,2023-02-10 18:10:00+01:00,432.45,109.46,8.18,7.44,15.32,2.83,0.0
2023-02-10 18:10:00+00:00,2023-02-10 19:10:00+01:00,0.0,0.0,0.0,0.0,13.53,2.34,0.0
2023-02-10 19:10:00+00:00,2023-02-10 20:10:00+01:00,0.0,0.0,0.0,0.0,11.67,2.14,0.0
2023-02-10 20:10:00+00:00,2023-02-10 21:10:00+01:00,0.0,0.0,0.0,0.0,10.36,2.07,0.0
2023-02-10 21:10:00+00:00,2023-02-10 22:10:00+01:00,0.0,0.0,0.0,0.0,9.17,2.34,0.0
2023-02-10 22:10:00+00:00,2023-02-10 23:10:00+01:00,0.0,0.0,0.0,0.0,8.21,2.76,0.0
2023-02-10 23:10:00+00:00,2023-02-11 00:10:00+01:00,0.0,0.0,0.0,0.0,7.93,3.03,0.0
2023-02-11 00:10:00+00:00,2023-02-11 01:10:00+01:00,0.0,0.0,0.0,0.0,7.62,3.38,0.0
2023-02-11 01:10:00+00:00,2023-02-11 02:10:00+01:00,0.0,0.0,0.0,0.0,7.43,3.72,0.0
2023-02-11 02:10:00+00:00,2023-02-11 03:10:00+01:00,0.0,0.0,0.0,0.0,7.43,3.86,0.0
2023-02-11 03:10:00+00:00,2023-02-11 04:10:00+01:00,0.0,0.0,0.0,0.0,7.12,3.79,0.0
2023-02-11 04:10:00+00:00,2023-02-11 05:10:00+01:00,0.0,0.0,0.0,0.0,7.02,3.79,0.0
2023-02-11 05:10:00+00:00,2023-02-11 06:10:00+01:00,0.0,0.0,0.0,0.0,6.86,3.86,0.0
2023-02-11 06:10:00+00:00,2023-02-11 07:10:00+01:00,0.0,0.0,0.0,0.0,6.71,4.0,0.0
2023-02-11 07:10:00+00:00,2023-02-11 08:10:00+01:00,0.0,0.0,0.0,0.0,6.89,3.93,0.0
2023-02-11 08:10:00+00:00,2023-02-11 09:10:00+01:00,175.5,87.03,7.82,9.18,7.09,3.93,0.0
2023-02-11 09:10:00+00:00,2023-02-11 10:10:00+01:00,214.15,166.0,15.04,19.36,8.27,3.93,0.0
2023-02-11 10:10:00+00:00,2023-02-11 11:10:00+01:00,647.75,210.52,23.6,28.09,10.01,4.55,0.0
2023-02-11 11:10:00+00:00,2023-02-11 12:10:00+01:00,760.53,199.07,24.71,34.61,11.95,4.76,0.0
2023-02-11 12:10:00+00:00,2023-02-11 13:10:00+01:00,781.95,201.67,24.17,38.05,13.29,4.41,0.0
2023-02-11 13:10:00+00:00,2023-02-11 14:10:00+01:00,842.15,172.61,24.75,37.79,14.44,4.0,0.0
2023-02-11 14:10:00+00:00,2023-02-11 15:10:00+01:00,685.58,222.56,24.04,33.86,15.38,3.66,0.0
2023-02-11 15:10:00+00:00,2023-02-11 16:10:00+01:00,864.15,139.19,25.73,26.98,16.08,3.52,0.0
2023-02-11 16:10:00+00:00,2023-02-11 17:10:00+01:00,226.48,157.97,14.51,18.0,16.27,3.31,0.0
2023-02-11 17:10:00+00:00,2023-02-11 18:10:00+01:00,179.93,76.74,6.5,7.67,15.81,2.21,0.0
2023-02-11 18:10:00+00:00,2023-02-11 19:10:00+01:00,0.0,0.0,0.0,0.0,14.29,1.38,0.0
2023-02-11 19:10:00+00:00,2023-02-11 20:10:00+01:00,0.0,0.0,0.0,0.0,11.51,1.59,0.0
2023-02-11 20:10:00+00:00,2023-02-11 21:10:00+01:00,0.0,0.0,0.0,0.0,11.24,1.03,0.0
2023-02-11 21:10:00+00:00,2023-02-11 22:10:00+01:00,0.0,0.0,0.0,0.0,9.09,1.38,0.0
2023-02-11 22:10:00+00:00,2023-02-11 23:10:00+01:00,0.0,0.0,0.0,0.0,6.79,2.07,0.0
2023-02-11 23:10:00+00:00,2023-02-12 00:10:00+01:00,0.0,0.0,0.0,0.0,6.46,2.62,0.0
2023-02-12 00:10:00+00:00,2023-02-12 01:10:00+01:00,0.0,0.0,0.0,0.0,6.63,2.97,0.0
2023-02-12 01:10:00+00:00,2023-02-12 02:10:00+01:00,0.0,0.0,0.0,0.0,6.69,3.17,0.0
2023-02-12 02:10:00+00:00,2023-02-12 03:10:00+01:00,0.0,0.0,0.0,0.0,6.58,3.24,0.0
2023-02-12 03:10:00+00:00,2023-02-12 04:10:00+01:00,0.0,0.0,0.0,0.0,6.43,3.17,0.0
2023-02-12 04:10:00+00:00,2023-02-12 05:10:00+01:00,0.0,0.0,0.0,0.0,6.31,3.17,0.0
2023-02-12 05:10:00+00:00,2023-02-12 06:10:00+01:00,0.0,0.0,0.0,0.0,6.15,3.17,0.0
2023-02-12 06:10:00+00:00,2023-02-12 07:10:00+01:00,0.0,0.0,0.0,0.0,6.0,3.31,0.0
2023-02-12 07:10:00+00:00,2023-02-12 08:10:00+01:00,0.0,0.0,0.0,0.0,6.21,3.03,0.0
2023-02-12 08:10:00+00:00,2023-02-12 09:10:00+01:00,446.93,122.97,10.29,9.4,6.63,3.03,0.0
2023-02-12 09:10:00+00:00,2023-02-12 10:10:00+01:00,205.61,162.92,14.82,19.61,8.48,3.03,0.0
2023-02-12 10:10:00+00:00,2023-02-12 11:10:00+01:00,132.6,208.79,15.54,28.37,10.94,3.17,0.0
2023-02-12 11:10:00+00:00,2023-02-12 12:10:00+01:00,552.02,259.17,22.32,34.92,13.42,3.31,0.0
2023-02-12 12:10:00+00:00,2023-02-12 13:10:00+01:00,739.23,212.99,23.47,38.38,15.42,3.17,0.0
2023-02-12 13:10:00+00:00,2023-02-12 14:10:00+01:00,829.51,172.27,24.34,38.11,16.92,3.1,0.0
2023-02-12 14:10:00+00:00,2023-02-12 15:10:00+01:00,815.45,167.84,25.07,34.17,17.89,3.24,0.0
2023-02-12 15:10:00+00:00,2023-02-12 16:10:00+01:00,744.62,170.66,24.18,27.26,18.22,3.24,0.0
2023-02-12 16:10:00+00:00,2023-02-12 17:10:00+01:00,635.36,158.86,19.3,18.25,18.1,3.52,0.0
2023-02-12 17:10:00+00:00,2023-02-12 18:10:00+01:00,437.05,110.89,8.63,7.89,17.09,3.17,0.0
2023-02-12 18:10:00+00:00,2023-02-12 19:10:00+01:00,0.0,0.0,0.0,0.0,14.84,2.9,0.0
2023-02-12 19:10:00+00:00,2023-02-12 20:10:00+01:00,0.0,0.0,0.0,0.0,13.41,3.03,0.0
2023-02-12 20:10:00+00:00,2023-02-12 21:10:00+01:00,0.0,0.0,0.0,0.0,12.0,2.9,0.0
2023-02-12 21:10:00+00:00,2023-02-12 22:10:00+01:00,0.0,0.0,0.0,0.0,11.07,2.83,0.0
2023-02-12 22:10:00+00:00,2023-02-12 23:10:00+01:00,0.0,0.0,0.0,0.0,10.25,2.62,0.0
2023-02-12 23:10:00+00:00,2023-02-13 00:10:00+01:00,0.0,0.0,0.0,0.0,9.46,2.48,0.0
2023-02-13 00:10:00+00:00,2023-02-13 01:10:00+01:00,0.0,0.0,0.0,0.0,8.8,2.41,0.0
2023-02-13 01:10:00+00:00,2023-02-13 02:10:00+01:00,0.0,0.0,0.0,0.0,8.2,2.55,0.0
2023-02-13 02:10:00+00:00,2023-02-13 03:10:00+01:00,0.0,0.0,0.0,0.0,7.72,2.69,0.0
2023-02-13 03:10:00+00:00,2023-02-13 04:10:00+01:00,0.0,0.0,0.0,0.0,7.42,2.9,0.0
2023-02-13 04:10:00+00:00,2023-02-13 05:10:00+01:00,0.0,0.0,0.0,0.0,7.11,3.03,0.0
2023-02-13 05:10:00+00:00,2023-02-13 06:10:00+01:00,0.0,0.0,0.0,0.0,6.93,3.17,0.0
2023-02-13 06:10:00+00:00,2023-02-13 07:10:00+01:00,0.0,0.0,0.0,0.0,6.66,3.24,0.0
2023-02-13 07:10:00+00:00,2023-02-13 08:10:00+01:00,0.0,0.0,0.0,0.0,6.67,3.1,0.0
2023-02-13 08:10:00+00:00,2023-02-13 09:10:00+01:00,502.38,126.71,10.99,9.63,7.06,3.17,0.0
2023-02-13 09:10:00+00:00,2023-02-13 10:10:00+01:00,677.08,161.6,20.8,19.86,9.5,3.38,0.0
2023-02-13 10:10:00+00:00,2023-02-13 11:10:00+01:00,775.91,168.71,24.83,28.65,12.46,3.79,0.0
2023-02-13 11:10:00+00:00,2023-02-13 12:10:00+01:00,814.69,173.43,24.96,35.23,14.79,4.0,0.0
2023-02-13 12:10:00+00:00,2023-02-13 13:10:00+01:00,805.82,186.84,24.01,38.72,16.54,3.93,0.0
2023-02-13 13:10:00+00:00,2023-02-13 14:10:00+01:00,849.18,167.21,24.51,38.45,17.92,3.93,0.0
2023-02-13 14:10:00+00:00,2023-02-13 15:10:00+01:00,844.34,160.32,25.43,34.48,18.7,4.07,0.0
2023-02-13 15:10:00+00:00,2023-02-13 16:10:00+01:00,54.08,169.95,12.8,27.53,19.0,4.21,0.0
2023-02-13 16:10:00+00:00,2023-02-13 17:10:00+01:00,709.0,148.07,20.27,18.5,18.83,4.07,0.0
2023-02-13 17:10:00+00:00,2023-02-13 18:10:00+01:00,148.75,71.62,6.53,8.12,18.07,2.97,0.0
2023-02-13 18:10:00+00:00,2023-02-13 19:10:00+01:00,0.0,0.0,0.0,0.0,16.32,2.07,0.0
2023-02-13 19:10:00+00:00,2023-02-13 20:10:00+01:00,0.0,0.0,0.0,0.0,14.51,2.41,0.0
2023-02-13 20:10:00+00:00,2023-02-13 21:10:00+01:00,0.0,0.0,0.0,0.0,13.12,2.34,0.0
2023-02-13 21:10:00+00:00,2023-02-13 22:10:00+01:00,0.0,0.0,0.0,0.0,11.79,2.21,0.0
2023-02-13 22:10:00+00:00,2023-02-13 23:10:00+01:00,0.0,0.0,0.0,0.0,10.42,2.14,0.0
2023-02-13 23:10:00+00:00,2023-02-14 00:10:00+01:00,0.0,0.0,0.0,0.0,9.33,2.21,0.0
2023-02-14 00:10:00+00:00,2023-02-14 01:10:00+01:00,0.0,0.0,0.0,0.0,8.75,2.34,0.0
2023-02-14 01:10:00+00:00,2023-02-14 02:10:00+01:00,0.0,0.0,0.0,0.0,8.59,2.69,0.0
2023-02-14 02:10:00+00:00,2023-02-14 03:10:00+01:00,0.0,0.0,0.0,0.0,8.61,2.97,0.0
2023-02-14 03:10:00+00:00,2023-02-14 04:10:00+01:00,0.0,0.0,0.0,0.0,8.59,3.03,0.0
2023-02-14 04:10:00+00:00,2023-02-14 05:10:00+01:00,0.0,0.0,0.0,0.0,8.43,3.17,0.0
2023-02-14 05:10:00+00:00,2023-02-14 06:10:00+01:00,0.0,0.0,0.0,0.0,8.3,3.24,0.0
2023-02-14 06:10:00+00:00,2023-02-14 07:10:00+01:00,0.0,0.0,0.0,0.0,8.21,3.31,0.0
2023-02-14 07:10:00+00:00,2023-02-14 08:10:00+01:00,0.0,0.0,0.0,0.0,8.29,3.45,0.0
2023-02-14 08:10:00+00:00,2023-02-14 09:10:00+01:00,198.66,96.91,8.62,9.85,8.66,3.38,0.0
2023-02-14 09:10:00+00:00,2023-02-14 10:10:00+01:00,503.09,188.82,19.16,20.11,10.47,3.1,0.0
2023-02-14 10:10:00+00:00,2023-02-14 11:10:00+01:00,41.34,172.07,12.29,28.93,12.59,3.17,0.0
2023-02-14 11:10:00+00:00,2023-02-14 12:10:00+01:00,400.75,285.71,20.34,35.55,14.53,3.24,0.0
2023-02-14 12:10:00+00:00,2023-02-14 13:10:00+01:00,741.24,213.98,23.27,39.05,16.16,3.31,0.0
2023-02-14 13:10:00+00:00,2023-02-14 14:10:00+01:00,657.79,244.82,22.57,38.78,17.43,3.79,0.0
2023-02-14 14:10:00+00:00,2023-02-14 15:10:00+01:00,538.02,261.06,22.16,34.79,18.06,4.0,0.0
2023-02-14 15:10:00+00:00,2023-02-14 16:10:00+01:00,771.49,164.94,24.59,27.82,18.4,4.07,0.0
2023-02-14 16:10:00+00:00,2023-02-14 17:10:00+01:00,307.95,174.66,16.01,18.75,18.23,3.93,0.0
2023-02-14 17:10:00+00:00,2023-02-14 18:10:00+01:00,323.98,105.98,8.29,8.34,17.45,3.31,0.0
2023-02-14 18:10:00+00:00,2023-02-14 19:10:00+01:00,0.0,0.0,0.0,0.0,15.46,2.9,0.0
2023-02-14 19:10:00+00:00,2023-02-14 20:10:00+01:00,0.0,0.0,0.0,0.0,13.76,3.1,0.0
2023-02-14 20:10:00+00:00,2023-02-14 21:10:00+01:00,0.0,0.0,0.0,0.0,12.68,2.97,0.0
2023-02-14 21:10:00+00:00,2023-02-14 22:10:00+01:00,0.0,0.0,0.0,0.0,11.87,2.76,0.0
2023-02-14 22:10:00+00:00,2023-02-14 23:10:00+01:00,0.0,0.0,0.0,0.0,11.22,2.76,0.0
2023-02-14 23:10:00+00:00,2023-02-15 00:10:00+01:00,0.0,0.0,0.0,0.0,10.71,2.83,0.0
2023-02-15 00:10:00+00:00,2023-02-15 01:10:00+01:00,0.0,0.0,0.0,0.0,10.34,2.69,0.0
2023-02-15 01:10:00+00:00,2023-02-15 02:10:00+01:00,0.0,0.0,0.0,0.0,9.9,2.76,0.0
2023-02-15 02:10:00+00:00,2023-02-15 03:10:00+01:00,0.0,0.0,0.0,0.0,9.56,2.76,0.0
2023-02-15 03:10:00+00:00,2023-02-15 04:10:00+01:00,0.0,0.0,0.0,0.0,9.21,2.83,0.0
2023-02-15 04:10:00+00:00,2023-02-15 05:10:00+01:00,0.0,0.0,0.0,0.0,8.82,2.9,0.0
2023-02-15 05:10:00+00:00,2023-02-15 06:10:00+01:00,0.0,0.0,0.0,0.0,8.6,3.03,0.0
2023-02-15 06:10:00+00:00,2023-02-15 07:10:00+01:00,0.0,0.0,0.0,0.0,8.5,3.17,0.0
2023-02-15 07:10:00+00:00,2023-02-15 08:10:00+01:00,0.0,0.0,0.0,0.0,8.93,3.24,0.0
2023-02-15 08:10:00+00:00,2023-02-15 09:10:00+01:00,291.16,114.13,9.65,10.09,9.19,3.17,0.0
2023-02-15 09:10:00+00:00,2023-02-15 10:10:00+01:00,301.62,184.29,16.69,20.37,10.96,3.17,0.0
2023-02-15 10:10:00+00:00,2023-02-15 11:10:00+01:00,165.9,223.4,16.38,29.22,13.18,3.31,0.0
2023-02-15 11:10:00+00:00,2023-02-15 12:10:00+01:00,493.21,273.53,21.41,35.87,15.28,3.31,0.0
2023-02-15 12:10:00+00:00,2023-02-15 13:10:00+01:00,542.05,279.44,21.12,39.39,16.93,3.1,0.0
2023-02-15 13:10:00+00:00,2023-02-15 14:10:00+01:00,765.54,201.41,23.4,39.12,18.05,2.97,0.0
2023-02-15 14:10:00+00:00,2023-02-15 15:10:00+01:00,511.21,265.49,21.71,35.11,18.87,2.97,0.0
2023-02-15 15:10:00+00:00,2023-02-15 16:10:00+01:00,496.85,230.92,21.58,28.1,19.32,3.31,0.0
2023-02-15 16:10:00+00:00,2023-02-15 17:10:00+01:00,601.93,166.05,19.35,19.0,19.14,2.83,0.0
2023-02-15 17:10:00+00:00,2023-02-15 18:10:00+01:00,476.65,116.82,9.62,8.57,18.56,1.93,0.0
2023-02-15 18:10:00+00:00,2023-02-15 19:10:00+01:00,0.0,0.0,0.0,0.0,17.34,1.72,0.0
2023-02-15 19:10:00+00:00,2023-02-15 20:10:00+01:00,0.0,0.0,0.0,0.0,16.23,1.59,0.0
2023-02-15 20:10:00+00:00,2023-02-15 21:10:00+01:00,0.0,0.0,0.0,0.0,14.93,1.79,0.0
2023-02-15 21:10:00+00:00,2023-02-15 22:10:00+01:00,0.0,0.0,0.0,0.0,13.95,1.86,0.0
2023-02-15 22:10:00+00:00,2023-02-15 23:10:00+01:00,0.0,0.0,0.0,0.0,12.15,1.79,0.0
2023-02-15 23:10:00+00:00,2023-02-16 00:10:00+01:00,0.0,0.0,0.0,0.0,12.55,1.03,0.0
2023-02-16 00:10:00+00:00,2023-02-16 01:10:00+01:00,0.0,0.0,0.0,0.0,11.41,1.24,0.0
2023-02-16 01:10:00+00:00,2023-02-16 02:10:00+01:00,0.0,0.0,0.0,0.0,9.32,1.59,0.0
2023-02-16 02:10:00+00:00,2023-02-16 03:10:00+01:00,0.0,0.0,0.0,0.0,8.12,1.86,0.0
2023-02-16 03:10:00+00:00,2023-02-16 04:10:00+01:00,0.0,0.0,0.0,0.0,7.5,2.0,0.0
2023-02-16 04:10:00+00:00,2023-02-16 05:10:00+01:00,0.0,0.0,0.0,0.0,7.23,2.14,0.0
2023-02-16 05:10:00+00:00,2023-02-16 06:10:00+01:00,0.0,0.0,0.0,0.0,6.99,2.28,0.0
2023-02-16 06:10:00+00:00,2023-02-16 07:10:00+01:00,0.0,0.0,0.0,0.0,6.86,2.34,0.0
2023-02-16 07:10:00+00:00,2023-02-16 08:10:00+01:00,0.0,0.0,0.0,0.0,7.09,2.34,0.0
2023-02-16 08:10:00+00:00,2023-02-16 09:10:00+01:00,490.93,130.3,11.57,10.33,8.27,2.28,0.0
2023-02-16 09:10:00+00:00,2023-02-16 10:10:00+01:00,666.8,163.45,20.98,20.64,11.13,2.76,0.0
2023-02-16 10:10:00+00:00,2023-02-16 11:10:00+01:00,763.12,172.22,24.65,29.52,13.84,3.1,0.0
2023-02-16 11:10:00+00:00,2023-02-16 12:10:00+01:00,826.35,167.38,24.77,36.2,15.94,3.17,0.0
2023-02-16 12:10:00+00:00,2023-02-16 13:10:00+01:00,835.35,171.41,23.81,39.74,17.52,2.9,0.0
2023-02-16 13:10:00+00:00,2023-02-16 14:10:00+01:00,857.56,162.53,24.16,39.46,18.64,2.83,0.0
2023-02-16 14:10:00+00:00,2023-02-16 15:10:00+01:00,747.06,198.13,24.17,35.42,19.38,3.03,0.0
2023-02-16 15:10:00+00:00,2023-02-16 16:10:00+01:00,736.36,176.69,24.24,28.38,19.64,3.45,0.0
2023-02-16 16:10:00+00:00,2023-02-16 17:10:00+01:00,633.81,162.41,19.84,19.25,19.57,4.0,0.0
2023-02-16 17:10:00+00:00,2023-02-16 18:10:00+01:00,471.09,118.83,9.83,8.79,18.8,4.21,0.0
2023-02-16 18:10:00+00:00,2023-02-16 19:10:00+01:00,0.0,0.0,0.0,0.0,17.03,3.79,0.0
2023-02-16 19:10:00+00:00,2023-02-16 20:10:00+01:00,0.0,0.0,0.0,0.0,15.89,2.76,0.0
2023-02-16 20:10:00+00:00,2023-02-16 21:10:00+01:00,0.0,0.0,0.0,0.0,14.5,2.41,0.0
2023-02-16 21:10:00+00:00,2023-02-16 22:10:00+01:00,0.0,0.0,0.0,0.0,13.0,2.21,0.0
2023-02-16 22:10:00+00:00,2023-02-16 23:10:00+01:00,0.0,0.0,0.0,0.0,11.42,2.0,0.0
2023-02-16 23:10:00+00:00,2023-02-17 00:10:00+01:00,0.0,0.0,0.0,0.0,10.04,1.93,0.0
2023-02-17 00:10:00+00:00,2023-02-17 01:10:00+01:00,0.0,0.0,0.0,0.0,9.06,2.21,0.0
2023-02-17 01:10:00+00:00,2023-02-17 02:10:00+01:00,0.0,0.0,0.0,0.0,8.54,2.34,0.0
2023-02-17 02:10:00+00:00,2023-02-17 03:10:00+01:00,0.0,0.0,0.0,0.0,8.52,2.76,0.0
2023-02-17 03:10:00+00:00,2023-02-17 04:10:00+01:00,0.0,0.0,0.0,0.0,8.64,3.03,0.0
2023-02-17 04:10:00+00:00,2023-02-17 05:10:00+01:00,0.0,0.0,0.0,0.0,8.68,3.1,0.0
2023-02-17 05:10:00+00:00,2023-02-17 06:10:00+01:00,0.0,0.0,0.0,0.0,8.63,3.31,0.0
2023-02-17 06:10:00+00:00,2023-02-17 07:10:00+01:00,0.0,0.0,0.0,0.0,8.59,3.52,0.0
2023-02-17 07:10:00+00:00,2023-02-17 08:10:00+01:00,0.0,0.0,0.0,0.0,8.71,3.59,0.0
2023-02-17 08:10:00+00:00,2023-02-17 09:10:00+01:00,114.5,77.52,7.92,10.57,9.2,3.59,0.0
2023-02-17 09:10:00+00:00,2023-02-17 10:10:00+01:00,44.84,116.53,10.93,20.9,11.67,3.79,0.0
2023-02-17 10:10:00+00:00,2023-02-17 11:10:00+01:00,189.04,233.26,16.94,29.82,14.64,4.21,0.0
2023-02-17 11:10:00+00:00,2023-02-17 12:10:00+01:00,99.13,259.18,14.33,36.52,17.27,4.62,0.0
2023-02-17 12:10:00+00:00,2023-02-17 13:10:00+01:00,315.26,316.05,18.05,40.08,19.2,4.83,0.0
2023-02-17 13:10:00+00:00,2023-02-17 14:10:00+01:00,506.14,289.47,20.58,39.8,20.44,5.03,0.0
2023-02-17 14:10:00+00:00,2023-02-17 15:10:00+01:00,214.0,280.4,17.18,35.74,20.96,4.97,0.0
2023-02-17 15:10:00+00:00,2023-02-17 16:10:00+01:00,52.12,174.57,12.64,28.66,20.75,4.83,0.0
2023-02-17 16:10:00+00:00,2023-02-17 17:10:00+01:00,5.99,75.84,7.59,19.5,20.11,4.34,0.0
2023-02-17 17:10:00+00:00,2023-02-17 18:10:00+01:00,70.19,53.27,5.99,9.02,18.87,3.03,0.0
2023-02-17 18:10:00+00:00,2023-02-17 19:10:00+01:00,0.0,0.0,0.0,0.0,17.62,2.9,0.0
2023-02-17 19:10:00+00:00,2023-02-17 20:10:00+01:00,0.0,0.0,0.0,0.0,16.69,2.21,0.0
2023-02-17 20:10:00+00:00,2023-02-17 21:10:00+01:00,0.0,0.0,0.0,0.0,15.95,2.28,0.0
2023-02-17 21:10:00+00:00,2023-02-17 22:10:00+01:00,0.0,0.0,0.0,0.0,15.4,2.07,0.0
2023-02-17 22:10:00+00:00,2023-02-17 23:10:00+01:00,0.0,0.0,0.0,0.0,14.73,2.14,0.0
2023-02-17 23:10:00+00:00,2023-02-18 00:10:00+01:00,0.0,0.0,0.0,0.0,13.82,2.41,0.0
2023-02-18 00:10:00+00:00,2023-02-18 01:10:00+01:00,0.0,0.0,0.0,0.0,13.27,2.62,0.0
2023-02-18 01:10:00+00:00,2023-02-18 02:10:00+01:00,0.0,0.0,0.0,0.0,12.69,2.69,0.0
2023-02-18 02:10:00+00:00,2023-02-18 03:10:00+01:00,0.0,0.0,0.0,0.0,12.43,2.55,0.0
2023-02-18 03:10:00+00:00,2023-02-18 04:10:00+01:00,0.0,0.0,0.0,0.0,11.64,2.69,0.0
2023-02-18 04:10:00+00:00,2023-02-18 05:10:00+01:00,0.0,0.0,0.0,0.0,11.29,2.83,0.0
2023-02-18 05:10:00+00:00,2023-02-18 06:10:00+01:00,0.0,0.0,0.0,0.0,11.02,2.83,0.0
2023-02-18 06:10:00+00:00,2023-02-18 07:10:00+01:00,0.0,0.0,0.0,0.0,10.62,2.69,0.0
2023-02-18 07:10:00+00:00,2023-02-18 08:10:00+01:00,0.0,0.0,0.0,0.0,10.59,2.76,0.0
2023-02-18 08:10:00+00:00,2023-02-18 09:10:00+01:00,5.33,36.1,4.87,10.81,11.03,2.69,0.0
2023-02-18 09:10:00+00:00,2023-02-18 10:10:00+01:00,589.66,178.41,20.38,21.18,13.51,3.03,0.0
2023-02-18 10:10:00+00:00,2023-02-18 11:10:00+01:00,410.51,248.03,20.58,30.12,16.39,3.66,0.0
2023-02-18 11:10:00+00:00,2023-02-18 12:10:00+01:00,865.25,149.67,24.93,36.86,18.72,3.93,0.0
2023-02-18 12:10:00+00:00,2023-02-18 13:10:00+01:00,564.3,275.3,20.94,40.44,20.45,4.0,0.0
2023-02-18 13:10:00+00:00,2023-02-18 14:10:00+01:00,358.27,311.94,18.58,40.15,21.67,4.07,0.0
2023-02-18 14:10:00+00:00,2023-02-18 15:10:00+01:00,684.65,219.63,23.33,36.06,22.2,3.93,0.0
2023-02-18 15:10:00+00:00,2023-02-18 16:10:00+01:00,541.34,225.49,22.09,28.95,22.55,3.86,0.0
2023-02-18 16:10:00+00:00,2023-02-18 17:10:00+01:00,363.92,182.46,17.08,19.75,22.4,3.66,0.0
2023-02-18 17:10:00+00:00,2023-02-18 18:10:00+01:00,286.46,105.15,8.73,9.24,21.63,2.83,0.0
2023-02-18 18:10:00+00:00,2023-02-18 19:10:00+01:00,0.0,0.0,0.0,0.0,19.75,2.0,0.0
2023-02-18 19:10:00+00:00,2023-02-18 20:10:00+01:00,0.0,0.0,0.0,0.0,16.63,2.48,0.0
2023-02-18 20:10:00+00:00,2023-02-18 21:10:00+01:00,0.0,0.0,0.0,0.0,15.3,2.28,0.0
2023-02-18 21:10:00+00:00,2023-02-18 22:10:00+01:00,0.0,0.0,0.0,0.0,14.08,2.14,0.0
2023-02-18 22:10:00+00:00,2023-02-18 23:10:00+01:00,0.0,0.0,0.0,0.0,12.78,2.14,0.0
2023-02-18 23:10:00+00:00,2023-02-19 00:10:00+01:00,0.0,0.0,0.0,0.0,11.67,2.28,0.0
2023-02-19 00:10:00+00:00,2023-02-19 01:10:00+01:00,0.0,0.0,0.0,0.0,10.87,2.28,0.0
2023-02-19 01:10:00+00:00,2023-02-19 02:10:00+01:00,0.0,0.0,0.0,0.0,10.27,2.21,0.0
2023-02-19 02:10:00+00:00,2023-02-19 03:10:00+01:00,0.0,0.0,0.0,0.0,9.95,2.14,0.0
2023-02-19 03:10:00+00:00,2023-02-19 04:10:00+01:00,0.0,0.0,0.0,0.0,9.61,2.07,0.0
2023-02-19 04:10:00+00:00,2023-02-19 05:10:00+01:00,0.0,0.0,0.0,0.0,9.35,1.93,0.0
2023-02-19 05:10:00+00:00,2023-02-19 06:10:00+01:00,0.0,0.0,0.0,0.0,9.12,2.07,0.0
2023-02-19 06:10:00+00:00,2023-02-19 07:10:00+01:00,0.0,0.0,0.0,0.0,9.18,2.07,0.0
2023-02-19 07:10:00+00:00,2023-02-19 08:10:00+01:00,0.0,0.0,0.0,0.0,9.83,2.48,0.0
2023-02-19 08:10:00+00:00,2023-02-19 09:10:00+01:00,5.21,36.79,4.93,11.07,10.71,2.62,0.0
2023-02-19 09:10:00+00:00,2023-02-19 10:10:00+01:00,90.24,141.45,12.81,21.45,13.09,2.83,0.0
2023-02-19 10:10:00+00:00,2023-02-19 11:10:00+01:00,438.36,250.72,21.08,30.43,15.75,2.9,0.0
2023-02-19 11:10:00+00:00,2023-02-19 12:10:00+01:00,269.64,297.66,18.03,37.19,18.3,3.03,0.0
2023-02-19 12:10:00+00:00,2023-02-19 13:10:00+01:00,791.39,195.21,23.06,40.79,20.25,3.31,0.0
2023-02-19 13:10:00+00:00,2023-02-19 14:10:00+01:00,252.54,318.9,16.97,40.5,21.59,3.59,0.0
2023-02-19 14:10:00+00:00,2023-02-19 15:10:00+01:00,75.87,248.2,13.59,36.38,22.22,3.66,0.0
2023-02-19 15:10:00+00:00,2023-02-19 16:10:00+01:00,411.62,244.89,20.62,29.23,22.32,3.72,0.0
2023-02-19 16:10:00+00:00,2023-02-19 17:10:00+01:00,128.62,143.79,13.29,20.0,22.06,3.66,0.0
2023-02-19 17:10:00+00:00,2023-02-19 18:10:00+01:00,322.31,114.14,9.36,9.46,21.28,3.03,0.0
2023-02-19 18:10:00+00:00,2023-02-19 19:10:00+01:00,0.0,0.0,0.0,0.0,19.44,2.14,0.0
2023-02-19 19:10:00+00:00,2023-02-19 20:10:00+01:00,0.0,0.0,0.0,0.0,16.59,2.9,0.0
2023-02-19 20:10:00+00:00,2023-02-19 21:10:00+01:00,0.0,0.0,0.0,0.0,15.41,2.62,0.0
2023-02-19 21:10:00+00:00,2023-02-19 22:10:00+01:00,0.0,0.0,0.0,0.0,14.6,2.28,0.0
2023-02-19 22:10:00+00:00,2023-02-19 23:10:00+01:00,0.0,0.0,0.0,0.0,13.75,2.07,0.0
2023-02-19 23:10:00+00:00,2023-02-20 00:10:00+01:00,0.0,0.0,0.0,0.0,12.64,2.14,0.0
2023-02-20 00:10:00+00:00,2023-02-20 01:10:00+01:00,0.0,0.0,0.0,0.0,11.67,2.34,0.0
2023-02-20 01:10:00+00:00,2023-02-20 02:10:00+01:00,0.0,0.0,0.0,0.0,11.35,2.21,0.0
2023-02-20 02:10:00+00:00,2023-02-20 03:10:00+01:00,0.0,0.0,0.0,0.0,11.4,2.41,0.0
2023-02-20 03:10:00+00:00,2023-02-20 04:10:00+01:00,0.0,0.0,0.0,0.0,11.6,2.69,0.0
2023-02-20 04:10:00+00:00,2023-02-20 05:10:00+01:00,0.0,0.0,0.0,0.0,11.66,2.76,0.0
2023-02-20 05:10:00+00:00,2023-02-20 06:10:00+01:00,0.0,0.0,0.0,0.0,11.35,2.83,0.0
2023-02-20 06:10:00+00:00,2023-02-20 07:10:00+01:00,0.0,0.0,0.0,0.0,11.24,2.97,0.0
2023-02-20 07:10:00+00:00,2023-02-20 08:10:00+01:00,0.0,0.0,0.0,0.0,11.25,2.62,0.0
2023-02-20 08:10:00+00:00,2023-02-20 09:10:00+01:00,305.67,124.61,10.85,11.32,11.85,2.62,0.0
2023-02-20 09:10:00+00:00,2023-02-20 10:10:00+01:00,367.33,198.99,18.2,21.73,14.23,2.83,0.0
2023-02-20 10:10:00+00:00,2023-02-20 11:10:00+01:00,254.36,249.71,18.24,30.74,16.95,2.97,0.0
2023-02-20 11:10:00+00:00,2023-02-20 12:10:00+01:00,423.48,292.94,20.2,37.53,19.19,3.31,0.0
2023-02-20 12:10:00+00:00,2023-02-20 13:10:00+01:00,354.1,321.54,18.33,41.15,21.18,3.52,0.0
2023-02-20 13:10:00+00:00,2023-02-20 14:10:00+01:00,466.33,303.76,19.82,40.85,22.5,3.31,0.0
2023-02-20 14:10:00+00:00,2023-02-20 15:10:00+01:00,252.66,292.12,17.78,36.7,23.23,3.24,0.0
2023-02-20 15:10:00+00:00,2023-02-20 16:10:00+01:00,517.62,235.24,21.97,29.51,23.49,3.38,0.0
2023-02-20 16:10:00+00:00,2023-02-20 17:10:00+01:00,210.86,167.4,15.1,20.25,23.17,3.52,0.0
2023-02-20 17:10:00+00:00,2023-02-20 18:10:00+01:00,23.77,40.15,5.24,9.69,22.14,3.1,0.0
2023-02-20 18:10:00+00:00,2023-02-20 19:10:00+01:00,0.0,0.0,0.0,0.0,20.27,2.69,0.0
2023-02-20 19:10:00+00:00,2023-02-20 20:10:00+01:00,0.0,0.0,0.0,0.0,17.67,2.83,0.0
2023-02-20 20:10:00+00:00,2023-02-20 21:10:00+01:00,0.0,0.0,0.0,0.0,16.33,2.41,0.0
2023-02-20 21:10:00+00:00,2023-02-20 22:10:00+01:00,0.0,0.0,0.0,0.0,15.1,2.14,0.0
2023-02-20 22:10:00+00:00,2023-02-20 23:10:00+01:00,0.0,0.0,0.0,0.0,13.78,1.86,0.0
2023-02-20 23:10:00+00:00,2023-02-21 00:10:00+01:00,0.0,0.0,0.0,0.0,12.34,1.93,0.0
2023-02-21 00:10:00+00:00,2023-02-21 01:10:00+01:00,0.0,0.0,0.0,0.0,11.3,2.0,0.0
2023-02-21 01:10:00+00:00,2023-02-21 02:10:00+01:00,0.0,0.0,0.0,0.0,10.55,2.07,0.0
2023-02-21 02:10:00+00:00,2023-02-21 03:10:00+01:00,0.0,0.0,0.0,0.0,10.0,2.0,0.0
2023-02-21 03:10:00+00:00,2023-02-21 04:10:00+01:00,0.0,0.0,0.0,0.0,9.45,1.93,0.0
2023-02-21 04:10:00+00:00,2023-02-21 05:10:00+01:00,0.0,0.0,0.0,0.0,9.15,1.86,0.0
2023-02-21 05:10:00+00:00,2023-02-21 06:10:00+01:00,0.0,0.0,0.0,0.0,8.98,1.79,0.0
2023-02-21 06:10:00+00:00,2023-02-21 07:10:00+01:00,0.0,0.0,0.0,0.0,8.48,1.86,0.0
2023-02-21 07:10:00+00:00,2023-02-21 08:10:00+01:00,0.0,0.0,0.0,0.0,9.03,1.59,0.0
2023-02-21 08:10:00+00:00,2023-02-21 09:10:00+01:00,428.48,137.43,12.23,11.58,10.51,1.03,0.0
2023-02-21 09:10:00+00:00,2023-02-21 10:10:00+01:00,610.94,182.81,21.13,22.01,14.14,0.55,0.0
2023-02-21 10:10:00+00:00,2023-02-21 11:10:00+01:00,732.85,188.11,24.4,31.05,17.23,0.21,0.0
2023-02-21 11:10:00+00:00,2023-02-21 12:10:00+01:00,824.12,172.71,24.32,37.88,19.16,0.48,0.0
2023-02-21 12:10:00+00:00,2023-02-21 13:10:00+01:00,844.99,171.95,23.24,41.51,20.71,1.1,0.0
2023-02-21 13:10:00+00:00,2023-02-21 14:10:00+01:00,827.4,179.56,23.21,41.2,21.93,2.07,0.0
2023-02-21 14:10:00+00:00,2023-02-21 15:10:00+01:00,757.29,198.61,23.91,37.02,22.52,3.17,0.0
2023-02-21 15:10:00+00:00,2023-02-21 16:10:00+01:00,641.91,210.52,23.39,29.8,22.34,3.93,0.0
2023-02-21 16:10:00+00:00,2023-02-21 17:10:00+01:00,493.89,188.25,19.1,20.5,21.81,3.86,0.0
2023-02-21 17:10:00+00:00,2023-02-21 18:10:00+01:00,360.22,119.55,10.02,9.91,20.87,3.66,0.0
2023-02-21 18:10:00+00:00,2023-02-21 19:10:00+01:00,0.0,0.0,0.0,0.0,19.16,2.83,0.0
2023-02-21 19:10:00+00:00,2023-02-21 20:10:00+01:00,0.0,0.0,0.0,0.0,17.27,2.48,0.0
2023-02-21 20:10:00+00:00,2023-02-21 21:10:00+01:00,0.0,0.0,0.0,0.0,15.98,2.34,0.0
2023-02-21 21:10:00+00:00,2023-02-21 22:10:00+01:00,0.0,0.0,0.0,0.0,14.8,2.21,0.0
2023-02-21 22:10:00+00:00,2023-02-21 23:10:00+01:00,0.0,0.0,0.0,0.0,13.51,2.07,0.0
2023-02-21 23:10:00+00:00,2023-02-22 00:10:00+01:00,0.0,0.0,0.0,0.0,12.19,1.86,0.0
2023-02-22 00:10:00+00:00,2023-02-22 01:10:00+01:00,0.0,0.0,0.0,0.0,11.1,1.66,0.0
2023-02-22 01:10:00+00:00,2023-02-22 02:10:00+01:00,0.0,0.0,0.0,0.0,10.46,1.45,0.0
2023-02-22 02:10:00+00:00,2023-02-22 03:10:00+01:00,0.0,0.0,0.0,0.0,10.3,1.17,0.0
2023-02-22 03:10:00+00:00,2023-02-22 04:10:00+01:00,0.0,0.0,0.0,0.0,10.64,0.9,0.0
2023-02-22 04:10:00+00:00,2023-02-22 05:10:00+01:00,0.0,0.0,0.0,0.0,10.36,0.62,0.0
2023-02-22 05:10:00+00:00,2023-02-22 06:10:00+01:00,0.0,0.0,0.0,0.0,9.98,0.28,0.0
2023-02-22 06:10:00+00:00,2023-02-22 07:10:00+01:00,0.0,0.0,0.0,0.0,9.64,0.0,0.0
2023-02-22 07:10:00+00:00,2023-02-22 08:10:00+01:00,0.0,0.0,0.0,0.0,9.42,0.21,0.0
2023-02-22 08:10:00+00:00,2023-02-22 09:10:00+01:00,575.08,134.61,13.67,11.84,9.52,0.21,0.0
2023-02-22 09:10:00+00:00,2023-02-22 10:10:00+01:00,666.73,172.95,21.84,22.3,12.47,0.28,0.0
2023-02-22 10:10:00+00:00,2023-02-22 11:10:00+01:00,781.9,172.49,24.93,31.37,15.36,0.69,0.0
2023-02-22 11:10:00+00:00,2023-02-22 12:10:00+01:00,843.62,166.21,24.44,38.23,17.47,0.69,0.0
2023-02-22 12:10:00+00:00,2023-02-22 13:10:00+01:00,849.47,171.4,23.14,41.87,19.02,0.62,0.0
2023-02-22 13:10:00+00:00,2023-02-22 14:10:00+01:00,862.3,164.85,23.4,41.56,20.2,1.24,0.0
2023-02-22 14:10:00+00:00,2023-02-22 15:10:00+01:00,837.39,166.65,24.62,37.35,20.89,1.79,0.0
2023-02-22 15:10:00+00:00,2023-02-22 16:10:00+01:00,726.18,187.88,24.34,30.08,21.18,2.28,0.0
2023-02-22 16:10:00+00:00,2023-02-22 17:10:00+01:00,609.57,175.62,20.47,20.75,20.99,2.62,0.0
2023-02-22 17:10:00+00:00,2023-02-22 18:10:00+01:00,466.08,125.0,11.04,10.13,20.34,2.62,0.0
2023-02-22 18:10:00+00:00,2023-02-22 19:10:00+01:00,0.0,0.0,0.0,0.0,18.9,2.14,0.0
2023-02-22 19:10:00+00:00,2023-02-22 20:10:00+01:00,0.0,0.0,0.0,0.0,16.94,2.48,0.0
2023-02-22 20:10:00+00:00,2023-02-22 21:10:00+01:00,0.0,0.0,0.0,0.0,15.46,2.48,0.0
2023-02-22 21:10:00+00:00,2023-02-22 22:10:00+01:00,0.0,0.0,0.0,0.0,14.15,2.21,0.0
2023-02-22 22:10:00+00:00,2023-02-22 23:10:00+01:00,0.0,0.0,0.0,0.0,12.76,1.93,0.0
2023-02-22 23:10:00+00:00,2023-02-23 00:10:00+01:00,0.0,0.0,0.0,0.0,11.29,1.79,0.0
2023-02-23 00:10:00+00:00,2023-02-23 01:10:00+01:00,0.0,0.0,0.0,0.0,10.08,1.79,0.0
2023-02-23 01:10:00+00:00,2023-02-23 02:10:00+01:00,0.0,0.0,0.0,0.0,9.12,1.79,0.0
2023-02-23 02:10:00+00:00,2023-02-23 03:10:00+01:00,0.0,0.0,0.0,0.0,8.41,1.79,0.0
2023-02-23 03:10:00+00:00,2023-02-23 04:10:00+01:00,0.0,0.0,0.0,0.0,7.86,1.72,0.0
2023-02-23 04:10:00+00:00,2023-02-23 05:10:00+01:00,0.0,0.0,0.0,0.0,7.6,1.59,0.0
2023-02-23 05:10:00+00:00,2023-02-23 06:10:00+01:00,0.0,0.0,0.0,0.0,7.01,1.72,0.0
2023-02-23 06:10:00+00:00,2023-02-23 07:10:00+01:00,0.0,0.0,0.0,0.0,6.4,1.93,0.0
2023-02-23 07:10:00+00:00,2023-02-23 08:10:00+01:00,0.0,0.0,0.0,0.0,6.3,2.07,0.0
2023-02-23 08:10:00+00:00,2023-02-23 09:10:00+01:00,138.28,95.92,9.48,12.11,7.46,1.52,0.0
2023-02-23 09:10:00+00:00,2023-02-23 10:10:00+01:00,655.99,180.31,21.99,22.59,10.77,1.72,0.0
2023-02-23 10:10:00+00:00,2023-02-23 11:10:00+01:00,780.5,178.9,25.06,31.69,12.67,2.34,0.0
2023-02-23 11:10:00+00:00,2023-02-23 12:10:00+01:00,779.4,201.63,23.9,38.58,14.09,3.24,0.0
2023-02-23 12:10:00+00:00,2023-02-23 13:10:00+01:00,563.8,292.26,20.55,42.24,14.92,3.38,0.0
2023-02-23 13:10:00+00:00,2023-02-23 14:10:00+01:00,101.8,304.74,13.51,41.91,15.88,3.72,0.0
2023-02-23 14:10:00+00:00,2023-02-23 15:10:00+01:00,850.87,165.33,24.77,37.67,16.33,4.0,0.0
2023-02-23 15:10:00+00:00,2023-02-23 16:10:00+01:00,769.47,177.83,24.92,30.37,16.33,4.07,0.0
2023-02-23 16:10:00+00:00,2023-02-23 17:10:00+01:00,708.7,160.17,21.75,21.0,15.96,4.0,0.0
2023-02-23 17:10:00+00:00,2023-02-23 18:10:00+01:00,561.92,127.97,12.14,10.35,15.26,3.72,0.0
2023-02-23 18:10:00+00:00,2023-02-23 19:10:00+01:00,0.0,0.0,0.0,0.0,14.01,2.69,0.0
2023-02-23 19:10:00+00:00,2023-02-23 20:10:00+01:00,0.0,0.0,0.0,0.0,12.64,2.21,0.0
2023-02-23 20:10:00+00:00,2023-02-23 21:10:00+01:00,0.0,0.0,0.0,0.0,11.42,2.14,0.0
2023-02-23 21:10:00+00:00,2023-02-23 22:10:00+01:00,0.0,0.0,0.0,0.0,10.12,2.14,0.0
2023-02-23 22:10:00+00:00,2023-02-23 23:10:00+01:00,0.0,0.0,0.0,0.0,8.95,2.34,0.0
2023-02-23 23:10:00+00:00,2023-02-24 00:10:00+01:00,0.0,0.0,0.0,0.0,7.84,2.41,0.0
2023-02-24 00:10:00+00:00,2023-02-24 01:10:00+01:00,0.0,0.0,0.0,0.0,6.85,2.34,0.0
2023-02-24 01:10:00+00:00,2023-02-24 02:10:00+01:00,0.0,0.0,0.0,0.0,5.89,2.21,0.0
2023-02-24 02:10:00+00:00,2023-02-24 03:10:00+01:00,0.0,0.0,0.0,0.0,4.97,2.07,0.0
2023-02-24 03:10:00+00:00,2023-02-24 04:10:00+01:00,0.0,0.0,0.0,0.0,4.23,1.86,0.0
2023-02-24 04:10:00+00:00,2023-02-24 05:10:00+01:00,0.0,0.0,0.0,0.0,3.83,1.72,0.0
2023-02-24 05:10:00+00:00,2023-02-24 06:10:00+01:00,0.0,0.0,0.0,0.0,3.62,1.59,0.0
2023-02-24 06:10:00+00:00,2023-02-24 07:10:00+01:00,0.0,0.0,0.0,0.0,3.27,1.52,0.0
2023-02-24 07:10:00+00:00,2023-02-24 08:10:00+01:00,0.0,0.0,0.0,0.0,2.41,1.79,0.0
2023-02-24 08:10:00+00:00,2023-02-24 09:10:00+01:00,615.91,141.95,14.77,12.38,3.63,1.38,0.0
2023-02-24 09:10:00+00:00,2023-02-24 10:10:00+01:00,840.88,139.04,24.32,22.88,8.3,1.79,0.0
2023-02-24 10:10:00+00:00,2023-02-24 11:10:00+01:00,760.23,196.74,25.14,32.01,10.66,2.62,0.0
2023-02-24 11:10:00+00:00,2023-02-24 12:10:00+01:00,617.46,271.1,22.48,38.93,12.18,2.28,0.0
2023-02-24 12:10:00+00:00,2023-02-24 13:10:00+01:00,788.78,217.8,22.71,42.61,13.41,1.86,0.0
2023-02-24 13:10:00+00:00,2023-02-24 14:10:00+01:00,899.44,162.59,23.77,42.27,14.35,1.86,0.0
2023-02-24 14:10:00+00:00,2023-02-24 15:10:00+01:00,898.28,156.12,25.45,38.0,14.95,2.28,0.0
2023-02-24 15:10:00+00:00,2023-02-24 16:10:00+01:00,845.4,158.74,25.98,30.65,15.18,2.76,0.0
2023-02-24 16:10:00+00:00,2023-02-24 17:10:00+01:00,767.02,152.79,22.7,21.25,15.08,3.17,0.0
2023-02-24 17:10:00+00:00,2023-02-24 18:10:00+01:00,599.36,132.24,12.82,10.58,14.51,3.38,0.0
2023-02-24 18:10:00+00:00,2023-02-24 19:10:00+01:00,0.0,0.0,0.0,0.0,13.31,2.76,0.0
2023-02-24 19:10:00+00:00,2023-02-24 20:10:00+01:00,0.0,0.0,0.0,0.0,12.43,3.1,0.0
2023-02-24 20:10:00+00:00,2023-02-24 21:10:00+01:00,0.0,0.0,0.0,0.0,11.64,3.45,0.0
2023-02-24 21:10:00+00:00,2023-02-24 22:10:00+01:00,0.0,0.0,0.0,0.0,10.89,3.38,0.0
2023-02-24 22:10:00+00:00,2023-02-24 23:10:00+01:00,0.0,0.0,0.0,0.0,9.83,3.17,0.0
2023-02-24 23:10:00+00:00,2023-02-25 00:10:00+01:00,0.0,0.0,0.0,0.0,8.75,2.97,0.0
2023-02-25 00:10:00+00:00,2023-02-25 01:10:00+01:00,0.0,0.0,0.0,0.0,8.11,2.97,0.0
2023-02-25 01:10:00+00:00,2023-02-25 02:10:00+01:00,0.0,0.0,0.0,0.0,7.55,2.69,0.0
2023-02-25 02:10:00+00:00,2023-02-25 03:10:00+01:00,0.0,0.0,0.0,0.0,7.38,2.62,0.0
2023-02-25 03:10:00+00:00,2023-02-25 04:10:00+01:00,0.0,0.0,0.0,0.0,7.1,2.62,0.0
2023-02-25 04:10:00+00:00,2023-02-25 05:10:00+01:00,0.0,0.0,0.0,0.0,7.03,2.41,0.0
2023-02-25 05:10:00+00:00,2023-02-25 06:10:00+01:00,0.0,0.0,0.0,0.0,6.67,2.0,0.0
2023-02-25 06:10:00+00:00,2023-02-25 07:10:00+01:00,0.0,0.0,0.0,0.0,5.93,1.86,0.0
2023-02-25 07:10:00+00:00,2023-02-25 08:10:00+01:00,0.0,0.0,0.0,0.0,5.36,1.38,0.0
2023-02-25 08:10:00+00:00,2023-02-25 09:10:00+01:00,611.97,138.96,14.84,12.65,5.77,1.03,0.0
2023-02-25 09:10:00+00:00,2023-02-25 10:10:00+01:00,449.64,212.76,20.01,23.18,7.45,1.45,0.0
2023-02-25 10:10:00+00:00,2023-02-25 11:10:00+01:00,803.83,172.91,25.3,32.34,9.03,1.93,0.0
2023-02-25 11:10:00+00:00,2023-02-25 12:10:00+01:00,108.97,288.29,14.34,39.29,10.51,2.41,0.0
2023-02-25 12:10:00+00:00,2023-02-25 13:10:00+01:00,148.15,327.72,14.42,42.98,11.67,3.1,0.0
2023-02-25 13:10:00+00:00,2023-02-25 14:10:00+01:00,460.66,319.6,19.3,42.63,12.73,3.66,0.0
2023-02-25 14:10:00+00:00,2023-02-25 15:10:00+01:00,108.05,279.97,14.47,38.32,13.36,4.07,0.0
2023-02-25 15:10:00+00:00,2023-02-25 16:10:00+01:00,155.62,236.19,16.33,30.94,13.93,4.07,0.0
2023-02-25 16:10:00+00:00,2023-02-25 17:10:00+01:00,794.09,142.8,23.0,21.5,13.93,4.21,0.0
2023-02-25 17:10:00+00:00,2023-02-25 18:10:00+01:00,234.91,110.64,9.75,10.8,13.6,4.14,0.0
2023-02-25 18:10:00+00:00,2023-02-25 19:10:00+01:00,0.0,0.0,0.0,0.0,12.73,3.24,0.0
2023-02-25 19:10:00+00:00,2023-02-25 20:10:00+01:00,0.0,0.0,0.0,0.0,11.67,3.24,0.0
2023-02-25 20:10:00+00:00,2023-02-25 21:10:00+01:00,0.0,0.0,0.0,0.0,10.75,3.1,0.0
2023-02-25 21:10:00+00:00,2023-02-25 22:10:00+01:00,0.0,0.0,0.0,0.0,9.82,2.83,0.0
2023-02-25 22:10:00+00:00,2023-02-25 23:10:00+01:00,0.0,0.0,0.0,0.0,9.09,2.76,0.0
2023-02-25 23:10:00+00:00,2023-02-26 00:10:00+01:00,0.0,0.0,0.0,0.0,8.77,2.55,0.0
2023-02-26 00:10:00+00:00,2023-02-26 01:10:00+01:00,0.0,0.0,0.0,0.0,8.57,2.28,0.0
2023-02-26 01:10:00+00:00,2023-02-26 02:10:00+01:00,0.0,0.0,0.0,0.0,8.29,1.93,0.0
2023-02-26 02:10:00+00:00,2023-02-26 03:10:00+01:00,0.0,0.0,0.0,0.0,7.96,1.72,0.0
2023-02-26 03:10:00+00:00,2023-02-26 04:10:00+01:00,0.0,0.0,0.0,0.0,7.42,1.59,0.0
2023-02-26 04:10:00+00:00,2023-02-26 05:10:00+01:00,0.0,0.0,0.0,0.0,6.92,1.45,0.0
2023-02-26 05:10:00+00:00,2023-02-26 06:10:00+01:00,0.0,0.0,0.0,0.0,6.08,1.31,0.0
2023-02-26 06:10:00+00:00,2023-02-26 07:10:00+01:00,0.0,0.0,0.0,0.0,5.82,1.1,0.0
2023-02-26 07:10:00+00:00,2023-02-26 08:10:00+01:00,0.0,0.0,0.0,0.0,5.83,1.31,0.0
2023-02-26 08:10:00+00:00,2023-02-26 09:10:00+01:00,625.94,136.48,15.14,12.92,6.56,1.03,0.0
2023-02-26 09:10:00+00:00,2023-02-26 10:10:00+01:00,562.17,199.33,21.23,23.48,9.27,1.03,0.0
2023-02-26 10:10:00+00:00,2023-02-26 11:10:00+01:00,390.89,268.99,20.48,32.67,10.85,0.97,0.0
2023-02-26 11:10:00+00:00,2023-02-26 12:10:00+01:00,78.36,276.34,13.25,39.65,13.06,1.79,0.0
2023-02-26 12:10:00+00:00,2023-02-26 13:10:00+01:00,26.22,262.64,10.16,43.36,14.24,2.34,0.0
2023-02-26 13:10:00+00:00,2023-02-26 14:10:00+01:00,83.59,304.91,12.69,42.99,14.58,2.62,0.0
2023-02-26 14:10:00+00:00,2023-02-26 15:10:00+01:00,741.33,212.83,23.39,38.65,14.89,3.03,0.0
2023-02-26 15:10:00+00:00,2023-02-26 16:10:00+01:00,366.57,260.13,20.13,31.22,15.34,3.17,0.0
2023-02-26 16:10:00+00:00,2023-02-26 17:10:00+01:00,588.46,185.6,20.77,21.74,15.79,3.38,0.0
2023-02-26 17:10:00+00:00,2023-02-26 18:10:00+01:00,560.04,132.04,12.78,11.01,15.57,3.38,0.0
2023-02-26 18:10:00+00:00,2023-02-26 19:10:00+01:00,0.0,0.0,0.0,0.0,14.55,2.62,0.0
2023-02-26 19:10:00+00:00,2023-02-26 20:10:00+01:00,0.0,0.0,0.0,0.0,13.02,2.34,0.0
2023-02-26 20:10:00+00:00,2023-02-26 21:10:00+01:00,0.0,0.0,0.0,0.0,11.98,2.28,0.0
2023-02-26 21:10:00+00:00,2023-02-26 22:10:00+01:00,0.0,0.0,0.0,0.0,10.97,2.21,0.0
2023-02-26 22:10:00+00:00,2023-02-26 23:10:00+01:00,0.0,0.0,0.0,0.0,9.71,2.28,0.0
2023-02-26 23:10:00+00:00,2023-02-27 00:10:00+01:00,0.0,0.0,0.0,0.0,8.61,2.28,0.0
2023-02-27 00:10:00+00:00,2023-02-27 01:10:00+01:00,0.0,0.0,0.0,0.0,7.64,2.28,0.0
2023-02-27 01:10:00+00:00,2023-02-27 02:10:00+01:00,0.0,0.0,0.0,0.0,6.84,2.21,0.0
2023-02-27 02:10:00+00:00,2023-02-27 03:10:00+01:00,0.0,0.0,0.0,0.0,6.01,2.07,0.0
2023-02-27 03:10:00+00:00,2023-02-27 04:10:00+01:00,0.0,0.0,0.0,0.0,5.36,1.79,0.0
2023-02-27 04:10:00+00:00,2023-02-27 05:10:00+01:00,0.0,0.0,0.0,0.0,4.8,1.79,0.0
2023-02-27 05:10:00+00:00,2023-02-27 06:10:00+01:00,0.0,0.0,0.0,0.0,4.1,2.14,0.0
2023-02-27 06:10:00+00:00,2023-02-27 07:10:00+01:00,0.0,0.0,0.0,0.0,3.95,2.62,0.0
2023-02-27 07:10:00+00:00,2023-02-27 08:10:00+01:00,0.0,2.57,0.48,1.83,3.64,1.93,0.0
2023-02-27 08:10:00+00:00,2023-02-27 09:10:00+01:00,661.09,139.7,15.89,13.2,5.14,2.21,0.0
2023-02-27 09:10:00+00:00,2023-02-27 10:10:00+01:00,788.49,156.32,24.05,23.78,8.51,3.86,0.0
2023-02-27 10:10:00+00:00,2023-02-27 11:10:00+01:00,866.55,154.54,26.04,33.0,9.89,3.79,0.0
2023-02-27 11:10:00+00:00,2023-02-27 12:10:00+01:00,889.69,159.19,24.53,40.01,11.22,3.45,0.0
2023-02-27 12:10:00+00:00,2023-02-27 13:10:00+01:00,785.46,218.55,22.07,43.73,12.36,2.76,0.0
2023-02-27 13:10:00+00:00,2023-02-27 14:10:00+01:00,907.42,158.0,23.26,43.36,13.11,2.21,0.0
2023-02-27 14:10:00+00:00,2023-02-27 15:10:00+01:00,895.08,154.99,24.97,38.98,13.82,2.34,0.0
2023-02-27 15:10:00+00:00,2023-02-27 16:10:00+01:00,830.56,162.66,25.69,31.5,14.2,2.41,0.0
2023-02-27 16:10:00+00:00,2023-02-27 17:10:00+01:00,745.11,158.04,22.71,21.99,14.21,2.07,0.0
2023-02-27 17:10:00+00:00,2023-02-27 18:10:00+01:00,605.76,132.56,13.45,11.23,14.03,1.66,0.0
2023-02-27 18:10:00+00:00,2023-02-27 19:10:00+01:00,0.0,0.0,0.0,0.0,13.46,1.24,0.0
2023-02-27 19:10:00+00:00,2023-02-27 20:10:00+01:00,0.0,0.0,0.0,0.0,11.66,1.31,0.0
2023-02-27 20:10:00+00:00,2023-02-27 21:10:00+01:00,0.0,0.0,0.0,0.0,9.52,1.86,0.0
2023-02-27 21:10:00+00:00,2023-02-27 22:10:00+01:00,0.0,0.0,0.0,0.0,8.07,2.07,0.0
2023-02-27 22:10:00+00:00,2023-02-27 23:10:00+01:00,0.0,0.0,0.0,0.0,7.0,1.93,0.0
2023-02-27 23:10:00+00:00,2023-02-28 00:10:00+01:00,0.0,0.0,0.0,0.0,6.57,1.45,0.0
2023-02-28 00:10:00+00:00,2023-02-28 01:10:00+01:00,0.0,0.0,0.0,0.0,7.17,1.03,0.0
2023-02-28 01:10:00+00:00,2023-02-28 02:10:00+01:00,0.0,0.0,0.0,0.0,6.31,0.97,0.0
2023-02-28 02:10:00+00:00,2023-02-28 03:10:00+01:00,0.0,0.0,0.0,0.0,5.64,0.97,0.0
2023-02-28 03:10:00+00:00,2023-02-28 04:10:00+01:00,0.0,0.0,0.0,0.0,3.44,1.45,0.0
2023-02-28 04:10:00+00:00,2023-02-28 05:10:00+01:00,0.0,0.0,0.0,0.0,1.86,2.0,0.0
2023-02-28 05:10:00+00:00,2023-02-28 06:10:00+01:00,0.0,0.0,0.0,0.0,2.01,2.69,0.0
2023-02-28 06:10:00+00:00,2023-02-28 07:10:00+01:00,0.0,0.0,0.0,0.0,2.25,2.9,0.0
2023-02-28 07:10:00+00:00,2023-02-28 08:10:00+01:00,0.0,3.1,0.58,2.1,1.74,2.48,0.0
2023-02-28 08:10:00+00:00,2023-02-28 09:10:00+01:00,690.39,139.25,16.49,13.49,2.86,2.0,0.0
2023-02-28 09:10:00+00:00,2023-02-28 10:10:00+01:00,806.0,156.85,24.5,24.09,6.65,2.76,0.0
2023-02-28 10:10:00+00:00,2023-02-28 11:10:00+01:00,867.91,162.89,26.26,33.34,8.6,3.24,0.0
2023-02-28 11:10:00+00:00,2023-02-28 12:10:00+01:00,886.09,170.53,24.58,40.38,10.27,3.1,0.0
2023-02-28 12:10:00+00:00,2023-02-28 13:10:00+01:00,804.5,219.02,22.25,44.11,11.76,3.03,0.0
2023-02-28 13:10:00+00:00,2023-02-28 14:10:00+01:00,930.29,155.63,23.47,43.72,12.87,2.55,0.0
2023-02-28 14:10:00+00:00,2023-02-28 15:10:00+01:00,931.45,147.69,25.44,39.3,13.68,2.14,0.0
2023-02-28 15:10:00+00:00,2023-02-28 16:10:00+01:00,854.32,162.16,26.17,31.79,14.18,2.07,0.0
2023-02-28 16:10:00+00:00,2023-02-28 17:10:00+01:00,771.67,160.06,23.37,22.23,14.28,2.07,0.0
2023-02-28 17:10:00+00:00,2023-02-28 18:10:00+01:00,589.38,138.39,13.63,11.45,13.91,1.86,0.0
2023-02-28 18:10:00+00:00,2023-02-28 19:10:00+01:00,0.0,0.0,0.0,0.0,13.06,1.45,0.0
2023-02-28 19:10:00+00:00,2023-02-28 20:10:00+01:00,0.0,0.0,0.0,0.0,11.04,1.31,0.0
2023-02-28 20:10:00+00:00,2023-02-28 21:10:00+01:00,0.0,0.0,0.0,0.0,8.51,1.72,0.0
2023-02-28 21:10:00+00:00,2023-02-28 22:10:00+01:00,0.0,0.0,0.0,0.0,7.37,1.72,0.0
2023-02-28 22:10:00+00:00,2023-02-28 23:10:00+01:00,0.0,0.0,0.0,0.0,6.32,1.66,0.0
2023-02-28 23:10:00+00:00,2023-03-01 00:10:00+01:00,0.0,0.0,0.0,0.0,5.36,1.59,0.0
2023-03-01 00:10:00+00:00,2023-03-01 01:10:00+01:00,0.0,0.0,0.0,0.0,4.57,1.52,0.0
2023-03-01 01:10:00+00:00,2023-03-01 02:10:00+01:00,0.0,0.0,0.0,0.0,4.79,1.1,0.0
2023-03-01 02:10:00+00:00,2023-03-01 03:10:00+01:00,0.0,0.0,0.0,0.0,5.04,0.55,0.0
2023-03-01 03:10:00+00:00,2023-03-01 04:10:00+01:00,0.0,0.0,0.0,0.0,4.49,0.0,0.0
2023-03-01 04:10:00+00:00,2023-03-01 05:10:00+01:00,0.0,0.0,0.0,0.0,4.05,0.69,0.0
2023-03-01 05:10:00+00:00,2023-03-01 06:10:00+01:00,0.0,0.0,0.0,0.0,2.02,1.38,0.0
2023-03-01 06:10:00+00:00,2023-03-01 07:10:00+01:00,0.0,0.0,0.0,0.0,0.69,1.79,0.0
2023-03-01 07:10:00+00:00,2023-03-01 08:10:00+01:00,0.0,4.15,0.77,2.37,1.39,0.97,0.0
2023-03-01 08:10:00+00:00,2023-03-01 09:10:00+01:00,609.14,155.48,16.15,13.77,2.7,0.62,0.0
2023-03-01 09:10:00+00:00,2023-03-01 10:10:00+01:00,752.85,178.08,24.18,24.4,6.31,0.69,0.0
2023-03-01 10:10:00+00:00,2023-03-01 11:10:00+01:00,822.33,185.31,25.84,33.68,8.92,0.76,0.0
2023-03-01 11:10:00+00:00,2023-03-01 12:10:00+01:00,859.54,187.05,24.28,40.74,10.91,0.76,0.0
2023-03-01 12:10:00+00:00,2023-03-01 13:10:00+01:00,760.5,242.37,21.75,44.5,12.41,1.79,0.0
2023-03-01 13:10:00+00:00,2023-03-01 14:10:00+01:00,878.13,186.46,22.94,44.09,13.27,2.28,0.0
2023-03-01 14:10:00+00:00,2023-03-01 15:10:00+01:00,876.41,177.4,24.88,39.63,13.83,2.55,0.0
2023-03-01 15:10:00+00:00,2023-03-01 16:10:00+01:00,796.74,188.5,25.66,32.07,14.25,2.76,0.0
2023-03-01 16:10:00+00:00,2023-03-01 17:10:00+01:00,706.19,179.83,22.85,22.48,14.33,2.76,0.0
2023-03-01 17:10:00+00:00,2023-03-01 18:10:00+01:00,504.42,146.96,13.24,11.67,14.05,2.69,0.0
2023-03-01 18:10:00+00:00,2023-03-01 19:10:00+01:00,0.0,0.0,0.0,0.0,12.88,2.28,0.0
2023-03-01 19:10:00+00:00,2023-03-01 20:10:00+01:00,0.0,0.0,0.0,0.0,11.11,2.14,0.0
2023-03-01 20:10:00+00:00,2023-03-01 21:10:00+01:00,0.0,0.0,0.0,0.0,9.69,1.86,0.0
2023-03-01 21:10:00+00:00,2023-03-01 22:10:00+01:00,0.0,0.0,0.0,0.0,8.43,1.72,0.0
2023-03-01 22:10:00+00:00,2023-03-01 23:10:00+01:00,0.0,0.0,0.0,0.0,7.26,1.59,0.0
2023-03-01 23:10:00+00:00,2023-03-02 00:10:00+01:00,0.0,0.0,0.0,0.0,6.93,1.31,0.0
2023-03-02 00:10:00+00:00,2023-03-02 01:10:00+01:00,0.0,0.0,0.0,0.0,7.13,1.03,0.0
2023-03-02 01:10:00+00:00,2023-03-02 02:10:00+01:00,0.0,0.0,0.0,0.0,6.86,0.76,0.0
2023-03-02 02:10:00+00:00,2023-03-02 03:10:00+01:00,0.0,0.0,0.0,0.0,5.95,0.69,0.0
2023-03-02 03:10:00+00:00,2023-03-02 04:10:00+01:00,0.0,0.0,0.0,0.0,5.06,0.55,0.0
2023-03-02 04:10:00+00:00,2023-03-02 05:10:00+01:00,0.0,0.0,0.0,0.0,4.25,0.69,0.0
2023-03-02 05:10:00+00:00,2023-03-02 06:10:00+01:00,0.0,0.0,0.0,0.0,3.33,0.97,0.0
2023-03-02 06:10:00+00:00,2023-03-02 07:10:00+01:00,0.0,0.0,0.0,0.0,1.83,1.17,0.0
2023-03-02 07:10:00+00:00,2023-03-02 08:10:00+01:00,0.0,5.22,0.95,2.64,2.11,0.97,0.0
2023-03-02 08:10:00+00:00,2023-03-02 09:10:00+01:00,617.49,156.9,16.5,14.06,3.02,0.55,0.0
2023-03-02 09:10:00+00:00,2023-03-02 10:10:00+01:00,748.73,181.34,24.27,24.71,6.58,0.55,0.0
2023-03-02 10:10:00+00:00,2023-03-02 11:10:00+01:00,827.57,184.67,25.86,34.02,9.68,1.03,0.0
2023-03-02 11:10:00+00:00,2023-03-02 12:10:00+01:00,853.16,191.08,24.07,41.11,11.75,1.66,0.0
2023-03-02 12:10:00+00:00,2023-03-02 13:10:00+01:00,751.11,248.07,21.49,44.88,13.12,2.0,0.0
2023-03-02 13:10:00+00:00,2023-03-02 14:10:00+01:00,882.36,185.85,22.8,44.46,14.07,1.93,0.0
2023-03-02 14:10:00+00:00,2023-03-02 15:10:00+01:00,879.76,178.16,24.83,39.96,14.75,1.93,0.0
2023-03-02 15:10:00+00:00,2023-03-02 16:10:00+01:00,801.77,188.03,25.71,32.35,15.18,1.93,0.0
2023-03-02 16:10:00+00:00,2023-03-02 17:10:00+01:00,711.98,181.2,23.08,22.72,15.22,1.86,0.0
2023-03-02 17:10:00+00:00,2023-03-02 18:10:00+01:00,519.7,148.18,13.58,11.88,14.89,1.66,0.0
2023-03-02 18:10:00+00:00,2023-03-02 19:10:00+01:00,0.0,0.0,0.0,0.0,14.12,1.17,0.0
2023-03-02 19:10:00+00:00,2023-03-02 20:10:00+01:00,0.0,0.0,0.0,0.0,13.12,0.76,0.0
2023-03-02 20:10:00+00:00,2023-03-02 21:10:00+01:00,0.0,0.0,0.0,0.0,12.39,0.55,0.0
2023-03-02 21:10:00+00:00,2023-03-02 22:10:00+01:00,0.0,0.0,0.0,0.0,11.2,0.62,0.0
2023-03-02 22:10:00+00:00,2023-03-02 23:10:00+01:00,0.0,0.0,0.0,0.0,9.89,0.69,0.0
2023-03-02 23:10:00+00:00,2023-03-03 00:10:00+01:00,0.0,0.0,0.0,0.0,8.77,0.62,0.0
2023-03-03 00:10:00+00:00,2023-03-03 01:10:00+01:00,0.0,0.0,0.0,0.0,7.75,0.69,0.0
2023-03-03 01:10:00+00:00,2023-03-03 02:10:00+01:00,0.0,0.0,0.0,0.0,6.89,0.76,0.0
2023-03-03 02:10:00+00:00,2023-03-03 03:10:00+01:00,0.0,0.0,0.0,0.0,5.91,1.03,0.0
2023-03-03 03:10:00+00:00,2023-03-03 04:10:00+01:00,0.0,0.0,0.0,0.0,4.56,1.1,0.0
2023-03-03 04:10:00+00:00,2023-03-03 05:10:00+01:00,0.0,0.0,0.0,0.0,3.31,1.17,0.0
2023-03-03 05:10:00+00:00,2023-03-03 06:10:00+01:00,0.0,0.0,0.0,0.0,1.7,1.38,0.0
2023-03-03 06:10:00+00:00,2023-03-03 07:10:00+01:00,0.0,0.0,0.0,0.0,0.95,1.52,0.0
2023-03-03 07:10:00+00:00,2023-03-03 08:10:00+01:00,19.67,7.97,1.23,2.91,-0.18,1.59,0.0
2023-03-03 08:10:00+00:00,2023-03-03 09:10:00+01:00,621.38,157.52,16.77,14.35,2.31,1.17,0.0
2023-03-03 09:10:00+00:00,2023-03-03 10:10:00+01:00,751.75,180.25,24.35,25.02,7.97,1.38,0.0
2023-03-03 10:10:00+00:00,2023-03-03 11:10:00+01:00,829.16,185.19,25.83,34.36,11.44,1.79,0.0
2023-03-03 11:10:00+00:00,2023-03-03 12:10:00+01:00,852.9,191.45,23.9,41.49,13.79,1.72,0.0
2023-03-03 12:10:00+00:00,2023-03-03 13:10:00+01:00,736.22,254.45,21.14,45.27,15.37,1.45,0.0
2023-03-03 13:10:00+00:00,2023-03-03 14:10:00+01:00,883.72,185.09,22.6,44.83,16.48,1.03,0.0
2023-03-03 14:10:00+00:00,2023-03-03 15:10:00+01:00,892.38,172.59,24.81,40.28,17.21,0.97,0.0
2023-03-03 15:10:00+00:00,2023-03-03 16:10:00+01:00,803.04,188.7,25.71,32.63,17.61,0.97,0.0
2023-03-03 16:10:00+00:00,2023-03-03 17:10:00+01:00,704.89,182.52,23.05,22.96,17.66,1.03,0.0
2023-03-03 17:10:00+00:00,2023-03-03 18:10:00+01:00,529.72,148.29,13.83,12.1,17.28,1.1,0.0
2023-03-03 18:10:00+00:00,2023-03-03 19:10:00+01:00,0.0,0.0,0.0,0.0,16.48,1.17,0.0
2023-03-03 19:10:00+00:00,2023-03-03 20:10:00+01:00,0.0,0.0,0.0,0.0,14.04,1.1,0.0
2023-03-03 20:10:00+00:00,2023-03-03 21:10:00+01:00,0.0,0.0,0.0,0.0,11.95,1.45,0.0
2023-03-03 21:10:00+00:00,2023-03-03 22:10:00+01:00,0.0,0.0,0.0,0.0,10.52,1.66,0.0
2023-03-03 22:10:00+00:00,2023-03-03 23:10:00+01:00,0.0,0.0,0.0,0.0,9.77,1.59,0.0
2023-03-03 23:10:00+00:00,2023-03-04 00:10:00+01:00,0.0,0.0,0.0,0.0,9.75,1.31,0.0
2023-03-04 00:10:00+00:00,2023-03-04 01:10:00+01:00,0.0,0.0,0.0,0.0,9.74,1.03,0.0
2023-03-04 01:10:00+00:00,2023-03-04 02:10:00+01:00,0.0,0.0,0.0,0.0,8.77,1.03,0.0
2023-03-04 02:10:00+00:00,2023-03-04 03:10:00+01:00,0.0,0.0,0.0,0.0,8.46,0.97,0.0
2023-03-04 03:10:00+00:00,2023-03-04 04:10:00+01:00,0.0,0.0,0.0,0.0,7.77,1.03,0.0
2023-03-04 04:10:00+00:00,2023-03-04 05:10:00+01:00,0.0,0.0,0.0,0.0,6.08,1.45,0.0
2023-03-04 05:10:00+00:00,2023-03-04 06:10:00+01:00,0.0,0.0,0.0,0.0,5.44,1.59,0.0
2023-03-04 06:10:00+00:00,2023-03-04 07:10:00+01:00,0.0,0.0,0.0,0.0,5.43,1.66,0.0
2023-03-04 07:10:00+00:00,2023-03-04 08:10:00+01:00,17.96,9.16,1.42,3.19,4.45,1.93,0.0
2023-03-04 08:10:00+00:00,2023-03-04 09:10:00+01:00,134.5,111.18,10.98,14.64,6.05,1.72,0.0
2023-03-04 09:10:00+00:00,2023-03-04 10:10:00+01:00,537.37,217.66,21.74,25.34,10.88,1.79,0.0
2023-03-04 10:10:00+00:00,2023-03-04 11:10:00+01:00,721.81,213.64,24.29,34.71,13.96,1.93,0.0
2023-03-04 11:10:00+00:00,2023-03-04 12:10:00+01:00,837.66,186.85,23.29,41.86,16.2,1.72,0.0
2023-03-04 12:10:00+00:00,2023-03-04 13:10:00+01:00,685.19,264.66,20.23,45.65,17.67,1.31,0.0
2023-03-04 13:10:00+00:00,2023-03-04 14:10:00+01:00,683.55,263.23,20.42,45.2,18.68,1.03,0.0
2023-03-04 14:10:00+00:00,2023-03-04 15:10:00+01:00,330.3,324.19,18.29,40.61,19.24,1.1,0.0
2023-03-04 15:10:00+00:00,2023-03-04 16:10:00+01:00,511.69,260.5,22.15,32.91,19.47,1.17,0.0
2023-03-04 16:10:00+00:00,2023-03-04 17:10:00+01:00,538.08,205.6,21.03,23.2,19.29,1.17,0.0
2023-03-04 17:10:00+00:00,2023-03-04 18:10:00+01:00,168.87,105.61,10.07,12.31,18.8,1.38,0.0
2023-03-04 18:10:00+00:00,2023-03-04 19:10:00+01:00,0.0,0.0,0.0,0.0,17.64,1.52,0.0
2023-03-04 19:10:00+00:00,2023-03-04 20:10:00+01:00,0.0,0.0,0.0,0.0,15.87,1.79,0.0
2023-03-04 20:10:00+00:00,2023-03-04 21:10:00+01:00,0.0,0.0,0.0,0.0,14.75,1.45,0.0
2023-03-04 21:10:00+00:00,2023-03-04 22:10:00+01:00,0.0,0.0,0.0,0.0,13.66,1.38,0.0
2023-03-04 22:10:00+00:00,2023-03-04 23:10:00+01:00,0.0,0.0,0.0,0.0,12.7,1.66,0.0
2023-03-04 23:10:00+00:00,2023-03-05 00:10:00+01:00,0.0,0.0,0.0,0.0,11.68,1.79,0.0
2023-03-05 00:10:00+00:00,2023-03-05 01:10:00+01:00,0.0,0.0,0.0,0.0,10.77,1.86,0.0
2023-03-05 01:10:00+00:00,2023-03-05 02:10:00+01:00,0.0,0.0,0.0,0.0,9.55,1.72,0.0
2023-03-05 02:10:00+00:00,2023-03-05 03:10:00+01:00,0.0,0.0,0.0,0.0,8.83,1.45,0.0
2023-03-05 03:10:00+00:00,2023-03-05 04:10:00+01:00,0.0,0.0,0.0,0.0,9.2,1.17,0.0
2023-03-05 04:10:00+00:00,2023-03-05 05:10:00+01:00,0.0,0.0,0.0,0.0,7.93,1.45,0.0
2023-03-05 05:10:00+00:00,2023-03-05 06:10:00+01:00,0.0,0.0,0.0,0.0,7.08,1.66,0.0
2023-03-05 06:10:00+00:00,2023-03-05 07:10:00+01:00,0.0,0.0,0.0,0.0,6.47,1.72,0.0
2023-03-05 07:10:00+00:00,2023-03-05 08:10:00+01:00,0.0,6.35,1.13,3.47,5.79,1.59,0.0
2023-03-05 08:10:00+00:00,2023-03-05 09:10:00+01:00,31.03,70.15,7.94,14.94,7.49,1.1,0.0
2023-03-05 09:10:00+00:00,2023-03-05 10:10:00+01:00,122.39,182.34,14.68,25.66,10.84,0.69,0.0
2023-03-05 10:10:00+00:00,2023-03-05 11:10:00+01:00,27.86,202.75,11.32,35.06,13.29,0.48,0.0
2023-03-05 11:10:00+00:00,2023-03-05 12:10:00+01:00,38.68,265.74,10.98,42.24,15.05,1.17,0.0
2023-03-05 12:10:00+00:00,2023-03-05 13:10:00+01:00,16.67,263.02,8.82,46.04,16.03,2.0,0.0
2023-03-05 13:10:00+00:00,2023-03-05 14:10:00+01:00,42.01,293.65,10.41,45.57,16.56,2.76,0.0
2023-03-05 14:10:00+00:00,2023-03-05 15:10:00+01:00,0.0,129.79,5.41,40.94,17.1,3.38,0.0
2023-03-05 15:10:00+00:00,2023-03-05 16:10:00+01:00,0.0,88.85,5.21,33.19,17.17,3.38,0.0
2023-03-05 16:10:00+00:00,2023-03-05 17:10:00+01:00,0.0,50.23,4.34,23.44,16.39,4.07,0.0
2023-03-05 17:10:00+00:00,2023-03-05 18:10:00+01:00,0.0,10.32,1.33,12.52,14.55,2.97,0.0
2023-03-05 18:10:00+00:00,2023-03-05 19:10:00+01:00,0.0,0.0,0.0,0.0,13.84,2.76,0.0
2023-03-05 19:10:00+00:00,2023-03-05 20:10:00+01:00,0.0,0.0,0.0,0.0,12.64,2.9,0.0
2023-03-05 20:10:00+00:00,2023-03-05 21:10:00+01:00,0.0,0.0,0.0,0.0,12.54,3.24,0.0
2023-03-05 21:10:00+00:00,2023-03-05 22:10:00+01:00,0.0,0.0,0.0,0.0,12.34,3.31,0.0
2023-03-05 22:10:00+00:00,2023-03-05 23:10:00+01:00,0.0,0.0,0.0,0.0,11.95,2.97,0.0
2023-03-05 23:10:00+00:00,2023-03-06 00:10:00+01:00,0.0,0.0,0.0,0.0,11.65,2.69,0.0
2023-03-06 00:10:00+00:00,2023-03-06 01:10:00+01:00,0.0,0.0,0.0,0.0,11.23,2.62,0.0
2023-03-06 01:10:00+00:00,2023-03-06 02:10:00+01:00,0.0,0.0,0.0,0.0,10.81,2.21,0.0
2023-03-06 02:10:00+00:00,2023-03-06 03:10:00+01:00,0.0,0.0,0.0,0.0,9.81,1.86,0.0
2023-03-06 03:10:00+00:00,2023-03-06 04:10:00+01:00,0.0,0.0,0.0,0.0,9.09,1.38,0.0
2023-03-06 04:10:00+00:00,2023-03-06 05:10:00+01:00,0.0,0.0,0.0,0.0,8.85,0.69,0.0
2023-03-06 05:10:00+00:00,2023-03-06 06:10:00+01:00,0.0,0.0,0.0,0.0,9.08,0.41,0.0
2023-03-06 06:10:00+00:00,2023-03-06 07:10:00+01:00,0.0,0.0,0.0,0.0,8.8,0.48,0.0
2023-03-06 07:10:00+00:00,2023-03-06 08:10:00+01:00,0.0,5.84,1.03,3.76,8.89,1.24,0.0
2023-03-06 08:10:00+00:00,2023-03-06 09:10:00+01:00,87.52,96.5,10.03,15.24,10.05,1.38,0.0
2023-03-06 09:10:00+00:00,2023-03-06 10:10:00+01:00,18.26,129.25,10.23,25.98,11.26,1.38,0.0
2023-03-06 10:10:00+00:00,2023-03-06 11:10:00+01:00,5.18,166.57,8.96,35.41,12.64,1.1,0.0
2023-03-06 11:10:00+00:00,2023-03-06 12:10:00+01:00,14.77,233.77,9.23,42.62,14.32,1.52,0.0
2023-03-06 12:10:00+00:00,2023-03-06 13:10:00+01:00,256.7,355.06,14.95,46.43,15.86,2.83,0.0
2023-03-06 13:10:00+00:00,2023-03-06 14:10:00+01:00,20.87,267.87,9.09,45.94,16.24,3.03,0.0
2023-03-06 14:10:00+00:00,2023-03-06 15:10:00+01:00,27.29,243.99,10.42,41.26,16.83,3.52,0.0
2023-03-06 15:10:00+00:00,2023-03-06 16:10:00+01:00,10.88,168.79,9.91,33.46,16.41,3.52,0.0
2023-03-06 16:10:00+00:00,2023-03-06 17:10:00+01:00,7.47,98.83,8.5,23.68,15.32,2.76,0.0
2023-03-06 17:10:00+00:00,2023-03-06 18:10:00+01:00,0.0,32.26,4.13,12.73,15.27,2.9,0.0
2023-03-06 18:10:00+00:00,2023-03-06 19:10:00+01:00,0.0,0.0,0.0,0.0,14.69,1.93,0.0
2023-03-06 19:10:00+00:00,2023-03-06 20:10:00+01:00,0.0,0.0,0.0,0.0,13.68,1.79,0.0
2023-03-06 20:10:00+00:00,2023-03-06 21:10:00+01:00,0.0,0.0,0.0,0.0,13.57,2.0,0.0
2023-03-06 21:10:00+00:00,2023-03-06 22:10:00+01:00,0.0,0.0,0.0,0.0,13.77,2.76,0.0
2023-03-06 22:10:00+00:00,2023-03-06 23:10:00+01:00,0.0,0.0,0.0,0.0,13.96,3.52,0.0
2023-03-06 23:10:00+00:00,2023-03-07 00:10:00+01:00,0.0,0.0,0.0,0.0,14.18,4.97,0.0
2023-03-07 00:10:00+00:00,2023-03-07 01:10:00+01:00,0.0,0.0,0.0,0.0,14.22,4.83,0.0
2023-03-07 01:10:00+00:00,2023-03-07 02:10:00+01:00,0.0,0.0,0.0,0.0,14.03,4.48,0.0
2023-03-07 02:10:00+00:00,2023-03-07 03:10:00+01:00,0.0,0.0,0.0,0.0,13.52,3.93,0.0
2023-03-07 03:10:00+00:00,2023-03-07 04:10:00+01:00,0.0,0.0,0.0,0.0,13.05,3.66,0.0
2023-03-07 04:10:00+00:00,2023-03-07 05:10:00+01:00,0.0,0.0,0.0,0.0,12.58,3.38,0.0
2023-03-07 05:10:00+00:00,2023-03-07 06:10:00+01:00,0.0,0.0,0.0,0.0,12.2,3.1,0.0
2023-03-07 06:10:00+00:00,2023-03-07 07:10:00+01:00,0.0,0.0,0.0,0.0,11.88,2.69,0.0
2023-03-07 07:10:00+00:00,2023-03-07 08:10:00+01:00,0.0,5.87,1.02,4.04,11.67,1.86,0.0
2023-03-07 08:10:00+00:00,2023-03-07 09:10:00+01:00,235.21,137.89,12.89,15.54,12.04,2.97,0.0
2023-03-07 09:10:00+00:00,2023-03-07 10:10:00+01:00,142.18,191.42,15.2,26.3,13.14,3.1,0.0
2023-03-07 10:10:00+00:00,2023-03-07 11:10:00+01:00,256.69,281.11,17.79,35.76,14.67,3.31,0.0
2023-03-07 11:10:00+00:00,2023-03-07 12:10:00+01:00,104.11,307.51,13.07,43.0,15.77,3.72,0.0
2023-03-07 12:10:00+00:00,2023-03-07 13:10:00+01:00,19.2,270.87,8.77,46.83,16.35,3.93,0.0
2023-03-07 13:10:00+00:00,2023-03-07 14:10:00+01:00,35.96,291.19,9.89,46.31,16.87,4.14,0.0
2023-03-07 14:10:00+00:00,2023-03-07 15:10:00+01:00,72.31,282.09,12.41,41.59,17.65,4.14,0.0
2023-03-07 15:10:00+00:00,2023-03-07 16:10:00+01:00,730.95,191.09,24.01,33.74,17.89,3.86,0.0
2023-03-07 16:10:00+00:00,2023-03-07 17:10:00+01:00,678.32,174.23,22.48,23.92,18.1,3.52,0.0
2023-03-07 17:10:00+00:00,2023-03-07 18:10:00+01:00,223.28,118.78,11.02,12.94,18.01,3.24,0.0
2023-03-07 18:10:00+00:00,2023-03-07 19:10:00+01:00,0.0,0.0,0.0,0.0,17.48,2.97,0.0
2023-03-07 19:10:00+00:00,2023-03-07 20:10:00+01:00,0.0,0.0,0.0,0.0,15.92,3.52,0.0
2023-03-07 20:10:00+00:00,2023-03-07 21:10:00+01:00,0.0,0.0,0.0,0.0,14.97,3.24,0.0
2023-03-07 21:10:00+00:00,2023-03-07 22:10:00+01:00,0.0,0.0,0.0,0.0,14.78,2.9,0.0
2023-03-07 22:10:00+00:00,2023-03-07 23:10:00+01:00,0.0,0.0,0.0,0.0,14.77,2.69,0.0
2023-03-07 23:10:00+00:00,2023-03-08 00:10:00+01:00,0.0,0.0,0.0,0.0,14.73,2.48,0.0
2023-03-08 00:10:00+00:00,2023-03-08 01:10:00+01:00,0.0,0.0,0.0,0.0,14.72,2.48,0.0
2023-03-08 01:10:00+00:00,2023-03-08 02:10:00+01:00,0.0,0.0,0.0,0.0,14.77,2.83,0.0
2023-03-08 02:10:00+00:00,2023-03-08 03:10:00+01:00,0.0,0.0,0.0,0.0,14.74,3.1,0.0
2023-03-08 03:10:00+00:00,2023-03-08 04:10:00+01:00,0.0,0.0,0.0,0.0,14.8,3.38,0.0
2023-03-08 04:10:00+00:00,2023-03-08 05:10:00+01:00,0.0,0.0,0.0,0.0,14.84,3.52,0.0
2023-03-08 05:10:00+00:00,2023-03-08 06:10:00+01:00,0.0,0.0,0.0,0.0,14.8,3.45,0.0
2023-03-08 06:10:00+00:00,2023-03-08 07:10:00+01:00,0.0,0.0,0.0,0.0,14.78,3.31,0.0
2023-03-08 07:10:00+00:00,2023-03-08 08:10:00+01:00,13.24,11.35,1.76,4.33,14.86,3.31,0.0
2023-03-08 08:10:00+00:00,2023-03-08 09:10:00+01:00,117.25,109.81,10.98,15.84,14.98,3.24,0.0
2023-03-08 09:10:00+00:00,2023-03-08 10:10:00+01:00,2.23,103.79,7.95,26.63,15.49,4.28,0.0
2023-03-08 10:10:00+00:00,2023-03-08 11:10:00+01:00,0.0,130.16,6.73,36.11,16.3,4.62,0.0
2023-03-08 11:10:00+00:00,2023-03-08 12:10:00+01:00,0.0,119.65,4.45,43.38,18.33,5.59,0.0
2023-03-08 12:10:00+00:00,2023-03-08 13:10:00+01:00,0.0,198.37,6.09,47.22,19.68,5.86,0.0
2023-03-08 13:10:00+00:00,2023-03-08 14:10:00+01:00,156.69,347.34,13.13,46.68,19.59,6.0,0.0
2023-03-08 14:10:00+00:00,2023-03-08 15:10:00+01:00,0.0,146.63,5.84,41.92,20.04,6.0,0.0
2023-03-08 15:10:00+00:00,2023-03-08 16:10:00+01:00,39.33,202.24,11.9,34.02,20.3,5.79,0.0
2023-03-08 16:10:00+00:00,2023-03-08 17:10:00+01:00,2.44,91.91,7.74,24.15,20.23,5.24,0.0
2023-03-08 17:10:00+00:00,2023-03-08 18:10:00+01:00,127.48,95.54,9.66,13.15,19.56,4.62,0.0
2023-03-08 18:10:00+00:00,2023-03-08 19:10:00+01:00,0.0,0.0,0.0,0.0,18.38,4.0,0.0
2023-03-08 19:10:00+00:00,2023-03-08 20:10:00+01:00,0.0,0.0,0.0,0.0,16.55,3.52,0.0
2023-03-08 20:10:00+00:00,2023-03-08 21:10:00+01:00,0.0,0.0,0.0,0.0,15.68,3.52,0.0
2023-03-08 21:10:00+00:00,2023-03-08 22:10:00+01:00,0.0,0.0,0.0,0.0,14.71,3.45,0.0
2023-03-08 22:10:00+00:00,2023-03-08 23:10:00+01:00,0.0,0.0,0.0,0.0,13.91,3.24,0.0
2023-03-08 23:10:00+00:00,2023-03-09 00:10:00+01:00,0.0,0.0,0.0,0.0,13.5,3.1,0.0
2023-03-09 00:10:00+00:00,2023-03-09 01:10:00+01:00,0.0,0.0,0.0,0.0,13.55,2.97,0.0
2023-03-09 01:10:00+00:00,2023-03-09 02:10:00+01:00,0.0,0.0,0.0,0.0,13.66,2.9,0.0
2023-03-09 02:10:00+00:00,2023-03-09 03:10:00+01:00,0.0,0.0,0.0,0.0,13.84,3.1,0.0
2023-03-09 03:10:00+00:00,2023-03-09 04:10:00+01:00,0.0,0.0,0.0,0.0,13.91,3.1,0.0
2023-03-09 04:10:00+00:00,2023-03-09 05:10:00+01:00,0.0,0.0,0.0,0.0,13.96,2.83,0.0
2023-03-09 05:10:00+00:00,2023-03-09 06:10:00+01:00,0.0,0.0,0.0,0.0,14.11,3.52,0.0
2023-03-09 06:10:00+00:00,2023-03-09 07:10:00+01:00,0.0,0.0,0.0,0.0,14.06,3.24,0.0
2023-03-09 07:10:00+00:00,2023-03-09 08:10:00+01:00,0.0,8.08,1.38,4.62,14.43,3.79,0.0
2023-03-09 08:10:00+00:00,2023-03-09 09:10:00+01:00,3.6,52.35,5.92,16.14,14.72,4.97,0.0
2023-03-09 09:10:00+00:00,2023-03-09 10:10:00+01:00,0.0,91.4,6.89,26.95,15.1,4.21,0.0
2023-03-09 10:10:00+00:00,2023-03-09 11:10:00+01:00,0.0,122.61,6.25,36.47,15.62,3.86,0.0
2023-03-09 11:10:00+00:00,2023-03-09 12:10:00+01:00,0.0,164.78,6.01,43.77,15.65,3.45,0.0
2023-03-09 12:10:00+00:00,2023-03-09 13:10:00+01:00,10.83,259.56,7.97,47.62,16.02,4.48,0.0
2023-03-09 13:10:00+00:00,2023-03-09 14:10:00+01:00,40.98,301.28,9.92,47.06,16.06,4.21,0.0
2023-03-09 14:10:00+00:00,2023-03-09 15:10:00+01:00,287.1,326.54,16.85,42.24,16.13,4.07,0.0
2023-03-09 15:10:00+00:00,2023-03-09 16:10:00+01:00,5.32,157.11,8.86,34.29,16.22,4.97,0.0
2023-03-09 16:10:00+00:00,2023-03-09 17:10:00+01:00,668.47,177.5,22.49,24.39,16.83,5.1,0.0
2023-03-09 17:10:00+00:00,2023-03-09 18:10:00+01:00,476.21,146.44,14.07,13.36,17.46,4.21,0.0
2023-03-09 18:10:00+00:00,2023-03-09 19:10:00+01:00,0.0,2.05,0.39,1.73,17.18,4.07,0.0
2023-03-09 19:10:00+00:00,2023-03-09 20:10:00+01:00,0.0,0.0,0.0,0.0,16.6,3.93,0.0
2023-03-09 20:10:00+00:00,2023-03-09 21:10:00+01:00,0.0,0.0,0.0,0.0,15.67,3.93,0.0
2023-03-09 21:10:00+00:00,2023-03-09 22:10:00+01:00,0.0,0.0,0.0,0.0,15.08,3.66,0.0
2023-03-09 22:10:00+00:00,2023-03-09 23:10:00+01:00,0.0,0.0,0.0,0.0,14.53,3.31,0.0
2023-03-09 23:10:00+00:00,2023-03-10 00:10:00+01:00,0.0,0.0,0.0,0.0,13.95,2.97,0.0
2023-03-10 00:10:00+00:00,2023-03-10 01:10:00+01:00,0.0,0.0,0.0,0.0,13.32,2.69,0.0
2023-03-10 01:10:00+00:00,2023-03-10 02:10:00+01:00,0.0,0.0,0.0,0.0,12.65,2.55,0.0
2023-03-10 02:10:00+00:00,2023-03-10 03:10:00+01:00,0.0,0.0,0.0,0.0,11.87,2.41,0.0
2023-03-10 03:10:00+00:00,2023-03-10 04:10:00+01:00,0.0,0.0,0.0,0.0,11.42,2.14,0.0
2023-03-10 04:10:00+00:00,2023-03-10 05:10:00+01:00,0.0,0.0,0.0,0.0,10.91,2.0,0.0
2023-03-10 05:10:00+00:00,2023-03-10 06:10:00+01:00,0.0,0.0,0.0,0.0,10.84,1.79,0.0
2023-03-10 06:10:00+00:00,2023-03-10 07:10:00+01:00,0.0,0.0,0.0,0.0,10.88,1.66,0.0
2023-03-10 07:10:00+00:00,2023-03-10 08:10:00+01:00,11.68,13.12,2.01,4.91,10.09,1.66,0.0
2023-03-10 08:10:00+00:00,2023-03-10 09:10:00+01:00,211.92,141.16,13.19,16.45,11.67,0.97,0.0
2023-03-10 09:10:00+00:00,2023-03-10 10:10:00+01:00,416.72,233.36,20.42,27.28,13.75,0.34,0.0
2023-03-10 10:10:00+00:00,2023-03-10 11:10:00+01:00,694.08,223.1,23.36,36.82,15.28,0.69,0.0
2023-03-10 11:10:00+00:00,2023-03-10 12:10:00+01:00,763.76,217.46,21.39,44.15,16.78,0.62,0.0
2023-03-10 12:10:00+00:00,2023-03-10 13:10:00+01:00,875.81,174.31,20.3,48.01,18.37,0.76,0.0
2023-03-10 13:10:00+00:00,2023-03-10 14:10:00+01:00,885.35,169.61,20.74,47.43,19.69,0.9,0.0
2023-03-10 14:10:00+00:00,2023-03-10 15:10:00+01:00,847.13,177.99,22.91,42.56,20.65,0.97,0.0
2023-03-10 15:10:00+00:00,2023-03-10 16:10:00+01:00,791.46,181.48,24.84,34.56,21.3,1.1,0.0
2023-03-10 16:10:00+00:00,2023-03-10 17:10:00+01:00,710.56,175.46,23.28,24.62,21.6,1.52,0.0
2023-03-10 17:10:00+00:00,2023-03-10 18:10:00+01:00,507.5,149.27,14.62,13.56,21.43,1.72,0.0
2023-03-10 18:10:00+00:00,2023-03-10 19:10:00+01:00,0.0,2.58,0.48,1.92,20.41,1.66,0.0
2023-03-10 19:10:00+00:00,2023-03-10 20:10:00+01:00,0.0,0.0,0.0,0.0,18.58,2.41,0.0
2023-03-10 20:10:00+00:00,2023-03-10 21:10:00+01:00,0.0,0.0,0.0,0.0,17.0,2.55,0.0
2023-03-10 21:10:00+00:00,2023-03-10 22:10:00+01:00,0.0,0.0,0.0,0.0,15.68,2.41,0.0
2023-03-10 22:10:00+00:00,2023-03-10 23:10:00+01:00,0.0,0.0,0.0,0.0,14.45,2.14,0.0
2023-03-10 23:10:00+00:00,2023-03-11 00:10:00+01:00,0.0,0.0,0.0,0.0,13.17,1.72,0.0
2023-03-11 00:10:00+00:00,2023-03-11 01:10:00+01:00,0.0,0.0,0.0,0.0,12.08,1.31,0.0
2023-03-11 01:10:00+00:00,2023-03-11 02:10:00+01:00,0.0,0.0,0.0,0.0,12.29,0.9,0.0
2023-03-11 02:10:00+00:00,2023-03-11 03:10:00+01:00,0.0,0.0,0.0,0.0,12.32,0.55,0.0
2023-03-11 03:10:00+00:00,2023-03-11 04:10:00+01:00,0.0,0.0,0.0,0.0,11.81,0.28,0.0
2023-03-11 04:10:00+00:00,2023-03-11 05:10:00+01:00,0.0,0.0,0.0,0.0,11.42,0.07,0.0
2023-03-11 05:10:00+00:00,2023-03-11 06:10:00+01:00,0.0,0.0,0.0,0.0,11.05,0.41,0.0
2023-03-11 06:10:00+00:00,2023-03-11 07:10:00+01:00,0.0,0.0,0.0,0.0,10.48,0.9,0.0
2023-03-11 07:10:00+00:00,2023-03-11 08:10:00+01:00,242.42,68.16,4.73,5.21,10.67,0.69,0.0
2023-03-11 08:10:00+00:00,2023-03-11 09:10:00+01:00,614.03,160.22,18.22,16.75,11.74,0.69,0.0
2023-03-11 09:10:00+00:00,2023-03-11 10:10:00+01:00,515.71,225.42,21.68,27.61,15.25,1.59,0.0
2023-03-11 10:10:00+00:00,2023-03-11 11:10:00+01:00,827.34,172.51,24.61,37.18,17.27,2.41,0.0
2023-03-11 11:10:00+00:00,2023-03-11 12:10:00+01:00,146.85,333.5,13.74,44.54,18.61,2.28,0.0
2023-03-11 12:10:00+00:00,2023-03-11 13:10:00+01:00,2.67,230.87,6.7,48.41,20.21,1.86,0.0
2023-03-11 13:10:00+00:00,2023-03-11 14:10:00+01:00,689.77,257.86,18.89,47.8,21.24,1.93,0.0
2023-03-11 14:10:00+00:00,2023-03-11 15:10:00+01:00,432.01,318.25,18.62,42.89,22.34,2.14,0.0
2023-03-11 15:10:00+00:00,2023-03-11 16:10:00+01:00,575.99,249.07,22.43,34.83,23.04,2.55,0.0
2023-03-11 16:10:00+00:00,2023-03-11 17:10:00+01:00,706.75,173.96,23.19,24.85,23.32,2.83,0.0
2023-03-11 17:10:00+00:00,2023-03-11 18:10:00+01:00,495.91,149.5,14.63,13.77,23.05,2.76,0.0
2023-03-11 18:10:00+00:00,2023-03-11 19:10:00+01:00,0.0,2.58,0.48,2.11,21.68,2.0,0.0
2023-03-11 19:10:00+00:00,2023-03-11 20:10:00+01:00,0.0,0.0,0.0,0.0,19.36,2.34,0.0
2023-03-11 20:10:00+00:00,2023-03-11 21:10:00+01:00,0.0,0.0,0.0,0.0,17.79,2.28,0.0
2023-03-11 21:10:00+00:00,2023-03-11 22:10:00+01:00,0.0,0.0,0.0,0.0,16.46,2.28,0.0
2023-03-11 22:10:00+00:00,2023-03-11 23:10:00+01:00,0.0,0.0,0.0,0.0,15.06,2.21,0.0
2023-03-11 23:10:00+00:00,2023-03-12 00:10:00+01:00,0.0,0.0,0.0,0.0,13.62,1.79,0.0
2023-03-12 00:10:00+00:00,2023-03-12 01:10:00+01:00,0.0,0.0,0.0,0.0,12.76,1.66,0.0
2023-03-12 01:10:00+00:00,2023-03-12 02:10:00+01:00,0.0,0.0,0.0,0.0,11.95,1.66,0.0
2023-03-12 02:10:00+00:00,2023-03-12 03:10:00+01:00,0.0,0.0,0.0,0.0,11.72,1.52,0.0
2023-03-12 03:10:00+00:00,2023-03-12 04:10:00+01:00,0.0,0.0,0.0,0.0,11.4,1.45,0.0
2023-03-12 04:10:00+00:00,2023-03-12 05:10:00+01:00,0.0,0.0,0.0,0.0,10.42,1.66,0.0
2023-03-12 05:10:00+00:00,2023-03-12 06:10:00+01:00,0.0,0.0,0.0,0.0,9.78,1.79,0.0
2023-03-12 06:10:00+00:00,2023-03-12 07:10:00+01:00,0.0,0.0,0.0,0.0,9.44,1.93,0.0
2023-03-12 07:10:00+00:00,2023-03-12 08:10:00+01:00,239.86,72.22,4.97,5.5,9.3,1.79,0.0
2023-03-12 08:10:00+00:00,2023-03-12 09:10:00+01:00,610.06,161.56,18.37,17.06,12.04,1.45,0.0
2023-03-12 09:10:00+00:00,2023-03-12 10:10:00+01:00,776.89,167.62,24.77,27.94,16.34,2.14,0.0
2023-03-12 10:10:00+00:00,2023-03-12 11:10:00+01:00,873.09,157.61,25.08,37.54,18.89,2.76,0.0
2023-03-12 11:10:00+00:00,2023-03-12 12:10:00+01:00,845.37,180.43,21.68,44.93,21.26,2.83,0.0
2023-03-12 12:10:00+00:00,2023-03-12 13:10:00+01:00,887.67,168.38,19.9,48.81,23.33,2.48,0.0
2023-03-12 13:10:00+00:00,2023-03-12 14:10:00+01:00,861.53,178.37,20.03,48.17,24.99,2.07,0.0
2023-03-12 14:10:00+00:00,2023-03-12 15:10:00+01:00,845.69,177.79,22.55,43.21,26.1,1.45,0.0
2023-03-12 15:10:00+00:00,2023-03-12 16:10:00+01:00,801.67,177.89,24.82,35.1,26.7,1.1,0.0
2023-03-12 16:10:00+00:00,2023-03-12 17:10:00+01:00,684.18,180.0,22.99,25.08,26.78,1.03,0.0
2023-03-12 17:10:00+00:00,2023-03-12 18:10:00+01:00,546.84,151.8,15.4,13.97,26.4,1.1,0.0
2023-03-12 18:10:00+00:00,2023-03-12 19:10:00+01:00,0.0,2.59,0.48,2.3,25.07,1.24,0.0
2023-03-12 19:10:00+00:00,2023-03-12 20:10:00+01:00,0.0,0.0,0.0,0.0,22.15,1.79,0.0
2023-03-12 20:10:00+00:00,2023-03-12 21:10:00+01:00,0.0,0.0,0.0,0.0,19.59,1.79,0.0
2023-03-12 21:10:00+00:00,2023-03-12 22:10:00+01:00,0.0,0.0,0.0,0.0,17.87,2.0,0.0
2023-03-12 22:10:00+00:00,2023-03-12 23:10:00+01:00,0.0,0.0,0.0,0.0,16.78,2.34,0.0
2023-03-12 23:10:00+00:00,2023-03-13 00:10:00+01:00,0.0,0.0,0.0,0.0,16.09,2.41,0.0
2023-03-13 00:10:00+00:00,2023-03-13 01:10:00+01:00,0.0,0.0,0.0,0.0,15.31,2.34,0.0
2023-03-13 01:10:00+00:00,2023-03-13 02:10:00+01:00,0.0,0.0,0.0,0.0,14.43,2.14,0.0
2023-03-13 02:10:00+00:00,2023-03-13 03:10:00+01:00,0.0,0.0,0.0,0.0,13.66,2.0,0.0
2023-03-13 03:10:00+00:00,2023-03-13 04:10:00+01:00,0.0,0.0,0.0,0.0,13.16,2.14,0.0
2023-03-13 04:10:00+00:00,2023-03-13 05:10:00+01:00,0.0,0.0,0.0,0.0,12.77,2.21,0.0
2023-03-13 05:10:00+00:00,2023-03-13 06:10:00+01:00,0.0,0.0,0.0,0.0,12.33,2.07,0.0
2023-03-13 06:10:00+00:00,2023-03-13 07:10:00+01:00,0.0,0.0,0.0,0.0,11.78,1.93,0.0
2023-03-13 07:10:00+00:00,2023-03-13 08:10:00+01:00,128.65,53.83,4.49,5.8,11.34,2.21,0.0
2023-03-13 08:10:00+00:00,2023-03-13 09:10:00+01:00,515.78,172.05,17.61,17.37,13.57,1.79,0.0
2023-03-13 09:10:00+00:00,2023-03-13 10:10:00+01:00,681.96,194.74,23.69,28.27,16.89,2.21,0.0
2023-03-13 10:10:00+00:00,2023-03-13 11:10:00+01:00,839.98,172.94,24.65,37.9,19.33,2.62,0.0
2023-03-13 11:10:00+00:00,2023-03-13 12:10:00+01:00,887.5,165.06,21.94,45.32,21.33,3.24,0.0
2023-03-13 12:10:00+00:00,2023-03-13 13:10:00+01:00,931.18,150.65,20.06,49.21,22.78,3.72,0.0
2023-03-13 13:10:00+00:00,2023-03-13 14:10:00+01:00,868.57,177.99,19.91,48.55,23.85,4.34,0.0
2023-03-13 14:10:00+00:00,2023-03-13 15:10:00+01:00,888.61,162.33,22.88,43.53,24.52,5.1,0.0
2023-03-13 15:10:00+00:00,2023-03-13 16:10:00+01:00,799.83,179.86,24.76,35.37,24.86,5.52,0.0
2023-03-13 16:10:00+00:00,2023-03-13 17:10:00+01:00,650.35,190.43,22.73,25.31,24.69,5.66,0.0
2023-03-13 17:10:00+00:00,2023-03-13 18:10:00+01:00,535.13,152.26,15.41,14.17,23.73,5.03,0.0
2023-03-13 18:10:00+00:00,2023-03-13 19:10:00+01:00,0.0,4.68,0.86,2.48,22.07,4.41,0.0
2023-03-13 19:10:00+00:00,2023-03-13 20:10:00+01:00,0.0,0.0,0.0,0.0,19.97,3.66,0.0
2023-03-13 20:10:00+00:00,2023-03-13 21:10:00+01:00,0.0,0.0,0.0,0.0,18.24,3.17,0.0
2023-03-13 21:10:00+00:00,2023-03-13 22:10:00+01:00,0.0,0.0,0.0,0.0,16.86,2.76,0.0
2023-03-13 22:10:00+00:00,2023-03-13 23:10:00+01:00,0.0,0.0,0.0,0.0,15.59,2.48,0.0
2023-03-13 23:10:00+00:00,2023-03-14 00:10:00+01:00,0.0,0.0,0.0,0.0,14.55,2.28,0.0
2023-03-14 00:10:00+00:00,2023-03-14 01:10:00+01:00,0.0,0.0,0.0,0.0,13.58,2.21,0.0
2023-03-14 01:10:00+00:00,2023-03-14 02:10:00+01:00,0.0,0.0,0.0,0.0,12.74,2.41,0.0
2023-03-14 02:10:00+00:00,2023-03-14 03:10:00+01:00,0.0,0.0,0.0,0.0,11.85,2.41,0.0
2023-03-14 03:10:00+00:00,2023-03-14 04:10:00+01:00,0.0,0.0,0.0,0.0,10.8,2.14,0.0
2023-03-14 04:10:00+00:00,2023-03-14 05:10:00+01:00,0.0,0.0,0.0,0.0,9.65,1.86,0.0
2023-03-14 05:10:00+00:00,2023-03-14 06:10:00+01:00,0.0,0.0,0.0,0.0,8.96,1.79,0.0
2023-03-14 06:10:00+00:00,2023-03-14 07:10:00+01:00,0.0,0.0,0.0,0.0,8.47,1.72,0.0
2023-03-14 07:10:00+00:00,2023-03-14 08:10:00+01:00,320.06,94.14,6.17,6.1,8.01,1.72,0.0
2023-03-14 08:10:00+00:00,2023-03-14 09:10:00+01:00,638.69,166.37,19.29,17.68,10.49,1.72,0.0
2023-03-14 09:10:00+00:00,2023-03-14 10:10:00+01:00,787.49,172.77,25.18,28.6,13.08,2.41,0.0
2023-03-14 10:10:00+00:00,2023-03-14 11:10:00+01:00,847.78,175.35,24.75,38.26,14.93,2.55,0.0
2023-03-14 11:10:00+00:00,2023-03-14 12:10:00+01:00,892.76,169.67,21.91,45.71,16.76,2.62,0.0
2023-03-14 12:10:00+00:00,2023-03-14 13:10:00+01:00,924.31,159.67,19.85,49.61,18.35,2.48,0.0
2023-03-14 13:10:00+00:00,2023-03-14 14:10:00+01:00,908.73,166.56,20.16,48.92,19.67,2.34,0.0
2023-03-14 14:10:00+00:00,2023-03-14 15:10:00+01:00,893.54,165.86,22.89,43.85,20.68,2.41,0.0
2023-03-14 15:10:00+00:00,2023-03-14 16:10:00+01:00,827.25,177.01,25.21,35.64,21.35,2.55,0.0
2023-03-14 16:10:00+00:00,2023-03-14 17:10:00+01:00,721.54,179.67,23.78,25.53,21.56,2.55,0.0
2023-03-14 17:10:00+00:00,2023-03-14 18:10:00+01:00,560.06,155.55,15.94,14.37,21.3,2.48,0.0
2023-03-14 18:10:00+00:00,2023-03-14 19:10:00+01:00,0.0,4.7,0.86,2.67,20.24,1.86,0.0
2023-03-14 19:10:00+00:00,2023-03-14 20:10:00+01:00,0.0,0.0,0.0,0.0,18.91,2.07,0.0
2023-03-14 20:10:00+00:00,2023-03-14 21:10:00+01:00,0.0,0.0,0.0,0.0,17.02,2.48,0.0
2023-03-14 21:10:00+00:00,2023-03-14 22:10:00+01:00,0.0,0.0,0.0,0.0,15.58,2.69,0.0
2023-03-14 22:10:00+00:00,2023-03-14 23:10:00+01:00,0.0,0.0,0.0,0.0,14.54,2.83,0.0
2023-03-14 23:10:00+00:00,2023-03-15 00:10:00+01:00,0.0,0.0,0.0,0.0,13.71,2.76,0.0
2023-03-15 00:10:00+00:00,2023-03-15 01:10:00+01:00,0.0,0.0,0.0,0.0,12.89,2.62,0.0
2023-03-15 01:10:00+00:00,2023-03-15 02:10:00+01:00,0.0,0.0,0.0,0.0,12.08,2.41,0.0
2023-03-15 02:10:00+00:00,2023-03-15 03:10:00+01:00,0.0,0.0,0.0,0.0,11.15,2.28,0.0
2023-03-15 03:10:00+00:00,2023-03-15 04:10:00+01:00,0.0,0.0,0.0,0.0,10.27,2.21,0.0
2023-03-15 04:10:00+00:00,2023-03-15 05:10:00+01:00,0.0,0.0,0.0,0.0,9.59,2.28,0.0
2023-03-15 05:10:00+00:00,2023-03-15 06:10:00+01:00,0.0,0.0,0.0,0.0,9.16,2.34,0.0
2023-03-15 06:10:00+00:00,2023-03-15 07:10:00+01:00,0.0,0.0,0.0,0.0,8.86,2.48,0.0
2023-03-15 07:10:00+00:00,2023-03-15 08:10:00+01:00,332.04,98.67,6.58,6.4,8.74,2.55,0.0
2023-03-15 08:10:00+00:00,2023-03-15 09:10:00+01:00,634.45,165.67,19.35,17.99,11.57,2.48,0.0
2023-03-15 09:10:00+00:00,2023-03-15 10:10:00+01:00,770.94,176.24,24.93,28.94,15.78,2.83,0.0
2023-03-15 10:10:00+00:00,2023-03-15 11:10:00+01:00,852.28,170.53,24.58,38.62,19.26,2.97,0.0
2023-03-15 11:10:00+00:00,2023-03-15 12:10:00+01:00,886.87,168.62,21.55,46.1,21.88,2.9,0.0
2023-03-15 12:10:00+00:00,2023-03-15 13:10:00+01:00,930.62,154.26,19.6,50.01,24.01,2.62,0.0
2023-03-15 13:10:00+00:00,2023-03-15 14:10:00+01:00,902.31,166.88,19.82,49.29,25.59,2.41,0.0
2023-03-15 14:10:00+00:00,2023-03-15 15:10:00+01:00,875.5,170.83,22.47,44.17,26.62,2.21,0.0
2023-03-15 15:10:00+00:00,2023-03-15 16:10:00+01:00,821.96,175.85,24.98,35.9,27.17,2.07,0.0
2023-03-15 16:10:00+00:00,2023-03-15 17:10:00+01:00,715.67,179.63,23.69,25.76,27.15,2.21,0.0
2023-03-15 17:10:00+00:00,2023-03-15 18:10:00+01:00,552.57,154.76,15.94,14.57,26.54,2.48,0.0
2023-03-15 18:10:00+00:00,2023-03-15 19:10:00+01:00,20.06,7.34,1.14,2.86,24.49,2.48,0.0
2023-03-15 19:10:00+00:00,2023-03-15 20:10:00+01:00,0.0,0.0,0.0,0.0,22.34,2.62,0.0
2023-03-15 20:10:00+00:00,2023-03-15 21:10:00+01:00,0.0,0.0,0.0,0.0,19.9,3.17,0.0
2023-03-15 21:10:00+00:00,2023-03-15 22:10:00+01:00,0.0,0.0,0.0,0.0,18.1,3.1,0.0
2023-03-15 22:10:00+00:00,2023-03-15 23:10:00+01:00,0.0,0.0,0.0,0.0,16.77,2.62,0.0
2023-03-15 23:10:00+00:00,2023-03-16 00:10:00+01:00,0.0,0.0,0.0,0.0,15.6,2.34,0.0
2023-03-16 00:10:00+00:00,2023-03-16 01:10:00+01:00,0.0,0.0,0.0,0.0,14.17,2.07,0.0
2023-03-16 01:10:00+00:00,2023-03-16 02:10:00+01:00,0.0,0.0,0.0,0.0,12.75,2.07,0.0
2023-03-16 02:10:00+00:00,2023-03-16 03:10:00+01:00,0.0,0.0,0.0,0.0,11.78,2.28,0.0
2023-03-16 03:10:00+00:00,2023-03-16 04:10:00+01:00,0.0,0.0,0.0,0.0,11.19,2.41,0.0
2023-03-16 04:10:00+00:00,2023-03-16 05:10:00+01:00,0.0,0.0,0.0,0.0,10.67,2.34,0.0
2023-03-16 05:10:00+00:00,2023-03-16 06:10:00+01:00,0.0,0.0,0.0,0.0,10.16,2.41,0.0
2023-03-16 06:10:00+00:00,2023-03-16 07:10:00+01:00,0.0,0.0,0.0,0.0,9.73,2.48,0.0
2023-03-16 07:10:00+00:00,2023-03-16 08:10:00+01:00,342.91,100.28,6.89,6.7,9.62,2.34,0.0
2023-03-16 08:10:00+00:00,2023-03-16 09:10:00+01:00,649.45,166.17,19.75,18.31,12.55,1.59,0.0
2023-03-16 09:10:00+00:00,2023-03-16 10:10:00+01:00,773.14,178.43,25.04,29.27,18.22,1.45,0.0
2023-03-16 10:10:00+00:00,2023-03-16 11:10:00+01:00,829.71,183.29,24.29,38.99,21.15,1.31,0.0
2023-03-16 11:10:00+00:00,2023-03-16 12:10:00+01:00,872.83,178.62,21.27,46.49,23.49,1.52,0.0
2023-03-16 12:10:00+00:00,2023-03-16 13:10:00+01:00,903.15,169.83,19.15,50.41,25.37,1.86,0.0
2023-03-16 13:10:00+00:00,2023-03-16 14:10:00+01:00,604.77,307.53,17.4,49.66,26.82,2.41,0.0
2023-03-16 14:10:00+00:00,2023-03-16 15:10:00+01:00,639.36,276.52,20.32,44.48,27.63,3.17,0.0
2023-03-16 15:10:00+00:00,2023-03-16 16:10:00+01:00,18.64,200.05,10.58,36.17,27.85,3.86,0.0
2023-03-16 16:10:00+00:00,2023-03-16 17:10:00+01:00,0.0,90.44,7.08,25.98,27.3,4.34,0.0
2023-03-16 17:10:00+00:00,2023-03-16 18:10:00+01:00,54.93,82.63,9.02,14.77,25.87,4.62,0.0
2023-03-16 18:10:00+00:00,2023-03-16 19:10:00+01:00,0.0,4.2,0.76,3.04,23.68,4.34,0.0
2023-03-16 19:10:00+00:00,2023-03-16 20:10:00+01:00,0.0,0.0,0.0,0.0,21.04,4.14,0.0
2023-03-16 20:10:00+00:00,2023-03-16 21:10:00+01:00,0.0,0.0,0.0,0.0,19.15,3.86,0.0
2023-03-16 21:10:00+00:00,2023-03-16 22:10:00+01:00,0.0,0.0,0.0,0.0,17.56,3.59,0.0
2023-03-16 22:10:00+00:00,2023-03-16 23:10:00+01:00,0.0,0.0,0.0,0.0,16.35,3.24,0.0
2023-03-16 23:10:00+00:00,2023-03-17 00:10:00+01:00,0.0,0.0,0.0,0.0,15.36,3.17,0.0
2023-03-17 00:10:00+00:00,2023-03-17 01:10:00+01:00,0.0,0.0,0.0,0.0,14.5,3.17,0.0
2023-03-17 01:10:00+00:00,2023-03-17 02:10:00+01:00,0.0,0.0,0.0,0.0,13.89,2.97,0.0
2023-03-17 02:10:00+00:00,2023-03-17 03:10:00+01:00,0.0,0.0,0.0,0.0,13.66,3.1,0.0
2023-03-17 03:10:00+00:00,2023-03-17 04:10:00+01:00,0.0,0.0,0.0,0.0,13.49,3.24,0.0
2023-03-17 04:10:00+00:00,2023-03-17 05:10:00+01:00,0.0,0.0,0.0,0.0,13.7,3.79,0.0
2023-03-17 05:10:00+00:00,2023-03-17 06:10:00+01:00,0.0,0.0,0.0,0.0,13.67,3.52,0.0
2023-03-17 06:10:00+00:00,2023-03-17 07:10:00+01:00,0.0,0.0,0.0,0.0,13.93,3.31,0.0
2023-03-17 07:10:00+00:00,2023-03-17 08:10:00+01:00,246.15,85.61,6.41,7.0,13.96,2.34,0.0
2023-03-17 08:10:00+00:00,2023-03-17 09:10:00+01:00,0.0,38.18,3.95,18.62,14.35,2.69,0.0
2023-03-17 09:10:00+00:00,2023-03-17 10:10:00+01:00,566.81,227.35,22.52,29.6,15.52,2.21,0.0
2023-03-17 10:10:00+00:00,2023-03-17 11:10:00+01:00,564.62,271.97,21.3,39.35,16.96,2.07,0.0
2023-03-17 11:10:00+00:00,2023-03-17 12:10:00+01:00,786.38,211.68,20.15,46.88,18.56,2.69,0.0
2023-03-17 12:10:00+00:00,2023-03-17 13:10:00+01:00,687.67,267.73,17.21,50.81,20.01,3.38,0.0
2023-03-17 13:10:00+00:00,2023-03-17 14:10:00+01:00,739.77,241.56,18.03,50.04,20.93,3.93,0.0
2023-03-17 14:10:00+00:00,2023-03-17 15:10:00+01:00,503.82,312.41,18.67,44.8,21.33,4.0,0.0
2023-03-17 15:10:00+00:00,2023-03-17 16:10:00+01:00,264.4,288.74,17.91,36.43,21.6,4.21,0.0
2023-03-17 16:10:00+00:00,2023-03-17 17:10:00+01:00,201.57,206.51,16.59,26.2,21.74,4.34,0.0
2023-03-17 17:10:00+00:00,2023-03-17 18:10:00+01:00,139.43,112.26,11.05,14.96,21.28,4.41,0.0
2023-03-17 18:10:00+00:00,2023-03-17 19:10:00+01:00,0.0,1.58,0.28,3.23,20.13,4.21,0.0
2023-03-17 19:10:00+00:00,2023-03-17 20:10:00+01:00,0.0,0.0,0.0,0.0,17.53,4.28,0.0
2023-03-17 20:10:00+00:00,2023-03-17 21:10:00+01:00,0.0,0.0,0.0,0.0,16.31,3.66,0.0
2023-03-17 21:10:00+00:00,2023-03-17 22:10:00+01:00,0.0,0.0,0.0,0.0,15.65,3.24,0.0
2023-03-17 22:10:00+00:00,2023-03-17 23:10:00+01:00,0.0,0.0,0.0,0.0,15.26,2.9,0.0
2023-03-17 23:10:00+00:00,2023-03-18 00:10:00+01:00,0.0,0.0,0.0,0.0,14.67,2.69,0.0
2023-03-18 00:10:00+00:00,2023-03-18 01:10:00+01:00,0.0,0.0,0.0,0.0,14.08,2.28,0.0
2023-03-18 01:10:00+00:00,2023-03-18 02:10:00+01:00,0.0,0.0,0.0,0.0,13.44,2.21,0.0
2023-03-18 02:10:00+00:00,2023-03-18 03:10:00+01:00,0.0,0.0,0.0,0.0,13.23,2.28,0.0
2023-03-18 03:10:00+00:00,2023-03-18 04:10:00+01:00,0.0,0.0,0.0,0.0,12.98,1.86,0.0
2023-03-18 04:10:00+00:00,2023-03-18 05:10:00+01:00,0.0,0.0,0.0,0.0,12.29,1.86,0.0
2023-03-18 05:10:00+00:00,2023-03-18 06:10:00+01:00,0.0,0.0,0.0,0.0,11.45,2.0,0.0
2023-03-18 06:10:00+00:00,2023-03-18 07:10:00+01:00,0.0,0.0,0.0,0.0,10.77,2.07,0.0
2023-03-18 07:10:00+00:00,2023-03-18 08:10:00+01:00,369.74,107.33,7.68,7.3,10.85,1.66,0.0
2023-03-18 08:10:00+00:00,2023-03-18 09:10:00+01:00,634.85,165.88,19.79,18.93,12.82,1.52,0.0
2023-03-18 09:10:00+00:00,2023-03-18 10:10:00+01:00,745.4,180.85,24.5,29.94,14.25,1.79,0.0
2023-03-18 10:10:00+00:00,2023-03-18 11:10:00+01:00,206.59,307.66,16.25,39.71,15.79,1.93,0.0
2023-03-18 11:10:00+00:00,2023-03-18 12:10:00+01:00,217.81,362.03,14.09,47.27,17.41,2.21,0.0
2023-03-18 12:10:00+00:00,2023-03-18 13:10:00+01:00,620.92,296.89,16.47,51.21,18.69,2.62,0.0
2023-03-18 13:10:00+00:00,2023-03-18 14:10:00+01:00,250.46,382.66,13.28,50.41,19.19,3.03,0.0
2023-03-18 14:10:00+00:00,2023-03-18 15:10:00+01:00,86.1,318.34,12.07,45.11,19.5,3.31,0.0
2023-03-18 15:10:00+00:00,2023-03-18 16:10:00+01:00,85.37,251.95,13.73,36.69,19.78,3.45,0.0
2023-03-18 16:10:00+00:00,2023-03-18 17:10:00+01:00,195.52,207.56,16.54,26.42,19.9,3.72,0.0
2023-03-18 17:10:00+00:00,2023-03-18 18:10:00+01:00,474.21,158.39,15.51,15.16,19.56,3.86,0.0
2023-03-18 18:10:00+00:00,2023-03-18 19:10:00+01:00,33.61,11.54,1.6,3.41,18.79,3.66,0.0
2023-03-18 19:10:00+00:00,2023-03-18 20:10:00+01:00,0.0,0.0,0.0,0.0,17.03,2.97,0.0
2023-03-18 20:10:00+00:00,2023-03-18 21:10:00+01:00,0.0,0.0,0.0,0.0,15.91,2.9,0.0
2023-03-18 21:10:00+00:00,2023-03-18 22:10:00+01:00,0.0,0.0,0.0,0.0,15.1,2.55,0.0
2023-03-18 22:10:00+00:00,2023-03-18 23:10:00+01:00,0.0,0.0,0.0,0.0,14.24,2.34,0.0
2023-03-18 23:10:00+00:00,2023-03-19 00:10:00+01:00,0.0,0.0,0.0,0.0,13.2,2.07,0.0
2023-03-19 00:10:00+00:00,2023-03-19 01:10:00+01:00,0.0,0.0,0.0,0.0,11.93,1.86,0.0
2023-03-19 01:10:00+00:00,2023-03-19 02:10:00+01:00,0.0,0.0,0.0,0.0,10.84,1.79,0.0
2023-03-19 02:10:00+00:00,2023-03-19 03:10:00+01:00,0.0,0.0,0.0,0.0,10.05,2.07,0.0
2023-03-19 03:10:00+00:00,2023-03-19 04:10:00+01:00,0.0,0.0,0.0,0.0,9.6,2.21,0.0
2023-03-19 04:10:00+00:00,2023-03-19 05:10:00+01:00,0.0,0.0,0.0,0.0,9.09,2.0,0.0
2023-03-19 05:10:00+00:00,2023-03-19 06:10:00+01:00,0.0,0.0,0.0,0.0,8.89,1.79,0.0
2023-03-19 06:10:00+00:00,2023-03-19 07:10:00+01:00,0.0,0.0,0.0,0.0,8.41,1.79,0.0
2023-03-19 07:10:00+00:00,2023-03-19 08:10:00+01:00,347.53,104.04,7.72,7.61,8.21,1.72,0.0
2023-03-19 08:10:00+00:00,2023-03-19 09:10:00+01:00,643.07,167.27,20.11,19.25,11.81,1.17,0.0
2023-03-19 09:10:00+00:00,2023-03-19 10:10:00+01:00,757.77,181.0,24.74,30.27,15.25,2.07,0.0
2023-03-19 10:10:00+00:00,2023-03-19 11:10:00+01:00,857.4,170.05,24.08,40.08,17.63,2.76,0.0
2023-03-19 11:10:00+00:00,2023-03-19 12:10:00+01:00,890.12,167.02,20.63,47.67,19.61,3.31,0.0
2023-03-19 12:10:00+00:00,2023-03-19 13:10:00+01:00,945.31,146.03,18.61,51.62,21.04,3.45,0.0
2023-03-19 13:10:00+00:00,2023-03-19 14:10:00+01:00,903.58,165.59,18.84,50.78,22.08,3.52,0.0
2023-03-19 14:10:00+00:00,2023-03-19 15:10:00+01:00,877.4,169.64,21.78,45.42,22.73,3.52,0.0
2023-03-19 15:10:00+00:00,2023-03-19 16:10:00+01:00,813.61,179.47,24.58,36.94,23.0,3.31,0.0
2023-03-19 16:10:00+00:00,2023-03-19 17:10:00+01:00,680.26,189.14,23.39,26.64,22.93,3.03,0.0
2023-03-19 17:10:00+00:00,2023-03-19 18:10:00+01:00,555.25,157.93,16.54,15.35,22.55,2.69,0.0
2023-03-19 18:10:00+00:00,2023-03-19 19:10:00+01:00,47.86,15.72,1.97,3.59,21.53,1.66,0.0
2023-03-19 19:10:00+00:00,2023-03-19 20:10:00+01:00,0.0,0.0,0.0,0.0,19.84,1.86,0.0
2023-03-19 20:10:00+00:00,2023-03-19 21:10:00+01:00,0.0,0.0,0.0,0.0,17.86,1.79,0.0
2023-03-19 21:10:00+00:00,2023-03-19 22:10:00+01:00,0.0,0.0,0.0,0.0,15.83,1.72,0.0
2023-03-19 22:10:00+00:00,2023-03-19 23:10:00+01:00,0.0,0.0,0.0,0.0,13.96,2.07,0.0
2023-03-19 23:10:00+00:00,2023-03-20 00:10:00+01:00,0.0,0.0,0.0,0.0,12.57,1.93,0.0
2023-03-20 00:10:00+00:00,2023-03-20 01:10:00+01:00,0.0,0.0,0.0,0.0,12.48,1.52,0.0
2023-03-20 01:10:00+00:00,2023-03-20 02:10:00+01:00,0.0,0.0,0.0,0.0,13.04,1.1,0.0
2023-03-20 02:10:00+00:00,2023-03-20 03:10:00+01:00,0.0,0.0,0.0,0.0,12.22,1.1,0.0
2023-03-20 03:10:00+00:00,2023-03-20 04:10:00+01:00,0.0,0.0,0.0,0.0,10.23,1.38,0.0
2023-03-20 04:10:00+00:00,2023-03-20 05:10:00+01:00,0.0,0.0,0.0,0.0,9.58,1.31,0.0
2023-03-20 05:10:00+00:00,2023-03-20 06:10:00+01:00,0.0,0.0,0.0,0.0,8.88,1.31,0.0
2023-03-20 06:10:00+00:00,2023-03-20 07:10:00+01:00,0.0,0.0,0.0,0.0,7.79,1.52,0.0
2023-03-20 07:10:00+00:00,2023-03-20 08:10:00+01:00,370.6,111.02,8.28,7.91,7.37,1.52,0.0
2023-03-20 08:10:00+00:00,2023-03-20 09:10:00+01:00,645.07,169.56,20.35,19.56,11.42,0.97,0.0
2023-03-20 09:10:00+00:00,2023-03-20 10:10:00+01:00,758.13,182.94,24.79,30.61,15.63,1.03,0.0
2023-03-20 10:10:00+00:00,2023-03-20 11:10:00+01:00,855.63,173.17,23.96,40.44,18.21,1.17,0.0
2023-03-20 11:10:00+00:00,2023-03-20 12:10:00+01:00,898.06,166.62,20.52,48.06,20.3,1.1,0.0
2023-03-20 12:10:00+00:00,2023-03-20 13:10:00+01:00,940.12,151.35,18.34,52.02,21.89,1.1,0.0
2023-03-20 13:10:00+00:00,2023-03-20 14:10:00+01:00,911.71,164.04,18.7,51.15,22.99,1.17,0.0
2023-03-20 14:10:00+00:00,2023-03-20 15:10:00+01:00,874.15,173.99,21.63,45.74,23.59,1.03,0.0
2023-03-20 15:10:00+00:00,2023-03-20 16:10:00+01:00,820.4,179.31,24.63,37.2,23.94,0.9,0.0
2023-03-20 16:10:00+00:00,2023-03-20 17:10:00+01:00,719.46,182.16,23.96,26.85,23.95,1.24,0.0
2023-03-20 17:10:00+00:00,2023-03-20 18:10:00+01:00,567.21,158.83,16.84,15.54,23.56,1.52,0.0
2023-03-20 18:10:00+00:00,2023-03-20 19:10:00+01:00,30.37,14.24,1.96,3.78,22.72,1.45,0.0
2023-03-20 19:10:00+00:00,2023-03-20 20:10:00+01:00,0.0,0.0,0.0,0.0,21.44,0.41,0.0
2023-03-20 20:10:00+00:00,2023-03-20 21:10:00+01:00,0.0,0.0,0.0,0.0,20.87,0.28,0.0
2023-03-20 21:10:00+00:00,2023-03-20 22:10:00+01:00,0.0,0.0,0.0,0.0,19.53,0.97,0.0
2023-03-20 22:10:00+00:00,2023-03-20 23:10:00+01:00,0.0,0.0,0.0,0.0,14.47,2.0,0.0
2023-03-20 23:10:00+00:00,2023-03-21 00:10:00+01:00,0.0,0.0,0.0,0.0,13.47,2.69,0.0
2023-03-21 00:10:00+00:00,2023-03-21 01:10:00+01:00,0.0,0.0,0.0,0.0,12.92,2.76,0.0
2023-03-21 01:10:00+00:00,2023-03-21 02:10:00+01:00,0.0,0.0,0.0,0.0,12.23,2.41,0.0
2023-03-21 02:10:00+00:00,2023-03-21 03:10:00+01:00,0.0,0.0,0.0,0.0,11.33,2.07,0.0
2023-03-21 03:10:00+00:00,2023-03-21 04:10:00+01:00,0.0,0.0,0.0,0.0,10.64,1.66,0.0
2023-03-21 04:10:00+00:00,2023-03-21 05:10:00+01:00,0.0,0.0,0.0,0.0,11.14,1.24,0.0
2023-03-21 05:10:00+00:00,2023-03-21 06:10:00+01:00,0.0,0.0,0.0,0.0,11.93,0.97,0.0
2023-03-21 06:10:00+00:00,2023-03-21 07:10:00+01:00,0.0,0.0,0.0,0.0,11.65,1.03,0.0
2023-03-21 07:10:00+00:00,2023-03-21 08:10:00+01:00,0.0,0.0,0.0,0.0,8.71,1.45,0.0
2023-03-21 08:10:00+00:00,2023-03-21 09:10:00+01:00,0.0,0.0,0.0,0.0,11.99,0.76,0.0
2023-03-21 09:10:00+00:00,2023-03-21 10:10:00+01:00,655.43,213.71,23.61,30.94,15.98,0.83,0.0
2023-03-21 10:10:00+00:00,2023-03-21 11:10:00+01:00,817.2,185.96,23.32,40.8,18.62,0.9,0.0
2023-03-21 11:10:00+00:00,2023-03-21 12:10:00+01:00,857.84,182.8,19.88,48.45,20.81,0.9,0.0
2023-03-21 12:10:00+00:00,2023-03-21 13:10:00+01:00,948.9,144.93,18.09,52.42,22.69,1.1,0.0
2023-03-21 13:10:00+00:00,2023-03-21 14:10:00+01:00,895.54,168.93,18.27,51.51,23.96,0.97,0.0
2023-03-21 14:10:00+00:00,2023-03-21 15:10:00+01:00,857.09,178.89,21.23,46.04,24.72,0.83,0.0
2023-03-21 15:10:00+00:00,2023-03-21 16:10:00+01:00,817.3,178.39,24.45,37.45,25.14,1.03,0.0
2023-03-21 16:10:00+00:00,2023-03-21 17:10:00+01:00,685.62,188.13,23.49,27.07,25.2,1.45,0.0
2023-03-21 17:10:00+00:00,2023-03-21 18:10:00+01:00,494.12,162.51,16.18,15.73,24.85,1.72,0.0
2023-03-21 18:10:00+00:00,2023-03-21 19:10:00+01:00,43.47,16.91,2.14,3.96,23.86,1.52,0.0
2023-03-21 19:10:00+00:00,2023-03-21 20:10:00+01:00,0.0,0.0,0.0,0.0,21.93,2.0,0.0
2023-03-21 20:10:00+00:00,2023-03-21 21:10:00+01:00,0.0,0.0,0.0,0.0,19.95,2.48,0.0
2023-03-21 21:10:00+00:00,2023-03-21 22:10:00+01:00,0.0,0.0,0.0,0.0,18.38,3.03,0.0
2023-03-21 22:10:00+00:00,2023-03-21 23:10:00+01:00,0.0,0.0,0.0,0.0,16.94,3.31,0.0
2023-03-21 23:10:00+00:00,2023-03-22 00:10:00+01:00,0.0,0.0,0.0,0.0,15.77,3.24,0.0
2023-03-22 00:10:00+00:00,2023-03-22 01:10:00+01:00,0.0,0.0,0.0,0.0,14.9,3.03,0.0
2023-03-22 01:10:00+00:00,2023-03-22 02:10:00+01:00,0.0,0.0,0.0,0.0,14.16,2.69,0.0
2023-03-22 02:10:00+00:00,2023-03-22 03:10:00+01:00,0.0,0.0,0.0,0.0,13.43,2.21,0.0
2023-03-22 03:10:00+00:00,2023-03-22 04:10:00+01:00,0.0,0.0,0.0,0.0,12.47,1.79,0.0
2023-03-22 04:10:00+00:00,2023-03-22 05:10:00+01:00,0.0,0.0,0.0,0.0,12.09,1.1,0.0
2023-03-22 05:10:00+00:00,2023-03-22 06:10:00+01:00,0.0,0.0,0.0,0.0,12.82,0.07,0.0
2023-03-22 06:10:00+00:00,2023-03-22 07:10:00+01:00,0.0,0.0,0.0,0.0,12.23,0.69,0.0
2023-03-22 07:10:00+00:00,2023-03-22 08:10:00+01:00,0.0,0.0,0.0,0.0,9.54,1.52,0.0
2023-03-22 08:10:00+00:00,2023-03-22 09:10:00+01:00,640.26,172.69,20.63,20.19,13.38,0.9,0.0
2023-03-22 09:10:00+00:00,2023-03-22 10:10:00+01:00,768.55,180.19,24.86,31.28,17.06,0.9,0.0
2023-03-22 10:10:00+00:00,2023-03-22 11:10:00+01:00,853.8,172.69,23.58,41.17,19.68,0.69,0.0
2023-03-22 11:10:00+00:00,2023-03-22 12:10:00+01:00,908.47,160.62,20.09,48.84,22.1,0.34,0.0
2023-03-22 12:10:00+00:00,2023-03-22 13:10:00+01:00,950.11,145.58,17.85,52.82,24.06,0.14,0.0
2023-03-22 13:10:00+00:00,2023-03-22 14:10:00+01:00,910.08,162.78,18.15,51.88,25.38,0.76,0.0
2023-03-22 14:10:00+00:00,2023-03-22 15:10:00+01:00,859.6,178.4,21.09,46.35,26.19,1.45,0.0
2023-03-22 15:10:00+00:00,2023-03-22 16:10:00+01:00,819.18,179.28,24.43,37.7,26.56,2.07,0.0
2023-03-22 16:10:00+00:00,2023-03-22 17:10:00+01:00,687.23,189.09,23.56,27.28,26.44,2.55,0.0
2023-03-22 17:10:00+00:00,2023-03-22 18:10:00+01:00,568.58,160.53,17.12,15.92,25.84,3.03,0.0
2023-03-22 18:10:00+00:00,2023-03-22 19:10:00+01:00,41.59,17.5,2.23,4.14,24.52,2.69,0.0
2023-03-22 19:10:00+00:00,2023-03-22 20:10:00+01:00,0.0,0.0,0.0,0.0,22.32,2.69,0.0
2023-03-22 20:10:00+00:00,2023-03-22 21:10:00+01:00,0.0,0.0,0.0,0.0,20.48,2.97,0.0
2023-03-22 21:10:00+00:00,2023-03-22 22:10:00+01:00,0.0,0.0,0.0,0.0,18.87,3.03,0.0
2023-03-22 22:10:00+00:00,2023-03-22 23:10:00+01:00,0.0,0.0,0.0,0.0,17.48,2.83,0.0
2023-03-22 23:10:00+00:00,2023-03-23 00:10:00+01:00,0.0,0.0,0.0,0.0,16.34,2.76,0.0
2023-03-23 00:10:00+00:00,2023-03-23 01:10:00+01:00,0.0,0.0,0.0,0.0,15.45,2.55,0.0
2023-03-23 01:10:00+00:00,2023-03-23 02:10:00+01:00,0.0,0.0,0.0,0.0,14.61,2.28,0.0
2023-03-23 02:10:00+00:00,2023-03-23 03:10:00+01:00,0.0,0.0,0.0,0.0,13.65,1.86,0.0
2023-03-23 03:10:00+00:00,2023-03-23 04:10:00+01:00,0.0,0.0,0.0,0.0,12.62,1.45,0.0
2023-03-23 04:10:00+00:00,2023-03-23 05:10:00+01:00,0.0,0.0,0.0,0.0,13.02,1.03,0.0
2023-03-23 05:10:00+00:00,2023-03-23 06:10:00+01:00,0.0,0.0,0.0,0.0,12.84,0.97,0.0
2023-03-23 06:10:00+00:00,2023-03-23 07:10:00+01:00,0.0,0.0,0.0,0.0,11.26,1.24,0.0
2023-03-23 07:10:00+00:00,2023-03-23 08:10:00+01:00,397.74,119.89,9.4,8.82,10.46,1.24,0.0
2023-03-23 08:10:00+00:00,2023-03-23 09:10:00+01:00,647.99,172.19,20.85,20.51,14.19,0.55,0.0
2023-03-23 09:10:00+00:00,2023-03-23 10:10:00+01:00,772.7,181.01,24.94,31.61,18.05,0.62,0.0
2023-03-23 10:10:00+00:00,2023-03-23 11:10:00+01:00,846.17,176.76,23.36,41.53,20.79,0.48,0.0
2023-03-23 11:10:00+00:00,2023-03-23 12:10:00+01:00,899.12,165.78,19.77,49.24,23.17,0.69,0.0
2023-03-23 12:10:00+00:00,2023-03-23 13:10:00+01:00,928.89,156.42,17.42,53.22,24.85,1.66,0.0
2023-03-23 13:10:00+00:00,2023-03-23 14:10:00+01:00,900.5,169.09,17.86,52.25,25.98,2.69,0.0
2023-03-23 14:10:00+00:00,2023-03-23 15:10:00+01:00,863.52,177.98,20.97,46.66,26.61,3.52,0.0
2023-03-23 15:10:00+00:00,2023-03-23 16:10:00+01:00,811.35,182.21,24.25,37.95,26.73,4.28,0.0
2023-03-23 16:10:00+00:00,2023-03-23 17:10:00+01:00,704.02,185.71,23.8,27.49,26.26,4.69,0.0
2023-03-23 17:10:00+00:00,2023-03-23 18:10:00+01:00,511.66,165.55,16.69,16.11,25.25,4.69,0.0
2023-03-23 18:10:00+00:00,2023-03-23 19:10:00+01:00,0.0,2.14,0.37,4.32,23.7,3.93,0.0
2023-03-23 19:10:00+00:00,2023-03-23 20:10:00+01:00,0.0,0.0,0.0,0.0,21.62,3.72,0.0
2023-03-23 20:10:00+00:00,2023-03-23 21:10:00+01:00,0.0,0.0,0.0,0.0,20.18,3.59,0.0
2023-03-23 21:10:00+00:00,2023-03-23 22:10:00+01:00,0.0,0.0,0.0,0.0,18.85,3.24,0.0
2023-03-23 22:10:00+00:00,2023-03-23 23:10:00+01:00,0.0,0.0,0.0,0.0,17.3,2.97,0.0
2023-03-23 23:10:00+00:00,2023-03-24 00:10:00+01:00,0.0,0.0,0.0,0.0,16.04,2.83,0.0
2023-03-24 00:10:00+00:00,2023-03-24 01:10:00+01:00,0.0,0.0,0.0,0.0,15.07,2.76,0.0
2023-03-24 01:10:00+00:00,2023-03-24 02:10:00+01:00,0.0,0.0,0.0,0.0,14.34,2.55,0.0
2023-03-24 02:10:00+00:00,2023-03-24 03:10:00+01:00,0.0,0.0,0.0,0.0,13.56,2.28,0.0
2023-03-24 03:10:00+00:00,2023-03-24 04:10:00+01:00,0.0,0.0,0.0,0.0,12.69,2.0,0.0
2023-03-24 04:10:00+00:00,2023-03-24 05:10:00+01:00,0.0,0.0,0.0,0.0,11.76,1.79,0.0
2023-03-24 05:10:00+00:00,2023-03-24 06:10:00+01:00,0.0,0.0,0.0,0.0,11.05,1.52,0.0
2023-03-24 06:10:00+00:00,2023-03-24 07:10:00+01:00,0.0,0.0,0.0,0.0,11.59,1.1,0.0
2023-03-24 07:10:00+00:00,2023-03-24 08:10:00+01:00,239.58,98.52,8.25,9.13,11.61,0.83,0.0
2023-03-24 08:10:00+00:00,2023-03-24 09:10:00+01:00,489.54,190.41,19.14,20.82,13.36,0.76,0.0
2023-03-24 09:10:00+00:00,2023-03-24 10:10:00+01:00,548.12,241.65,22.32,31.94,15.75,0.83,0.0
2023-03-24 10:10:00+00:00,2023-03-24 11:10:00+01:00,777.29,201.51,22.4,41.89,17.94,1.03,0.0
2023-03-24 11:10:00+00:00,2023-03-24 12:10:00+01:00,698.3,258.46,17.93,49.63,19.83,1.52,0.0
2023-03-24 12:10:00+00:00,2023-03-24 13:10:00+01:00,783.73,225.5,16.1,53.62,21.42,1.93,0.0
2023-03-24 13:10:00+00:00,2023-03-24 14:10:00+01:00,779.05,227.16,16.72,52.61,22.67,2.34,0.0
2023-03-24 14:10:00+00:00,2023-03-24 15:10:00+01:00,771.67,218.11,19.97,46.96,23.61,2.83,0.0
2023-03-24 15:10:00+00:00,2023-03-24 16:10:00+01:00,711.48,218.77,23.09,38.2,24.04,3.1,0.0
2023-03-24 16:10:00+00:00,2023-03-24 17:10:00+01:00,694.82,185.31,23.6,27.7,24.13,3.17,0.0
2023-03-24 17:10:00+00:00,2023-03-24 18:10:00+01:00,580.77,160.26,17.48,16.3,23.72,2.97,0.0
2023-03-24 18:10:00+00:00,2023-03-24 19:10:00+01:00,178.66,45.55,3.59,4.49,22.92,2.34,0.0
2023-03-24 19:10:00+00:00,2023-03-24 20:10:00+01:00,0.0,0.0,0.0,0.0,21.42,1.93,0.0
2023-03-24 20:10:00+00:00,2023-03-24 21:10:00+01:00,0.0,0.0,0.0,0.0,20.02,1.86,0.0
2023-03-24 21:10:00+00:00,2023-03-24 22:10:00+01:00,0.0,0.0,0.0,0.0,18.43,1.66,0.0
2023-03-24 22:10:00+00:00,2023-03-24 23:10:00+01:00,0.0,0.0,0.0,0.0,16.84,1.45,0.0
2023-03-24 23:10:00+00:00,2023-03-25 00:10:00+01:00,0.0,0.0,0.0,0.0,17.01,0.97,0.0
2023-03-25 00:10:00+00:00,2023-03-25 01:10:00+01:00,0.0,0.0,0.0,0.0,17.21,0.55,0.0
2023-03-25 01:10:00+00:00,2023-03-25 02:10:00+01:00,0.0,0.0,0.0,0.0,16.54,0.14,0.0
2023-03-25 02:10:00+00:00,2023-03-25 03:10:00+01:00,0.0,0.0,0.0,0.0,15.84,0.07,0.0
2023-03-25 03:10:00+00:00,2023-03-25 04:10:00+01:00,0.0,0.0,0.0,0.0,15.14,0.28,0.0
2023-03-25 04:10:00+00:00,2023-03-25 05:10:00+01:00,0.0,0.0,0.0,0.0,14.42,0.62,0.0
2023-03-25 05:10:00+00:00,2023-03-25 06:10:00+01:00,0.0,0.0,0.0,0.0,13.8,0.69,0.0
2023-03-25 06:10:00+00:00,2023-03-25 07:10:00+01:00,0.0,0.0,0.0,0.0,13.23,0.9,0.0
2023-03-25 07:10:00+00:00,2023-03-25 08:10:00+01:00,366.21,118.2,9.62,9.43,11.56,1.52,0.0
2023-03-25 08:10:00+00:00,2023-03-25 09:10:00+01:00,637.92,170.91,20.85,21.13,15.91,1.59,0.0
2023-03-25 09:10:00+00:00,2023-03-25 10:10:00+01:00,764.05,177.98,24.56,32.28,19.04,2.34,0.0
2023-03-25 10:10:00+00:00,2023-03-25 11:10:00+01:00,838.81,172.01,22.74,42.25,21.39,2.55,0.0
2023-03-25 11:10:00+00:00,2023-03-25 12:10:00+01:00,879.6,166.15,18.93,50.02,23.4,2.07,0.0
2023-03-25 12:10:00+00:00,2023-03-25 13:10:00+01:00,920.61,151.46,16.65,54.02,25.14,1.59,0.0
2023-03-25 13:10:00+00:00,2023-03-25 14:10:00+01:00,891.79,164.08,17.14,52.98,26.41,1.24,0.0
2023-03-25 14:10:00+00:00,2023-03-25 15:10:00+01:00,855.05,173.9,20.37,47.26,27.23,1.24,0.0
2023-03-25 15:10:00+00:00,2023-03-25 16:10:00+01:00,802.52,178.9,23.79,38.45,27.64,1.38,0.0
2023-03-25 16:10:00+00:00,2023-03-25 17:10:00+01:00,702.89,180.83,23.62,27.91,27.74,1.79,0.0
2023-03-25 17:10:00+00:00,2023-03-25 18:10:00+01:00,567.36,158.63,17.33,16.49,27.31,2.21,0.0
2023-03-25 18:10:00+00:00,2023-03-25 19:10:00+01:00,233.27,57.62,4.13,4.67,26.26,2.14,0.0
2023-03-25 19:10:00+00:00,2023-03-25 20:10:00+01:00,0.0,0.0,0.0,0.0,24.0,2.55,0.0
2023-03-25 20:10:00+00:00,2023-03-25 21:10:00+01:00,0.0,0.0,0.0,0.0,22.39,2.9,0.0
2023-03-25 21:10:00+00:00,2023-03-25 22:10:00+01:00,0.0,0.0,0.0,0.0,21.04,2.83,0.0
2023-03-25 22:10:00+00:00,2023-03-25 23:10:00+01:00,0.0,0.0,0.0,0.0,19.95,2.34,0.0
2023-03-25 23:10:00+00:00,2023-03-26 00:10:00+01:00,0.0,0.0,0.0,0.0,18.87,1.86,0.0
2023-03-26 00:10:00+00:00,2023-03-26 01:10:00+01:00,0.0,0.0,0.0,0.0,17.61,1.59,0.0
2023-03-26 01:10:00+00:00,2023-03-26 03:10:00+02:00,0.0,0.0,0.0,0.0,17.37,1.31,0.0
2023-03-26 02:10:00+00:00,2023-03-26 04:10:00+02:00,0.0,0.0,0.0,0.0,18.47,0.76,0.0
2023-03-26 03:10:00+00:00,2023-03-26 05:10:00+02:00,0.0,0.0,0.0,0.0,17.8,0.34,0.0
2023-03-26 04:10:00+00:00,2023-03-26 06:10:00+02:00,0.0,0.0,0.0,0.0,16.93,0.62,0.0
2023-03-26 05:10:00+00:00,2023-03-26 07:10:00+02:00,0.0,0.0,0.0,0.0,15.62,1.1,0.0
2023-03-26 06:10:00+00:00,2023-03-26 08:10:00+02:00,0.0,0.0,0.0,0.0,13.12,1.59,0.0
2023-03-26 07:10:00+00:00,2023-03-26 09:10:00+02:00,212.94,98.42,8.56,9.73,12.94,1.24,0.0
2023-03-26 08:10:00+00:00,2023-03-26 10:10:00+02:00,672.81,170.97,21.57,21.45,15.75,1.17,0.0
2023-03-26 09:10:00+00:00,2023-03-26 11:10:00+02:00,744.13,189.72,24.44,32.61,18.22,1.93,0.0
2023-03-26 10:10:00+00:00,2023-03-26 12:10:00+02:00,836.02,180.28,22.71,42.61,20.2,2.0,0.0
2023-03-26 11:10:00+00:00,2023-03-26 13:10:00+02:00,886.29,170.61,18.88,50.41,22.2,2.07,0.0
2023-03-26 12:10:00+00:00,2023-03-26 14:10:00+02:00,890.18,173.57,16.28,54.42,23.83,2.28,0.0
2023-03-26 13:10:00+00:00,2023-03-26 15:10:00+02:00,886.33,174.02,16.97,53.34,25.1,2.62,0.0
2023-03-26 14:10:00+00:00,2023-03-26 16:10:00+02:00,861.8,177.4,20.38,47.56,25.98,2.97,0.0
2023-03-26 15:10:00+00:00,2023-03-26 17:10:00+02:00,761.46,200.82,23.43,38.69,26.42,3.1,0.0
2023-03-26 16:10:00+00:00,2023-03-26 18:10:00+02:00,679.06,192.56,23.53,28.11,26.46,3.17,0.0
2023-03-26 17:10:00+00:00,2023-03-26 19:10:00+02:00,547.32,163.39,17.33,16.67,26.05,3.17,0.0
2023-03-26 18:10:00+00:00,2023-03-26 20:10:00+02:00,201.13,55.65,4.12,4.85,25.01,2.76,0.0
2023-03-26 19:10:00+00:00,2023-03-26 21:10:00+02:00,0.0,0.0,0.0,0.0,23.12,2.62,0.0
2023-03-26 20:10:00+00:00,2023-03-26 22:10:00+02:00,0.0,0.0,0.0,0.0,21.46,2.83,0.0
2023-03-26 21:10:00+00:00,2023-03-26 23:10:00+02:00,0.0,0.0,0.0,0.0,20.09,2.9,0.0
2023-03-26 22:10:00+00:00,2023-03-27 00:10:00+02:00,0.0,0.0,0.0,0.0,18.89,2.83,0.0
2023-03-26 23:10:00+00:00,2023-03-27 01:10:00+02:00,0.0,0.0,0.0,0.0,17.68,2.55,0.0
2023-03-27 00:10:00+00:00,2023-03-27 02:10:00+02:00,0.0,0.0,0.0,0.0,16.49,2.41,0.0
2023-03-27 01:10:00+00:00,2023-03-27 03:10:00+02:00,0.0,0.0,0.0,0.0,15.33,2.48,0.0
2023-03-27 02:10:00+00:00,2023-03-27 04:10:00+02:00,0.0,0.0,0.0,0.0,14.38,2.62,0.0
2023-03-27 03:10:00+00:00,2023-03-27 05:10:00+02:00,0.0,0.0,0.0,0.0,13.79,2.55,0.0
2023-03-27 04:10:00+00:00,2023-03-27 06:10:00+02:00,0.0,0.0,0.0,0.0,13.13,2.41,0.0
2023-03-27 05:10:00+00:00,2023-03-27 07:10:00+02:00,0.0,0.0,0.0,0.0,12.46,2.34,0.0
2023-03-27 06:10:00+00:00,2023-03-27 08:10:00+02:00,0.0,0.0,0.0,0.0,12.07,2.34,0.0
2023-03-27 07:10:00+00:00,2023-03-27 09:10:00+02:00,195.1,96.07,8.59,10.04,12.31,2.28,0.0
2023-03-27 08:10:00+00:00,2023-03-27 10:10:00+02:00,431.63,202.65,19.07,21.76,14.31,2.28,0.0
2023-03-27 09:10:00+00:00,2023-03-27 11:10:00+02:00,266.67,267.71,18.43,32.94,17.25,3.17,0.0
2023-03-27 10:10:00+00:00,2023-03-27 12:10:00+02:00,721.81,235.12,21.62,42.97,20.04,3.24,0.0
2023-03-27 11:10:00+00:00,2023-03-27 13:10:00+02:00,754.89,241.2,17.78,50.8,22.58,2.76,0.0
2023-03-27 12:10:00+00:00,2023-03-27 14:10:00+02:00,641.1,304.14,14.58,54.82,24.66,1.86,0.0
2023-03-27 13:10:00+00:00,2023-03-27 15:10:00+02:00,207.21,406.35,11.31,53.7,25.9,1.03,0.0
2023-03-27 14:10:00+00:00,2023-03-27 16:10:00+02:00,267.03,369.08,14.66,47.86,26.63,0.34,0.0
2023-03-27 15:10:00+00:00,2023-03-27 17:10:00+02:00,714.52,225.0,23.04,38.93,27.14,0.28,0.0
2023-03-27 16:10:00+00:00,2023-03-27 18:10:00+02:00,716.74,185.72,24.07,28.32,27.31,0.62,0.0
2023-03-27 17:10:00+00:00,2023-03-27 19:10:00+02:00,600.18,164.11,18.18,16.85,27.01,0.83,0.0
2023-03-27 18:10:00+00:00,2023-03-27 20:10:00+02:00,308.28,71.71,4.84,5.02,26.0,0.83,0.0
2023-03-27 19:10:00+00:00,2023-03-27 21:10:00+02:00,0.0,0.0,0.0,0.0,24.62,0.76,0.0
2023-03-27 20:10:00+00:00,2023-03-27 22:10:00+02:00,0.0,0.0,0.0,0.0,23.36,0.55,0.0
2023-03-27 21:10:00+00:00,2023-03-27 23:10:00+02:00,0.0,0.0,0.0,0.0,19.4,1.45,0.0
2023-03-27 22:10:00+00:00,2023-03-28 00:10:00+02:00,0.0,0.0,0.0,0.0,16.59,2.0,0.0
2023-03-27 23:10:00+00:00,2023-03-28 01:10:00+02:00,0.0,0.0,0.0,0.0,15.19,2.21,0.0
2023-03-28 00:10:00+00:00,2023-03-28 02:10:00+02:00,0.0,0.0,0.0,0.0,14.14,2.0,0.0
2023-03-28 01:10:00+00:00,2023-03-28 03:10:00+02:00,0.0,0.0,0.0,0.0,14.08,1.59,0.0
2023-03-28 02:10:00+00:00,2023-03-28 04:10:00+02:00,0.0,0.0,0.0,0.0,14.82,1.17,0.0
2023-03-28 03:10:00+00:00,2023-03-28 05:10:00+02:00,0.0,0.0,0.0,0.0,12.46,1.59,0.0
2023-03-28 04:10:00+00:00,2023-03-28 06:10:00+02:00,0.0,0.0,0.0,0.0,10.8,1.93,0.0
2023-03-28 05:10:00+00:00,2023-03-28 07:10:00+02:00,0.0,0.0,0.0,0.0,10.17,1.86,0.0
2023-03-28 06:10:00+00:00,2023-03-28 08:10:00+02:00,0.0,0.0,0.0,0.0,9.67,1.93,0.0
2023-03-28 07:10:00+00:00,2023-03-28 09:10:00+02:00,423.5,129.66,11.0,10.34,10.07,2.07,0.0
2023-03-28 08:10:00+00:00,2023-03-28 10:10:00+02:00,620.14,182.47,21.23,22.07,14.63,2.14,0.0
2023-03-28 09:10:00+00:00,2023-03-28 11:10:00+02:00,754.71,190.15,24.56,33.27,18.8,2.28,0.0
2023-03-28 10:10:00+00:00,2023-03-28 12:10:00+02:00,843.8,180.45,22.5,43.33,22.22,2.48,0.0
2023-03-28 11:10:00+00:00,2023-03-28 13:10:00+02:00,858.56,185.11,18.17,51.19,24.82,2.69,0.0
2023-03-28 12:10:00+00:00,2023-03-28 14:10:00+02:00,898.55,171.44,15.81,55.22,26.65,2.76,0.0
2023-03-28 13:10:00+00:00,2023-03-28 15:10:00+02:00,776.9,233.66,15.84,54.06,27.78,2.55,0.0
2023-03-28 14:10:00+00:00,2023-03-28 16:10:00+02:00,739.67,238.81,19.13,48.15,28.39,2.28,0.0
2023-03-28 15:10:00+00:00,2023-03-28 17:10:00+02:00,783.68,194.68,23.54,39.17,28.63,2.14,0.0
2023-03-28 16:10:00+00:00,2023-03-28 18:10:00+02:00,624.12,211.68,23.1,28.52,28.47,2.34,0.0
2023-03-28 17:10:00+00:00,2023-03-28 19:10:00+02:00,395.98,171.2,16.05,17.03,27.8,2.83,0.0
2023-03-28 18:10:00+00:00,2023-03-28 20:10:00+02:00,286.89,73.0,4.91,5.2,26.26,2.97,0.0
2023-03-28 19:10:00+00:00,2023-03-28 21:10:00+02:00,0.0,0.0,0.0,0.0,23.33,3.52,0.0
2023-03-28 20:10:00+00:00,2023-03-28 22:10:00+02:00,0.0,0.0,0.0,0.0,20.9,3.52,0.0
2023-03-28 21:10:00+00:00,2023-03-28 23:10:00+02:00,0.0,0.0,0.0,0.0,19.15,3.24,0.0
2023-03-28 22:10:00+00:00,2023-03-29 00:10:00+02:00,0.0,0.0,0.0,0.0,18.01,2.9,0.0
2023-03-28 23:10:00+00:00,2023-03-29 01:10:00+02:00,0.0,0.0,0.0,0.0,17.11,2.48,0.0
2023-03-29 00:10:00+00:00,2023-03-29 02:10:00+02:00,0.0,0.0,0.0,0.0,16.14,1.93,0.0
2023-03-29 01:10:00+00:00,2023-03-29 03:10:00+02:00,0.0,0.0,0.0,0.0,14.85,1.86,0.0
2023-03-29 02:10:00+00:00,2023-03-29 04:10:00+02:00,0.0,0.0,0.0,0.0,13.82,2.21,0.0
2023-03-29 03:10:00+00:00,2023-03-29 05:10:00+02:00,0.0,0.0,0.0,0.0,13.24,2.41,0.0
2023-03-29 04:10:00+00:00,2023-03-29 06:10:00+02:00,0.0,0.0,0.0,0.0,12.85,2.48,0.0
2023-03-29 05:10:00+00:00,2023-03-29 07:10:00+02:00,0.0,0.0,0.0,0.0,12.54,2.55,0.0
2023-03-29 06:10:00+00:00,2023-03-29 08:10:00+02:00,0.0,0.0,0.0,0.0,12.23,2.55,0.0
2023-03-29 07:10:00+00:00,2023-03-29 09:10:00+02:00,379.15,129.56,10.93,10.64,12.49,2.48,0.0
2023-03-29 08:10:00+00:00,2023-03-29 10:10:00+02:00,677.65,174.14,22.05,22.38,15.77,2.69,0.0
2023-03-29 09:10:00+00:00,2023-03-29 11:10:00+02:00,760.83,189.72,24.61,33.6,19.15,3.03,0.0
2023-03-29 10:10:00+00:00,2023-03-29 12:10:00+02:00,838.28,183.24,22.27,43.69,22.4,3.17,0.0
2023-03-29 11:10:00+00:00,2023-03-29 13:10:00+02:00,898.6,169.07,18.28,51.58,25.21,2.97,0.0
2023-03-29 12:10:00+00:00,2023-03-29 14:10:00+02:00,914.88,165.47,15.68,55.61,27.39,2.48,0.0
2023-03-29 13:10:00+00:00,2023-03-29 15:10:00+02:00,897.61,172.68,16.38,54.42,28.84,2.34,0.0
2023-03-29 14:10:00+00:00,2023-03-29 16:10:00+02:00,849.9,186.32,19.81,48.45,29.56,2.55,0.0
2023-03-29 15:10:00+00:00,2023-03-29 17:10:00+02:00,812.8,184.11,23.77,39.41,29.71,2.76,0.0
2023-03-29 16:10:00+00:00,2023-03-29 18:10:00+02:00,680.48,198.12,23.74,28.72,29.46,2.9,0.0
2023-03-29 17:10:00+00:00,2023-03-29 19:10:00+02:00,523.72,170.22,17.53,17.21,28.75,3.1,0.0
2023-03-29 18:10:00+00:00,2023-03-29 20:10:00+02:00,213.55,64.57,4.62,5.37,27.29,2.62,0.0
2023-03-29 19:10:00+00:00,2023-03-29 21:10:00+02:00,0.0,0.0,0.0,0.0,24.71,2.97,0.0
2023-03-29 20:10:00+00:00,2023-03-29 22:10:00+02:00,0.0,0.0,0.0,0.0,22.61,3.24,0.0
2023-03-29 21:10:00+00:00,2023-03-29 23:10:00+02:00,0.0,0.0,0.0,0.0,20.92,3.31,0.0
2023-03-29 22:10:00+00:00,2023-03-30 00:10:00+02:00,0.0,0.0,0.0,0.0,19.37,3.1,0.0
2023-03-29 23:10:00+00:00,2023-03-30 01:10:00+02:00,0.0,0.0,0.0,0.0,18.02,2.9,0.0
2023-03-30 00:10:00+00:00,2023-03-30 02:10:00+02:00,0.0,0.0,0.0,0.0,16.94,2.76,0.0
2023-03-30 01:10:00+00:00,2023-03-30 03:10:00+02:00,0.0,0.0,0.0,0.0,16.1,2.69,0.0
2023-03-30 02:10:00+00:00,2023-03-30 04:10:00+02:00,0.0,0.0,0.0,0.0,15.39,2.48,0.0
2023-03-30 03:10:00+00:00,2023-03-30 05:10:00+02:00,0.0,0.0,0.0,0.0,14.79,2.28,0.0
2023-03-30 04:10:00+00:00,2023-03-30 06:10:00+02:00,0.0,0.0,0.0,0.0,14.22,2.0,0.0
2023-03-30 05:10:00+00:00,2023-03-30 07:10:00+02:00,0.0,0.0,0.0,0.0,13.5,1.79,0.0
2023-03-30 06:10:00+00:00,2023-03-30 08:10:00+02:00,0.0,0.0,0.0,0.0,12.96,1.31,0.0
2023-03-30 07:10:00+00:00,2023-03-30 09:10:00+02:00,447.91,134.1,11.75,10.94,14.19,0.83,0.0
2023-03-30 08:10:00+00:00,2023-03-30 10:10:00+02:00,645.58,178.32,21.68,22.69,16.56,0.41,0.0
2023-03-30 09:10:00+00:00,2023-03-30 11:10:00+02:00,756.16,188.24,24.39,33.92,19.16,0.62,0.0
2023-03-30 10:10:00+00:00,2023-03-30 12:10:00+02:00,844.4,178.92,22.1,44.04,21.78,0.97,0.0
2023-03-30 11:10:00+00:00,2023-03-30 13:10:00+02:00,514.21,339.77,15.23,51.96,24.07,0.97,0.0
2023-03-30 12:10:00+00:00,2023-03-30 14:10:00+02:00,896.13,171.36,15.22,56.01,26.07,1.72,0.0
2023-03-30 13:10:00+00:00,2023-03-30 15:10:00+02:00,880.19,177.45,15.95,54.77,27.6,3.03,0.0
2023-03-30 14:10:00+00:00,2023-03-30 16:10:00+02:00,855.42,181.1,19.62,48.74,28.43,4.14,0.0
2023-03-30 15:10:00+00:00,2023-03-30 17:10:00+02:00,805.64,185.72,23.57,39.64,28.6,4.55,0.0
2023-03-30 16:10:00+00:00,2023-03-30 18:10:00+02:00,732.03,182.18,24.27,28.92,28.4,4.62,0.0
2023-03-30 17:10:00+00:00,2023-03-30 19:10:00+02:00,638.91,159.12,18.86,17.39,27.88,4.69,0.0
2023-03-30 18:10:00+00:00,2023-03-30 20:10:00+02:00,227.57,69.95,4.88,5.55,26.79,3.93,0.0
2023-03-30 19:10:00+00:00,2023-03-30 21:10:00+02:00,0.0,0.0,0.0,0.0,24.18,3.93,0.0
2023-03-30 20:10:00+00:00,2023-03-30 22:10:00+02:00,0.0,0.0,0.0,0.0,22.38,3.52,0.0
2023-03-30 21:10:00+00:00,2023-03-30 23:10:00+02:00,0.0,0.0,0.0,0.0,20.7,3.1,0.0
2023-03-30 22:10:00+00:00,2023-03-31 00:10:00+02:00,0.0,0.0,0.0,0.0,19.29,2.83,0.0
2023-03-30 23:10:00+00:00,2023-03-31 01:10:00+02:00,0.0,0.0,0.0,0.0,18.22,2.69,0.0
2023-03-31 00:10:00+00:00,2023-03-31 02:10:00+02:00,0.0,0.0,0.0,0.0,17.4,2.48,0.0
2023-03-31 01:10:00+00:00,2023-03-31 03:10:00+02:00,0.0,0.0,0.0,0.0,16.8,2.14,0.0
2023-03-31 02:10:00+00:00,2023-03-31 04:10:00+02:00,0.0,0.0,0.0,0.0,16.05,1.86,0.0
2023-03-31 03:10:00+00:00,2023-03-31 05:10:00+02:00,0.0,0.0,0.0,0.0,15.09,1.45,0.0
2023-03-31 04:10:00+00:00,2023-03-31 06:10:00+02:00,0.0,0.0,0.0,0.0,14.84,0.97,0.0
2023-03-31 05:10:00+00:00,2023-03-31 07:10:00+02:00,0.0,0.0,0.0,0.0,15.06,0.41,0.0
2023-03-31 06:10:00+00:00,2023-03-31 08:10:00+02:00,0.0,0.0,0.0,0.0,14.58,0.41,0.0
2023-03-31 07:10:00+00:00,2023-03-31 09:10:00+02:00,420.74,134.2,11.75,11.24,13.88,0.48,0.0
2023-03-31 08:10:00+00:00,2023-03-31 10:10:00+02:00,476.14,202.83,19.87,22.99,16.55,0.21,0.0
2023-03-31 09:10:00+00:00,2023-03-31 11:10:00+02:00,668.11,216.93,23.35,34.25,18.97,0.76,0.0
2023-03-31 10:10:00+00:00,2023-03-31 12:10:00+02:00,724.71,229.44,20.79,44.39,21.1,0.83,0.0
2023-03-31 11:10:00+00:00,2023-03-31 13:10:00+02:00,803.29,209.13,16.95,52.35,23.07,1.38,0.0
2023-03-31 12:10:00+00:00,2023-03-31 14:10:00+02:00,849.99,190.15,14.6,56.4,24.66,2.21,0.0
2023-03-31 13:10:00+00:00,2023-03-31 15:10:00+02:00,828.85,200.67,15.34,55.13,25.85,3.1,0.0
2023-03-31 14:10:00+00:00,2023-03-31 16:10:00+02:00,821.21,193.63,19.09,49.02,26.59,3.93,0.0
2023-03-31 15:10:00+00:00,2023-03-31 17:10:00+02:00,853.19,163.77,23.9,39.88,26.71,4.14,0.0
2023-03-31 16:10:00+00:00,2023-03-31 18:10:00+02:00,604.2,213.62,22.74,29.12,26.48,4.41,0.0
2023-03-31 17:10:00+00:00,2023-03-31 19:10:00+02:00,390.84,171.71,16.2,17.57,25.82,4.41,0.0
2023-03-31 18:10:00+00:00,2023-03-31 20:10:00+02:00,300.97,86.87,5.58,5.72,24.77,3.93,0.0
2023-03-31 19:10:00+00:00,2023-03-31 21:10:00+02:00,0.0,0.0,0.0,0.0,22.71,3.24,0.0
2023-03-31 20:10:00+00:00,2023-03-31 22:10:00+02:00,0.0,0.0,0.0,0.0,21.37,2.9,0.0
2023-03-31 21:10:00+00:00,2023-03-31 23:10:00+02:00,0.0,0.0,0.0,0.0,20.17,2.62,0.0
2023-03-31 22:10:00+00:00,2023-04-01 00:10:00+02:00,0.0,0.0,0.0,0.0,19.22,2.48,0.0
2023-03-31 23:10:00+00:00,2023-04-01 01:10:00+02:00,0.0,0.0,0.0,0.0,18.51,2.41,0.0
2023-04-01 00:10:00+00:00,2023-04-01 02:10:00+02:00,0.0,0.0,0.0,0.0,17.79,2.14,0.0
2023-04-01 01:10:00+00:00,2023-04-01 03:10:00+02:00,0.0,0.0,0.0,0.0,17.07,1.93,0.0
2023-04-01 02:10:00+00:00,2023-04-01 04:10:00+02:00,0.0,0.0,0.0,0.0,16.26,1.93,0.0
2023-04-01 03:10:00+00:00,2023-04-01 05:10:00+02:00,0.0,0.0,0.0,0.0,15.24,1.72,0.0
2023-04-01 04:10:00+00:00,2023-04-01 06:10:00+02:00,0.0,0.0,0.0,0.0,14.1,1.59,0.0
2023-04-01 05:10:00+00:00,2023-04-01 07:10:00+02:00,0.0,0.0,0.0,0.0,13.49,1.52,0.0
2023-04-01 06:10:00+00:00,2023-04-01 08:10:00+02:00,0.0,0.0,0.0,0.0,12.51,1.79,0.0
2023-04-01 07:10:00+00:00,2023-04-01 09:10:00+02:00,380.02,130.54,11.52,11.54,12.74,1.38,0.0
2023-04-01 08:10:00+00:00,2023-04-01 10:10:00+02:00,685.13,167.29,22.18,23.3,15.74,1.93,0.0
2023-04-01 09:10:00+00:00,2023-04-01 11:10:00+02:00,667.91,213.17,23.14,34.57,17.1,1.79,0.0
2023-04-01 10:10:00+00:00,2023-04-01 12:10:00+02:00,822.48,178.78,21.28,44.75,18.87,2.0,0.0
2023-04-01 11:10:00+00:00,2023-04-01 13:10:00+02:00,816.78,196.14,16.68,52.73,20.76,2.41,0.0
2023-04-01 12:10:00+00:00,2023-04-01 14:10:00+02:00,885.6,165.37,14.45,56.8,22.39,2.69,0.0
2023-04-01 13:10:00+00:00,2023-04-01 15:10:00+02:00,869.03,171.41,15.21,55.48,23.73,2.97,0.0
2023-04-01 14:10:00+00:00,2023-04-01 16:10:00+02:00,844.05,175.88,18.95,49.31,25.07,3.86,0.0
2023-04-01 15:10:00+00:00,2023-04-01 17:10:00+02:00,343.06,307.28,18.15,40.11,25.8,4.62,0.0
2023-04-01 16:10:00+00:00,2023-04-01 18:10:00+02:00,431.0,237.26,20.52,29.31,25.48,5.1,0.0
2023-04-01 17:10:00+00:00,2023-04-01 19:10:00+02:00,101.69,116.21,11.4,17.75,24.75,5.31,0.0
2023-04-01 18:10:00+00:00,2023-04-01 20:10:00+02:00,301.95,85.12,5.65,5.89,23.72,4.69,0.0
2023-04-01 19:10:00+00:00,2023-04-01 21:10:00+02:00,0.0,0.0,0.0,0.0,21.65,3.93,0.0
2023-04-01 20:10:00+00:00,2023-04-01 22:10:00+02:00,0.0,0.0,0.0,0.0,20.42,3.79,0.0
2023-04-01 21:10:00+00:00,2023-04-01 23:10:00+02:00,0.0,0.0,0.0,0.0,19.39,3.59,0.0
2023-04-01 22:10:00+00:00,2023-04-02 00:10:00+02:00,0.0,0.0,0.0,0.0,18.43,3.24,0.0
2023-04-01 23:10:00+00:00,2023-04-02 01:10:00+02:00,0.0,0.0,0.0,0.0,17.6,2.97,0.0
2023-04-02 00:10:00+00:00,2023-04-02 02:10:00+02:00,0.0,0.0,0.0,0.0,16.92,2.76,0.0
2023-04-02 01:10:00+00:00,2023-04-02 03:10:00+02:00,0.0,0.0,0.0,0.0,16.26,2.62,0.0
2023-04-02 02:10:00+00:00,2023-04-02 04:10:00+02:00,0.0,0.0,0.0,0.0,15.7,2.28,0.0
2023-04-02 03:10:00+00:00,2023-04-02 05:10:00+02:00,0.0,0.0,0.0,0.0,14.93,2.07,0.0
2023-04-02 04:10:00+00:00,2023-04-02 06:10:00+02:00,0.0,0.0,0.0,0.0,14.59,2.21,0.0
2023-04-02 05:10:00+00:00,2023-04-02 07:10:00+02:00,0.0,0.0,0.0,0.0,14.64,2.62,0.0
2023-04-02 06:10:00+00:00,2023-04-02 08:10:00+02:00,0.0,0.0,0.0,0.0,14.3,2.76,0.0
2023-04-02 07:10:00+00:00,2023-04-02 09:10:00+02:00,492.56,140.2,12.96,11.83,14.3,2.48,0.0
2023-04-02 08:10:00+00:00,2023-04-02 10:10:00+02:00,681.81,175.84,22.48,23.6,16.24,3.79,0.0
2023-04-02 09:10:00+00:00,2023-04-02 11:10:00+02:00,798.88,176.17,24.74,34.89,17.99,4.55,0.0
2023-04-02 10:10:00+00:00,2023-04-02 12:10:00+02:00,838.64,181.51,21.47,45.1,19.36,4.34,0.0
2023-04-02 11:10:00+00:00,2023-04-02 13:10:00+02:00,897.69,166.55,17.17,53.11,21.05,4.07,0.0
2023-04-02 12:10:00+00:00,2023-04-02 14:10:00+02:00,912.61,163.2,14.5,57.19,22.42,3.59,0.0
2023-04-02 13:10:00+00:00,2023-04-02 15:10:00+02:00,895.62,170.5,15.33,55.83,23.48,3.31,0.0
2023-04-02 14:10:00+00:00,2023-04-02 16:10:00+02:00,870.69,175.28,19.23,49.59,24.17,3.24,0.0
2023-04-02 15:10:00+00:00,2023-04-02 17:10:00+02:00,823.48,178.53,23.46,40.33,24.55,3.38,0.0
2023-04-02 16:10:00+00:00,2023-04-02 18:10:00+02:00,743.14,179.79,24.41,29.51,24.6,3.38,0.0
2023-04-02 17:10:00+00:00,2023-04-02 19:10:00+02:00,562.1,169.72,18.34,17.93,24.34,3.1,0.0
2023-04-02 18:10:00+00:00,2023-04-02 20:10:00+02:00,321.83,90.3,5.99,6.06,23.68,2.34,0.0
2023-04-02 19:10:00+00:00,2023-04-02 21:10:00+02:00,0.0,0.0,0.0,0.0,22.27,2.28,0.0
2023-04-02 20:10:00+00:00,2023-04-02 22:10:00+02:00,0.0,0.0,0.0,0.0,20.34,2.48,0.0
2023-04-02 21:10:00+00:00,2023-04-02 23:10:00+02:00,0.0,0.0,0.0,0.0,18.63,2.55,0.0
2023-04-02 22:10:00+00:00,2023-04-03 00:10:00+02:00,0.0,0.0,0.0,0.0,17.38,2.69,0.0
2023-04-02 23:10:00+00:00,2023-04-03 01:10:00+02:00,0.0,0.0,0.0,0.0,16.39,2.83,0.0
2023-04-03 00:10:00+00:00,2023-04-03 02:10:00+02:00,0.0,0.0,0.0,0.0,15.5,2.76,0.0
2023-04-03 01:10:00+00:00,2023-04-03 03:10:00+02:00,0.0,0.0,0.0,0.0,14.65,2.69,0.0
2023-04-03 02:10:00+00:00,2023-04-03 04:10:00+02:00,0.0,0.0,0.0,0.0,13.85,2.69,0.0
2023-04-03 03:10:00+00:00,2023-04-03 05:10:00+02:00,0.0,0.0,0.0,0.0,13.23,2.83,0.0
2023-04-03 04:10:00+00:00,2023-04-03 06:10:00+02:00,0.0,0.0,0.0,0.0,12.79,2.9,0.0
2023-04-03 05:10:00+00:00,2023-04-03 07:10:00+02:00,0.0,0.0,0.0,0.0,12.47,3.03,0.0
2023-04-03 06:10:00+00:00,2023-04-03 08:10:00+02:00,0.0,0.0,0.0,0.0,12.19,3.03,0.0
2023-04-03 07:10:00+00:00,2023-04-03 09:10:00+02:00,518.84,145.27,13.59,12.13,12.45,2.97,0.0
2023-04-03 08:10:00+00:00,2023-04-03 10:10:00+02:00,686.03,180.19,22.78,23.91,15.3,3.38,0.0
2023-04-03 09:10:00+00:00,2023-04-03 11:10:00+02:00,809.9,180.54,25.02,35.21,18.11,4.07,0.0
2023-04-03 10:10:00+00:00,2023-04-03 12:10:00+02:00,860.28,180.66,21.67,45.44,20.32,4.21,0.0
2023-04-03 11:10:00+00:00,2023-04-03 13:10:00+02:00,905.7,170.95,17.11,53.49,22.0,3.72,0.0
2023-04-03 12:10:00+00:00,2023-04-03 14:10:00+02:00,932.34,161.96,14.47,57.58,23.26,3.1,0.0
2023-04-03 13:10:00+00:00,2023-04-03 15:10:00+02:00,914.83,169.34,15.33,56.18,24.21,2.76,0.0
2023-04-03 14:10:00+00:00,2023-04-03 16:10:00+02:00,755.92,242.26,18.41,49.87,24.83,2.62,0.0
2023-04-03 15:10:00+00:00,2023-04-03 17:10:00+02:00,716.64,233.84,22.63,40.56,25.09,2.48,0.0
2023-04-03 16:10:00+00:00,2023-04-03 18:10:00+02:00,686.29,205.83,24.07,29.7,24.97,2.21,0.0
2023-04-03 17:10:00+00:00,2023-04-03 19:10:00+02:00,354.07,178.69,16.34,18.1,24.57,1.86,0.0
2023-04-03 18:10:00+00:00,2023-04-03 20:10:00+02:00,211.77,76.17,5.53,6.24,23.82,1.1,0.0
2023-04-03 19:10:00+00:00,2023-04-03 21:10:00+02:00,0.0,0.0,0.0,0.0,22.73,0.9,0.0
2023-04-03 20:10:00+00:00,2023-04-03 22:10:00+02:00,0.0,0.0,0.0,0.0,20.35,1.72,0.0
2023-04-03 21:10:00+00:00,2023-04-03 23:10:00+02:00,0.0,0.0,0.0,0.0,18.66,1.59,0.0
2023-04-03 22:10:00+00:00,2023-04-04 00:10:00+02:00,0.0,0.0,0.0,0.0,17.25,1.72,0.0
2023-04-03 23:10:00+00:00,2023-04-04 01:10:00+02:00,0.0,0.0,0.0,0.0,16.15,1.86,0.0
2023-04-04 00:10:00+00:00,2023-04-04 02:10:00+02:00,0.0,0.0,0.0,0.0,15.26,2.28,0.0
2023-04-04 01:10:00+00:00,2023-04-04 03:10:00+02:00,0.0,0.0,0.0,0.0,14.91,2.41,0.0
2023-04-04 02:10:00+00:00,2023-04-04 04:10:00+02:00,0.0,0.0,0.0,0.0,14.46,2.48,0.0
2023-04-04 03:10:00+00:00,2023-04-04 05:10:00+02:00,0.0,0.0,0.0,0.0,13.98,2.28,0.0
2023-04-04 04:10:00+00:00,2023-04-04 06:10:00+02:00,0.0,0.0,0.0,0.0,13.58,2.14,0.0
2023-04-04 05:10:00+00:00,2023-04-04 07:10:00+02:00,0.0,0.0,0.0,0.0,13.13,2.0,0.0
2023-04-04 06:10:00+00:00,2023-04-04 08:10:00+02:00,0.0,0.0,0.0,0.0,12.66,1.86,0.0
2023-04-04 07:10:00+00:00,2023-04-04 09:10:00+02:00,102.29,85.32,8.87,12.42,12.84,1.38,0.0
2023-04-04 08:10:00+00:00,2023-04-04 10:10:00+02:00,95.12,161.18,13.51,24.21,15.64,1.31,0.0
2023-04-04 09:10:00+00:00,2023-04-04 11:10:00+02:00,347.6,284.18,19.35,35.53,18.0,1.03,0.0
2023-04-04 10:10:00+00:00,2023-04-04 12:10:00+02:00,311.11,349.81,15.97,45.79,20.34,1.1,0.0
2023-04-04 11:10:00+00:00,2023-04-04 13:10:00+02:00,464.28,359.63,13.71,53.87,22.27,1.45,0.0
2023-04-04 12:10:00+00:00,2023-04-04 14:10:00+02:00,376.3,402.5,10.83,57.96,23.72,1.38,0.0
2023-04-04 13:10:00+00:00,2023-04-04 15:10:00+02:00,141.47,412.81,9.09,56.52,24.77,1.24,0.0
2023-04-04 14:10:00+00:00,2023-04-04 16:10:00+02:00,126.34,367.98,11.36,50.15,25.55,1.52,0.0
2023-04-04 15:10:00+00:00,2023-04-04 17:10:00+02:00,156.15,305.46,14.88,40.78,25.96,2.0,0.0
2023-04-04 16:10:00+00:00,2023-04-04 18:10:00+02:00,208.71,234.92,17.16,29.89,26.06,2.34,0.0
2023-04-04 17:10:00+00:00,2023-04-04 19:10:00+02:00,264.71,164.0,14.96,18.27,25.84,2.48,0.0
2023-04-04 18:10:00+00:00,2023-04-04 20:10:00+02:00,259.95,82.38,5.86,6.41,25.25,1.86,0.0
2023-04-04 19:10:00+00:00,2023-04-04 21:10:00+02:00,0.0,0.0,0.0,0.0,23.63,0.69,0.0
2023-04-04 20:10:00+00:00,2023-04-04 22:10:00+02:00,0.0,0.0,0.0,0.0,20.84,1.93,0.0
2023-04-04 21:10:00+00:00,2023-04-04 23:10:00+02:00,0.0,0.0,0.0,0.0,18.75,2.28,0.0
2023-04-04 22:10:00+00:00,2023-04-05 00:10:00+02:00,0.0,0.0,0.0,0.0,17.07,2.9,0.0
2023-04-04 23:10:00+00:00,2023-04-05 01:10:00+02:00,0.0,0.0,0.0,0.0,15.64,3.31,0.0
2023-04-05 00:10:00+00:00,2023-04-05 02:10:00+02:00,0.0,0.0,0.0,0.0,14.72,2.62,0.0
2023-04-05 01:10:00+00:00,2023-04-05 03:10:00+02:00,0.0,0.0,0.0,0.0,13.77,1.45,0.0
2023-04-05 02:10:00+00:00,2023-04-05 04:10:00+02:00,0.0,0.0,0.0,0.0,13.37,1.03,0.0
2023-04-05 03:10:00+00:00,2023-04-05 05:10:00+02:00,0.0,0.0,0.0,0.0,11.73,1.45,0.0
2023-04-05 04:10:00+00:00,2023-04-05 06:10:00+02:00,0.0,0.0,0.0,0.0,10.83,2.0,0.0
2023-04-05 05:10:00+00:00,2023-04-05 07:10:00+02:00,0.0,0.0,0.0,0.0,10.64,2.34,0.0
2023-04-05 06:10:00+00:00,2023-04-05 08:10:00+02:00,0.0,0.0,0.0,0.0,10.65,2.55,0.0
2023-04-05 07:10:00+00:00,2023-04-05 09:10:00+02:00,540.82,146.89,14.27,12.71,11.24,2.14,0.0
2023-04-05 08:10:00+00:00,2023-04-05 10:10:00+02:00,704.04,179.91,23.23,24.5,14.8,2.28,0.0
2023-04-05 09:10:00+00:00,2023-04-05 11:10:00+02:00,814.55,180.52,24.95,35.85,17.92,2.83,0.0
2023-04-05 10:10:00+00:00,2023-04-05 12:10:00+02:00,875.24,174.87,21.43,46.13,20.35,3.1,0.0
2023-04-05 11:10:00+00:00,2023-04-05 13:10:00+02:00,908.12,171.01,16.62,54.25,22.52,3.38,0.0
2023-04-05 12:10:00+00:00,2023-04-05 14:10:00+02:00,946.81,155.5,14.01,58.35,24.3,3.72,0.0
2023-04-05 13:10:00+00:00,2023-04-05 15:10:00+02:00,930.28,161.79,14.94,56.87,25.61,3.79,0.0
2023-04-05 14:10:00+00:00,2023-04-05 16:10:00+02:00,893.84,172.27,19.02,50.43,26.47,3.52,0.0
2023-04-05 15:10:00+00:00,2023-04-05 17:10:00+02:00,847.37,177.16,23.62,41.01,26.94,3.17,0.0
2023-04-05 16:10:00+00:00,2023-04-05 18:10:00+02:00,778.21,176.83,25.04,30.08,27.07,2.97,0.0
2023-04-05 17:10:00+00:00,2023-04-05 19:10:00+02:00,632.1,167.56,19.55,18.45,26.83,2.69,0.0
2023-04-05 18:10:00+00:00,2023-04-05 20:10:00+02:00,384.27,103.56,7.0,6.57,25.78,1.45,0.0
2023-04-05 19:10:00+00:00,2023-04-05 21:10:00+02:00,0.0,0.0,0.0,0.0,21.66,3.38,0.0
2023-04-05 20:10:00+00:00,2023-04-05 22:10:00+02:00,0.0,0.0,0.0,0.0,18.84,3.79,0.0
2023-04-05 21:10:00+00:00,2023-04-05 23:10:00+02:00,0.0,0.0,0.0,0.0,17.08,2.69,0.0
2023-04-05 22:10:00+00:00,2023-04-06 00:10:00+02:00,0.0,0.0,0.0,0.0,16.11,1.52,0.0
2023-04-05 23:10:00+00:00,2023-04-06 01:10:00+02:00,0.0,0.0,0.0,0.0,14.59,1.24,0.0
2023-04-06 00:10:00+00:00,2023-04-06 02:10:00+02:00,0.0,0.0,0.0,0.0,12.93,1.86,0.0
2023-04-06 01:10:00+00:00,2023-04-06 03:10:00+02:00,0.0,0.0,0.0,0.0,12.04,2.14,0.0
2023-04-06 02:10:00+00:00,2023-04-06 04:10:00+02:00,0.0,0.0,0.0,0.0,11.48,2.21,0.0
2023-04-06 03:10:00+00:00,2023-04-06 05:10:00+02:00,0.0,0.0,0.0,0.0,10.99,2.21,0.0
2023-04-06 04:10:00+00:00,2023-04-06 06:10:00+02:00,0.0,0.0,0.0,0.0,10.5,2.07,0.0
2023-04-06 05:10:00+00:00,2023-04-06 07:10:00+02:00,0.0,0.0,0.0,0.0,10.04,2.07,0.0
2023-04-06 06:10:00+00:00,2023-04-06 08:10:00+02:00,0.0,0.0,0.0,0.0,9.67,2.07,0.0
2023-04-06 07:10:00+00:00,2023-04-06 09:10:00+02:00,373.41,147.59,13.02,13.0,10.64,2.0,0.0
2023-04-06 08:10:00+00:00,2023-04-06 10:10:00+02:00,538.82,215.0,21.54,24.8,14.91,2.14,0.0
2023-04-06 09:10:00+00:00,2023-04-06 11:10:00+02:00,638.97,246.13,23.12,36.16,18.31,2.48,0.0
2023-04-06 10:10:00+00:00,2023-04-06 12:10:00+02:00,802.7,211.73,20.68,46.47,20.53,2.41,0.0
2023-04-06 11:10:00+00:00,2023-04-06 13:10:00+02:00,816.82,220.81,15.82,54.62,22.62,2.21,0.0
2023-04-06 12:10:00+00:00,2023-04-06 14:10:00+02:00,707.78,284.82,12.55,58.74,24.27,1.79,0.0
2023-04-06 13:10:00+00:00,2023-04-06 15:10:00+02:00,506.77,367.73,12.3,57.21,25.59,1.45,0.0
2023-04-06 14:10:00+00:00,2023-04-06 16:10:00+02:00,554.36,327.88,16.37,50.7,26.38,1.24,0.0
2023-04-06 15:10:00+00:00,2023-04-06 17:10:00+02:00,637.3,265.07,21.62,41.23,26.55,1.31,0.0
2023-04-06 16:10:00+00:00,2023-04-06 18:10:00+02:00,746.08,186.78,24.65,30.26,26.44,1.31,0.0
2023-04-06 17:10:00+00:00,2023-04-06 19:10:00+02:00,560.71,178.12,18.93,18.62,26.07,1.24,0.0
2023-04-06 18:10:00+00:00,2023-04-06 20:10:00+02:00,400.23,104.88,7.24,6.74,25.44,1.31,0.0
2023-04-06 19:10:00+00:00,2023-04-06 21:10:00+02:00,0.0,0.0,0.0,0.0,21.88,3.31,0.0
2023-04-06 20:10:00+00:00,2023-04-06 22:10:00+02:00,0.0,0.0,0.0,0.0,19.35,3.45,0.0
2023-04-06 21:10:00+00:00,2023-04-06 23:10:00+02:00,0.0,0.0,0.0,0.0,17.48,3.17,0.0
2023-04-06 22:10:00+00:00,2023-04-07 00:10:00+02:00,0.0,0.0,0.0,0.0,16.29,2.48,0.0
2023-04-06 23:10:00+00:00,2023-04-07 01:10:00+02:00,0.0,0.0,0.0,0.0,15.12,1.38,0.0
2023-04-07 00:10:00+00:00,2023-04-07 02:10:00+02:00,0.0,0.0,0.0,0.0,14.14,1.17,0.0
2023-04-07 01:10:00+00:00,2023-04-07 03:10:00+02:00,0.0,0.0,0.0,0.0,11.89,1.93,0.0
2023-04-07 02:10:00+00:00,2023-04-07 04:10:00+02:00,0.0,0.0,0.0,0.0,11.15,2.34,0.0
2023-04-07 03:10:00+00:00,2023-04-07 05:10:00+02:00,0.0,0.0,0.0,0.0,10.62,2.34,0.0
2023-04-07 04:10:00+00:00,2023-04-07 06:10:00+02:00,0.0,0.0,0.0,0.0,10.17,2.34,0.0
2023-04-07 05:10:00+00:00,2023-04-07 07:10:00+02:00,0.0,0.0,0.0,0.0,9.78,2.34,0.0
2023-04-07 06:10:00+00:00,2023-04-07 08:10:00+02:00,0.0,0.0,0.0,0.0,9.44,2.34,0.0
2023-04-07 07:10:00+00:00,2023-04-07 09:10:00+02:00,543.88,151.75,14.86,13.29,10.51,2.14,0.0
2023-04-07 08:10:00+00:00,2023-04-07 10:10:00+02:00,700.35,181.84,23.32,25.09,14.8,2.55,0.0
2023-04-07 09:10:00+00:00,2023-04-07 11:10:00+02:00,809.26,182.62,24.7,36.47,18.05,2.9,0.0
2023-04-07 10:10:00+00:00,2023-04-07 12:10:00+02:00,866.82,179.45,20.97,46.81,20.96,2.97,0.0
2023-04-07 11:10:00+00:00,2023-04-07 13:10:00+02:00,924.18,163.26,16.21,54.99,23.4,3.03,0.0
2023-04-07 12:10:00+00:00,2023-04-07 14:10:00+02:00,936.82,161.15,13.41,59.12,25.14,3.03,0.0
2023-04-07 13:10:00+00:00,2023-04-07 15:10:00+02:00,907.78,172.96,14.32,57.54,26.25,3.03,0.0
2023-04-07 14:10:00+00:00,2023-04-07 16:10:00+02:00,884.35,177.05,18.59,50.97,26.86,3.03,0.0
2023-04-07 15:10:00+00:00,2023-04-07 17:10:00+02:00,838.52,182.29,23.36,41.44,27.0,3.1,0.0
2023-04-07 16:10:00+00:00,2023-04-07 18:10:00+02:00,771.57,179.57,24.96,30.45,26.71,3.24,0.0
2023-04-07 17:10:00+00:00,2023-04-07 19:10:00+02:00,630.33,169.12,19.73,18.79,25.89,3.45,0.0
2023-04-07 18:10:00+00:00,2023-04-07 20:10:00+02:00,390.53,106.6,7.39,6.91,24.28,3.31,0.0
2023-04-07 19:10:00+00:00,2023-04-07 21:10:00+02:00,0.0,0.0,0.0,0.0,21.9,3.31,0.0
2023-04-07 20:10:00+00:00,2023-04-07 22:10:00+02:00,0.0,0.0,0.0,0.0,19.31,3.31,0.0
2023-04-07 21:10:00+00:00,2023-04-07 23:10:00+02:00,0.0,0.0,0.0,0.0,17.38,3.1,0.0
2023-04-07 22:10:00+00:00,2023-04-08 00:10:00+02:00,0.0,0.0,0.0,0.0,16.13,2.69,0.0
2023-04-07 23:10:00+00:00,2023-04-08 01:10:00+02:00,0.0,0.0,0.0,0.0,15.16,2.21,0.0
2023-04-08 00:10:00+00:00,2023-04-08 02:10:00+02:00,0.0,0.0,0.0,0.0,14.02,1.86,0.0
2023-04-08 01:10:00+00:00,2023-04-08 03:10:00+02:00,0.0,0.0,0.0,0.0,12.83,2.07,0.0
2023-04-08 02:10:00+00:00,2023-04-08 04:10:00+02:00,0.0,0.0,0.0,0.0,11.99,2.21,0.0
2023-04-08 03:10:00+00:00,2023-04-08 05:10:00+02:00,0.0,0.0,0.0,0.0,11.51,2.41,0.0
2023-04-08 04:10:00+00:00,2023-04-08 06:10:00+02:00,0.0,0.0,0.0,0.0,11.27,2.55,0.0
2023-04-08 05:10:00+00:00,2023-04-08 07:10:00+02:00,0.0,0.0,0.0,0.0,11.08,2.62,0.0
2023-04-08 06:10:00+00:00,2023-04-08 08:10:00+02:00,0.0,1.54,0.29,1.71,10.88,2.69,0.0
2023-04-08 07:10:00+00:00,2023-04-08 09:10:00+02:00,549.72,150.58,15.08,13.57,11.95,2.28,0.0
2023-04-08 08:10:00+00:00,2023-04-08 10:10:00+02:00,699.85,182.16,23.37,25.38,15.68,2.62,0.0
2023-04-08 09:10:00+00:00,2023-04-08 11:10:00+02:00,795.09,189.07,24.48,36.77,19.4,2.83,0.0
2023-04-08 10:10:00+00:00,2023-04-08 12:10:00+02:00,866.19,178.75,20.74,47.15,22.79,2.83,0.0
2023-04-08 11:10:00+00:00,2023-04-08 13:10:00+02:00,910.33,169.36,15.84,55.36,25.58,2.48,0.0
2023-04-08 12:10:00+00:00,2023-04-08 14:10:00+02:00,935.45,160.64,13.12,59.5,27.57,1.93,0.0
2023-04-08 13:10:00+00:00,2023-04-08 15:10:00+02:00,905.6,173.58,14.07,57.88,28.86,1.38,0.0
2023-04-08 14:10:00+00:00,2023-04-08 16:10:00+02:00,868.19,184.41,18.28,51.24,29.65,0.55,0.0
2023-04-08 15:10:00+00:00,2023-04-08 17:10:00+02:00,777.8,209.18,22.7,41.66,29.98,0.34,0.0
2023-04-08 16:10:00+00:00,2023-04-08 18:10:00+02:00,692.81,206.26,24.13,30.63,30.09,1.17,0.0
2023-04-08 17:10:00+00:00,2023-04-08 19:10:00+02:00,541.79,181.31,18.9,18.96,29.67,2.07,0.0
2023-04-08 18:10:00+00:00,2023-04-08 20:10:00+02:00,308.3,96.47,6.93,7.08,28.3,2.48,0.0
2023-04-08 19:10:00+00:00,2023-04-08 21:10:00+02:00,0.0,0.0,0.0,0.0,25.32,2.97,0.0
2023-04-08 20:10:00+00:00,2023-04-08 22:10:00+02:00,0.0,0.0,0.0,0.0,23.08,3.24,0.0
2023-04-08 21:10:00+00:00,2023-04-08 23:10:00+02:00,0.0,0.0,0.0,0.0,21.29,3.17,0.0
2023-04-08 22:10:00+00:00,2023-04-09 00:10:00+02:00,0.0,0.0,0.0,0.0,19.73,3.03,0.0
2023-04-08 23:10:00+00:00,2023-04-09 01:10:00+02:00,0.0,0.0,0.0,0.0,18.41,2.83,0.0
2023-04-09 00:10:00+00:00,2023-04-09 02:10:00+02:00,0.0,0.0,0.0,0.0,17.34,2.76,0.0
2023-04-09 01:10:00+00:00,2023-04-09 03:10:00+02:00,0.0,0.0,0.0,0.0,16.48,2.69,0.0
2023-04-09 02:10:00+00:00,2023-04-09 04:10:00+02:00,0.0,0.0,0.0,0.0,15.69,2.62,0.0
2023-04-09 03:10:00+00:00,2023-04-09 05:10:00+02:00,0.0,0.0,0.0,0.0,15.02,2.48,0.0
2023-04-09 04:10:00+00:00,2023-04-09 06:10:00+02:00,0.0,0.0,0.0,0.0,14.35,2.34,0.0
2023-04-09 05:10:00+00:00,2023-04-09 07:10:00+02:00,0.0,0.0,0.0,0.0,13.66,2.28,0.0
2023-04-09 06:10:00+00:00,2023-04-09 08:10:00+02:00,0.0,1.55,0.29,2.0,12.88,2.0,0.0
2023-04-09 07:10:00+00:00,2023-04-09 09:10:00+02:00,367.51,150.6,13.54,13.85,12.97,1.17,0.0
2023-04-09 08:10:00+00:00,2023-04-09 10:10:00+02:00,565.56,208.8,21.82,25.67,17.56,1.03,0.0
2023-04-09 09:10:00+00:00,2023-04-09 11:10:00+02:00,693.3,223.53,23.23,37.08,20.91,0.97,0.0
2023-04-09 10:10:00+00:00,2023-04-09 12:10:00+02:00,804.58,203.49,19.93,47.48,23.73,0.76,0.0
2023-04-09 11:10:00+00:00,2023-04-09 13:10:00+02:00,883.35,175.04,15.29,55.73,26.05,0.48,0.0
2023-04-09 12:10:00+00:00,2023-04-09 14:10:00+02:00,920.29,161.01,12.68,59.88,27.9,0.76,0.0
2023-04-09 13:10:00+00:00,2023-04-09 15:10:00+02:00,858.79,192.34,13.5,58.21,29.28,1.24,0.0
2023-04-09 14:10:00+00:00,2023-04-09 16:10:00+02:00,789.6,218.5,17.45,51.51,30.17,1.93,0.0
2023-04-09 15:10:00+00:00,2023-04-09 17:10:00+02:00,707.15,233.37,21.81,41.87,30.56,2.55,0.0
2023-04-09 16:10:00+00:00,2023-04-09 18:10:00+02:00,603.22,224.46,22.92,30.81,30.38,3.1,0.0
2023-04-09 17:10:00+00:00,2023-04-09 19:10:00+02:00,439.53,184.61,17.75,19.12,29.73,3.45,0.0
2023-04-09 18:10:00+00:00,2023-04-09 20:10:00+02:00,269.52,92.12,6.82,7.25,28.37,3.24,0.0
2023-04-09 19:10:00+00:00,2023-04-09 21:10:00+02:00,0.0,0.0,0.0,0.0,25.79,3.45,0.0
2023-04-09 20:10:00+00:00,2023-04-09 22:10:00+02:00,0.0,0.0,0.0,0.0,23.47,3.52,0.0
2023-04-09 21:10:00+00:00,2023-04-09 23:10:00+02:00,0.0,0.0,0.0,0.0,21.53,3.24,0.0
2023-04-09 22:10:00+00:00,2023-04-10 00:10:00+02:00,0.0,0.0,0.0,0.0,20.05,3.03,0.0
2023-04-09 23:10:00+00:00,2023-04-10 01:10:00+02:00,0.0,0.0,0.0,0.0,18.93,2.83,0.0
2023-04-10 00:10:00+00:00,2023-04-10 02:10:00+02:00,0.0,0.0,0.0,0.0,18.09,2.55,0.0
2023-04-10 01:10:00+00:00,2023-04-10 03:10:00+02:00,0.0,0.0,0.0,0.0,17.3,2.28,0.0
2023-04-10 02:10:00+00:00,2023-04-10 04:10:00+02:00,0.0,0.0,0.0,0.0,16.47,1.93,0.0
2023-04-10 03:10:00+00:00,2023-04-10 05:10:00+02:00,0.0,0.0,0.0,0.0,15.46,1.52,0.0
2023-04-10 04:10:00+00:00,2023-04-10 06:10:00+02:00,0.0,0.0,0.0,0.0,15.33,1.1,0.0
2023-04-10 05:10:00+00:00,2023-04-10 07:10:00+02:00,0.0,0.0,0.0,0.0,16.01,0.55,0.0
2023-04-10 06:10:00+00:00,2023-04-10 08:10:00+02:00,0.0,2.59,0.48,2.28,15.7,0.28,0.0
2023-04-10 07:10:00+00:00,2023-04-10 09:10:00+02:00,409.52,152.18,14.06,14.13,15.22,0.41,0.0
2023-04-10 08:10:00+00:00,2023-04-10 10:10:00+02:00,573.48,207.51,21.93,25.96,18.94,0.34,0.0
2023-04-10 09:10:00+00:00,2023-04-10 11:10:00+02:00,704.99,217.24,23.18,37.38,22.17,0.69,0.0
2023-04-10 10:10:00+00:00,2023-04-10 12:10:00+02:00,785.53,211.5,19.56,47.81,24.84,1.03,0.0
2023-04-10 11:10:00+00:00,2023-04-10 13:10:00+02:00,863.89,183.17,14.9,56.1,26.95,1.24,0.0
2023-04-10 12:10:00+00:00,2023-04-10 14:10:00+02:00,903.0,166.94,12.3,60.25,28.51,1.66,0.0
2023-04-10 13:10:00+00:00,2023-04-10 15:10:00+02:00,870.98,182.02,13.28,58.55,29.73,2.48,0.0
2023-04-10 14:10:00+00:00,2023-04-10 16:10:00+02:00,847.85,185.08,17.61,51.77,30.44,3.17,0.0
2023-04-10 15:10:00+00:00,2023-04-10 17:10:00+02:00,772.91,202.56,22.23,42.08,30.64,3.52,0.0
2023-04-10 16:10:00+00:00,2023-04-10 18:10:00+02:00,673.84,204.0,23.62,30.99,30.55,3.59,0.0
2023-04-10 17:10:00+00:00,2023-04-10 19:10:00+02:00,454.03,183.98,17.95,19.29,30.09,3.52,0.0
2023-04-10 18:10:00+00:00,2023-04-10 20:10:00+02:00,170.5,72.56,6.1,7.41,28.79,2.97,0.0
2023-04-10 19:10:00+00:00,2023-04-10 21:10:00+02:00,0.0,0.0,0.0,0.0,26.14,2.97,0.0
2023-04-10 20:10:00+00:00,2023-04-10 22:10:00+02:00,0.0,0.0,0.0,0.0,23.77,2.9,0.0
2023-04-10 21:10:00+00:00,2023-04-10 23:10:00+02:00,0.0,0.0,0.0,0.0,22.01,2.55,0.0
2023-04-10 22:10:00+00:00,2023-04-11 00:10:00+02:00,0.0,0.0,0.0,0.0,20.65,2.28,0.0
2023-04-10 23:10:00+00:00,2023-04-11 01:10:00+02:00,0.0,0.0,0.0,0.0,19.3,2.14,0.0
2023-04-11 00:10:00+00:00,2023-04-11 02:10:00+02:00,0.0,0.0,0.0,0.0,17.8,1.86,0.0
2023-04-11 01:10:00+00:00,2023-04-11 03:10:00+02:00,0.0,0.0,0.0,0.0,16.93,1.59,0.0
2023-04-11 02:10:00+00:00,2023-04-11 04:10:00+02:00,0.0,0.0,0.0,0.0,17.32,1.17,0.0
2023-04-11 03:10:00+00:00,2023-04-11 05:10:00+02:00,0.0,0.0,0.0,0.0,17.77,0.76,0.0
2023-04-11 04:10:00+00:00,2023-04-11 06:10:00+02:00,0.0,0.0,0.0,0.0,17.16,0.62,0.0
2023-04-11 05:10:00+00:00,2023-04-11 07:10:00+02:00,0.0,0.0,0.0,0.0,16.5,0.62,0.0
2023-04-11 06:10:00+00:00,2023-04-11 08:10:00+02:00,0.0,4.69,0.86,2.56,15.81,0.48,0.0
2023-04-11 07:10:00+00:00,2023-04-11 09:10:00+02:00,538.43,152.75,15.55,14.41,14.76,0.69,0.0
2023-04-11 08:10:00+00:00,2023-04-11 10:10:00+02:00,676.31,186.75,23.15,26.24,18.28,0.55,0.0
2023-04-11 09:10:00+00:00,2023-04-11 11:10:00+02:00,783.67,187.02,23.87,37.68,21.2,0.76,0.0
2023-04-11 10:10:00+00:00,2023-04-11 12:10:00+02:00,852.68,178.7,19.89,48.13,23.69,0.21,0.0
2023-04-11 11:10:00+00:00,2023-04-11 13:10:00+02:00,884.26,175.16,14.8,56.46,25.99,0.83,0.0
2023-04-11 12:10:00+00:00,2023-04-11 14:10:00+02:00,921.47,160.12,12.16,60.63,27.95,2.21,0.0
2023-04-11 13:10:00+00:00,2023-04-11 15:10:00+02:00,891.32,173.02,13.19,58.87,29.09,3.31,0.0
2023-04-11 14:10:00+00:00,2023-04-11 16:10:00+02:00,853.72,184.88,17.53,52.03,29.49,3.93,0.0
2023-04-11 15:10:00+00:00,2023-04-11 17:10:00+02:00,808.45,187.65,22.47,42.29,29.43,4.28,0.0
2023-04-11 16:10:00+00:00,2023-04-11 18:10:00+02:00,745.7,182.12,24.41,31.17,29.03,4.48,0.0
2023-04-11 17:10:00+00:00,2023-04-11 19:10:00+02:00,627.42,166.75,19.87,19.46,28.17,4.62,0.0
2023-04-11 18:10:00+00:00,2023-04-11 20:10:00+02:00,371.47,105.74,7.81,7.58,26.62,4.21,0.0
2023-04-11 19:10:00+00:00,2023-04-11 21:10:00+02:00,0.0,0.0,0.0,0.0,23.33,4.69,0.0
2023-04-11 20:10:00+00:00,2023-04-11 22:10:00+02:00,0.0,0.0,0.0,0.0,21.11,4.48,0.0
2023-04-11 21:10:00+00:00,2023-04-11 23:10:00+02:00,0.0,0.0,0.0,0.0,19.51,4.07,0.0
2023-04-11 22:10:00+00:00,2023-04-12 00:10:00+02:00,0.0,0.0,0.0,0.0,18.31,3.59,0.0
2023-04-11 23:10:00+00:00,2023-04-12 01:10:00+02:00,0.0,0.0,0.0,0.0,17.4,3.17,0.0
2023-04-12 00:10:00+00:00,2023-04-12 02:10:00+02:00,0.0,0.0,0.0,0.0,16.73,2.9,0.0
2023-04-12 01:10:00+00:00,2023-04-12 03:10:00+02:00,0.0,0.0,0.0,0.0,16.13,2.62,0.0
2023-04-12 02:10:00+00:00,2023-04-12 04:10:00+02:00,0.0,0.0,0.0,0.0,15.58,2.34,0.0
2023-04-12 03:10:00+00:00,2023-04-12 05:10:00+02:00,0.0,0.0,0.0,0.0,15.06,2.07,0.0
2023-04-12 04:10:00+00:00,2023-04-12 06:10:00+02:00,0.0,0.0,0.0,0.0,14.5,1.86,0.0
2023-04-12 05:10:00+00:00,2023-04-12 07:10:00+02:00,0.0,0.0,0.0,0.0,13.8,1.79,0.0
2023-04-12 06:10:00+00:00,2023-04-12 08:10:00+02:00,0.0,5.23,0.95,2.84,12.99,1.66,0.0
2023-04-12 07:10:00+00:00,2023-04-12 09:10:00+02:00,528.59,153.0,15.6,14.68,14.25,1.45,0.0
2023-04-12 08:10:00+00:00,2023-04-12 10:10:00+02:00,667.46,185.98,22.97,26.52,16.75,1.93,0.0
2023-04-12 09:10:00+00:00,2023-04-12 11:10:00+02:00,786.62,182.33,23.7,37.97,18.24,1.79,0.0
2023-04-12 10:10:00+00:00,2023-04-12 12:10:00+02:00,843.06,178.9,19.52,48.46,20.13,1.72,0.0
2023-04-12 11:10:00+00:00,2023-04-12 13:10:00+02:00,874.65,174.38,14.42,56.81,22.01,2.48,0.0
2023-04-12 12:10:00+00:00,2023-04-12 14:10:00+02:00,898.7,167.07,11.74,61.0,23.52,3.31,0.0
2023-04-12 13:10:00+00:00,2023-04-12 15:10:00+02:00,867.33,181.04,12.78,59.2,24.62,4.07,0.0
2023-04-12 14:10:00+00:00,2023-04-12 16:10:00+02:00,538.51,326.86,15.13,52.29,25.28,4.69,0.0
2023-04-12 15:10:00+00:00,2023-04-12 17:10:00+02:00,278.29,327.71,16.58,42.5,25.58,5.03,0.0
2023-04-12 16:10:00+00:00,2023-04-12 18:10:00+02:00,526.64,239.62,21.92,31.35,25.32,5.24,0.0
2023-04-12 17:10:00+00:00,2023-04-12 19:10:00+02:00,131.02,140.43,13.02,19.62,24.65,5.17,0.0
2023-04-12 18:10:00+00:00,2023-04-12 20:10:00+02:00,126.14,64.37,5.97,7.75,23.67,4.34,0.0
2023-04-12 19:10:00+00:00,2023-04-12 21:10:00+02:00,0.0,0.0,0.0,0.0,22.13,3.93,0.0
2023-04-12 20:10:00+00:00,2023-04-12 22:10:00+02:00,0.0,0.0,0.0,0.0,21.02,3.66,0.0
2023-04-12 21:10:00+00:00,2023-04-12 23:10:00+02:00,0.0,0.0,0.0,0.0,20.04,3.45,0.0
2023-04-12 22:10:00+00:00,2023-04-13 00:10:00+02:00,0.0,0.0,0.0,0.0,18.96,3.31,0.0
2023-04-12 23:10:00+00:00,2023-04-13 01:10:00+02:00,0.0,0.0,0.0,0.0,17.88,3.45,0.0
2023-04-13 00:10:00+00:00,2023-04-13 02:10:00+02:00,0.0,0.0,0.0,0.0,16.86,3.38,0.0
2023-04-13 01:10:00+00:00,2023-04-13 03:10:00+02:00,0.0,0.0,0.0,0.0,15.62,3.24,0.0
2023-04-13 02:10:00+00:00,2023-04-13 04:10:00+02:00,0.0,0.0,0.0,0.0,14.44,3.17,0.0
2023-04-13 03:10:00+00:00,2023-04-13 05:10:00+02:00,0.0,0.0,0.0,0.0,13.33,2.83,0.0
2023-04-13 04:10:00+00:00,2023-04-13 06:10:00+02:00,0.0,0.0,0.0,0.0,12.41,2.21,0.0
2023-04-13 05:10:00+00:00,2023-04-13 07:10:00+02:00,0.0,0.0,0.0,0.0,11.63,1.93,0.0
2023-04-13 06:10:00+00:00,2023-04-13 08:10:00+02:00,18.4,7.92,1.23,3.12,10.62,1.66,0.0
2023-04-13 07:10:00+00:00,2023-04-13 09:10:00+02:00,495.97,160.32,15.65,14.96,11.57,1.72,0.0
2023-04-13 08:10:00+00:00,2023-04-13 10:10:00+02:00,638.9,201.06,22.96,26.79,13.23,2.28,0.0
2023-04-13 09:10:00+00:00,2023-04-13 11:10:00+02:00,765.39,200.35,23.64,38.26,14.74,2.21,0.0
2023-04-13 10:10:00+00:00,2023-04-13 12:10:00+02:00,832.29,194.99,19.46,48.78,16.49,2.07,0.0
2023-04-13 11:10:00+00:00,2023-04-13 13:10:00+02:00,879.47,182.02,14.34,57.17,18.22,1.93,0.0
2023-04-13 12:10:00+00:00,2023-04-13 14:10:00+02:00,890.97,179.8,11.55,61.37,19.88,2.28,0.0
2023-04-13 13:10:00+00:00,2023-04-13 15:10:00+02:00,885.32,181.03,12.77,59.52,21.22,2.69,0.0
2023-04-13 14:10:00+00:00,2023-04-13 16:10:00+02:00,830.2,202.01,17.12,52.54,22.28,2.9,0.0
2023-04-13 15:10:00+00:00,2023-04-13 17:10:00+02:00,728.42,229.48,21.72,42.7,22.93,3.17,0.0
2023-04-13 16:10:00+00:00,2023-04-13 18:10:00+02:00,745.84,185.52,24.48,31.53,23.19,3.38,0.0
2023-04-13 17:10:00+00:00,2023-04-13 19:10:00+02:00,608.52,174.73,19.98,19.79,22.97,3.52,0.0
2023-04-13 18:10:00+00:00,2023-04-13 20:10:00+02:00,414.18,114.11,8.54,7.91,22.22,3.1,0.0
2023-04-13 19:10:00+00:00,2023-04-13 21:10:00+02:00,0.0,0.0,0.0,0.0,20.43,2.48,0.0
2023-04-13 20:10:00+00:00,2023-04-13 22:10:00+02:00,0.0,0.0,0.0,0.0,19.01,2.55,0.0
2023-04-13 21:10:00+00:00,2023-04-13 23:10:00+02:00,0.0,0.0,0.0,0.0,17.78,2.62,0.0
2023-04-13 22:10:00+00:00,2023-04-14 00:10:00+02:00,0.0,0.0,0.0,0.0,16.81,2.41,0.0
2023-04-13 23:10:00+00:00,2023-04-14 01:10:00+02:00,0.0,0.0,0.0,0.0,15.89,2.0,0.0
2023-04-14 00:10:00+00:00,2023-04-14 02:10:00+02:00,0.0,0.0,0.0,0.0,14.69,1.86,0.0
2023-04-14 01:10:00+00:00,2023-04-14 03:10:00+02:00,0.0,0.0,0.0,0.0,13.72,2.14,0.0
2023-04-14 02:10:00+00:00,2023-04-14 04:10:00+02:00,0.0,0.0,0.0,0.0,13.1,2.28,0.0
2023-04-14 03:10:00+00:00,2023-04-14 05:10:00+02:00,0.0,0.0,0.0,0.0,12.62,2.41,0.0
2023-04-14 04:10:00+00:00,2023-04-14 06:10:00+02:00,0.0,0.0,0.0,0.0,12.11,2.28,0.0
2023-04-14 05:10:00+00:00,2023-04-14 07:10:00+02:00,0.0,0.0,0.0,0.0,11.63,2.14,0.0
2023-04-14 06:10:00+00:00,2023-04-14 08:10:00+02:00,16.92,8.47,1.32,3.39,10.99,1.86,0.0
2023-04-14 07:10:00+00:00,2023-04-14 09:10:00+02:00,384.61,156.27,14.53,15.22,12.36,0.83,0.0
2023-04-14 08:10:00+00:00,2023-04-14 10:10:00+02:00,534.04,214.84,21.53,27.07,14.99,1.52,0.0
2023-04-14 09:10:00+00:00,2023-04-14 11:10:00+02:00,696.38,217.08,22.57,38.55,16.95,1.52,0.0
2023-04-14 10:10:00+00:00,2023-04-14 12:10:00+02:00,731.71,231.95,18.27,49.09,19.02,1.24,0.0
2023-04-14 11:10:00+00:00,2023-04-14 13:10:00+02:00,867.72,174.35,13.84,57.52,20.97,1.17,0.0
2023-04-14 12:10:00+00:00,2023-04-14 14:10:00+02:00,891.3,167.17,11.16,61.73,22.8,1.93,0.0
2023-04-14 13:10:00+00:00,2023-04-14 15:10:00+02:00,874.34,173.63,12.33,59.84,24.31,2.9,0.0
2023-04-14 14:10:00+00:00,2023-04-14 16:10:00+02:00,850.02,177.54,16.83,52.79,25.42,3.66,0.0
2023-04-14 15:10:00+00:00,2023-04-14 17:10:00+02:00,816.72,176.36,22.06,42.9,26.04,4.21,0.0
2023-04-14 16:10:00+00:00,2023-04-14 18:10:00+02:00,738.36,179.67,24.11,31.7,26.01,4.55,0.0
2023-04-14 17:10:00+00:00,2023-04-14 19:10:00+02:00,413.24,183.53,17.59,19.95,25.49,4.48,0.0
2023-04-14 18:10:00+00:00,2023-04-14 20:10:00+02:00,398.68,111.64,8.51,8.07,24.64,3.45,0.0
2023-04-14 19:10:00+00:00,2023-04-14 21:10:00+02:00,0.0,0.0,0.0,0.0,23.29,2.28,0.0
2023-04-14 20:10:00+00:00,2023-04-14 22:10:00+02:00,0.0,0.0,0.0,0.0,21.92,2.62,0.0
2023-04-14 21:10:00+00:00,2023-04-14 23:10:00+02:00,0.0,0.0,0.0,0.0,20.77,3.45,0.0
2023-04-14 22:10:00+00:00,2023-04-15 00:10:00+02:00,0.0,0.0,0.0,0.0,19.75,3.86,0.0
2023-04-14 23:10:00+00:00,2023-04-15 01:10:00+02:00,0.0,0.0,0.0,0.0,18.6,4.07,0.0
2023-04-15 00:10:00+00:00,2023-04-15 02:10:00+02:00,0.0,0.0,0.0,0.0,17.44,3.93,0.0
2023-04-15 01:10:00+00:00,2023-04-15 03:10:00+02:00,0.0,0.0,0.0,0.0,16.45,3.59,0.0
2023-04-15 02:10:00+00:00,2023-04-15 04:10:00+02:00,0.0,0.0,0.0,0.0,15.63,3.1,0.0
2023-04-15 03:10:00+00:00,2023-04-15 05:10:00+02:00,0.0,0.0,0.0,0.0,14.9,2.62,0.0
2023-04-15 04:10:00+00:00,2023-04-15 06:10:00+02:00,0.0,0.0,0.0,0.0,14.22,2.34,0.0
2023-04-15 05:10:00+00:00,2023-04-15 07:10:00+02:00,0.0,0.0,0.0,0.0,13.56,2.07,0.0
2023-04-15 06:10:00+00:00,2023-04-15 08:10:00+02:00,15.68,10.96,1.69,3.66,12.86,2.0,0.0
2023-04-15 07:10:00+00:00,2023-04-15 09:10:00+02:00,561.66,153.61,16.49,15.49,14.36,1.72,0.0
2023-04-15 08:10:00+00:00,2023-04-15 10:10:00+02:00,690.33,182.6,23.36,27.34,16.67,2.9,0.0
2023-04-15 09:10:00+00:00,2023-04-15 11:10:00+02:00,792.54,181.96,23.49,38.84,18.8,2.83,0.0
2023-04-15 10:10:00+00:00,2023-04-15 12:10:00+02:00,848.13,178.63,19.01,49.4,20.94,2.55,0.0
2023-04-15 11:10:00+00:00,2023-04-15 13:10:00+02:00,890.36,167.61,13.8,57.87,22.87,2.0,0.0
2023-04-15 12:10:00+00:00,2023-04-15 14:10:00+02:00,889.42,172.23,10.95,62.09,24.54,1.72,0.0
2023-04-15 13:10:00+00:00,2023-04-15 15:10:00+02:00,884.23,173.45,12.22,60.16,25.92,1.72,0.0
2023-04-15 14:10:00+00:00,2023-04-15 16:10:00+02:00,861.0,177.54,16.84,53.04,26.97,1.79,0.0
2023-04-15 15:10:00+00:00,2023-04-15 17:10:00+02:00,816.6,181.15,22.07,43.1,27.65,1.93,0.0
2023-04-15 16:10:00+00:00,2023-04-15 18:10:00+02:00,742.34,181.04,24.21,31.87,27.97,2.0,0.0
2023-04-15 17:10:00+00:00,2023-04-15 19:10:00+02:00,625.25,166.62,20.08,20.11,28.0,2.0,0.0
2023-04-15 18:10:00+00:00,2023-04-15 20:10:00+02:00,397.78,112.32,8.65,8.24,27.49,1.45,0.0
2023-04-15 19:10:00+00:00,2023-04-15 21:10:00+02:00,0.0,0.0,0.0,0.0,26.67,1.86,0.0
2023-04-15 20:10:00+00:00,2023-04-15 22:10:00+02:00,0.0,0.0,0.0,0.0,24.67,2.55,0.0
2023-04-15 21:10:00+00:00,2023-04-15 23:10:00+02:00,0.0,0.0,0.0,0.0,23.07,3.1,0.0
2023-04-15 22:10:00+00:00,2023-04-16 00:10:00+02:00,0.0,0.0,0.0,0.0,22.04,3.45,0.0
2023-04-15 23:10:00+00:00,2023-04-16 01:10:00+02:00,0.0,0.0,0.0,0.0,21.08,3.24,0.0
2023-04-16 00:10:00+00:00,2023-04-16 02:10:00+02:00,0.0,0.0,0.0,0.0,20.22,3.03,0.0
2023-04-16 01:10:00+00:00,2023-04-16 03:10:00+02:00,0.0,0.0,0.0,0.0,19.42,3.03,0.0
2023-04-16 02:10:00+00:00,2023-04-16 04:10:00+02:00,0.0,0.0,0.0,0.0,18.76,3.17,0.0
2023-04-16 03:10:00+00:00,2023-04-16 05:10:00+02:00,0.0,0.0,0.0,0.0,18.34,3.52,0.0
2023-04-16 04:10:00+00:00,2023-04-16 06:10:00+02:00,0.0,0.0,0.0,0.0,18.04,3.86,0.0
2023-04-16 05:10:00+00:00,2023-04-16 07:10:00+02:00,0.0,0.0,0.0,0.0,17.8,4.34,0.0
2023-04-16 06:10:00+00:00,2023-04-16 08:10:00+02:00,29.23,14.17,1.96,3.92,17.52,4.83,0.0
2023-04-16 07:10:00+00:00,2023-04-16 09:10:00+02:00,578.34,158.96,17.05,15.75,18.2,4.48,0.0
2023-04-16 08:10:00+00:00,2023-04-16 10:10:00+02:00,666.93,195.67,23.35,27.6,19.69,5.66,0.0
2023-04-16 09:10:00+00:00,2023-04-16 11:10:00+02:00,794.1,186.83,23.55,39.12,21.37,5.45,0.0
2023-04-16 10:10:00+00:00,2023-04-16 12:10:00+02:00,846.88,185.34,18.93,49.71,23.29,4.76,0.0
2023-04-16 11:10:00+00:00,2023-04-16 13:10:00+02:00,876.44,181.58,13.57,58.22,25.08,3.86,0.0
2023-04-16 12:10:00+00:00,2023-04-16 14:10:00+02:00,887.62,179.49,10.77,62.45,26.55,3.1,0.0
2023-04-16 13:10:00+00:00,2023-04-16 15:10:00+02:00,882.62,179.71,12.06,60.47,27.68,2.69,0.0
2023-04-16 14:10:00+00:00,2023-04-16 16:10:00+02:00,859.48,184.18,16.76,53.29,28.47,2.62,0.0
2023-04-16 15:10:00+00:00,2023-04-16 17:10:00+02:00,829.64,180.21,22.21,43.3,28.92,2.76,0.0
2023-04-16 16:10:00+00:00,2023-04-16 18:10:00+02:00,755.75,181.88,24.5,32.05,29.02,2.97,0.0
2023-04-16 17:10:00+00:00,2023-04-16 19:10:00+02:00,640.68,168.21,20.45,20.27,28.78,3.03,0.0
2023-04-16 18:10:00+00:00,2023-04-16 20:10:00+02:00,431.17,117.76,9.14,8.4,28.03,2.41,0.0
2023-04-16 19:10:00+00:00,2023-04-16 21:10:00+02:00,0.0,0.0,0.0,0.0,26.5,2.21,0.0
2023-04-16 20:10:00+00:00,2023-04-16 22:10:00+02:00,0.0,0.0,0.0,0.0,24.22,2.21,0.0
2023-04-16 21:10:00+00:00,2023-04-16 23:10:00+02:00,0.0,0.0,0.0,0.0,21.67,2.62,0.0
2023-04-16 22:10:00+00:00,2023-04-17 00:10:00+02:00,0.0,0.0,0.0,0.0,19.29,3.24,0.0
2023-04-16 23:10:00+00:00,2023-04-17 01:10:00+02:00,0.0,0.0,0.0,0.0,17.21,3.38,0.0
2023-04-17 00:10:00+00:00,2023-04-17 02:10:00+02:00,0.0,0.0,0.0,0.0,16.02,2.83,0.0
2023-04-17 01:10:00+00:00,2023-04-17 03:10:00+02:00,0.0,0.0,0.0,0.0,15.22,2.34,0.0
2023-04-17 02:10:00+00:00,2023-04-17 04:10:00+02:00,0.0,0.0,0.0,0.0,14.58,2.07,0.0
2023-04-17 03:10:00+00:00,2023-04-17 05:10:00+02:00,0.0,0.0,0.0,0.0,13.98,2.0,0.0
2023-04-17 04:10:00+00:00,2023-04-17 06:10:00+02:00,0.0,0.0,0.0,0.0,13.48,2.21,0.0
2023-04-17 05:10:00+00:00,2023-04-17 07:10:00+02:00,0.0,0.0,0.0,0.0,13.13,2.48,0.0
2023-04-17 06:10:00+00:00,2023-04-17 08:10:00+02:00,41.09,17.53,2.22,4.19,12.92,2.62,0.0
2023-04-17 07:10:00+00:00,2023-04-17 09:10:00+02:00,580.12,159.55,17.24,16.01,14.42,2.48,0.0
2023-04-17 08:10:00+00:00,2023-04-17 10:10:00+02:00,678.27,196.2,23.6,27.86,17.23,2.9,0.0
2023-04-17 09:10:00+00:00,2023-04-17 11:10:00+02:00,789.43,193.91,23.53,39.39,20.31,3.03,0.0
2023-04-17 10:10:00+00:00,2023-04-17 12:10:00+02:00,823.52,203.09,18.68,50.02,22.96,3.59,0.0
2023-04-17 11:10:00+00:00,2023-04-17 13:10:00+02:00,884.95,181.31,13.44,58.56,25.13,3.45,0.0
2023-04-17 12:10:00+00:00,2023-04-17 14:10:00+02:00,911.74,169.57,10.66,62.81,26.89,3.17,0.0
2023-04-17 13:10:00+00:00,2023-04-17 15:10:00+02:00,891.38,179.5,11.94,60.79,28.26,3.03,0.0
2023-04-17 14:10:00+00:00,2023-04-17 16:10:00+02:00,869.21,182.95,16.72,53.53,29.11,2.9,0.0
2023-04-17 15:10:00+00:00,2023-04-17 17:10:00+02:00,825.2,187.34,22.19,43.5,29.55,2.69,0.0
2023-04-17 16:10:00+00:00,2023-04-17 18:10:00+02:00,754.07,185.67,24.56,32.22,29.61,2.48,0.0
2023-04-17 17:10:00+00:00,2023-04-17 19:10:00+02:00,621.54,175.24,20.44,20.43,29.34,2.41,0.0
2023-04-17 18:10:00+00:00,2023-04-17 20:10:00+02:00,423.03,119.55,9.28,8.56,28.45,1.79,0.0
2023-04-17 19:10:00+00:00,2023-04-17 21:10:00+02:00,0.0,0.0,0.0,0.0,25.98,2.97,0.0
2023-04-17 20:10:00+00:00,2023-04-17 22:10:00+02:00,0.0,0.0,0.0,0.0,22.62,4.0,0.0
2023-04-17 21:10:00+00:00,2023-04-17 23:10:00+02:00,0.0,0.0,0.0,0.0,19.77,3.93,0.0
2023-04-17 22:10:00+00:00,2023-04-18 00:10:00+02:00,0.0,0.0,0.0,0.0,18.15,2.9,0.0
2023-04-17 23:10:00+00:00,2023-04-18 01:10:00+02:00,0.0,0.0,0.0,0.0,17.2,2.28,0.0
2023-04-18 00:10:00+00:00,2023-04-18 02:10:00+02:00,0.0,0.0,0.0,0.0,16.46,1.93,0.0
2023-04-18 01:10:00+00:00,2023-04-18 03:10:00+02:00,0.0,0.0,0.0,0.0,15.36,1.86,0.0
2023-04-18 02:10:00+00:00,2023-04-18 04:10:00+02:00,0.0,0.0,0.0,0.0,14.41,2.0,0.0
2023-04-18 03:10:00+00:00,2023-04-18 05:10:00+02:00,0.0,0.0,0.0,0.0,13.78,2.14,0.0
2023-04-18 04:10:00+00:00,2023-04-18 06:10:00+02:00,0.0,0.0,0.0,0.0,13.34,2.28,0.0
2023-04-18 05:10:00+00:00,2023-04-18 07:10:00+02:00,0.0,0.0,0.0,0.0,13.01,2.41,0.0
2023-04-18 06:10:00+00:00,2023-04-18 08:10:00+02:00,38.69,18.85,2.4,4.45,12.87,2.55,0.0
2023-04-18 07:10:00+00:00,2023-04-18 09:10:00+02:00,560.55,162.26,17.21,16.27,14.6,2.34,0.0
2023-04-18 08:10:00+00:00,2023-04-18 10:10:00+02:00,678.9,195.26,23.58,28.12,17.8,3.03,0.0
2023-04-18 09:10:00+00:00,2023-04-18 11:10:00+02:00,788.02,194.44,23.4,39.67,20.66,3.24,0.0
2023-04-18 10:10:00+00:00,2023-04-18 12:10:00+02:00,839.42,192.39,18.55,50.32,23.26,3.38,0.0
2023-04-18 11:10:00+00:00,2023-04-18 13:10:00+02:00,867.77,190.57,13.11,58.89,25.5,3.38,0.0
2023-04-18 12:10:00+00:00,2023-04-18 14:10:00+02:00,878.61,188.33,10.29,63.17,27.06,3.24,0.0
2023-04-18 13:10:00+00:00,2023-04-18 15:10:00+02:00,889.86,179.07,11.71,61.09,28.14,3.17,0.0
2023-04-18 14:10:00+00:00,2023-04-18 16:10:00+02:00,850.41,192.47,16.43,53.77,28.73,3.1,0.0
2023-04-18 15:10:00+00:00,2023-04-18 17:10:00+02:00,809.25,193.67,21.92,43.69,28.87,3.03,0.0
2023-04-18 16:10:00+00:00,2023-04-18 18:10:00+02:00,752.43,186.45,24.52,32.38,28.62,3.1,0.0
2023-04-18 17:10:00+00:00,2023-04-18 19:10:00+02:00,619.78,175.91,20.49,20.59,27.8,3.38,0.0
2023-04-18 18:10:00+00:00,2023-04-18 20:10:00+02:00,428.41,119.01,9.42,8.73,26.14,3.52,0.0
2023-04-18 19:10:00+00:00,2023-04-18 21:10:00+02:00,0.0,0.0,0.0,0.0,22.83,4.0,0.0
2023-04-18 20:10:00+00:00,2023-04-18 22:10:00+02:00,0.0,0.0,0.0,0.0,20.42,3.93,0.0
2023-04-18 21:10:00+00:00,2023-04-18 23:10:00+02:00,0.0,0.0,0.0,0.0,18.77,3.45,0.0
2023-04-18 22:10:00+00:00,2023-04-19 00:10:00+02:00,0.0,0.0,0.0,0.0,17.78,2.55,0.0
2023-04-18 23:10:00+00:00,2023-04-19 01:10:00+02:00,0.0,0.0,0.0,0.0,16.88,1.24,0.0
2023-04-19 00:10:00+00:00,2023-04-19 02:10:00+02:00,0.0,0.0,0.0,0.0,16.72,0.83,0.0
2023-04-19 01:10:00+00:00,2023-04-19 03:10:00+02:00,0.0,0.0,0.0,0.0,14.48,1.93,0.0
2023-04-19 02:10:00+00:00,2023-04-19 04:10:00+02:00,0.0,0.0,0.0,0.0,13.89,2.14,0.0
2023-04-19 03:10:00+00:00,2023-04-19 05:10:00+02:00,0.0,0.0,0.0,0.0,13.65,2.21,0.0
2023-04-19 04:10:00+00:00,2023-04-19 06:10:00+02:00,0.0,0.0,0.0,0.0,13.46,2.21,0.0
2023-04-19 05:10:00+00:00,2023-04-19 07:10:00+02:00,0.0,0.0,0.0,0.0,13.21,2.28,0.0
2023-04-19 06:10:00+00:00,2023-04-19 08:10:00+02:00,256.09,60.15,4.22,4.7,12.9,2.21,0.0
2023-04-19 07:10:00+00:00,2023-04-19 09:10:00+02:00,390.45,164.68,15.46,16.52,14.9,1.93,0.0
2023-04-19 08:10:00+00:00,2023-04-19 10:10:00+02:00,540.75,220.98,21.83,28.38,18.33,2.41,0.0
2023-04-19 09:10:00+00:00,2023-04-19 11:10:00+02:00,768.03,193.52,22.85,39.93,20.71,2.48,0.0
2023-04-19 10:10:00+00:00,2023-04-19 12:10:00+02:00,606.84,293.3,16.54,50.61,23.0,2.55,0.0
2023-04-19 11:10:00+00:00,2023-04-19 13:10:00+02:00,831.0,200.31,12.57,59.23,24.94,2.34,0.0
2023-04-19 12:10:00+00:00,2023-04-19 14:10:00+02:00,858.04,189.69,9.89,63.52,26.33,1.86,0.0
2023-04-19 13:10:00+00:00,2023-04-19 15:10:00+02:00,957.88,134.13,11.73,61.4,27.2,1.59,0.0
2023-04-19 14:10:00+00:00,2023-04-19 16:10:00+02:00,783.57,218.4,15.71,54.01,27.65,1.79,0.0
2023-04-19 15:10:00+00:00,2023-04-19 17:10:00+02:00,688.14,239.29,20.59,43.88,27.61,2.34,0.0
2023-04-19 16:10:00+00:00,2023-04-19 18:10:00+02:00,663.5,209.04,23.33,32.55,27.25,3.03,0.0
2023-04-19 17:10:00+00:00,2023-04-19 19:10:00+02:00,293.51,182.21,16.4,20.75,26.08,3.72,0.0
2023-04-19 18:10:00+00:00,2023-04-19 20:10:00+02:00,51.78,45.71,5.41,8.89,24.39,3.79,0.0
2023-04-19 19:10:00+00:00,2023-04-19 21:10:00+02:00,0.0,0.0,0.0,0.0,23.51,3.1,0.0
2023-04-19 20:10:00+00:00,2023-04-19 22:10:00+02:00,0.0,0.0,0.0,0.0,21.38,3.17,0.0
2023-04-19 21:10:00+00:00,2023-04-19 23:10:00+02:00,0.0,0.0,0.0,0.0,19.66,2.76,0.0
2023-04-19 22:10:00+00:00,2023-04-20 00:10:00+02:00,0.0,0.0,0.0,0.0,18.44,1.93,0.0
2023-04-19 23:10:00+00:00,2023-04-20 01:10:00+02:00,0.0,0.0,0.0,0.0,17.38,1.66,0.0
2023-04-20 00:10:00+00:00,2023-04-20 02:10:00+02:00,0.0,0.0,0.0,0.0,16.36,2.14,0.0
2023-04-20 01:10:00+00:00,2023-04-20 03:10:00+02:00,0.0,0.0,0.0,0.0,15.47,1.93,0.0
2023-04-20 02:10:00+00:00,2023-04-20 04:10:00+02:00,0.0,0.0,0.0,0.0,14.65,1.31,0.0
2023-04-20 03:10:00+00:00,2023-04-20 05:10:00+02:00,0.0,0.0,0.0,0.0,14.76,0.97,0.0
2023-04-20 04:10:00+00:00,2023-04-20 06:10:00+02:00,0.0,0.0,0.0,0.0,14.39,0.97,0.0
2023-04-20 05:10:00+00:00,2023-04-20 07:10:00+02:00,0.0,0.0,0.0,0.0,13.34,1.1,0.0
2023-04-20 06:10:00+00:00,2023-04-20 08:10:00+02:00,127.3,44.13,3.75,4.96,12.65,1.1,0.0
2023-04-20 07:10:00+00:00,2023-04-20 09:10:00+02:00,530.45,161.02,17.01,16.76,14.1,0.97,0.0
2023-04-20 08:10:00+00:00,2023-04-20 10:10:00+02:00,655.39,196.21,23.13,28.63,17.82,0.76,0.0
2023-04-20 09:10:00+00:00,2023-04-20 11:10:00+02:00,765.38,193.99,22.69,40.2,20.43,0.28,0.0
2023-04-20 10:10:00+00:00,2023-04-20 12:10:00+02:00,816.93,192.7,17.8,50.9,22.69,0.69,0.0
2023-04-20 11:10:00+00:00,2023-04-20 13:10:00+02:00,860.65,181.6,12.46,59.56,24.59,1.66,0.0
2023-04-20 12:10:00+00:00,2023-04-20 14:10:00+02:00,872.18,178.65,9.68,63.86,26.07,2.41,0.0
2023-04-20 13:10:00+00:00,2023-04-20 15:10:00+02:00,866.57,180.05,11.07,61.7,27.16,3.1,0.0
2023-04-20 14:10:00+00:00,2023-04-20 16:10:00+02:00,844.09,183.29,15.87,54.24,27.86,3.59,0.0
2023-04-20 15:10:00+00:00,2023-04-20 17:10:00+02:00,800.8,185.88,21.37,44.07,28.14,3.72,0.0
2023-04-20 16:10:00+00:00,2023-04-20 18:10:00+02:00,714.16,190.18,23.76,32.72,27.99,3.66,0.0
2023-04-20 17:10:00+00:00,2023-04-20 19:10:00+02:00,585.59,175.55,20.0,20.91,27.43,3.66,0.0
2023-04-20 18:10:00+00:00,2023-04-20 20:10:00+02:00,375.1,113.93,9.19,9.05,26.5,3.66,0.0
2023-04-20 19:10:00+00:00,2023-04-20 21:10:00+02:00,0.0,0.0,0.0,0.0,24.32,3.59,0.0
2023-04-20 20:10:00+00:00,2023-04-20 22:10:00+02:00,0.0,0.0,0.0,0.0,22.28,3.86,0.0
2023-04-20 21:10:00+00:00,2023-04-20 23:10:00+02:00,0.0,0.0,0.0,0.0,20.52,3.52,0.0
2023-04-20 22:10:00+00:00,2023-04-21 00:10:00+02:00,0.0,0.0,0.0,0.0,19.03,3.17,0.0
2023-04-20 23:10:00+00:00,2023-04-21 01:10:00+02:00,0.0,0.0,0.0,0.0,17.82,2.9,0.0
2023-04-21 00:10:00+00:00,2023-04-21 02:10:00+02:00,0.0,0.0,0.0,0.0,16.87,2.76,0.0
2023-04-21 01:10:00+00:00,2023-04-21 03:10:00+02:00,0.0,0.0,0.0,0.0,16.14,2.34,0.0
2023-04-21 02:10:00+00:00,2023-04-21 04:10:00+02:00,0.0,0.0,0.0,0.0,15.48,2.14,0.0
2023-04-21 03:10:00+00:00,2023-04-21 05:10:00+02:00,0.0,0.0,0.0,0.0,14.97,2.07,0.0
2023-04-21 04:10:00+00:00,2023-04-21 06:10:00+02:00,0.0,0.0,0.0,0.0,14.5,1.86,0.0
2023-04-21 05:10:00+00:00,2023-04-21 07:10:00+02:00,0.0,0.0,0.0,0.0,14.02,1.66,0.0
2023-04-21 06:10:00+00:00,2023-04-21 08:10:00+02:00,165.3,54.27,4.18,5.21,13.5,1.38,0.0
2023-04-21 07:10:00+00:00,2023-04-21 09:10:00+02:00,355.55,164.03,15.28,17.01,15.71,1.38,0.0
2023-04-21 08:10:00+00:00,2023-04-21 10:10:00+02:00,511.52,226.16,21.46,28.87,17.75,2.07,0.0
2023-04-21 09:10:00+00:00,2023-04-21 11:10:00+02:00,429.96,298.54,19.14,40.46,19.69,2.76,0.0
2023-04-21 10:10:00+00:00,2023-04-21 12:10:00+02:00,256.66,378.41,12.8,51.19,21.7,3.59,0.0
2023-04-21 11:10:00+00:00,2023-04-21 13:10:00+02:00,257.8,426.36,8.79,59.88,22.94,4.69,0.0
2023-04-21 12:10:00+00:00,2023-04-21 14:10:00+02:00,528.66,359.56,8.18,64.21,23.76,5.1,0.0
2023-04-21 13:10:00+00:00,2023-04-21 15:10:00+02:00,477.95,374.58,9.15,62.0,23.78,5.38,0.0
2023-04-21 14:10:00+00:00,2023-04-21 16:10:00+02:00,571.34,314.32,14.0,54.48,24.05,5.38,0.0
2023-04-21 15:10:00+00:00,2023-04-21 17:10:00+02:00,735.06,215.1,20.69,44.26,24.07,5.52,0.0
2023-04-21 16:10:00+00:00,2023-04-21 18:10:00+02:00,547.06,237.2,21.89,32.88,23.93,6.14,0.0
2023-04-21 17:10:00+00:00,2023-04-21 19:10:00+02:00,475.72,187.87,18.83,21.07,22.9,5.93,0.0
2023-04-21 18:10:00+00:00,2023-04-21 20:10:00+02:00,399.85,117.95,9.58,9.21,21.42,5.52,0.0
2023-04-21 19:10:00+00:00,2023-04-21 21:10:00+02:00,0.0,0.0,0.0,0.0,19.53,4.83,0.0
2023-04-21 20:10:00+00:00,2023-04-21 22:10:00+02:00,0.0,0.0,0.0,0.0,18.1,4.48,0.0
2023-04-21 21:10:00+00:00,2023-04-21 23:10:00+02:00,0.0,0.0,0.0,0.0,17.14,4.21,0.0
2023-04-21 22:10:00+00:00,2023-04-22 00:10:00+02:00,0.0,0.0,0.0,0.0,16.44,3.93,0.0
2023-04-21 23:10:00+00:00,2023-04-22 01:10:00+02:00,0.0,0.0,0.0,0.0,15.98,3.86,0.0
2023-04-22 00:10:00+00:00,2023-04-22 02:10:00+02:00,0.0,0.0,0.0,0.0,15.79,3.45,0.0
2023-04-22 01:10:00+00:00,2023-04-22 03:10:00+02:00,0.0,0.0,0.0,0.0,15.62,3.17,0.0
2023-04-22 02:10:00+00:00,2023-04-22 04:10:00+02:00,0.0,0.0,0.0,0.0,15.48,2.62,0.0
2023-04-22 03:10:00+00:00,2023-04-22 05:10:00+02:00,0.0,0.0,0.0,0.0,15.52,2.62,0.0
2023-04-22 04:10:00+00:00,2023-04-22 06:10:00+02:00,0.0,0.0,0.0,0.0,15.75,3.24,0.0
2023-04-22 05:10:00+00:00,2023-04-22 07:10:00+02:00,0.0,0.0,0.0,0.0,15.83,3.24,0.0
2023-04-22 06:10:00+00:00,2023-04-22 08:10:00+02:00,52.62,27.91,3.17,5.45,15.94,3.17,0.0
2023-04-22 07:10:00+00:00,2023-04-22 09:10:00+02:00,168.63,133.17,12.59,17.25,15.62,3.03,0.0
2023-04-22 08:10:00+00:00,2023-04-22 10:10:00+02:00,86.32,189.54,13.66,29.12,15.74,2.97,0.0
2023-04-22 09:10:00+00:00,2023-04-22 11:10:00+02:00,177.84,301.23,15.06,40.71,16.54,2.97,0.0
2023-04-22 10:10:00+00:00,2023-04-22 12:10:00+02:00,391.15,355.44,14.04,51.47,17.03,2.28,0.0
2023-04-22 11:10:00+00:00,2023-04-22 13:10:00+02:00,122.15,422.03,7.19,60.2,17.62,1.72,0.0
2023-04-22 12:10:00+00:00,2023-04-22 14:10:00+02:00,440.78,390.46,7.55,64.55,18.9,1.45,0.0
2023-04-22 13:10:00+00:00,2023-04-22 15:10:00+02:00,603.15,314.29,9.52,62.3,20.47,1.52,0.0
2023-04-22 14:10:00+00:00,2023-04-22 16:10:00+02:00,762.07,218.55,14.94,54.71,21.91,2.14,0.0
2023-04-22 15:10:00+00:00,2023-04-22 17:10:00+02:00,765.48,194.29,20.69,44.44,23.33,2.62,0.0
2023-04-22 16:10:00+00:00,2023-04-22 18:10:00+02:00,718.88,181.01,23.51,33.04,23.7,2.76,0.0
2023-04-22 17:10:00+00:00,2023-04-22 19:10:00+02:00,585.64,170.62,19.91,21.22,23.56,2.55,0.0
2023-04-22 18:10:00+00:00,2023-04-22 20:10:00+02:00,368.52,114.09,9.38,9.37,23.2,2.14,0.0
2023-04-22 19:10:00+00:00,2023-04-22 21:10:00+02:00,0.0,0.0,0.0,0.0,22.39,1.79,0.0
2023-04-22 20:10:00+00:00,2023-04-22 22:10:00+02:00,0.0,0.0,0.0,0.0,20.66,2.28,0.0
2023-04-22 21:10:00+00:00,2023-04-22 23:10:00+02:00,0.0,0.0,0.0,0.0,18.91,2.69,0.0
2023-04-22 22:10:00+00:00,2023-04-23 00:10:00+02:00,0.0,0.0,0.0,0.0,17.44,2.76,0.0
2023-04-22 23:10:00+00:00,2023-04-23 01:10:00+02:00,0.0,0.0,0.0,0.0,16.33,2.48,0.0
2023-04-23 00:10:00+00:00,2023-04-23 02:10:00+02:00,0.0,0.0,0.0,0.0,15.37,2.07,0.0
2023-04-23 01:10:00+00:00,2023-04-23 03:10:00+02:00,0.0,0.0,0.0,0.0,14.35,1.52,0.0
2023-04-23 02:10:00+00:00,2023-04-23 04:10:00+02:00,0.0,0.0,0.0,0.0,14.4,0.83,0.0
2023-04-23 03:10:00+00:00,2023-04-23 05:10:00+02:00,0.0,0.0,0.0,0.0,14.83,0.83,0.0
2023-04-23 04:10:00+00:00,2023-04-23 06:10:00+02:00,0.0,0.0,0.0,0.0,13.15,1.52,0.0
2023-04-23 05:10:00+00:00,2023-04-23 07:10:00+02:00,0.0,0.0,0.0,0.0,12.23,1.86,0.0
2023-04-23 06:10:00+00:00,2023-04-23 08:10:00+02:00,100.78,43.67,3.96,5.69,11.7,1.93,0.0
2023-04-23 07:10:00+00:00,2023-04-23 09:10:00+02:00,569.16,163.81,17.98,17.48,13.81,1.52,0.0
2023-04-23 08:10:00+00:00,2023-04-23 10:10:00+02:00,669.1,196.89,23.4,29.35,17.87,2.69,0.0
2023-04-23 09:10:00+00:00,2023-04-23 11:10:00+02:00,791.66,186.15,22.7,40.96,20.25,2.97,0.0
2023-04-23 10:10:00+00:00,2023-04-23 12:10:00+02:00,841.7,183.93,17.5,51.75,22.33,2.76,0.0
2023-04-23 11:10:00+00:00,2023-04-23 13:10:00+02:00,884.51,170.83,11.95,60.52,23.94,2.34,0.0
2023-04-23 12:10:00+00:00,2023-04-23 14:10:00+02:00,894.56,169.19,9.13,64.89,25.29,2.14,0.0
2023-04-23 13:10:00+00:00,2023-04-23 15:10:00+02:00,888.8,170.6,10.6,62.59,26.38,1.86,0.0
2023-04-23 14:10:00+00:00,2023-04-23 16:10:00+02:00,851.58,182.49,15.5,54.93,27.13,1.66,0.0
2023-04-23 15:10:00+00:00,2023-04-23 17:10:00+02:00,808.55,186.49,21.24,44.63,27.63,1.59,0.0
2023-04-23 16:10:00+00:00,2023-04-23 18:10:00+02:00,737.69,185.37,24.02,33.21,27.83,1.59,0.0
2023-04-23 17:10:00+00:00,2023-04-23 19:10:00+02:00,620.0,173.73,20.65,21.38,27.78,1.66,0.0
2023-04-23 18:10:00+00:00,2023-04-23 20:10:00+02:00,416.77,121.04,10.01,9.53,27.26,1.24,0.0
2023-04-23 19:10:00+00:00,2023-04-23 21:10:00+02:00,0.0,0.0,0.0,0.0,26.09,1.31,0.0
2023-04-23 20:10:00+00:00,2023-04-23 22:10:00+02:00,0.0,0.0,0.0,0.0,24.01,2.0,0.0
2023-04-23 21:10:00+00:00,2023-04-23 23:10:00+02:00,0.0,0.0,0.0,0.0,21.98,2.07,0.0
2023-04-23 22:10:00+00:00,2023-04-24 00:10:00+02:00,0.0,0.0,0.0,0.0,20.1,1.86,0.0
2023-04-23 23:10:00+00:00,2023-04-24 01:10:00+02:00,0.0,0.0,0.0,0.0,18.6,1.93,0.0
2023-04-24 00:10:00+00:00,2023-04-24 02:10:00+02:00,0.0,0.0,0.0,0.0,17.84,2.34,0.0
2023-04-24 01:10:00+00:00,2023-04-24 03:10:00+02:00,0.0,0.0,0.0,0.0,17.4,2.69,0.0
2023-04-24 02:10:00+00:00,2023-04-24 04:10:00+02:00,0.0,0.0,0.0,0.0,16.82,2.55,0.0
2023-04-24 03:10:00+00:00,2023-04-24 05:10:00+02:00,0.0,0.0,0.0,0.0,15.89,2.14,0.0
2023-04-24 04:10:00+00:00,2023-04-24 06:10:00+02:00,0.0,0.0,0.0,0.0,14.9,2.0,0.0
2023-04-24 05:10:00+00:00,2023-04-24 07:10:00+02:00,0.0,0.0,0.0,0.0,14.05,1.93,0.0
2023-04-24 06:10:00+00:00,2023-04-24 08:10:00+02:00,183.82,68.25,5.02,5.93,13.52,1.86,0.0
2023-04-24 07:10:00+00:00,2023-04-24 09:10:00+02:00,571.8,162.88,18.09,17.72,15.77,1.17,0.0
2023-04-24 08:10:00+00:00,2023-04-24 10:10:00+02:00,676.44,192.5,23.39,29.59,20.16,1.59,0.0
2023-04-24 09:10:00+00:00,2023-04-24 11:10:00+02:00,784.73,186.4,22.45,41.21,23.02,2.21,0.0
2023-04-24 10:10:00+00:00,2023-04-24 12:10:00+02:00,834.76,183.19,17.19,52.02,25.38,2.07,0.0
2023-04-24 11:10:00+00:00,2023-04-24 13:10:00+02:00,877.22,171.42,11.66,60.83,27.12,1.52,0.0
2023-04-24 12:10:00+00:00,2023-04-24 14:10:00+02:00,887.74,169.83,8.87,65.22,28.5,1.24,0.0
2023-04-24 13:10:00+00:00,2023-04-24 15:10:00+02:00,867.4,178.67,10.28,62.88,29.55,1.31,0.0
2023-04-24 14:10:00+00:00,2023-04-24 16:10:00+02:00,859.0,174.25,15.33,55.16,30.24,1.52,0.0
2023-04-24 15:10:00+00:00,2023-04-24 17:10:00+02:00,815.9,178.88,21.11,44.81,30.54,1.59,0.0
2023-04-24 16:10:00+00:00,2023-04-24 18:10:00+02:00,743.65,181.11,23.99,33.37,30.56,1.52,0.0
2023-04-24 17:10:00+00:00,2023-04-24 19:10:00+02:00,613.04,171.87,20.51,21.53,30.3,1.45,0.0
2023-04-24 18:10:00+00:00,2023-04-24 20:10:00+02:00,404.06,121.46,10.06,9.69,29.68,1.38,0.0
2023-04-24 19:10:00+00:00,2023-04-24 21:10:00+02:00,0.0,0.0,0.0,0.0,27.69,2.28,0.0
2023-04-24 20:10:00+00:00,2023-04-24 22:10:00+02:00,0.0,0.0,0.0,0.0,25.58,2.76,0.0
2023-04-24 21:10:00+00:00,2023-04-24 23:10:00+02:00,0.0,0.0,0.0,0.0,24.0,2.97,0.0
2023-04-24 22:10:00+00:00,2023-04-25 00:10:00+02:00,0.0,0.0,0.0,0.0,22.55,2.69,0.0
2023-04-24 23:10:00+00:00,2023-04-25 01:10:00+02:00,0.0,0.0,0.0,0.0,21.23,2.34,0.0
2023-04-25 00:10:00+00:00,2023-04-25 02:10:00+02:00,0.0,0.0,0.0,0.0,20.06,2.07,0.0
2023-04-25 01:10:00+00:00,2023-04-25 03:10:00+02:00,0.0,0.0,0.0,0.0,18.85,1.66,0.0
2023-04-25 02:10:00+00:00,2023-04-25 04:10:00+02:00,0.0,0.0,0.0,0.0,18.03,1.17,0.0
2023-04-25 03:10:00+00:00,2023-04-25 05:10:00+02:00,0.0,0.0,0.0,0.0,18.38,0.76,0.0
2023-04-25 04:10:00+00:00,2023-04-25 06:10:00+02:00,0.0,0.0,0.0,0.0,17.99,0.55,0.0
2023-04-25 05:10:00+00:00,2023-04-25 07:10:00+02:00,0.0,0.0,0.0,0.0,17.53,0.48,0.0
2023-04-25 06:10:00+00:00,2023-04-25 08:10:00+02:00,260.64,83.37,5.71,6.17,16.95,0.76,0.0
2023-04-25 07:10:00+00:00,2023-04-25 09:10:00+02:00,545.3,165.98,17.92,17.94,16.89,0.48,0.0
2023-04-25 08:10:00+00:00,2023-04-25 10:10:00+02:00,649.59,200.02,23.08,29.82,21.13,0.62,0.0
2023-04-25 09:10:00+00:00,2023-04-25 11:10:00+02:00,768.89,193.89,22.21,41.45,24.3,0.97,0.0
2023-04-25 10:10:00+00:00,2023-04-25 12:10:00+02:00,833.0,183.86,17.0,52.29,26.84,1.17,0.0
2023-04-25 11:10:00+00:00,2023-04-25 13:10:00+02:00,860.91,180.69,11.39,61.14,28.7,0.9,0.0
2023-04-25 12:10:00+00:00,2023-04-25 14:10:00+02:00,886.5,169.47,8.64,65.55,30.16,1.03,0.0
2023-04-25 13:10:00+00:00,2023-04-25 15:10:00+02:00,866.32,178.32,10.08,63.16,31.32,1.52,0.0
2023-04-25 14:10:00+00:00,2023-04-25 16:10:00+02:00,857.93,175.06,15.18,55.38,32.12,1.86,0.0
2023-04-25 15:10:00+00:00,2023-04-25 17:10:00+02:00,800.62,186.55,20.89,44.99,32.51,2.14,0.0
2023-04-25 16:10:00+00:00,2023-04-25 18:10:00+02:00,729.67,186.51,23.82,33.53,32.53,2.28,0.0
2023-04-25 17:10:00+00:00,2023-04-25 19:10:00+02:00,614.33,171.35,20.55,21.69,32.21,2.34,0.0
2023-04-25 18:10:00+00:00,2023-04-25 20:10:00+02:00,432.71,123.91,10.45,9.85,31.29,2.0,0.0
2023-04-25 19:10:00+00:00,2023-04-25 21:10:00+02:00,0.0,0.0,0.0,0.0,29.3,2.55,0.0
2023-04-25 20:10:00+00:00,2023-04-25 22:10:00+02:00,0.0,0.0,0.0,0.0,26.93,2.9,0.0
2023-04-25 21:10:00+00:00,2023-04-25 23:10:00+02:00,0.0,0.0,0.0,0.0,25.12,2.97,0.0
2023-04-25 22:10:00+00:00,2023-04-26 00:10:00+02:00,0.0,0.0,0.0,0.0,23.55,2.69,0.0
2023-04-25 23:10:00+00:00,2023-04-26 01:10:00+02:00,0.0,0.0,0.0,0.0,22.18,2.14,0.0
2023-04-26 00:10:00+00:00,2023-04-26 02:10:00+02:00,0.0,0.0,0.0,0.0,20.77,1.72,0.0
2023-04-26 01:10:00+00:00,2023-04-26 03:10:00+02:00,0.0,0.0,0.0,0.0,19.73,1.1,0.0
2023-04-26 02:10:00+00:00,2023-04-26 04:10:00+02:00,0.0,0.0,0.0,0.0,19.88,0.41,0.0
2023-04-26 03:10:00+00:00,2023-04-26 05:10:00+02:00,0.0,0.0,0.0,0.0,19.09,0.48,0.0
2023-04-26 04:10:00+00:00,2023-04-26 06:10:00+02:00,0.0,0.0,0.0,0.0,17.39,1.03,0.0
2023-04-26 05:10:00+00:00,2023-04-26 07:10:00+02:00,0.0,0.0,0.0,0.0,15.8,1.38,0.0
2023-04-26 06:10:00+00:00,2023-04-26 08:10:00+02:00,314.12,93.64,6.31,6.4,14.99,1.52,0.0
2023-04-26 07:10:00+00:00,2023-04-26 09:10:00+02:00,583.71,166.09,18.58,18.17,17.62,1.1,0.0
2023-04-26 08:10:00+00:00,2023-04-26 10:10:00+02:00,677.13,198.46,23.57,30.04,22.47,1.45,0.0
2023-04-26 09:10:00+00:00,2023-04-26 11:10:00+02:00,768.32,201.13,22.27,41.69,25.94,1.93,0.0
2023-04-26 10:10:00+00:00,2023-04-26 12:10:00+02:00,831.32,191.65,16.94,52.55,28.82,2.0,0.0
2023-04-26 11:10:00+00:00,2023-04-26 13:10:00+02:00,874.35,179.49,11.31,61.45,31.04,1.45,0.0
2023-04-26 12:10:00+00:00,2023-04-26 14:10:00+02:00,885.32,176.66,8.49,65.88,32.51,0.62,0.0
2023-04-26 13:10:00+00:00,2023-04-26 15:10:00+02:00,878.71,178.22,10.01,63.44,33.49,0.41,0.0
2023-04-26 14:10:00+00:00,2023-04-26 16:10:00+02:00,871.44,173.99,15.2,55.6,34.32,1.52,0.0
2023-04-26 15:10:00+00:00,2023-04-26 17:10:00+02:00,815.07,185.77,21.06,45.16,34.73,2.41,0.0
2023-04-26 16:10:00+00:00,2023-04-26 18:10:00+02:00,744.68,186.11,24.1,33.68,34.64,2.97,0.0
2023-04-26 17:10:00+00:00,2023-04-26 19:10:00+02:00,607.56,178.14,20.72,21.84,34.05,3.17,0.0
2023-04-26 18:10:00+00:00,2023-04-26 20:10:00+02:00,431.72,124.62,10.58,10.0,32.64,2.55,0.0
2023-04-26 19:10:00+00:00,2023-04-26 21:10:00+02:00,0.0,0.0,0.0,0.0,30.27,2.83,0.0
2023-04-26 20:10:00+00:00,2023-04-26 22:10:00+02:00,0.0,0.0,0.0,0.0,28.08,2.97,0.0
2023-04-26 21:10:00+00:00,2023-04-26 23:10:00+02:00,0.0,0.0,0.0,0.0,26.51,2.83,0.0
2023-04-26 22:10:00+00:00,2023-04-27 00:10:00+02:00,0.0,0.0,0.0,0.0,25.0,2.48,0.0
2023-04-26 23:10:00+00:00,2023-04-27 01:10:00+02:00,0.0,0.0,0.0,0.0,23.63,2.28,0.0
2023-04-27 00:10:00+00:00,2023-04-27 02:10:00+02:00,0.0,0.0,0.0,0.0,22.19,1.86,0.0
2023-04-27 01:10:00+00:00,2023-04-27 03:10:00+02:00,0.0,0.0,0.0,0.0,20.96,1.52,0.0
2023-04-27 02:10:00+00:00,2023-04-27 04:10:00+02:00,0.0,0.0,0.0,0.0,19.58,1.93,0.0
2023-04-27 03:10:00+00:00,2023-04-27 05:10:00+02:00,0.0,0.0,0.0,0.0,18.75,2.07,0.0
2023-04-27 04:10:00+00:00,2023-04-27 06:10:00+02:00,0.0,0.0,0.0,0.0,18.41,2.0,0.0
2023-04-27 05:10:00+00:00,2023-04-27 07:10:00+02:00,0.0,0.0,0.0,0.0,18.03,1.66,0.0
2023-04-27 06:10:00+00:00,2023-04-27 08:10:00+02:00,95.37,48.63,4.69,6.62,18.62,0.97,0.0
2023-04-27 07:10:00+00:00,2023-04-27 09:10:00+02:00,456.51,173.01,17.18,18.39,20.32,2.28,0.0
2023-04-27 08:10:00+00:00,2023-04-27 10:10:00+02:00,672.66,192.65,23.26,30.26,23.73,2.48,0.0
2023-04-27 09:10:00+00:00,2023-04-27 11:10:00+02:00,531.36,280.53,19.71,41.92,27.17,2.34,0.0
2023-04-27 10:10:00+00:00,2023-04-27 12:10:00+02:00,615.08,290.01,15.23,52.81,30.17,1.93,0.0
2023-04-27 11:10:00+00:00,2023-04-27 13:10:00+02:00,298.58,426.24,8.19,61.74,32.89,2.07,0.0
2023-04-27 12:10:00+00:00,2023-04-27 14:10:00+02:00,785.83,227.07,7.93,66.2,34.68,2.55,0.0
2023-04-27 13:10:00+00:00,2023-04-27 15:10:00+02:00,811.91,208.12,9.51,63.72,35.84,3.1,0.0
2023-04-27 14:10:00+00:00,2023-04-27 16:10:00+02:00,822.06,191.72,14.64,55.81,35.98,3.17,0.0
2023-04-27 15:10:00+00:00,2023-04-27 17:10:00+02:00,707.16,227.89,19.89,45.34,36.32,3.45,0.0
2023-04-27 16:10:00+00:00,2023-04-27 18:10:00+02:00,633.91,217.89,22.73,33.84,35.96,3.45,0.0
2023-04-27 17:10:00+00:00,2023-04-27 19:10:00+02:00,397.94,194.01,18.2,21.99,35.22,3.38,0.0
2023-04-27 18:10:00+00:00,2023-04-27 20:10:00+02:00,425.12,124.13,10.62,10.16,33.79,2.62,0.0
2023-04-27 19:10:00+00:00,2023-04-27 21:10:00+02:00,0.0,0.0,0.0,0.0,31.17,2.9,0.0
2023-04-27 20:10:00+00:00,2023-04-27 22:10:00+02:00,0.0,0.0,0.0,0.0,28.76,2.62,0.0
2023-04-27 21:10:00+00:00,2023-04-27 23:10:00+02:00,0.0,0.0,0.0,0.0,27.1,2.14,0.0
2023-04-27 22:10:00+00:00,2023-04-28 00:10:00+02:00,0.0,0.0,0.0,0.0,25.59,1.45,0.0
2023-04-27 23:10:00+00:00,2023-04-28 01:10:00+02:00,0.0,0.0,0.0,0.0,24.78,0.83,0.0
2023-04-28 00:10:00+00:00,2023-04-28 02:10:00+02:00,0.0,0.0,0.0,0.0,23.27,1.17,0.0
2023-04-28 01:10:00+00:00,2023-04-28 03:10:00+02:00,0.0,0.0,0.0,0.0,21.56,1.52,0.0
2023-04-28 02:10:00+00:00,2023-04-28 04:10:00+02:00,0.0,0.0,0.0,0.0,20.59,1.66,0.0
2023-04-28 03:10:00+00:00,2023-04-28 05:10:00+02:00,0.0,0.0,0.0,0.0,19.61,1.66,0.0
2023-04-28 04:10:00+00:00,2023-04-28 06:10:00+02:00,0.0,0.0,0.0,0.0,18.86,1.72,0.0
2023-04-28 05:10:00+00:00,2023-04-28 07:10:00+02:00,0.0,0.0,0.0,0.0,18.47,1.79,0.0
2023-04-28 06:10:00+00:00,2023-04-28 08:10:00+02:00,33.56,28.99,3.7,6.85,18.49,1.86,0.0
2023-04-28 07:10:00+00:00,2023-04-28 09:10:00+02:00,6.27,68.48,7.08,18.6,22.15,0.48,0.0
2023-04-28 08:10:00+00:00,2023-04-28 10:10:00+02:00,108.43,206.59,14.34,30.48,25.09,0.41,0.0
2023-04-28 09:10:00+00:00,2023-04-28 11:10:00+02:00,478.36,289.72,18.91,42.15,27.5,0.9,0.0
2023-04-28 10:10:00+00:00,2023-04-28 12:10:00+02:00,268.98,382.15,11.98,53.06,29.57,1.52,0.0
2023-04-28 11:10:00+00:00,2023-04-28 13:10:00+02:00,765.35,225.42,10.31,62.04,31.6,2.14,0.0
2023-04-28 12:10:00+00:00,2023-04-28 14:10:00+02:00,821.0,197.51,7.77,66.52,33.12,3.03,0.0
2023-04-28 13:10:00+00:00,2023-04-28 15:10:00+02:00,768.83,226.19,9.12,64.0,34.1,3.79,0.0
2023-04-28 14:10:00+00:00,2023-04-28 16:10:00+02:00,295.44,395.02,10.88,56.02,34.58,4.14,0.0
2023-04-28 15:10:00+00:00,2023-04-28 17:10:00+02:00,357.44,329.71,16.28,45.51,34.74,4.28,0.0
2023-04-28 16:10:00+00:00,2023-04-28 18:10:00+02:00,107.31,232.81,14.28,33.99,34.58,4.41,0.0
2023-04-28 17:10:00+00:00,2023-04-28 19:10:00+02:00,58.38,126.8,11.4,22.14,33.88,4.48,0.0
2023-04-28 18:10:00+00:00,2023-04-28 20:10:00+02:00,223.33,100.54,8.87,10.32,32.49,3.93,0.0
2023-04-28 19:10:00+00:00,2023-04-28 21:10:00+02:00,0.0,0.0,0.0,0.0,29.87,3.79,0.0
2023-04-28 20:10:00+00:00,2023-04-28 22:10:00+02:00,0.0,0.0,0.0,0.0,27.47,4.0,0.0
2023-04-28 21:10:00+00:00,2023-04-28 23:10:00+02:00,0.0,0.0,0.0,0.0,25.66,3.66,0.0
2023-04-28 22:10:00+00:00,2023-04-29 00:10:00+02:00,0.0,0.0,0.0,0.0,24.43,3.79,0.0
2023-04-28 23:10:00+00:00,2023-04-29 01:10:00+02:00,0.0,0.0,0.0,0.0,23.17,3.66,0.0
2023-04-29 00:10:00+00:00,2023-04-29 02:10:00+02:00,0.0,0.0,0.0,0.0,21.96,3.03,0.0
2023-04-29 01:10:00+00:00,2023-04-29 03:10:00+02:00,0.0,0.0,0.0,0.0,21.06,2.69,0.0
2023-04-29 02:10:00+00:00,2023-04-29 04:10:00+02:00,0.0,0.0,0.0,0.0,20.35,2.62,0.0
2023-04-29 03:10:00+00:00,2023-04-29 05:10:00+02:00,0.0,0.0,0.0,0.0,19.69,2.34,0.0
2023-04-29 04:10:00+00:00,2023-04-29 06:10:00+02:00,0.0,0.0,0.0,0.0,19.17,2.41,0.0
2023-04-29 05:10:00+00:00,2023-04-29 07:10:00+02:00,0.0,0.0,0.0,0.0,18.75,2.62,0.0
2023-04-29 06:10:00+00:00,2023-04-29 08:10:00+02:00,32.53,30.85,3.95,7.06,18.31,2.62,0.0
2023-04-29 07:10:00+00:00,2023-04-29 09:10:00+02:00,167.46,142.14,13.21,18.81,18.83,2.41,0.0
2023-04-29 08:10:00+00:00,2023-04-29 10:10:00+02:00,728.85,172.15,23.75,30.69,19.95,2.83,0.0
2023-04-29 09:10:00+00:00,2023-04-29 11:10:00+02:00,738.97,199.87,21.33,42.37,21.9,2.97,0.0
2023-04-29 10:10:00+00:00,2023-04-29 12:10:00+02:00,0.0,74.73,1.64,53.31,24.67,2.41,0.0
2023-04-29 11:10:00+00:00,2023-04-29 13:10:00+02:00,551.04,335.94,9.23,62.33,27.01,2.28,0.0
2023-04-29 12:10:00+00:00,2023-04-29 14:10:00+02:00,879.97,163.83,7.76,66.83,28.78,1.93,0.0
2023-04-29 13:10:00+00:00,2023-04-29 15:10:00+02:00,670.49,281.68,8.62,64.27,30.08,3.59,0.0
2023-04-29 14:10:00+00:00,2023-04-29 16:10:00+02:00,839.65,174.46,14.34,56.23,30.56,4.62,0.0
2023-04-29 15:10:00+00:00,2023-04-29 17:10:00+02:00,782.67,186.63,20.17,45.68,30.8,4.83,0.0
2023-04-29 16:10:00+00:00,2023-04-29 18:10:00+02:00,673.4,199.86,22.9,34.15,30.77,4.9,0.0
2023-04-29 17:10:00+00:00,2023-04-29 19:10:00+02:00,651.22,163.62,21.1,22.29,30.4,4.69,0.0
2023-04-29 18:10:00+00:00,2023-04-29 20:10:00+02:00,379.58,122.37,10.47,10.47,29.65,4.07,0.0
2023-04-29 19:10:00+00:00,2023-04-29 21:10:00+02:00,0.0,0.0,0.0,0.0,27.75,3.38,0.0
2023-04-29 20:10:00+00:00,2023-04-29 22:10:00+02:00,0.0,0.0,0.0,0.0,25.84,3.1,0.0
2023-04-29 21:10:00+00:00,2023-04-29 23:10:00+02:00,0.0,0.0,0.0,0.0,24.43,2.9,0.0
2023-04-29 22:10:00+00:00,2023-04-30 00:10:00+02:00,0.0,0.0,0.0,0.0,23.39,2.48,0.0
2023-04-29 23:10:00+00:00,2023-04-30 01:10:00+02:00,0.0,0.0,0.0,0.0,22.71,2.21,0.0
2023-04-30 00:10:00+00:00,2023-04-30 02:10:00+02:00,0.0,0.0,0.0,0.0,22.19,2.07,0.0
2023-04-30 01:10:00+00:00,2023-04-30 03:10:00+02:00,0.0,0.0,0.0,0.0,21.29,1.86,0.0
2023-04-30 02:10:00+00:00,2023-04-30 04:10:00+02:00,0.0,0.0,0.0,0.0,20.33,1.24,0.0
2023-04-30 03:10:00+00:00,2023-04-30 05:10:00+02:00,0.0,0.0,0.0,0.0,20.97,0.62,0.0
2023-04-30 04:10:00+00:00,2023-04-30 06:10:00+02:00,0.0,0.0,0.0,0.0,20.59,0.41,0.0
2023-04-30 05:10:00+00:00,2023-04-30 07:10:00+02:00,0.0,0.0,0.0,0.0,20.07,0.76,0.0
2023-04-30 06:10:00+00:00,2023-04-30 08:10:00+02:00,0.0,15.73,2.45,7.28,17.92,1.31,0.0
2023-04-30 07:10:00+00:00,2023-04-30 09:10:00+02:00,156.5,142.57,13.21,19.02,19.65,1.03,0.0
2023-04-30 08:10:00+00:00,2023-04-30 10:10:00+02:00,206.43,237.25,16.88,30.9,21.44,1.66,0.0
2023-04-30 09:10:00+00:00,2023-04-30 11:10:00+02:00,177.33,316.12,14.61,42.59,22.95,1.45,0.0
2023-04-30 10:10:00+00:00,2023-04-30 12:10:00+02:00,565.63,311.25,14.43,53.55,24.58,0.9,0.0
2023-04-30 11:10:00+00:00,2023-04-30 13:10:00+02:00,511.32,359.52,8.95,62.61,26.12,0.21,0.0
2023-04-30 12:10:00+00:00,2023-04-30 14:10:00+02:00,617.49,319.4,6.87,67.14,27.29,0.55,0.0
2023-04-30 13:10:00+00:00,2023-04-30 15:10:00+02:00,18.83,369.4,3.92,64.53,27.99,1.31,0.0
2023-04-30 14:10:00+00:00,2023-04-30 16:10:00+02:00,216.01,408.14,9.92,56.44,28.61,1.52,0.0
2023-04-30 15:10:00+00:00,2023-04-30 17:10:00+02:00,854.28,160.97,20.87,45.85,29.32,2.28,0.0
2023-04-30 16:10:00+00:00,2023-04-30 18:10:00+02:00,672.55,206.26,23.05,34.3,29.54,2.69,0.0
2023-04-30 17:10:00+00:00,2023-04-30 19:10:00+02:00,602.59,174.53,20.65,22.44,29.1,2.83,0.0
2023-04-30 18:10:00+00:00,2023-04-30 20:10:00+02:00,455.44,128.75,11.34,10.63,28.49,2.9,0.0
2023-04-30 19:10:00+00:00,2023-04-30 21:10:00+02:00,0.0,0.0,0.0,0.0,26.81,3.24,0.0
2023-04-30 20:10:00+00:00,2023-04-30 22:10:00+02:00,0.0,0.0,0.0,0.0,24.68,3.93,0.0
2023-04-30 21:10:00+00:00,2023-04-30 23:10:00+02:00,0.0,0.0,0.0,0.0,22.77,4.21,0.0
2023-04-30 22:10:00+00:00,2023-05-01 00:10:00+02:00,0.0,0.0,0.0,0.0,21.25,3.66,0.0
2023-04-30 23:10:00+00:00,2023-05-01 01:10:00+02:00,0.0,0.0,0.0,0.0,20.13,3.24,0.0
2023-05-01 00:10:00+00:00,2023-05-01 02:10:00+02:00,0.0,0.0,0.0,0.0,19.3,2.9,0.0
2023-05-01 01:10:00+00:00,2023-05-01 03:10:00+02:00,0.0,0.0,0.0,0.0,18.6,2.55,0.0
2023-05-01 02:10:00+00:00,2023-05-01 04:10:00+02:00,0.0,0.0,0.0,0.0,18.01,2.0,0.0
2023-05-01 03:10:00+00:00,2023-05-01 05:10:00+02:00,0.0,0.0,0.0,0.0,17.46,1.72,0.0
2023-05-01 04:10:00+00:00,2023-05-01 06:10:00+02:00,0.0,0.0,0.0,0.0,16.79,1.59,0.0
2023-05-01 05:10:00+00:00,2023-05-01 07:10:00+02:00,0.0,0.0,0.0,0.0,16.03,1.52,0.0
2023-05-01 06:10:00+00:00,2023-05-01 08:10:00+02:00,307.07,99.95,7.31,7.48,15.7,1.24,0.0
2023-05-01 07:10:00+00:00,2023-05-01 09:10:00+02:00,510.34,176.54,18.31,19.22,17.68,0.14,0.0
2023-05-01 08:10:00+00:00,2023-05-01 10:10:00+02:00,644.73,206.56,23.06,31.1,19.88,0.48,0.0
2023-05-01 09:10:00+00:00,2023-05-01 11:10:00+02:00,749.17,204.81,21.45,42.8,22.3,0.34,0.0
2023-05-01 10:10:00+00:00,2023-05-01 12:10:00+02:00,798.16,204.6,15.84,53.79,24.65,0.48,0.0
2023-05-01 11:10:00+00:00,2023-05-01 13:10:00+02:00,794.28,219.67,9.99,62.89,26.86,0.41,0.0
2023-05-01 12:10:00+00:00,2023-05-01 14:10:00+02:00,852.17,189.56,7.38,67.45,28.65,0.21,0.0
2023-05-01 13:10:00+00:00,2023-05-01 15:10:00+02:00,845.47,191.29,8.97,64.8,29.89,0.83,0.0
2023-05-01 14:10:00+00:00,2023-05-01 16:10:00+02:00,822.5,195.07,14.13,56.64,30.6,0.97,0.0
2023-05-01 15:10:00+00:00,2023-05-01 17:10:00+02:00,779.61,197.03,20.16,46.02,30.91,0.97,0.0
2023-05-01 16:10:00+00:00,2023-05-01 18:10:00+02:00,719.46,191.38,23.54,34.45,30.97,1.1,0.0
2023-05-01 17:10:00+00:00,2023-05-01 19:10:00+02:00,580.62,181.85,20.57,22.59,30.71,1.17,0.0
2023-05-01 18:10:00+00:00,2023-05-01 20:10:00+02:00,395.56,127.69,10.97,10.78,30.04,1.45,0.0
2023-05-01 19:10:00+00:00,2023-05-01 21:10:00+02:00,0.0,0.0,0.0,0.0,28.19,2.48,0.0
2023-05-01 20:10:00+00:00,2023-05-01 22:10:00+02:00,0.0,0.0,0.0,0.0,25.91,2.83,0.0
2023-05-01 21:10:00+00:00,2023-05-01 23:10:00+02:00,0.0,0.0,0.0,0.0,24.16,2.83,0.0
2023-05-01 22:10:00+00:00,2023-05-02 00:10:00+02:00,0.0,0.0,0.0,0.0,22.82,2.34,0.0
2023-05-01 23:10:00+00:00,2023-05-02 01:10:00+02:00,0.0,0.0,0.0,0.0,21.82,1.72,0.0
2023-05-02 00:10:00+00:00,2023-05-02 02:10:00+02:00,0.0,0.0,0.0,0.0,20.7,1.52,0.0
2023-05-02 01:10:00+00:00,2023-05-02 03:10:00+02:00,0.0,0.0,0.0,0.0,19.84,1.93,0.0
2023-05-02 02:10:00+00:00,2023-05-02 04:10:00+02:00,0.0,0.0,0.0,0.0,19.14,2.07,0.0
2023-05-02 03:10:00+00:00,2023-05-02 05:10:00+02:00,0.0,0.0,0.0,0.0,18.58,2.0,0.0
2023-05-02 04:10:00+00:00,2023-05-02 06:10:00+02:00,0.0,0.0,0.0,0.0,17.9,1.66,0.0
2023-05-02 05:10:00+00:00,2023-05-02 07:10:00+02:00,0.0,0.0,0.0,0.0,17.36,1.72,0.0
2023-05-02 06:10:00+00:00,2023-05-02 08:10:00+02:00,142.01,68.13,6.06,7.69,17.22,1.72,0.0
2023-05-02 07:10:00+00:00,2023-05-02 09:10:00+02:00,0.0,0.0,0.0,0.0,19.79,1.86,0.0
2023-05-02 08:10:00+00:00,2023-05-02 10:10:00+02:00,373.48,251.85,19.75,31.29,22.6,2.21,0.0
2023-05-02 09:10:00+00:00,2023-05-02 11:10:00+02:00,368.0,320.97,17.52,43.0,25.24,2.41,0.0
2023-05-02 10:10:00+00:00,2023-05-02 12:10:00+02:00,260.74,393.97,11.56,54.02,27.48,2.76,0.0
2023-05-02 11:10:00+00:00,2023-05-02 13:10:00+02:00,653.39,297.46,9.29,63.16,29.39,2.97,0.0
2023-05-02 12:10:00+00:00,2023-05-02 14:10:00+02:00,582.37,341.43,6.46,67.75,31.0,3.03,0.0
2023-05-02 13:10:00+00:00,2023-05-02 15:10:00+02:00,670.53,291.28,8.23,65.06,32.17,3.17,0.0
2023-05-02 14:10:00+00:00,2023-05-02 16:10:00+02:00,692.8,264.62,13.32,56.84,32.81,3.38,0.0
2023-05-02 15:10:00+00:00,2023-05-02 17:10:00+02:00,593.13,278.68,18.57,46.19,33.02,3.38,0.0
2023-05-02 16:10:00+00:00,2023-05-02 18:10:00+02:00,783.65,172.51,24.33,34.6,32.78,3.38,0.0
2023-05-02 17:10:00+00:00,2023-05-02 19:10:00+02:00,354.52,199.23,17.98,22.73,32.11,3.38,0.0
2023-05-02 18:10:00+00:00,2023-05-02 20:10:00+02:00,63.26,59.88,6.81,10.94,30.63,2.76,0.0
2023-05-02 19:10:00+00:00,2023-05-02 21:10:00+02:00,0.0,0.0,0.0,0.0,28.89,2.83,0.0
2023-05-02 20:10:00+00:00,2023-05-02 22:10:00+02:00,0.0,0.0,0.0,0.0,26.78,3.1,0.0
2023-05-02 21:10:00+00:00,2023-05-02 23:10:00+02:00,0.0,0.0,0.0,0.0,25.11,3.31,0.0
2023-05-02 22:10:00+00:00,2023-05-03 00:10:00+02:00,0.0,0.0,0.0,0.0,23.64,3.31,0.0
2023-05-02 23:10:00+00:00,2023-05-03 01:10:00+02:00,0.0,0.0,0.0,0.0,22.78,3.1,0.0
2023-05-03 00:10:00+00:00,2023-05-03 02:10:00+02:00,0.0,0.0,0.0,0.0,22.22,2.97,0.0
2023-05-03 01:10:00+00:00,2023-05-03 03:10:00+02:00,0.0,0.0,0.0,0.0,21.59,3.03,0.0
2023-05-03 02:10:00+00:00,2023-05-03 04:10:00+02:00,0.0,0.0,0.0,0.0,21.22,3.1,0.0
2023-05-03 03:10:00+00:00,2023-05-03 05:10:00+02:00,0.0,0.0,0.0,0.0,20.73,2.76,0.0
2023-05-03 04:10:00+00:00,2023-05-03 06:10:00+02:00,0.0,0.0,0.0,0.0,20.17,2.55,0.0
2023-05-03 05:10:00+00:00,2023-05-03 07:10:00+02:00,0.0,0.0,0.0,0.0,19.3,2.34,0.0
2023-05-03 06:10:00+00:00,2023-05-03 08:10:00+02:00,255.01,93.76,7.25,7.89,18.51,2.21,0.0
2023-05-03 07:10:00+00:00,2023-05-03 09:10:00+02:00,598.95,169.79,19.53,19.61,20.66,2.41,0.0
2023-05-03 08:10:00+00:00,2023-05-03 10:10:00+02:00,268.05,250.59,18.11,31.49,23.24,3.1,0.0
2023-05-03 09:10:00+00:00,2023-05-03 11:10:00+02:00,671.9,239.91,20.63,43.21,25.72,3.38,0.0
2023-05-03 10:10:00+00:00,2023-05-03 12:10:00+02:00,87.49,376.47,8.91,54.25,28.0,3.59,0.0
2023-05-03 11:10:00+00:00,2023-05-03 13:10:00+02:00,448.36,389.0,8.22,63.43,29.65,3.59,0.0
2023-05-03 12:10:00+00:00,2023-05-03 14:10:00+02:00,342.86,439.84,5.47,68.05,30.78,3.59,0.0
2023-05-03 13:10:00+00:00,2023-05-03 15:10:00+02:00,198.1,457.25,5.88,65.32,31.64,3.72,0.0
2023-05-03 14:10:00+00:00,2023-05-03 16:10:00+02:00,256.24,411.3,10.11,57.04,31.94,4.14,0.0
2023-05-03 15:10:00+00:00,2023-05-03 17:10:00+02:00,753.21,212.0,19.82,46.35,32.04,4.69,0.0
2023-05-03 16:10:00+00:00,2023-05-03 18:10:00+02:00,671.95,210.41,23.05,34.75,31.39,5.52,0.0
2023-05-03 17:10:00+00:00,2023-05-03 19:10:00+02:00,586.45,183.15,20.78,22.88,29.8,5.86,0.0
2023-05-03 18:10:00+00:00,2023-05-03 20:10:00+02:00,405.57,129.58,11.31,11.09,27.92,5.38,0.0
2023-05-03 19:10:00+00:00,2023-05-03 21:10:00+02:00,0.0,0.0,0.0,0.0,25.56,5.17,0.0
2023-05-03 20:10:00+00:00,2023-05-03 22:10:00+02:00,0.0,0.0,0.0,0.0,23.59,4.69,0.0
2023-05-03 21:10:00+00:00,2023-05-03 23:10:00+02:00,0.0,0.0,0.0,0.0,22.14,4.28,0.0
2023-05-03 22:10:00+00:00,2023-05-04 00:10:00+02:00,0.0,0.0,0.0,0.0,20.99,3.93,0.0
2023-05-03 23:10:00+00:00,2023-05-04 01:10:00+02:00,0.0,0.0,0.0,0.0,20.0,3.52,0.0
2023-05-04 00:10:00+00:00,2023-05-04 02:10:00+02:00,0.0,0.0,0.0,0.0,19.16,3.24,0.0
2023-05-04 01:10:00+00:00,2023-05-04 03:10:00+02:00,0.0,0.0,0.0,0.0,18.43,3.03,0.0
2023-05-04 02:10:00+00:00,2023-05-04 04:10:00+02:00,0.0,0.0,0.0,0.0,17.83,2.62,0.0
2023-05-04 03:10:00+00:00,2023-05-04 05:10:00+02:00,0.0,0.0,0.0,0.0,17.31,2.14,0.0
2023-05-04 04:10:00+00:00,2023-05-04 06:10:00+02:00,0.0,0.0,0.0,0.0,16.84,1.86,0.0
2023-05-04 05:10:00+00:00,2023-05-04 07:10:00+02:00,0.0,0.0,0.0,0.0,16.38,1.59,0.0
2023-05-04 06:10:00+00:00,2023-05-04 08:10:00+02:00,78.22,50.57,5.41,8.08,15.95,1.17,0.0
2023-05-04 07:10:00+00:00,2023-05-04 09:10:00+02:00,109.25,133.34,12.43,19.8,18.02,0.76,0.0
2023-05-04 08:10:00+00:00,2023-05-04 10:10:00+02:00,316.15,254.66,18.9,31.67,19.61,0.41,0.0
2023-05-04 09:10:00+00:00,2023-05-04 11:10:00+02:00,608.34,264.44,19.96,43.4,21.38,0.28,0.0
2023-05-04 10:10:00+00:00,2023-05-04 12:10:00+02:00,933.92,139.82,16.35,54.47,23.28,0.34,0.0
2023-05-04 11:10:00+00:00,2023-05-04 13:10:00+02:00,783.13,228.1,9.46,63.69,25.18,1.24,0.0
2023-05-04 12:10:00+00:00,2023-05-04 14:10:00+02:00,882.31,174.18,6.95,68.34,26.51,1.86,0.0
2023-05-04 13:10:00+00:00,2023-05-04 15:10:00+02:00,833.65,199.91,8.46,65.57,27.68,2.21,0.0
2023-05-04 14:10:00+00:00,2023-05-04 16:10:00+02:00,811.02,202.9,13.7,57.24,28.45,2.48,0.0
2023-05-04 15:10:00+00:00,2023-05-04 17:10:00+02:00,782.9,197.5,19.96,46.51,28.97,2.76,0.0
2023-05-04 16:10:00+00:00,2023-05-04 18:10:00+02:00,699.2,202.01,23.32,34.9,29.1,2.97,0.0
2023-05-04 17:10:00+00:00,2023-05-04 19:10:00+02:00,588.07,184.4,20.88,23.02,28.87,3.03,0.0
2023-05-04 18:10:00+00:00,2023-05-04 20:10:00+02:00,425.82,132.87,11.67,11.24,28.18,3.03,0.0
2023-05-04 19:10:00+00:00,2023-05-04 21:10:00+02:00,0.0,0.0,0.0,0.0,26.41,2.69,0.0
2023-05-04 20:10:00+00:00,2023-05-04 22:10:00+02:00,0.0,0.0,0.0,0.0,24.4,3.52,0.0
2023-05-04 21:10:00+00:00,2023-05-04 23:10:00+02:00,0.0,0.0,0.0,0.0,22.49,3.66,0.0
2023-05-04 22:10:00+00:00,2023-05-05 00:10:00+02:00,0.0,0.0,0.0,0.0,20.94,3.24,0.0
2023-05-04 23:10:00+00:00,2023-05-05 01:10:00+02:00,0.0,0.0,0.0,0.0,19.86,2.69,0.0
2023-05-05 00:10:00+00:00,2023-05-05 02:10:00+02:00,0.0,0.0,0.0,0.0,19.02,2.21,0.0
2023-05-05 01:10:00+00:00,2023-05-05 03:10:00+02:00,0.0,0.0,0.0,0.0,18.23,1.86,0.0
2023-05-05 02:10:00+00:00,2023-05-05 04:10:00+02:00,0.0,0.0,0.0,0.0,17.37,1.38,0.0
2023-05-05 03:10:00+00:00,2023-05-05 05:10:00+02:00,0.0,0.0,0.0,0.0,17.79,0.69,0.0
2023-05-05 04:10:00+00:00,2023-05-05 06:10:00+02:00,0.0,0.0,0.0,0.0,17.74,0.62,0.0
2023-05-05 05:10:00+00:00,2023-05-05 07:10:00+02:00,0.0,0.0,0.0,0.0,16.76,1.17,0.0
2023-05-05 06:10:00+00:00,2023-05-05 08:10:00+02:00,354.39,112.79,8.48,8.27,15.66,1.59,0.0
2023-05-05 07:10:00+00:00,2023-05-05 09:10:00+02:00,585.38,174.45,19.62,19.98,18.57,1.66,0.0
2023-05-05 08:10:00+00:00,2023-05-05 10:10:00+02:00,702.97,193.96,23.75,31.85,21.22,2.69,0.0
2023-05-05 09:10:00+00:00,2023-05-05 11:10:00+02:00,780.24,197.6,21.48,43.59,23.46,2.55,0.0
2023-05-05 10:10:00+00:00,2023-05-05 12:10:00+02:00,797.85,211.21,15.35,54.68,25.63,2.07,0.0
2023-05-05 11:10:00+00:00,2023-05-05 13:10:00+02:00,870.46,181.92,9.64,63.95,27.38,1.24,0.0
2023-05-05 12:10:00+00:00,2023-05-05 14:10:00+02:00,865.53,188.56,6.77,68.63,28.68,0.41,0.0
2023-05-05 13:10:00+00:00,2023-05-05 15:10:00+02:00,859.42,189.32,8.42,65.82,29.65,0.76,0.0
2023-05-05 14:10:00+00:00,2023-05-05 16:10:00+02:00,805.71,210.35,13.6,57.43,30.4,1.45,0.0
2023-05-05 15:10:00+00:00,2023-05-05 17:10:00+02:00,764.35,212.09,19.84,46.67,30.74,1.86,0.0
2023-05-05 16:10:00+00:00,2023-05-05 18:10:00+02:00,621.77,231.57,22.61,35.04,30.74,2.0,0.0
2023-05-05 17:10:00+00:00,2023-05-05 19:10:00+02:00,419.4,204.07,19.05,23.17,30.42,2.21,0.0
2023-05-05 18:10:00+00:00,2023-05-05 20:10:00+02:00,111.39,79.98,8.19,11.39,29.55,2.34,0.0
2023-05-05 19:10:00+00:00,2023-05-05 21:10:00+02:00,0.0,0.0,0.0,0.0,27.65,2.83,0.0
2023-05-05 20:10:00+00:00,2023-05-05 22:10:00+02:00,0.0,0.0,0.0,0.0,25.55,3.45,0.0
2023-05-05 21:10:00+00:00,2023-05-05 23:10:00+02:00,0.0,0.0,0.0,0.0,23.66,3.45,0.0
2023-05-05 22:10:00+00:00,2023-05-06 00:10:00+02:00,0.0,0.0,0.0,0.0,22.19,3.17,0.0
2023-05-05 23:10:00+00:00,2023-05-06 01:10:00+02:00,0.0,0.0,0.0,0.0,21.05,2.97,0.0
2023-05-06 00:10:00+00:00,2023-05-06 02:10:00+02:00,0.0,0.0,0.0,0.0,20.14,2.62,0.0
2023-05-06 01:10:00+00:00,2023-05-06 03:10:00+02:00,0.0,0.0,0.0,0.0,19.38,2.28,0.0
2023-05-06 02:10:00+00:00,2023-05-06 04:10:00+02:00,0.0,0.0,0.0,0.0,18.65,2.0,0.0
2023-05-06 03:10:00+00:00,2023-05-06 05:10:00+02:00,0.0,0.0,0.0,0.0,17.83,1.79,0.0
2023-05-06 04:10:00+00:00,2023-05-06 06:10:00+02:00,0.0,0.0,0.0,0.0,16.98,1.66,0.0
2023-05-06 05:10:00+00:00,2023-05-06 07:10:00+02:00,0.0,0.0,0.0,0.0,16.2,1.66,0.0
2023-05-06 06:10:00+00:00,2023-05-06 08:10:00+02:00,360.26,114.68,8.7,8.46,16.0,1.45,0.0
2023-05-06 07:10:00+00:00,2023-05-06 09:10:00+02:00,513.68,182.25,18.88,20.16,18.67,0.76,0.0
2023-05-06 08:10:00+00:00,2023-05-06 10:10:00+02:00,693.85,193.79,23.53,32.03,21.19,0.34,0.0
2023-05-06 09:10:00+00:00,2023-05-06 11:10:00+02:00,755.93,204.39,21.08,43.78,23.3,0.48,0.0
2023-05-06 10:10:00+00:00,2023-05-06 12:10:00+02:00,788.47,211.62,15.08,54.89,25.42,1.38,0.0
2023-05-06 11:10:00+00:00,2023-05-06 13:10:00+02:00,846.4,190.97,9.35,64.2,27.3,2.55,0.0
2023-05-06 12:10:00+00:00,2023-05-06 14:10:00+02:00,855.29,189.22,6.54,68.91,28.48,3.45,0.0
2023-05-06 13:10:00+00:00,2023-05-06 15:10:00+02:00,833.71,199.36,8.15,66.06,29.21,4.07,0.0
2023-05-06 14:10:00+00:00,2023-05-06 16:10:00+02:00,826.52,193.78,13.51,57.62,29.63,4.48,0.0
2023-05-06 15:10:00+00:00,2023-05-06 17:10:00+02:00,784.31,196.96,19.79,46.83,29.69,4.76,0.0
2023-05-06 16:10:00+00:00,2023-05-06 18:10:00+02:00,701.11,201.39,23.27,35.19,29.43,4.83,0.0
2023-05-06 17:10:00+00:00,2023-05-06 19:10:00+02:00,591.34,183.67,20.97,23.31,28.98,4.97,0.0
2023-05-06 18:10:00+00:00,2023-05-06 20:10:00+02:00,414.87,134.31,11.84,11.54,27.96,4.83,0.0
2023-05-06 19:10:00+00:00,2023-05-06 21:10:00+02:00,0.0,0.0,0.0,0.0,25.25,5.31,0.0
2023-05-06 20:10:00+00:00,2023-05-06 22:10:00+02:00,0.0,0.0,0.0,0.0,23.54,4.83,0.0
2023-05-06 21:10:00+00:00,2023-05-06 23:10:00+02:00,0.0,0.0,0.0,0.0,22.46,3.86,0.0
2023-05-06 22:10:00+00:00,2023-05-07 00:10:00+02:00,0.0,0.0,0.0,0.0,21.73,3.24,0.0
2023-05-06 23:10:00+00:00,2023-05-07 01:10:00+02:00,0.0,0.0,0.0,0.0,21.14,2.62,0.0
2023-05-07 00:10:00+00:00,2023-05-07 02:10:00+02:00,0.0,0.0,0.0,0.0,20.67,2.07,0.0
2023-05-07 01:10:00+00:00,2023-05-07 03:10:00+02:00,0.0,0.0,0.0,0.0,20.15,1.86,0.0
2023-05-07 02:10:00+00:00,2023-05-07 04:10:00+02:00,0.0,0.0,0.0,0.0,19.44,1.72,0.0
2023-05-07 03:10:00+00:00,2023-05-07 05:10:00+02:00,0.0,0.0,0.0,0.0,18.68,1.45,0.0
2023-05-07 04:10:00+00:00,2023-05-07 06:10:00+02:00,0.0,0.0,0.0,0.0,18.14,1.31,0.0
2023-05-07 05:10:00+00:00,2023-05-07 07:10:00+02:00,0.0,0.0,0.0,0.0,17.75,1.24,0.0
2023-05-07 06:10:00+00:00,2023-05-07 08:10:00+02:00,352.78,113.44,8.75,8.64,17.36,1.24,0.0
2023-05-07 07:10:00+00:00,2023-05-07 09:10:00+02:00,561.31,173.6,19.32,20.33,19.72,0.76,0.0
2023-05-07 08:10:00+00:00,2023-05-07 10:10:00+02:00,673.66,198.07,23.21,32.2,21.71,1.1,0.0
2023-05-07 09:10:00+00:00,2023-05-07 11:10:00+02:00,764.99,197.02,20.98,43.96,23.66,0.9,0.0
2023-05-07 10:10:00+00:00,2023-05-07 12:10:00+02:00,797.5,202.46,14.93,55.09,25.45,0.69,0.0
2023-05-07 11:10:00+00:00,2023-05-07 13:10:00+02:00,839.12,191.64,9.14,64.44,27.03,0.9,0.0
2023-05-07 12:10:00+00:00,2023-05-07 14:10:00+02:00,849.42,188.88,6.35,69.19,28.31,1.17,0.0
2023-05-07 13:10:00+00:00,2023-05-07 15:10:00+02:00,826.7,200.04,7.96,66.3,29.3,1.59,0.0
2023-05-07 14:10:00+00:00,2023-05-07 16:10:00+02:00,820.09,193.31,13.3,57.81,30.0,1.86,0.0
2023-05-07 15:10:00+00:00,2023-05-07 17:10:00+02:00,778.22,196.29,19.57,46.98,30.43,2.0,0.0
2023-05-07 16:10:00+00:00,2023-05-07 18:10:00+02:00,709.02,194.87,23.2,35.33,30.61,2.07,0.0
2023-05-07 17:10:00+00:00,2023-05-07 19:10:00+02:00,585.45,183.68,20.89,23.45,30.44,2.07,0.0
2023-05-07 18:10:00+00:00,2023-05-07 20:10:00+02:00,414.6,133.08,11.88,11.69,29.92,2.14,0.0
2023-05-07 19:10:00+00:00,2023-05-07 21:10:00+02:00,0.0,0.0,0.0,0.0,27.96,3.1,0.0
2023-05-07 20:10:00+00:00,2023-05-07 22:10:00+02:00,0.0,0.0,0.0,0.0,25.6,4.28,0.0
2023-05-07 21:10:00+00:00,2023-05-07 23:10:00+02:00,0.0,0.0,0.0,0.0,23.5,4.21,0.0
2023-05-07 22:10:00+00:00,2023-05-08 00:10:00+02:00,0.0,0.0,0.0,0.0,22.06,3.52,0.0
2023-05-07 23:10:00+00:00,2023-05-08 01:10:00+02:00,0.0,0.0,0.0,0.0,21.1,2.76,0.0
2023-05-08 00:10:00+00:00,2023-05-08 02:10:00+02:00,0.0,0.0,0.0,0.0,20.4,2.28,0.0
2023-05-08 01:10:00+00:00,2023-05-08 03:10:00+02:00,0.0,0.0,0.0,0.0,19.79,1.93,0.0
2023-05-08 02:10:00+00:00,2023-05-08 04:10:00+02:00,0.0,0.0,0.0,0.0,19.1,1.66,0.0
2023-05-08 03:10:00+00:00,2023-05-08 05:10:00+02:00,0.0,0.0,0.0,0.0,18.24,1.45,0.0
2023-05-08 04:10:00+00:00,2023-05-08 06:10:00+02:00,0.0,0.0,0.0,0.0,17.7,1.24,0.0
2023-05-08 05:10:00+00:00,2023-05-08 07:10:00+02:00,0.0,0.0,0.0,0.0,18.38,0.76,0.0
2023-05-08 06:10:00+00:00,2023-05-08 08:10:00+02:00,143.53,73.96,6.86,8.82,18.49,0.41,0.0
2023-05-08 07:10:00+00:00,2023-05-08 09:10:00+02:00,519.79,180.09,18.98,20.5,19.67,0.48,0.0
2023-05-08 08:10:00+00:00,2023-05-08 10:10:00+02:00,636.95,209.86,22.81,32.37,22.73,0.41,0.0
2023-05-08 09:10:00+00:00,2023-05-08 11:10:00+02:00,749.66,204.43,20.77,44.13,25.31,0.83,0.0
2023-05-08 10:10:00+00:00,2023-05-08 12:10:00+02:00,430.64,362.59,12.44,55.29,27.48,0.48,0.0
2023-05-08 11:10:00+00:00,2023-05-08 13:10:00+02:00,704.7,268.56,8.54,64.68,29.43,0.07,0.0
2023-05-08 12:10:00+00:00,2023-05-08 14:10:00+02:00,75.82,452.37,3.39,69.46,30.8,0.83,0.0
2023-05-08 13:10:00+00:00,2023-05-08 15:10:00+02:00,708.56,268.4,7.47,66.54,31.74,1.52,0.0
2023-05-08 14:10:00+00:00,2023-05-08 16:10:00+02:00,804.29,202.7,13.11,57.99,32.52,1.86,0.0
2023-05-08 15:10:00+00:00,2023-05-08 17:10:00+02:00,762.63,203.66,19.36,47.14,33.04,2.28,0.0
2023-05-08 16:10:00+00:00,2023-05-08 18:10:00+02:00,630.73,222.22,22.37,35.47,33.26,2.62,0.0
2023-05-08 17:10:00+00:00,2023-05-08 19:10:00+02:00,417.25,201.98,18.95,23.59,33.15,2.9,0.0
2023-05-08 18:10:00+00:00,2023-05-08 20:10:00+02:00,399.74,132.64,11.84,11.84,32.18,3.03,0.0
2023-05-08 19:10:00+00:00,2023-05-08 21:10:00+02:00,0.0,0.0,0.0,0.0,30.13,3.38,0.0
2023-05-08 20:10:00+00:00,2023-05-08 22:10:00+02:00,0.0,0.0,0.0,0.0,27.57,4.21,0.0
2023-05-08 21:10:00+00:00,2023-05-08 23:10:00+02:00,0.0,0.0,0.0,0.0,25.41,4.28,0.0
2023-05-08 22:10:00+00:00,2023-05-09 00:10:00+02:00,0.0,0.0,0.0,0.0,23.94,3.66,0.0
2023-05-08 23:10:00+00:00,2023-05-09 01:10:00+02:00,0.0,0.0,0.0,0.0,23.01,2.97,0.0
2023-05-09 00:10:00+00:00,2023-05-09 02:10:00+02:00,0.0,0.0,0.0,0.0,22.23,2.48,0.0
2023-05-09 01:10:00+00:00,2023-05-09 03:10:00+02:00,0.0,0.0,0.0,0.0,21.63,1.93,0.0
2023-05-09 02:10:00+00:00,2023-05-09 04:10:00+02:00,0.0,0.0,0.0,0.0,20.94,1.45,0.0
2023-05-09 03:10:00+00:00,2023-05-09 05:10:00+02:00,0.0,0.0,0.0,0.0,20.79,1.03,0.0
2023-05-09 04:10:00+00:00,2023-05-09 06:10:00+02:00,0.0,0.0,0.0,0.0,21.69,0.69,0.0
2023-05-09 05:10:00+00:00,2023-05-09 07:10:00+02:00,0.0,0.0,0.0,0.0,21.71,0.48,0.0
2023-05-09 06:10:00+00:00,2023-05-09 08:10:00+02:00,313.65,109.41,8.69,8.99,21.66,0.34,0.0
2023-05-09 07:10:00+00:00,2023-05-09 09:10:00+02:00,464.85,183.94,18.38,20.66,21.66,0.55,0.0
2023-05-09 08:10:00+00:00,2023-05-09 10:10:00+02:00,708.52,186.6,23.53,32.53,24.28,1.24,0.0
2023-05-09 09:10:00+00:00,2023-05-09 11:10:00+02:00,778.89,188.33,20.87,44.3,26.21,0.97,0.0
2023-05-09 10:10:00+00:00,2023-05-09 12:10:00+02:00,714.88,242.51,14.16,55.48,28.3,1.38,0.0
2023-05-09 11:10:00+00:00,2023-05-09 13:10:00+02:00,783.96,219.06,8.62,64.91,30.17,1.72,0.0
2023-05-09 12:10:00+00:00,2023-05-09 14:10:00+02:00,762.2,236.49,5.83,69.73,31.73,2.21,0.0
2023-05-09 13:10:00+00:00,2023-05-09 15:10:00+02:00,757.37,236.51,7.45,66.78,32.98,3.1,0.0
2023-05-09 14:10:00+00:00,2023-05-09 16:10:00+02:00,721.49,243.95,12.53,58.17,33.69,3.72,0.0
2023-05-09 15:10:00+00:00,2023-05-09 17:10:00+02:00,725.38,217.98,18.91,47.29,33.88,3.86,0.0
2023-05-09 16:10:00+00:00,2023-05-09 18:10:00+02:00,266.2,272.31,17.54,35.61,33.67,4.07,0.0
2023-05-09 17:10:00+00:00,2023-05-09 19:10:00+02:00,342.88,200.68,17.93,23.73,33.06,4.34,0.0
2023-05-09 18:10:00+00:00,2023-05-09 20:10:00+02:00,409.36,133.72,12.04,11.98,31.79,3.93,0.0
2023-05-09 19:10:00+00:00,2023-05-09 21:10:00+02:00,0.0,0.0,0.0,0.0,29.62,3.45,0.0
2023-05-09 20:10:00+00:00,2023-05-09 22:10:00+02:00,0.0,0.0,0.0,0.0,27.98,3.24,0.0
2023-05-09 21:10:00+00:00,2023-05-09 23:10:00+02:00,0.0,0.0,0.0,0.0,26.9,3.1,0.0
2023-05-09 22:10:00+00:00,2023-05-10 00:10:00+02:00,0.0,0.0,0.0,0.0,25.94,3.38,0.0
2023-05-09 23:10:00+00:00,2023-05-10 01:10:00+02:00,0.0,0.0,0.0,0.0,24.98,3.38,0.0
2023-05-10 00:10:00+00:00,2023-05-10 02:10:00+02:00,0.0,0.0,0.0,0.0,24.07,3.24,0.0
2023-05-10 01:10:00+00:00,2023-05-10 03:10:00+02:00,0.0,0.0,0.0,0.0,23.19,3.17,0.0
2023-05-10 02:10:00+00:00,2023-05-10 04:10:00+02:00,0.0,0.0,0.0,0.0,22.42,3.1,0.0
2023-05-10 03:10:00+00:00,2023-05-10 05:10:00+02:00,0.0,0.0,0.0,0.0,21.64,2.9,0.0
2023-05-10 04:10:00+00:00,2023-05-10 06:10:00+02:00,0.0,0.0,0.0,0.0,20.95,2.83,0.0
2023-05-10 05:10:00+00:00,2023-05-10 07:10:00+02:00,0.0,0.0,0.0,0.0,20.31,2.34,0.0
2023-05-10 06:10:00+00:00,2023-05-10 08:10:00+02:00,408.58,123.76,9.75,9.15,19.94,1.93,0.0
2023-05-10 07:10:00+00:00,2023-05-10 09:10:00+02:00,576.85,175.59,19.79,20.82,21.56,2.07,0.0
2023-05-10 08:10:00+00:00,2023-05-10 10:10:00+02:00,685.14,199.36,23.41,32.69,23.86,2.48,0.0
2023-05-10 09:10:00+00:00,2023-05-10 11:10:00+02:00,759.49,204.42,20.79,44.46,25.94,1.72,0.0
2023-05-10 10:10:00+00:00,2023-05-10 12:10:00+02:00,789.59,211.56,14.59,55.66,27.57,0.97,0.0
2023-05-10 11:10:00+00:00,2023-05-10 13:10:00+02:00,847.54,189.92,8.76,65.14,28.92,0.9,0.0
2023-05-10 12:10:00+00:00,2023-05-10 14:10:00+02:00,856.69,188.22,5.94,69.99,30.2,1.38,0.0
2023-05-10 13:10:00+00:00,2023-05-10 15:10:00+02:00,834.29,199.41,7.59,67.01,31.15,2.07,0.0
2023-05-10 14:10:00+00:00,2023-05-10 16:10:00+02:00,796.46,210.91,12.88,58.35,31.75,2.69,0.0
2023-05-10 15:10:00+00:00,2023-05-10 17:10:00+02:00,756.22,211.23,19.23,47.44,31.95,3.24,0.0
2023-05-10 16:10:00+00:00,2023-05-10 18:10:00+02:00,522.05,255.76,21.25,35.75,31.78,3.72,0.0
2023-05-10 17:10:00+00:00,2023-05-10 19:10:00+02:00,501.63,200.48,20.18,23.87,31.42,4.14,0.0
2023-05-10 18:10:00+00:00,2023-05-10 20:10:00+02:00,276.02,124.4,10.98,12.13,30.62,4.14,0.0
2023-05-10 19:10:00+00:00,2023-05-10 21:10:00+02:00,0.0,0.0,0.0,0.0,28.83,4.62,0.0
2023-05-10 20:10:00+00:00,2023-05-10 22:10:00+02:00,0.0,0.0,0.0,0.0,26.34,5.24,0.0
2023-05-10 21:10:00+00:00,2023-05-10 23:10:00+02:00,0.0,0.0,0.0,0.0,24.33,5.03,0.0
2023-05-10 22:10:00+00:00,2023-05-11 00:10:00+02:00,0.0,0.0,0.0,0.0,22.87,4.41,0.0
2023-05-10 23:10:00+00:00,2023-05-11 01:10:00+02:00,0.0,0.0,0.0,0.0,21.84,3.52,0.0
2023-05-11 00:10:00+00:00,2023-05-11 02:10:00+02:00,0.0,0.0,0.0,0.0,20.98,2.69,0.0
2023-05-11 01:10:00+00:00,2023-05-11 03:10:00+02:00,0.0,0.0,0.0,0.0,20.27,2.21,0.0
2023-05-11 02:10:00+00:00,2023-05-11 04:10:00+02:00,0.0,0.0,0.0,0.0,19.43,1.79,0.0
2023-05-11 03:10:00+00:00,2023-05-11 05:10:00+02:00,0.0,0.0,0.0,0.0,18.36,1.38,0.0
2023-05-11 04:10:00+00:00,2023-05-11 06:10:00+02:00,0.0,0.0,0.0,0.0,17.91,1.17,0.0
2023-05-11 05:10:00+00:00,2023-05-11 07:10:00+02:00,0.0,0.0,0.0,0.0,17.3,1.17,0.0
2023-05-11 06:10:00+00:00,2023-05-11 08:10:00+02:00,370.68,120.36,9.55,9.32,17.27,1.03,0.0
2023-05-11 07:10:00+00:00,2023-05-11 09:10:00+02:00,578.42,178.53,19.97,20.97,19.28,0.76,0.0
2023-05-11 08:10:00+00:00,2023-05-11 10:10:00+02:00,682.34,204.28,23.48,32.84,21.91,0.55,0.0
2023-05-11 09:10:00+00:00,2023-05-11 11:10:00+02:00,710.39,231.51,20.41,44.62,23.88,0.34,0.0
2023-05-11 10:10:00+00:00,2023-05-11 12:10:00+02:00,752.87,235.86,14.33,55.84,25.71,1.03,0.0
2023-05-11 11:10:00+00:00,2023-05-11 13:10:00+02:00,839.44,199.23,8.63,65.36,27.44,1.86,0.0
2023-05-11 12:10:00+00:00,2023-05-11 14:10:00+02:00,864.86,188.08,5.84,70.25,28.8,2.55,0.0
2023-05-11 13:10:00+00:00,2023-05-11 15:10:00+02:00,842.67,199.3,7.51,67.23,29.6,3.03,0.0
2023-05-11 14:10:00+00:00,2023-05-11 16:10:00+02:00,820.76,202.45,12.95,58.52,30.1,3.17,0.0
2023-05-11 15:10:00+00:00,2023-05-11 17:10:00+02:00,780.17,203.86,19.42,47.59,30.4,3.17,0.0
2023-05-11 16:10:00+00:00,2023-05-11 18:10:00+02:00,701.15,206.33,23.22,35.89,30.42,3.17,0.0
2023-05-11 17:10:00+00:00,2023-05-11 19:10:00+02:00,587.41,189.6,21.23,24.01,30.19,3.38,0.0
2023-05-11 18:10:00+00:00,2023-05-11 20:10:00+02:00,413.93,138.55,12.44,12.27,29.39,3.31,0.0
2023-05-11 19:10:00+00:00,2023-05-11 21:10:00+02:00,0.0,0.0,0.0,0.0,27.26,3.93,0.0
2023-05-11 20:10:00+00:00,2023-05-11 22:10:00+02:00,0.0,0.0,0.0,0.0,24.93,4.21,0.0
2023-05-11 21:10:00+00:00,2023-05-11 23:10:00+02:00,0.0,0.0,0.0,0.0,23.15,4.0,0.0
2023-05-11 22:10:00+00:00,2023-05-12 00:10:00+02:00,0.0,0.0,0.0,0.0,21.78,3.66,0.0
2023-05-11 23:10:00+00:00,2023-05-12 01:10:00+02:00,0.0,0.0,0.0,0.0,20.75,3.17,0.0
2023-05-12 00:10:00+00:00,2023-05-12 02:10:00+02:00,0.0,0.0,0.0,0.0,19.92,2.55,0.0
2023-05-12 01:10:00+00:00,2023-05-12 03:10:00+02:00,0.0,0.0,0.0,0.0,19.14,2.14,0.0
2023-05-12 02:10:00+00:00,2023-05-12 04:10:00+02:00,0.0,0.0,0.0,0.0,18.35,1.52,0.0
2023-05-12 03:10:00+00:00,2023-05-12 05:10:00+02:00,0.0,0.0,0.0,0.0,17.93,0.9,0.0
2023-05-12 04:10:00+00:00,2023-05-12 06:10:00+02:00,0.0,0.0,0.0,0.0,18.25,0.62,0.0
2023-05-12 05:10:00+00:00,2023-05-12 07:10:00+02:00,0.0,0.0,0.0,0.0,17.66,0.62,0.0
2023-05-12 06:10:00+00:00,2023-05-12 08:10:00+02:00,388.92,123.2,9.86,9.47,16.58,0.83,0.0
2023-05-12 07:10:00+00:00,2023-05-12 09:10:00+02:00,580.11,179.79,20.09,21.12,18.31,0.62,0.0
2023-05-12 08:10:00+00:00,2023-05-12 10:10:00+02:00,698.04,199.95,23.65,32.98,20.59,0.62,0.0
2023-05-12 09:10:00+00:00,2023-05-12 11:10:00+02:00,755.34,211.0,20.7,44.77,22.42,0.62,0.0
2023-05-12 10:10:00+00:00,2023-05-12 12:10:00+02:00,800.78,210.3,14.48,56.02,24.11,1.24,0.0
2023-05-12 11:10:00+00:00,2023-05-12 13:10:00+02:00,841.3,199.02,8.51,65.57,25.79,2.34,0.0
2023-05-12 12:10:00+00:00,2023-05-12 14:10:00+02:00,866.68,187.87,5.71,70.51,27.14,3.24,0.0
2023-05-12 13:10:00+00:00,2023-05-12 15:10:00+02:00,828.31,208.42,7.35,67.45,28.1,3.86,0.0
2023-05-12 14:10:00+00:00,2023-05-12 16:10:00+02:00,807.55,209.65,12.77,58.7,28.65,4.21,0.0
2023-05-12 15:10:00+00:00,2023-05-12 17:10:00+02:00,767.55,211.37,19.26,47.73,29.07,4.48,0.0
2023-05-12 16:10:00+00:00,2023-05-12 18:10:00+02:00,717.56,200.77,23.35,36.02,29.18,4.62,0.0
2023-05-12 17:10:00+00:00,2023-05-12 19:10:00+02:00,525.62,201.07,20.62,24.14,28.9,4.48,0.0
2023-05-12 18:10:00+00:00,2023-05-12 20:10:00+02:00,260.42,123.06,10.99,12.42,28.04,4.0,0.0
2023-05-12 19:10:00+00:00,2023-05-12 21:10:00+02:00,0.0,0.0,0.0,0.0,26.25,2.69,0.0
2023-05-12 20:10:00+00:00,2023-05-12 22:10:00+02:00,0.0,0.0,0.0,0.0,24.39,2.55,0.0
2023-05-12 21:10:00+00:00,2023-05-12 23:10:00+02:00,0.0,0.0,0.0,0.0,23.0,4.76,0.0
2023-05-12 22:10:00+00:00,2023-05-13 00:10:00+02:00,0.0,0.0,0.0,0.0,21.7,4.9,0.0
2023-05-12 23:10:00+00:00,2023-05-13 01:10:00+02:00,0.0,0.0,0.0,0.0,20.72,4.28,0.0
2023-05-13 00:10:00+00:00,2023-05-13 02:10:00+02:00,0.0,0.0,0.0,0.0,19.74,3.72,0.0
2023-05-13 01:10:00+00:00,2023-05-13 03:10:00+02:00,0.0,0.0,0.0,0.0,18.84,3.93,0.0
2023-05-13 02:10:00+00:00,2023-05-13 04:10:00+02:00,0.0,0.0,0.0,0.0,18.16,4.21,0.0
2023-05-13 03:10:00+00:00,2023-05-13 05:10:00+02:00,0.0,0.0,0.0,0.0,17.52,4.28,0.0
2023-05-13 04:10:00+00:00,2023-05-13 06:10:00+02:00,0.0,0.0,0.0,0.0,16.93,4.21,0.0
2023-05-13 05:10:00+00:00,2023-05-13 07:10:00+02:00,0.0,0.0,0.0,0.0,16.39,3.93,0.0
2023-05-13 06:10:00+00:00,2023-05-13 08:10:00+02:00,382.86,124.87,9.99,9.62,16.22,3.79,0.0
2023-05-13 07:10:00+00:00,2023-05-13 09:10:00+02:00,612.24,179.4,20.65,21.26,16.99,4.55,0.0
2023-05-13 08:10:00+00:00,2023-05-13 10:10:00+02:00,728.36,195.67,24.13,33.12,18.42,5.17,0.0
2023-05-13 09:10:00+00:00,2023-05-13 11:10:00+02:00,785.97,203.98,21.04,44.92,20.01,4.76,0.0
2023-05-13 10:10:00+00:00,2023-05-13 12:10:00+02:00,814.86,210.57,14.57,56.18,21.58,4.0,0.0
2023-05-13 11:10:00+00:00,2023-05-13 13:10:00+02:00,855.27,199.03,8.49,65.78,23.01,3.59,0.0
2023-05-13 12:10:00+00:00,2023-05-13 14:10:00+02:00,848.41,207.36,5.58,70.76,24.16,3.24,0.0
2023-05-13 13:10:00+00:00,2023-05-13 15:10:00+02:00,842.15,208.4,7.31,67.67,25.12,2.97,0.0
2023-05-13 14:10:00+00:00,2023-05-13 16:10:00+02:00,821.29,209.83,12.82,58.87,25.8,2.76,0.0
2023-05-13 15:10:00+00:00,2023-05-13 17:10:00+02:00,767.15,218.38,19.32,47.88,26.07,2.41,0.0
2023-05-13 16:10:00+00:00,2023-05-13 18:10:00+02:00,732.21,201.87,23.66,36.16,26.06,2.28,0.0
2023-05-13 17:10:00+00:00,2023-05-13 19:10:00+02:00,617.72,191.82,21.9,24.28,25.96,2.34,0.0
2023-05-13 18:10:00+00:00,2023-05-13 20:10:00+02:00,487.44,144.04,13.46,12.56,25.55,2.41,0.0
2023-05-13 19:10:00+00:00,2023-05-13 21:10:00+02:00,0.0,0.0,0.0,0.0,24.44,2.28,0.0
2023-05-13 20:10:00+00:00,2023-05-13 22:10:00+02:00,0.0,0.0,0.0,0.0,23.02,2.48,0.0
2023-05-13 21:10:00+00:00,2023-05-13 23:10:00+02:00,0.0,0.0,0.0,0.0,21.74,2.9,0.0
2023-05-13 22:10:00+00:00,2023-05-14 00:10:00+02:00,0.0,0.0,0.0,0.0,20.79,2.07,0.0
2023-05-13 23:10:00+00:00,2023-05-14 01:10:00+02:00,0.0,0.0,0.0,0.0,20.8,0.14,0.0
2023-05-14 00:10:00+00:00,2023-05-14 02:10:00+02:00,0.0,0.0,0.0,0.0,17.61,1.93,0.0
2023-05-14 01:10:00+00:00,2023-05-14 03:10:00+02:00,0.0,0.0,0.0,0.0,16.1,1.59,0.0
2023-05-14 02:10:00+00:00,2023-05-14 04:10:00+02:00,0.0,0.0,0.0,0.0,15.16,1.79,0.0
2023-05-14 03:10:00+00:00,2023-05-14 05:10:00+02:00,0.0,0.0,0.0,0.0,14.32,1.66,0.0
2023-05-14 04:10:00+00:00,2023-05-14 06:10:00+02:00,0.0,0.0,0.0,0.0,13.7,1.59,0.0
2023-05-14 05:10:00+00:00,2023-05-14 07:10:00+02:00,0.0,0.0,0.0,0.0,13.33,1.45,0.0
2023-05-14 06:10:00+00:00,2023-05-14 08:10:00+02:00,347.72,121.46,9.8,9.77,13.66,1.1,0.0
2023-05-14 07:10:00+00:00,2023-05-14 09:10:00+02:00,542.71,188.24,19.88,21.4,15.9,1.59,0.0
2023-05-14 08:10:00+00:00,2023-05-14 10:10:00+02:00,702.03,200.98,23.71,33.26,17.86,1.52,0.0
2023-05-14 09:10:00+00:00,2023-05-14 11:10:00+02:00,774.14,204.15,20.74,45.06,19.93,1.1,0.0
2023-05-14 10:10:00+00:00,2023-05-14 12:10:00+02:00,803.72,211.04,14.31,56.34,22.02,0.9,0.0
2023-05-14 11:10:00+00:00,2023-05-14 13:10:00+02:00,844.07,198.61,8.28,65.98,23.88,1.1,0.0
2023-05-14 12:10:00+00:00,2023-05-14 14:10:00+02:00,717.07,278.16,5.15,71.0,24.67,1.31,0.0
2023-05-14 13:10:00+00:00,2023-05-14 15:10:00+02:00,799.85,226.56,7.03,67.88,26.01,0.97,0.0
2023-05-14 14:10:00+00:00,2023-05-14 16:10:00+02:00,586.61,323.79,11.46,59.03,26.9,1.03,0.0
2023-05-14 15:10:00+00:00,2023-05-14 17:10:00+02:00,425.09,338.46,16.17,48.02,27.76,1.31,0.0
2023-05-14 16:10:00+00:00,2023-05-14 18:10:00+02:00,234.85,281.7,17.18,36.29,28.48,1.79,0.0
2023-05-14 17:10:00+00:00,2023-05-14 19:10:00+02:00,394.37,212.33,19.13,24.41,28.41,2.55,0.0
2023-05-14 18:10:00+00:00,2023-05-14 20:10:00+02:00,309.28,133.11,11.78,12.7,27.93,2.69,0.0
2023-05-14 19:10:00+00:00,2023-05-14 21:10:00+02:00,0.0,0.0,0.0,0.0,25.56,3.24,0.0
2023-05-14 20:10:00+00:00,2023-05-14 22:10:00+02:00,0.0,0.0,0.0,0.0,22.62,3.86,0.0
2023-05-14 21:10:00+00:00,2023-05-14 23:10:00+02:00,0.0,0.0,0.0,0.0,20.83,3.66,0.0
2023-05-14 22:10:00+00:00,2023-05-15 00:10:00+02:00,0.0,0.0,0.0,0.0,19.52,3.24,0.0
2023-05-14 23:10:00+00:00,2023-05-15 01:10:00+02:00,0.0,0.0,0.0,0.0,18.72,2.55,0.0
2023-05-15 00:10:00+00:00,2023-05-15 02:10:00+02:00,0.0,0.0,0.0,0.0,18.06,2.07,0.0
2023-05-15 01:10:00+00:00,2023-05-15 03:10:00+02:00,0.0,0.0,0.0,0.0,17.2,1.72,0.0
2023-05-15 02:10:00+00:00,2023-05-15 04:10:00+02:00,0.0,0.0,0.0,0.0,16.7,1.03,0.0
2023-05-15 03:10:00+00:00,2023-05-15 05:10:00+02:00,0.0,0.0,0.0,0.0,17.32,0.0,0.0
2023-05-15 04:10:00+00:00,2023-05-15 06:10:00+02:00,0.0,0.0,0.0,0.0,14.68,1.17,0.0
2023-05-15 05:10:00+00:00,2023-05-15 07:10:00+02:00,0.0,0.0,0.0,0.0,14.07,1.38,0.0
2023-05-15 06:10:00+00:00,2023-05-15 08:10:00+02:00,406.73,127.8,10.43,9.91,14.12,1.24,0.0
2023-05-15 07:10:00+00:00,2023-05-15 09:10:00+02:00,604.92,176.82,20.51,21.53,17.21,0.48,0.0
2023-05-15 08:10:00+00:00,2023-05-15 10:10:00+02:00,710.52,195.79,23.7,33.39,20.03,0.9,0.0
2023-05-15 09:10:00+00:00,2023-05-15 11:10:00+02:00,755.41,210.09,20.45,45.2,22.4,1.1,0.0
2023-05-15 10:10:00+00:00,2023-05-15 12:10:00+02:00,629.59,297.08,13.21,56.5,24.34,0.9,0.0
2023-05-15 11:10:00+00:00,2023-05-15 13:10:00+02:00,823.11,208.74,8.08,66.18,25.83,1.1,0.0
2023-05-15 12:10:00+00:00,2023-05-15 14:10:00+02:00,864.97,187.21,5.3,71.24,27.04,1.66,0.0
2023-05-15 13:10:00+00:00,2023-05-15 15:10:00+02:00,826.69,207.71,6.95,68.09,27.98,1.93,0.0
2023-05-15 14:10:00+00:00,2023-05-15 16:10:00+02:00,790.5,218.41,12.34,59.2,28.68,2.21,0.0
2023-05-15 15:10:00+00:00,2023-05-15 17:10:00+02:00,531.54,308.05,17.09,48.16,30.03,3.1,0.0
2023-05-15 16:10:00+00:00,2023-05-15 18:10:00+02:00,783.2,177.66,23.97,36.42,29.96,3.31,0.0
2023-05-15 17:10:00+00:00,2023-05-15 19:10:00+02:00,74.62,151.78,12.63,24.55,30.03,3.79,0.0
2023-05-15 18:10:00+00:00,2023-05-15 20:10:00+02:00,404.97,142.02,12.83,12.84,29.23,3.45,0.0
2023-05-15 19:10:00+00:00,2023-05-15 21:10:00+02:00,0.0,0.0,0.0,0.0,26.83,2.83,0.0
2023-05-15 20:10:00+00:00,2023-05-15 22:10:00+02:00,0.0,0.0,0.0,0.0,24.08,4.0,0.0
2023-05-15 21:10:00+00:00,2023-05-15 23:10:00+02:00,0.0,0.0,0.0,0.0,21.9,4.07,0.0
2023-05-15 22:10:00+00:00,2023-05-16 00:10:00+02:00,0.0,0.0,0.0,0.0,20.54,3.72,0.0
2023-05-15 23:10:00+00:00,2023-05-16 01:10:00+02:00,0.0,0.0,0.0,0.0,19.84,2.69,0.0
2023-05-16 00:10:00+00:00,2023-05-16 02:10:00+02:00,0.0,0.0,0.0,0.0,19.14,1.86,0.0
2023-05-16 01:10:00+00:00,2023-05-16 03:10:00+02:00,0.0,0.0,0.0,0.0,19.14,0.41,0.0
2023-05-16 02:10:00+00:00,2023-05-16 04:10:00+02:00,0.0,0.0,0.0,0.0,17.18,2.0,0.0
2023-05-16 03:10:00+00:00,2023-05-16 05:10:00+02:00,0.0,0.0,0.0,0.0,17.06,2.83,0.0
2023-05-16 04:10:00+00:00,2023-05-16 06:10:00+02:00,0.0,0.0,0.0,0.0,17.36,3.59,0.0
2023-05-16 05:10:00+00:00,2023-05-16 07:10:00+02:00,0.0,0.0,0.0,0.0,17.32,4.0,0.0
2023-05-16 06:10:00+00:00,2023-05-16 08:10:00+02:00,418.47,129.23,10.65,10.05,17.4,4.28,0.0
2023-05-16 07:10:00+00:00,2023-05-16 09:10:00+02:00,620.5,178.76,20.88,21.66,18.57,4.83,0.0
2023-05-16 08:10:00+00:00,2023-05-16 10:10:00+02:00,699.13,205.58,23.74,33.51,20.3,5.45,0.0
2023-05-16 09:10:00+00:00,2023-05-16 11:10:00+02:00,767.77,210.68,20.62,45.33,22.3,5.24,0.0
2023-05-16 10:10:00+00:00,2023-05-16 12:10:00+02:00,827.24,201.13,14.28,56.65,24.15,4.83,0.0
2023-05-16 11:10:00+00:00,2023-05-16 13:10:00+02:00,895.05,174.24,8.23,66.37,25.72,4.41,0.0
2023-05-16 12:10:00+00:00,2023-05-16 14:10:00+02:00,827.93,216.9,5.15,71.47,27.0,4.0,0.0
2023-05-16 13:10:00+00:00,2023-05-16 15:10:00+02:00,776.0,244.67,6.75,68.3,27.99,3.38,0.0
2023-05-16 14:10:00+00:00,2023-05-16 16:10:00+02:00,714.8,266.13,11.97,59.36,28.67,2.83,0.0
2023-05-16 15:10:00+00:00,2023-05-16 17:10:00+02:00,779.53,210.98,19.13,48.3,29.06,2.69,0.0
2023-05-16 16:10:00+00:00,2023-05-16 18:10:00+02:00,485.27,273.14,20.87,36.55,29.19,2.55,0.0
2023-05-16 17:10:00+00:00,2023-05-16 19:10:00+02:00,198.81,194.58,16.08,24.68,28.97,2.48,0.0
2023-05-16 18:10:00+00:00,2023-05-16 20:10:00+02:00,17.81,50.71,6.2,12.98,28.27,2.14,0.0
2023-05-16 19:10:00+00:00,2023-05-16 21:10:00+02:00,0.0,0.51,0.1,1.72,26.9,2.07,0.0
2023-05-16 20:10:00+00:00,2023-05-16 22:10:00+02:00,0.0,0.0,0.0,0.0,25.37,2.55,0.0
2023-05-16 21:10:00+00:00,2023-05-16 23:10:00+02:00,0.0,0.0,0.0,0.0,23.99,2.62,0.0
2023-05-16 22:10:00+00:00,2023-05-17 00:10:00+02:00,0.0,0.0,0.0,0.0,22.9,2.48,0.0
2023-05-16 23:10:00+00:00,2023-05-17 01:10:00+02:00,0.0,0.0,0.0,0.0,21.72,2.41,0.0
2023-05-17 00:10:00+00:00,2023-05-17 02:10:00+02:00,0.0,0.0,0.0,0.0,20.73,2.14,0.0
2023-05-17 01:10:00+00:00,2023-05-17 03:10:00+02:00,0.0,0.0,0.0,0.0,19.8,2.0,0.0
2023-05-17 02:10:00+00:00,2023-05-17 04:10:00+02:00,0.0,0.0,0.0,0.0,19.22,1.93,0.0
2023-05-17 03:10:00+00:00,2023-05-17 05:10:00+02:00,0.0,0.0,0.0,0.0,18.73,1.72,0.0
2023-05-17 04:10:00+00:00,2023-05-17 06:10:00+02:00,0.0,0.0,0.0,0.0,18.41,1.66,0.0
2023-05-17 05:10:00+00:00,2023-05-17 07:10:00+02:00,0.0,0.0,0.0,0.0,18.13,1.66,0.0
2023-05-17 06:10:00+00:00,2023-05-17 08:10:00+02:00,22.64,40.77,5.27,10.18,18.22,1.45,0.0
2023-05-17 07:10:00+00:00,2023-05-17 09:10:00+02:00,83.55,137.3,12.33,21.78,19.12,1.38,0.0
2023-05-17 08:10:00+00:00,2023-05-17 10:10:00+02:00,223.89,258.97,17.13,33.63,20.14,1.31,0.0
2023-05-17 09:10:00+00:00,2023-05-17 11:10:00+02:00,16.84,252.63,8.73,45.45,21.7,0.9,0.0
2023-05-17 10:10:00+00:00,2023-05-17 12:10:00+02:00,44.22,363.31,6.97,56.79,23.04,0.28,0.0
2023-05-17 11:10:00+00:00,2023-05-17 13:10:00+02:00,385.86,417.78,6.32,66.55,24.3,1.17,0.0
2023-05-17 12:10:00+00:00,2023-05-17 14:10:00+02:00,635.14,316.14,4.61,71.69,24.95,2.0,0.0
2023-05-17 13:10:00+00:00,2023-05-17 15:10:00+02:00,529.87,363.65,5.89,68.5,25.45,2.55,0.0
2023-05-17 14:10:00+00:00,2023-05-17 16:10:00+02:00,796.02,210.34,12.09,59.52,25.67,3.03,0.0
2023-05-17 15:10:00+00:00,2023-05-17 17:10:00+02:00,340.83,350.8,14.93,48.43,25.32,3.31,0.0
2023-05-17 16:10:00+00:00,2023-05-17 18:10:00+02:00,815.28,163.75,24.2,36.68,24.0,3.66,0.0
2023-05-17 17:10:00+00:00,2023-05-17 19:10:00+02:00,28.6,126.28,10.45,24.81,23.21,4.9,0.0
2023-05-17 18:10:00+00:00,2023-05-17 20:10:00+02:00,61.7,72.46,8.04,13.12,22.08,5.31,0.0
2023-05-17 19:10:00+00:00,2023-05-17 21:10:00+02:00,0.0,1.03,0.19,1.87,21.17,4.34,0.0
2023-05-17 20:10:00+00:00,2023-05-17 22:10:00+02:00,0.0,0.0,0.0,0.0,20.17,4.28,0.0
2023-05-17 21:10:00+00:00,2023-05-17 23:10:00+02:00,0.0,0.0,0.0,0.0,19.59,4.28,0.0
2023-05-17 22:10:00+00:00,2023-05-18 00:10:00+02:00,0.0,0.0,0.0,0.0,19.16,4.14,0.0
2023-05-17 23:10:00+00:00,2023-05-18 01:10:00+02:00,0.0,0.0,0.0,0.0,18.72,3.72,0.0
2023-05-18 00:10:00+00:00,2023-05-18 02:10:00+02:00,0.0,0.0,0.0,0.0,18.37,2.97,0.0
2023-05-18 01:10:00+00:00,2023-05-18 03:10:00+02:00,0.0,0.0,0.0,0.0,18.06,2.48,0.0
2023-05-18 02:10:00+00:00,2023-05-18 04:10:00+02:00,0.0,0.0,0.0,0.0,17.75,2.14,0.0
2023-05-18 03:10:00+00:00,2023-05-18 05:10:00+02:00,0.0,0.0,0.0,0.0,17.54,1.86,0.0
2023-05-18 04:10:00+00:00,2023-05-18 06:10:00+02:00,0.0,0.0,0.0,0.0,17.3,1.52,0.0
2023-05-18 05:10:00+00:00,2023-05-18 07:10:00+02:00,0.0,0.0,0.0,0.0,17.05,1.17,0.0
2023-05-18 06:10:00+00:00,2023-05-18 08:10:00+02:00,117.41,76.47,7.64,10.3,16.93,1.03,0.0
2023-05-18 07:10:00+00:00,2023-05-18 09:10:00+02:00,321.77,189.45,17.06,21.9,17.89,1.17,0.0
2023-05-18 08:10:00+00:00,2023-05-18 10:10:00+02:00,630.05,215.81,22.58,33.75,18.73,1.31,0.0
2023-05-18 09:10:00+00:00,2023-05-18 11:10:00+02:00,644.14,251.49,19.15,45.57,19.76,1.79,0.0
2023-05-18 10:10:00+00:00,2023-05-18 12:10:00+02:00,737.48,234.54,13.4,56.93,21.5,2.0,0.0
2023-05-18 11:10:00+00:00,2023-05-18 13:10:00+02:00,584.56,330.35,6.95,66.73,23.0,2.21,0.0
2023-05-18 12:10:00+00:00,2023-05-18 14:10:00+02:00,493.37,384.03,4.18,71.91,24.04,2.55,0.0
2023-05-18 13:10:00+00:00,2023-05-18 15:10:00+02:00,502.32,372.7,5.68,68.7,24.73,2.41,0.0
2023-05-18 14:10:00+00:00,2023-05-18 16:10:00+02:00,0.0,147.12,2.16,59.67,25.46,2.28,0.0
2023-05-18 15:10:00+00:00,2023-05-18 17:10:00+02:00,14.67,268.81,7.91,48.57,24.11,3.17,0.0
2023-05-18 16:10:00+00:00,2023-05-18 18:10:00+02:00,0.0,54.3,2.73,36.81,18.7,2.97,0.0
2023-05-18 17:10:00+00:00,2023-05-18 19:10:00+02:00,0.0,43.28,3.53,24.93,17.05,1.79,0.0
2023-05-18 18:10:00+00:00,2023-05-18 20:10:00+02:00,0.0,35.56,4.47,13.25,16.88,1.59,0.0
2023-05-18 19:10:00+00:00,2023-05-18 21:10:00+02:00,0.0,0.52,0.1,2.01,17.0,1.31,0.0
2023-05-18 20:10:00+00:00,2023-05-18 22:10:00+02:00,0.0,0.0,0.0,0.0,16.57,1.24,0.0
2023-05-18 21:10:00+00:00,2023-05-18 23:10:00+02:00,0.0,0.0,0.0,0.0,16.4,1.45,0.0
2023-05-18 22:10:00+00:00,2023-05-19 00:10:00+02:00,0.0,0.0,0.0,0.0,15.81,1.59,0.0
2023-05-18 23:10:00+00:00,2023-05-19 01:10:00+02:00,0.0,0.0,0.0,0.0,15.17,1.31,0.0
2023-05-19 00:10:00+00:00,2023-05-19 02:10:00+02:00,0.0,0.0,0.0,0.0,14.37,1.31,0.0
2023-05-19 01:10:00+00:00,2023-05-19 03:10:00+02:00,0.0,0.0,0.0,0.0,13.79,1.03,0.0
2023-05-19 02:10:00+00:00,2023-05-19 04:10:00+02:00,0.0,0.0,0.0,0.0,13.68,0.9,0.0
2023-05-19 03:10:00+00:00,2023-05-19 05:10:00+02:00,0.0,0.0,0.0,0.0,12.95,1.1,0.0
2023-05-19 04:10:00+00:00,2023-05-19 06:10:00+02:00,0.0,0.0,0.0,0.0,12.28,1.31,0.0
2023-05-19 05:10:00+00:00,2023-05-19 07:10:00+02:00,0.0,0.0,0.0,0.0,12.0,1.52,0.0
2023-05-19 06:10:00+00:00,2023-05-19 08:10:00+02:00,121.59,77.35,7.7,10.42,12.55,0.97,0.0
2023-05-19 07:10:00+00:00,2023-05-19 09:10:00+02:00,661.77,167.42,21.32,22.01,14.95,0.69,0.0
2023-05-19 08:10:00+00:00,2023-05-19 10:10:00+02:00,683.91,198.54,23.12,33.86,16.9,0.55,0.0
2023-05-19 09:10:00+00:00,2023-05-19 11:10:00+02:00,740.72,210.53,19.91,45.69,18.65,1.1,0.0
2023-05-19 10:10:00+00:00,2023-05-19 12:10:00+02:00,768.56,218.78,13.49,57.06,20.41,1.31,0.0
2023-05-19 11:10:00+00:00,2023-05-19 13:10:00+02:00,777.33,227.3,7.45,66.9,21.47,1.79,0.0
2023-05-19 12:10:00+00:00,2023-05-19 14:10:00+02:00,817.44,206.82,4.71,72.13,22.44,2.21,0.0
2023-05-19 13:10:00+00:00,2023-05-19 15:10:00+02:00,811.46,207.72,6.4,68.89,23.4,2.55,0.0
2023-05-19 14:10:00+00:00,2023-05-19 16:10:00+02:00,690.57,264.33,11.37,59.83,24.1,2.62,0.0
2023-05-19 15:10:00+00:00,2023-05-19 17:10:00+02:00,347.42,349.55,14.85,48.7,24.62,2.48,0.0
2023-05-19 16:10:00+00:00,2023-05-19 18:10:00+02:00,675.7,210.21,22.47,36.93,24.71,2.55,0.0
2023-05-19 17:10:00+00:00,2023-05-19 19:10:00+02:00,554.8,195.12,20.98,25.06,23.72,3.17,0.0
2023-05-19 18:10:00+00:00,2023-05-19 20:10:00+02:00,397.46,142.1,13.06,13.38,22.47,3.93,0.0
2023-05-19 19:10:00+00:00,2023-05-19 21:10:00+02:00,0.0,2.07,0.38,2.16,21.77,3.24,0.0
2023-05-19 20:10:00+00:00,2023-05-19 22:10:00+02:00,0.0,0.0,0.0,0.0,20.53,3.72,0.0
2023-05-19 21:10:00+00:00,2023-05-19 23:10:00+02:00,0.0,0.0,0.0,0.0,19.28,3.38,0.0
2023-05-19 22:10:00+00:00,2023-05-20 00:10:00+02:00,0.0,0.0,0.0,0.0,18.04,2.9,0.0
2023-05-19 23:10:00+00:00,2023-05-20 01:10:00+02:00,0.0,0.0,0.0,0.0,17.13,2.41,0.0
2023-05-20 00:10:00+00:00,2023-05-20 02:10:00+02:00,0.0,0.0,0.0,0.0,16.94,2.21,0.0
2023-05-20 01:10:00+00:00,2023-05-20 03:10:00+02:00,0.0,0.0,0.0,0.0,16.39,2.21,0.0
2023-05-20 02:10:00+00:00,2023-05-20 04:10:00+02:00,0.0,0.0,0.0,0.0,15.96,2.41,0.0
2023-05-20 03:10:00+00:00,2023-05-20 05:10:00+02:00,0.0,0.0,0.0,0.0,15.49,2.48,0.0
2023-05-20 04:10:00+00:00,2023-05-20 06:10:00+02:00,0.0,0.0,0.0,0.0,15.09,1.86,0.0
2023-05-20 05:10:00+00:00,2023-05-20 07:10:00+02:00,0.0,0.0,0.0,0.0,14.78,0.76,0.0
2023-05-20 06:10:00+00:00,2023-05-20 08:10:00+02:00,120.27,77.72,7.76,10.54,14.52,0.69,0.0
2023-05-20 07:10:00+00:00,2023-05-20 09:10:00+02:00,300.14,189.22,16.83,22.12,16.24,0.97,0.0
2023-05-20 08:10:00+00:00,2023-05-20 10:10:00+02:00,608.67,223.13,22.34,33.96,17.66,0.76,0.0
2023-05-20 09:10:00+00:00,2023-05-20 11:10:00+02:00,457.57,313.02,17.3,45.79,18.91,0.41,0.0
2023-05-20 10:10:00+00:00,2023-05-20 12:10:00+02:00,530.69,332.33,12.06,57.18,20.14,0.41,0.0
2023-05-20 11:10:00+00:00,2023-05-20 13:10:00+02:00,559.22,343.57,6.69,67.06,21.41,1.38,0.0
2023-05-20 12:10:00+00:00,2023-05-20 14:10:00+02:00,517.39,372.15,4.04,72.34,22.81,2.21,0.0
2023-05-20 13:10:00+00:00,2023-05-20 15:10:00+02:00,319.03,443.46,4.87,69.08,23.65,2.9,0.0
2023-05-20 14:10:00+00:00,2023-05-20 16:10:00+02:00,404.24,385.88,9.71,59.98,24.52,3.24,0.0
2023-05-20 15:10:00+00:00,2023-05-20 17:10:00+02:00,42.51,306.51,9.25,48.83,24.42,2.69,0.0
2023-05-20 16:10:00+00:00,2023-05-20 18:10:00+02:00,0.0,41.61,2.07,37.06,23.83,3.38,0.0
2023-05-20 17:10:00+00:00,2023-05-20 19:10:00+02:00,0.0,38.42,3.1,25.19,21.12,4.0,0.0
2023-05-20 18:10:00+00:00,2023-05-20 20:10:00+02:00,4.28,40.85,5.06,13.52,20.1,1.38,0.0
2023-05-20 19:10:00+00:00,2023-05-20 21:10:00+02:00,0.0,1.04,0.19,2.3,19.6,1.1,0.0
2023-05-20 20:10:00+00:00,2023-05-20 22:10:00+02:00,0.0,0.0,0.0,0.0,18.88,0.76,0.0
2023-05-20 21:10:00+00:00,2023-05-20 23:10:00+02:00,0.0,0.0,0.0,0.0,17.97,1.38,0.0
2023-05-20 22:10:00+00:00,2023-05-21 00:10:00+02:00,0.0,0.0,0.0,0.0,16.95,2.14,0.0
2023-05-20 23:10:00+00:00,2023-05-21 01:10:00+02:00,0.0,0.0,0.0,0.0,16.1,2.69,0.0
2023-05-21 00:10:00+00:00,2023-05-21 02:10:00+02:00,0.0,0.0,0.0,0.0,15.68,2.48,0.0
2023-05-21 01:10:00+00:00,2023-05-21 03:10:00+02:00,0.0,0.0,0.0,0.0,15.47,2.07,0.0
2023-05-21 02:10:00+00:00,2023-05-21 04:10:00+02:00,0.0,0.0,0.0,0.0,15.36,1.66,0.0
2023-05-21 03:10:00+00:00,2023-05-21 05:10:00+02:00,0.0,0.0,0.0,0.0,15.0,1.52,0.0
2023-05-21 04:10:00+00:00,2023-05-21 06:10:00+02:00,0.0,0.0,0.0,0.0,14.75,1.52,0.0
2023-05-21 05:10:00+00:00,2023-05-21 07:10:00+02:00,0.0,0.0,0.0,0.0,14.67,1.45,0.0
2023-05-21 06:10:00+00:00,2023-05-21 08:10:00+02:00,5.41,33.67,4.57,10.65,14.9,1.38,0.0
2023-05-21 07:10:00+00:00,2023-05-21 09:10:00+02:00,15.87,97.99,8.89,22.22,16.1,1.72,0.0
2023-05-21 08:10:00+00:00,2023-05-21 10:10:00+02:00,276.77,264.47,17.95,34.06,17.84,2.0,0.0
2023-05-21 09:10:00+00:00,2023-05-21 11:10:00+02:00,229.78,340.09,14.38,45.9,18.83,2.21,0.0
2023-05-21 10:10:00+00:00,2023-05-21 12:10:00+02:00,3.56,280.09,4.86,57.3,19.4,2.69,0.0
2023-05-21 11:10:00+00:00,2023-05-21 13:10:00+02:00,0.0,186.38,1.51,67.22,19.38,3.1,0.0
2023-05-21 12:10:00+00:00,2023-05-21 14:10:00+02:00,9.43,369.54,1.78,72.54,19.42,3.79,0.0
2023-05-21 13:10:00+00:00,2023-05-21 15:10:00+02:00,292.98,448.12,4.67,69.26,20.26,3.52,0.0
2023-05-21 14:10:00+00:00,2023-05-21 16:10:00+02:00,382.89,391.14,9.48,60.12,20.79,3.1,0.0
2023-05-21 15:10:00+00:00,2023-05-21 17:10:00+02:00,206.84,357.83,12.85,48.96,20.85,2.48,0.0
2023-05-21 16:10:00+00:00,2023-05-21 18:10:00+02:00,0.0,93.73,4.63,37.18,20.68,2.76,0.0
2023-05-21 17:10:00+00:00,2023-05-21 19:10:00+02:00,378.95,210.89,18.84,25.31,19.15,2.62,0.0
2023-05-21 18:10:00+00:00,2023-05-21 20:10:00+02:00,296.71,133.8,12.15,13.65,18.69,1.38,0.0
2023-05-21 19:10:00+00:00,2023-05-21 21:10:00+02:00,0.0,3.12,0.57,2.44,18.74,0.97,0.0
2023-05-21 20:10:00+00:00,2023-05-21 22:10:00+02:00,0.0,0.0,0.0,0.0,18.12,1.1,0.0
2023-05-21 21:10:00+00:00,2023-05-21 23:10:00+02:00,0.0,0.0,0.0,0.0,17.61,0.69,0.0
2023-05-21 22:10:00+00:00,2023-05-22 00:10:00+02:00,0.0,0.0,0.0,0.0,17.07,0.62,0.0
2023-05-21 23:10:00+00:00,2023-05-22 01:10:00+02:00,0.0,0.0,0.0,0.0,16.65,0.14,0.0
2023-05-22 00:10:00+00:00,2023-05-22 02:10:00+02:00,0.0,0.0,0.0,0.0,16.15,0.48,0.0
2023-05-22 01:10:00+00:00,2023-05-22 03:10:00+02:00,0.0,0.0,0.0,0.0,15.44,0.55,0.0
2023-05-22 02:10:00+00:00,2023-05-22 04:10:00+02:00,0.0,0.0,0.0,0.0,15.21,0.41,0.0
2023-05-22 03:10:00+00:00,2023-05-22 05:10:00+02:00,0.0,0.0,0.0,0.0,14.92,0.07,0.0
2023-05-22 04:10:00+00:00,2023-05-22 06:10:00+02:00,0.0,0.0,0.0,0.0,14.71,0.0,0.0
2023-05-22 05:10:00+00:00,2023-05-22 07:10:00+02:00,0.0,0.0,0.0,0.0,14.7,0.07,0.0
2023-05-22 06:10:00+00:00,2023-05-22 08:10:00+02:00,0.0,15.39,2.11,10.76,14.7,0.0,0.0
2023-05-22 07:10:00+00:00,2023-05-22 09:10:00+02:00,0.0,59.21,5.33,22.31,15.81,1.1,0.0
2023-05-22 08:10:00+00:00,2023-05-22 10:10:00+02:00,3.56,148.0,8.38,34.15,16.88,1.72,0.0
2023-05-22 09:10:00+00:00,2023-05-22 11:10:00+02:00,48.66,291.49,10.22,45.99,17.36,2.14,0.0
2023-05-22 10:10:00+00:00,2023-05-22 12:10:00+02:00,8.31,301.0,5.24,57.42,17.93,1.93,0.0
2023-05-22 11:10:00+00:00,2023-05-22 13:10:00+02:00,0.0,196.09,1.57,67.37,18.45,2.55,0.0
2023-05-22 12:10:00+00:00,2023-05-22 14:10:00+02:00,0.0,145.62,0.67,72.74,19.75,2.97,0.0
2023-05-22 13:10:00+00:00,2023-05-22 15:10:00+02:00,0.0,164.55,1.08,69.44,20.03,3.03,0.0
2023-05-22 14:10:00+00:00,2023-05-22 16:10:00+02:00,0.0,251.18,3.54,60.27,19.61,2.76,0.0
2023-05-22 15:10:00+00:00,2023-05-22 17:10:00+02:00,1.32,216.81,6.06,49.08,19.42,2.14,0.0
2023-05-22 16:10:00+00:00,2023-05-22 18:10:00+02:00,0.0,145.16,7.13,37.3,18.9,1.52,0.0
2023-05-22 17:10:00+00:00,2023-05-22 19:10:00+02:00,0.0,69.21,5.53,25.43,18.25,1.24,0.0
2023-05-22 18:10:00+00:00,2023-05-22 20:10:00+02:00,0.0,29.03,3.58,13.77,17.3,0.69,0.0
2023-05-22 19:10:00+00:00,2023-05-22 21:10:00+02:00,0.0,1.56,0.29,2.58,17.34,0.34,0.0
2023-05-22 20:10:00+00:00,2023-05-22 22:10:00+02:00,0.0,0.0,0.0,0.0,16.38,0.41,0.0
2023-05-22 21:10:00+00:00,2023-05-22 23:10:00+02:00,0.0,0.0,0.0,0.0,15.68,0.9,0.0
2023-05-22 22:10:00+00:00,2023-05-23 00:10:00+02:00,0.0,0.0,0.0,0.0,15.23,1.38,0.0
2023-05-22 23:10:00+00:00,2023-05-23 01:10:00+02:00,0.0,0.0,0.0,0.0,15.0,1.03,0.0
2023-05-23 00:10:00+00:00,2023-05-23 02:10:00+02:00,0.0,0.0,0.0,0.0,14.99,0.14,0.0
2023-05-23 01:10:00+00:00,2023-05-23 03:10:00+02:00,0.0,0.0,0.0,0.0,14.53,0.55,0.0
2023-05-23 02:10:00+00:00,2023-05-23 04:10:00+02:00,0.0,0.0,0.0,0.0,14.15,1.03,0.0
2023-05-23 03:10:00+00:00,2023-05-23 05:10:00+02:00,0.0,0.0,0.0,0.0,13.98,0.69,0.0
2023-05-23 04:10:00+00:00,2023-05-23 06:10:00+02:00,0.0,0.0,0.0,0.0,13.63,0.62,0.0
2023-05-23 05:10:00+00:00,2023-05-23 07:10:00+02:00,0.0,0.0,0.0,0.0,13.47,0.69,0.0
2023-05-23 06:10:00+00:00,2023-05-23 08:10:00+02:00,0.0,13.04,1.79,10.86,13.85,0.41,0.0
2023-05-23 07:10:00+00:00,2023-05-23 09:10:00+02:00,49.85,123.2,11.02,22.41,13.89,0.41,0.0
2023-05-23 08:10:00+00:00,2023-05-23 10:10:00+02:00,10.66,163.64,9.32,34.24,14.82,0.83,0.0
2023-05-23 09:10:00+00:00,2023-05-23 11:10:00+02:00,0.0,129.77,4.22,46.09,15.53,0.76,0.0
2023-05-23 10:10:00+00:00,2023-05-23 12:10:00+02:00,0.0,200.85,3.41,57.52,16.05,0.41,0.0
2023-05-23 11:10:00+00:00,2023-05-23 13:10:00+02:00,0.0,243.32,1.92,67.51,16.95,0.76,0.0
2023-05-23 12:10:00+00:00,2023-05-23 14:10:00+02:00,19.88,398.65,1.88,72.93,17.02,0.14,0.0
2023-05-23 13:10:00+00:00,2023-05-23 15:10:00+02:00,8.53,355.8,2.35,69.62,18.29,0.07,0.0
2023-05-23 14:10:00+00:00,2023-05-23 16:10:00+02:00,4.6,295.62,4.17,60.41,18.94,0.28,0.0
2023-05-23 15:10:00+00:00,2023-05-23 17:10:00+02:00,223.23,356.78,12.92,49.21,18.65,0.48,0.0
2023-05-23 16:10:00+00:00,2023-05-23 18:10:00+02:00,304.48,281.3,17.74,37.42,19.15,0.83,0.0
2023-05-23 17:10:00+00:00,2023-05-23 19:10:00+02:00,521.67,197.68,20.53,25.55,19.39,1.03,0.0
2023-05-23 18:10:00+00:00,2023-05-23 20:10:00+02:00,120.71,96.44,9.72,13.9,19.01,0.9,0.0
2023-05-23 19:10:00+00:00,2023-05-23 21:10:00+02:00,0.0,2.61,0.48,2.72,18.73,0.97,0.0
2023-05-23 20:10:00+00:00,2023-05-23 22:10:00+02:00,0.0,0.0,0.0,0.0,17.48,1.45,0.0
2023-05-23 21:10:00+00:00,2023-05-23 23:10:00+02:00,0.0,0.0,0.0,0.0,16.52,1.03,0.0
2023-05-23 22:10:00+00:00,2023-05-24 00:10:00+02:00,0.0,0.0,0.0,0.0,15.46,0.97,0.0
2023-05-23 23:10:00+00:00,2023-05-24 01:10:00+02:00,0.0,0.0,0.0,0.0,15.39,0.55,0.0
2023-05-24 00:10:00+00:00,2023-05-24 02:10:00+02:00,0.0,0.0,0.0,0.0,15.12,0.21,0.0
2023-05-24 01:10:00+00:00,2023-05-24 03:10:00+02:00,0.0,0.0,0.0,0.0,14.76,0.48,0.0
2023-05-24 02:10:00+00:00,2023-05-24 04:10:00+02:00,0.0,0.0,0.0,0.0,13.75,0.83,0.0
2023-05-24 03:10:00+00:00,2023-05-24 05:10:00+02:00,0.0,0.0,0.0,0.0,13.27,0.9,0.0
2023-05-24 04:10:00+00:00,2023-05-24 06:10:00+02:00,0.0,0.0,0.0,0.0,13.19,0.76,0.0
2023-05-24 05:10:00+00:00,2023-05-24 07:10:00+02:00,0.0,0.0,0.0,0.0,12.05,0.97,0.0
2023-05-24 06:10:00+00:00,2023-05-24 08:10:00+02:00,36.85,49.88,6.08,10.95,12.14,0.83,0.0
2023-05-24 07:10:00+00:00,2023-05-24 09:10:00+02:00,125.46,154.59,13.52,22.49,14.97,0.14,0.0
2023-05-24 08:10:00+00:00,2023-05-24 10:10:00+02:00,219.92,258.66,16.79,34.32,17.09,0.14,0.0
2023-05-24 09:10:00+00:00,2023-05-24 11:10:00+02:00,431.09,317.46,16.77,46.17,18.66,0.28,0.0
2023-05-24 10:10:00+00:00,2023-05-24 12:10:00+02:00,446.39,359.7,11.19,57.62,20.08,0.28,0.0
2023-05-24 11:10:00+00:00,2023-05-24 13:10:00+02:00,682.25,274.93,6.71,67.65,21.04,0.14,0.0
2023-05-24 12:10:00+00:00,2023-05-24 14:10:00+02:00,477.59,386.82,3.61,73.12,21.78,0.07,0.0
2023-05-24 13:10:00+00:00,2023-05-24 15:10:00+02:00,846.09,180.99,5.95,69.79,22.64,0.0,0.0
2023-05-24 14:10:00+00:00,2023-05-24 16:10:00+02:00,870.51,161.86,11.67,60.55,23.1,0.41,0.0
2023-05-24 15:10:00+00:00,2023-05-24 17:10:00+02:00,755.48,204.0,17.95,49.33,23.54,0.76,0.0
2023-05-24 16:10:00+00:00,2023-05-24 18:10:00+02:00,748.51,180.35,22.94,37.53,23.48,1.38,0.0
2023-05-24 17:10:00+00:00,2023-05-24 19:10:00+02:00,639.47,178.0,21.99,25.67,23.5,1.79,0.0
2023-05-24 18:10:00+00:00,2023-05-24 20:10:00+02:00,474.52,145.08,14.24,14.03,23.17,1.72,0.0
2023-05-24 19:10:00+00:00,2023-05-24 21:10:00+02:00,0.0,4.71,0.86,2.85,22.55,1.17,0.0
2023-05-24 20:10:00+00:00,2023-05-24 22:10:00+02:00,0.0,0.0,0.0,0.0,20.88,1.93,0.0
2023-05-24 21:10:00+00:00,2023-05-24 23:10:00+02:00,0.0,0.0,0.0,0.0,19.42,1.86,0.0
2023-05-24 22:10:00+00:00,2023-05-25 00:10:00+02:00,0.0,0.0,0.0,0.0,18.16,2.07,0.0
2023-05-24 23:10:00+00:00,2023-05-25 01:10:00+02:00,0.0,0.0,0.0,0.0,17.25,2.41,0.0
2023-05-25 00:10:00+00:00,2023-05-25 02:10:00+02:00,0.0,0.0,0.0,0.0,16.5,2.34,0.0
2023-05-25 01:10:00+00:00,2023-05-25 03:10:00+02:00,0.0,0.0,0.0,0.0,15.96,2.07,0.0
2023-05-25 02:10:00+00:00,2023-05-25 04:10:00+02:00,0.0,0.0,0.0,0.0,15.41,1.72,0.0
2023-05-25 03:10:00+00:00,2023-05-25 05:10:00+02:00,0.0,0.0,0.0,0.0,14.84,1.59,0.0
2023-05-25 04:10:00+00:00,2023-05-25 06:10:00+02:00,0.0,0.0,0.0,0.0,14.42,1.45,0.0
2023-05-25 05:10:00+00:00,2023-05-25 07:10:00+02:00,0.0,0.0,0.0,0.0,13.87,1.45,0.0
2023-05-25 06:10:00+00:00,2023-05-25 08:10:00+02:00,422.95,132.68,11.48,11.04,14.2,1.1,0.0
2023-05-25 07:10:00+00:00,2023-05-25 09:10:00+02:00,622.57,171.31,20.89,22.58,17.15,0.62,0.0
2023-05-25 08:10:00+00:00,2023-05-25 10:10:00+02:00,755.79,172.83,23.75,34.4,19.12,0.62,0.0
2023-05-25 09:10:00+00:00,2023-05-25 11:10:00+02:00,845.79,160.27,20.46,46.25,20.88,0.48,0.0
2023-05-25 10:10:00+00:00,2023-05-25 12:10:00+02:00,872.91,158.68,13.55,57.72,22.6,0.62,0.0
2023-05-25 11:10:00+00:00,2023-05-25 13:10:00+02:00,925.74,137.89,7.32,67.78,24.06,0.76,0.0
2023-05-25 12:10:00+00:00,2023-05-25 14:10:00+02:00,935.48,135.09,4.33,73.3,25.03,1.03,0.0
2023-05-25 13:10:00+00:00,2023-05-25 15:10:00+02:00,904.8,149.79,6.01,69.96,25.91,1.52,0.0
2023-05-25 14:10:00+00:00,2023-05-25 16:10:00+02:00,846.42,173.45,11.45,60.68,26.6,2.07,0.0
2023-05-25 15:10:00+00:00,2023-05-25 17:10:00+02:00,804.14,180.95,18.25,49.45,26.95,2.69,0.0
2023-05-25 16:10:00+00:00,2023-05-25 18:10:00+02:00,726.92,187.78,22.65,37.65,26.88,3.31,0.0
2023-05-25 17:10:00+00:00,2023-05-25 19:10:00+02:00,632.18,178.12,21.87,25.79,26.33,3.72,0.0
2023-05-25 18:10:00+00:00,2023-05-25 20:10:00+02:00,499.13,147.18,14.66,14.15,25.27,3.72,0.0
2023-05-25 19:10:00+00:00,2023-05-25 21:10:00+02:00,0.0,5.77,1.04,2.98,23.8,3.86,0.0
2023-05-25 20:10:00+00:00,2023-05-25 22:10:00+02:00,0.0,0.0,0.0,0.0,21.99,3.59,0.0
2023-05-25 21:10:00+00:00,2023-05-25 23:10:00+02:00,0.0,0.0,0.0,0.0,20.47,3.1,0.0
2023-05-25 22:10:00+00:00,2023-05-26 00:10:00+02:00,0.0,0.0,0.0,0.0,19.43,2.76,0.0
2023-05-25 23:10:00+00:00,2023-05-26 01:10:00+02:00,0.0,0.0,0.0,0.0,18.89,2.48,0.0
2023-05-26 00:10:00+00:00,2023-05-26 02:10:00+02:00,0.0,0.0,0.0,0.0,18.28,2.48,0.0
2023-05-26 01:10:00+00:00,2023-05-26 03:10:00+02:00,0.0,0.0,0.0,0.0,17.92,2.48,0.0
2023-05-26 02:10:00+00:00,2023-05-26 04:10:00+02:00,0.0,0.0,0.0,0.0,17.76,2.21,0.0
2023-05-26 03:10:00+00:00,2023-05-26 05:10:00+02:00,0.0,0.0,0.0,0.0,17.54,1.93,0.0
2023-05-26 04:10:00+00:00,2023-05-26 06:10:00+02:00,0.0,0.0,0.0,0.0,17.25,1.86,0.0
2023-05-26 05:10:00+00:00,2023-05-26 07:10:00+02:00,0.0,0.0,0.0,0.0,16.78,1.72,0.0
2023-05-26 06:10:00+00:00,2023-05-26 08:10:00+02:00,424.95,134.6,11.62,11.13,16.75,1.66,0.0
2023-05-26 07:10:00+00:00,2023-05-26 09:10:00+02:00,103.86,148.29,12.97,22.65,18.33,1.38,0.0
2023-05-26 08:10:00+00:00,2023-05-26 10:10:00+02:00,328.61,264.15,18.57,34.47,19.55,2.07,0.0
2023-05-26 09:10:00+00:00,2023-05-26 11:10:00+02:00,830.9,164.52,20.23,46.33,21.6,2.34,0.0
2023-05-26 10:10:00+00:00,2023-05-26 12:10:00+02:00,510.47,334.23,11.47,57.81,22.89,2.41,0.0
2023-05-26 11:10:00+00:00,2023-05-26 13:10:00+02:00,30.22,399.46,3.24,67.9,24.06,2.48,0.0
2023-05-26 12:10:00+00:00,2023-05-26 14:10:00+02:00,121.0,475.54,2.47,73.47,24.88,2.48,0.0
2023-05-26 13:10:00+00:00,2023-05-26 15:10:00+02:00,174.39,466.06,3.78,70.12,25.93,2.69,0.0
2023-05-26 14:10:00+00:00,2023-05-26 16:10:00+02:00,843.04,173.22,11.33,60.81,26.23,2.76,0.0
2023-05-26 15:10:00+00:00,2023-05-26 17:10:00+02:00,834.27,166.24,18.42,49.57,26.25,2.76,0.0
2023-05-26 16:10:00+00:00,2023-05-26 18:10:00+02:00,734.87,184.12,22.68,37.76,26.38,2.55,0.0
2023-05-26 17:10:00+00:00,2023-05-26 19:10:00+02:00,686.8,168.75,22.64,25.9,26.28,2.34,0.0
2023-05-26 18:10:00+00:00,2023-05-26 20:10:00+02:00,495.0,147.55,14.69,14.27,25.66,2.28,0.0
2023-05-26 19:10:00+00:00,2023-05-26 21:10:00+02:00,0.0,3.68,0.66,3.11,24.39,2.28,0.0
2023-05-26 20:10:00+00:00,2023-05-26 22:10:00+02:00,0.0,0.0,0.0,0.0,22.64,2.14,0.0
2023-05-26 21:10:00+00:00,2023-05-26 23:10:00+02:00,0.0,0.0,0.0,0.0,21.13,1.86,0.0
2023-05-26 22:10:00+00:00,2023-05-27 00:10:00+02:00,0.0,0.0,0.0,0.0,19.98,1.59,0.0
2023-05-26 23:10:00+00:00,2023-05-27 01:10:00+02:00,0.0,0.0,0.0,0.0,18.63,1.52,0.0
2023-05-27 00:10:00+00:00,2023-05-27 02:10:00+02:00,0.0,0.0,0.0,0.0,17.86,1.45,0.0
2023-05-27 01:10:00+00:00,2023-05-27 03:10:00+02:00,0.0,0.0,0.0,0.0,17.64,1.03,0.0
2023-05-27 02:10:00+00:00,2023-05-27 04:10:00+02:00,0.0,0.0,0.0,0.0,18.5,0.28,0.0
2023-05-27 03:10:00+00:00,2023-05-27 05:10:00+02:00,0.0,0.0,0.0,0.0,17.6,0.76,0.0
2023-05-27 04:10:00+00:00,2023-05-27 06:10:00+02:00,0.0,0.0,0.0,0.0,16.5,1.17,0.0
2023-05-27 05:10:00+00:00,2023-05-27 07:10:00+02:00,0.0,0.0,0.0,0.0,16.65,1.31,0.0
2023-05-27 06:10:00+00:00,2023-05-27 08:10:00+02:00,56.6,58.83,6.77,11.21,16.5,1.59,0.0
2023-05-27 07:10:00+00:00,2023-05-27 09:10:00+02:00,0.0,51.2,4.54,22.72,16.98,1.66,0.0
2023-05-27 08:10:00+00:00,2023-05-27 10:10:00+02:00,0.0,84.5,4.68,34.54,18.11,2.0,0.0
2023-05-27 09:10:00+00:00,2023-05-27 11:10:00+02:00,0.0,146.42,4.69,46.4,19.28,2.0,0.0
2023-05-27 10:10:00+00:00,2023-05-27 12:10:00+02:00,31.87,348.7,6.13,57.89,20.02,1.59,0.0
2023-05-27 11:10:00+00:00,2023-05-27 13:10:00+02:00,65.78,433.71,3.68,68.02,20.5,1.86,0.0
2023-05-27 12:10:00+00:00,2023-05-27 14:10:00+02:00,97.97,469.87,2.31,73.63,21.57,2.28,0.0
2023-05-27 13:10:00+00:00,2023-05-27 15:10:00+02:00,1.06,304.76,1.85,70.28,22.67,2.21,0.0
2023-05-27 14:10:00+00:00,2023-05-27 16:10:00+02:00,0.0,234.16,3.15,60.94,22.88,2.48,0.0
2023-05-27 15:10:00+00:00,2023-05-27 17:10:00+02:00,0.0,87.17,2.35,49.68,22.64,1.86,0.0
2023-05-27 16:10:00+00:00,2023-05-27 18:10:00+02:00,0.0,41.91,2.01,37.87,21.41,2.21,0.0
2023-05-27 17:10:00+00:00,2023-05-27 19:10:00+02:00,0.0,40.21,3.14,26.01,19.11,2.83,0.0
2023-05-27 18:10:00+00:00,2023-05-27 20:10:00+02:00,0.0,33.01,3.98,14.39,18.75,0.83,0.0
2023-05-27 19:10:00+00:00,2023-05-27 21:10:00+02:00,0.0,4.21,0.75,3.24,18.62,1.86,0.0
2023-05-27 20:10:00+00:00,2023-05-27 22:10:00+02:00,0.0,0.0,0.0,0.0,18.15,1.72,0.0
2023-05-27 21:10:00+00:00,2023-05-27 23:10:00+02:00,0.0,0.0,0.0,0.0,17.78,1.79,0.0
2023-05-27 22:10:00+00:00,2023-05-28 00:10:00+02:00,0.0,0.0,0.0,0.0,17.38,1.59,0.0
2023-05-27 23:10:00+00:00,2023-05-28 01:10:00+02:00,0.0,0.0,0.0,0.0,16.99,1.59,0.0
2023-05-28 00:10:00+00:00,2023-05-28 02:10:00+02:00,0.0,0.0,0.0,0.0,16.75,1.66,0.0
2023-05-28 01:10:00+00:00,2023-05-28 03:10:00+02:00,0.0,0.0,0.0,0.0,16.39,1.72,0.0
2023-05-28 02:10:00+00:00,2023-05-28 04:10:00+02:00,0.0,0.0,0.0,0.0,15.66,1.79,0.0
2023-05-28 03:10:00+00:00,2023-05-28 05:10:00+02:00,0.0,0.0,0.0,0.0,15.42,1.59,0.0
2023-05-28 04:10:00+00:00,2023-05-28 06:10:00+02:00,0.0,0.0,0.0,0.0,15.26,1.52,0.0
2023-05-28 05:10:00+00:00,2023-05-28 07:10:00+02:00,0.0,0.0,0.0,0.0,14.82,1.52,0.0
2023-05-28 06:10:00+00:00,2023-05-28 08:10:00+02:00,0.0,7.75,1.05,11.28,15.15,1.38,0.0
2023-05-28 07:10:00+00:00,2023-05-28 09:10:00+02:00,240.09,183.87,15.99,22.79,16.26,0.83,0.0
2023-05-28 08:10:00+00:00,2023-05-28 10:10:00+02:00,139.11,245.18,14.99,34.6,17.14,1.24,0.0
2023-05-28 09:10:00+00:00,2023-05-28 11:10:00+02:00,525.55,290.65,17.52,46.46,18.67,1.66,0.0
2023-05-28 10:10:00+00:00,2023-05-28 12:10:00+02:00,212.32,408.53,9.06,57.97,20.15,1.79,0.0
2023-05-28 11:10:00+00:00,2023-05-28 13:10:00+02:00,491.35,368.73,5.86,68.13,21.19,2.21,0.0
2023-05-28 12:10:00+00:00,2023-05-28 14:10:00+02:00,700.85,268.06,3.71,73.79,21.85,2.69,0.0
2023-05-28 13:10:00+00:00,2023-05-28 15:10:00+02:00,812.96,197.89,5.52,70.43,22.88,3.52,0.0
2023-05-28 14:10:00+00:00,2023-05-28 16:10:00+02:00,44.56,380.99,5.5,61.07,22.17,3.86,0.0
2023-05-28 15:10:00+00:00,2023-05-28 17:10:00+02:00,0.0,152.44,4.09,49.79,22.47,4.28,0.0
2023-05-28 16:10:00+00:00,2023-05-28 18:10:00+02:00,0.0,54.05,2.58,37.98,20.84,4.69,0.0
2023-05-28 17:10:00+00:00,2023-05-28 19:10:00+02:00,54.51,148.9,11.81,26.12,19.86,4.07,0.0
2023-05-28 18:10:00+00:00,2023-05-28 20:10:00+02:00,0.0,19.96,2.4,14.5,19.83,2.9,0.0
2023-05-28 19:10:00+00:00,2023-05-28 21:10:00+02:00,0.0,5.28,0.94,3.36,19.36,2.9,0.0
2023-05-28 20:10:00+00:00,2023-05-28 22:10:00+02:00,0.0,0.0,0.0,0.0,18.7,2.34,0.0
2023-05-28 21:10:00+00:00,2023-05-28 23:10:00+02:00,0.0,0.0,0.0,0.0,18.13,1.79,0.0
2023-05-28 22:10:00+00:00,2023-05-29 00:10:00+02:00,0.0,0.0,0.0,0.0,17.67,2.0,0.0
2023-05-28 23:10:00+00:00,2023-05-29 01:10:00+02:00,0.0,0.0,0.0,0.0,17.03,2.14,0.0
2023-05-29 00:10:00+00:00,2023-05-29 02:10:00+02:00,0.0,0.0,0.0,0.0,16.35,2.14,0.0
2023-05-29 01:10:00+00:00,2023-05-29 03:10:00+02:00,0.0,0.0,0.0,0.0,15.74,2.0,0.0
2023-05-29 02:10:00+00:00,2023-05-29 04:10:00+02:00,0.0,0.0,0.0,0.0,15.21,1.86,0.0
2023-05-29 03:10:00+00:00,2023-05-29 05:10:00+02:00,0.0,0.0,0.0,0.0,14.76,1.72,0.0
2023-05-29 04:10:00+00:00,2023-05-29 06:10:00+02:00,0.0,0.0,0.0,0.0,14.04,1.59,0.0
2023-05-29 05:10:00+00:00,2023-05-29 07:10:00+02:00,0.0,0.0,0.0,0.0,13.46,1.1,0.0
2023-05-29 06:10:00+00:00,2023-05-29 08:10:00+02:00,442.06,136.56,11.97,11.35,14.36,0.55,0.0
2023-05-29 07:10:00+00:00,2023-05-29 09:10:00+02:00,229.17,183.95,15.9,22.85,15.96,0.83,0.0
2023-05-29 08:10:00+00:00,2023-05-29 10:10:00+02:00,378.03,266.74,19.41,34.66,17.45,0.76,0.0
2023-05-29 09:10:00+00:00,2023-05-29 11:10:00+02:00,711.06,222.67,19.18,46.52,18.87,1.31,0.0
2023-05-29 10:10:00+00:00,2023-05-29 12:10:00+02:00,894.56,151.92,13.52,58.04,20.34,2.41,0.0
2023-05-29 11:10:00+00:00,2023-05-29 13:10:00+02:00,956.15,124.96,7.16,68.24,21.5,2.83,0.0
2023-05-29 12:10:00+00:00,2023-05-29 14:10:00+02:00,966.69,121.34,4.08,73.95,22.34,3.1,0.0
2023-05-29 13:10:00+00:00,2023-05-29 15:10:00+02:00,951.11,128.56,5.8,70.58,23.23,3.38,0.0
2023-05-29 14:10:00+00:00,2023-05-29 16:10:00+02:00,915.28,142.94,11.51,61.19,23.68,3.45,0.0
2023-05-29 15:10:00+00:00,2023-05-29 17:10:00+02:00,837.95,169.5,18.33,49.9,24.16,3.38,0.0
2023-05-29 16:10:00+00:00,2023-05-29 18:10:00+02:00,718.16,195.37,22.53,38.09,24.29,3.45,0.0
2023-05-29 17:10:00+00:00,2023-05-29 19:10:00+02:00,531.65,202.73,20.92,26.23,24.0,3.79,0.0
2023-05-29 18:10:00+00:00,2023-05-29 20:10:00+02:00,400.22,149.07,13.98,14.62,23.26,3.86,0.0
2023-05-29 19:10:00+00:00,2023-05-29 21:10:00+02:00,0.0,5.82,1.03,3.49,21.54,4.28,0.0
2023-05-29 20:10:00+00:00,2023-05-29 22:10:00+02:00,0.0,0.0,0.0,0.0,19.97,4.07,0.0
2023-05-29 21:10:00+00:00,2023-05-29 23:10:00+02:00,0.0,0.0,0.0,0.0,18.93,3.52,0.0
2023-05-29 22:10:00+00:00,2023-05-30 00:10:00+02:00,0.0,0.0,0.0,0.0,18.2,2.9,0.0
2023-05-29 23:10:00+00:00,2023-05-30 01:10:00+02:00,0.0,0.0,0.0,0.0,17.53,2.34,0.0
2023-05-30 00:10:00+00:00,2023-05-30 02:10:00+02:00,0.0,0.0,0.0,0.0,16.9,1.93,0.0
2023-05-30 01:10:00+00:00,2023-05-30 03:10:00+02:00,0.0,0.0,0.0,0.0,16.33,1.59,0.0
2023-05-30 02:10:00+00:00,2023-05-30 04:10:00+02:00,0.0,0.0,0.0,0.0,15.56,1.31,0.0
2023-05-30 03:10:00+00:00,2023-05-30 05:10:00+02:00,0.0,0.0,0.0,0.0,14.84,1.1,0.0
2023-05-30 04:10:00+00:00,2023-05-30 06:10:00+02:00,0.0,0.0,0.0,0.0,14.43,0.97,0.0
2023-05-30 05:10:00+00:00,2023-05-30 07:10:00+02:00,0.0,0.0,0.0,0.0,14.25,0.9,0.0
2023-05-30 06:10:00+00:00,2023-05-30 08:10:00+02:00,378.96,131.95,11.39,11.41,14.5,0.69,0.0
2023-05-30 07:10:00+00:00,2023-05-30 09:10:00+02:00,670.49,168.15,21.74,22.91,16.93,1.1,0.0
2023-05-30 08:10:00+00:00,2023-05-30 10:10:00+02:00,797.18,162.32,24.28,34.72,18.67,1.52,0.0
2023-05-30 09:10:00+00:00,2023-05-30 11:10:00+02:00,877.0,149.57,20.63,46.58,20.04,2.0,0.0
2023-05-30 10:10:00+00:00,2023-05-30 12:10:00+02:00,928.07,134.17,13.66,58.11,21.35,2.9,0.0
2023-05-30 11:10:00+00:00,2023-05-30 13:10:00+02:00,956.57,124.89,7.11,68.34,22.39,3.38,0.0
2023-05-30 12:10:00+00:00,2023-05-30 14:10:00+02:00,967.02,121.27,4.01,74.1,23.42,3.59,0.0
2023-05-30 13:10:00+00:00,2023-05-30 15:10:00+02:00,890.94,160.66,5.57,70.72,24.06,3.79,0.0
2023-05-30 14:10:00+00:00,2023-05-30 16:10:00+02:00,892.57,154.71,11.32,61.31,24.42,3.86,0.0
2023-05-30 15:10:00+00:00,2023-05-30 17:10:00+02:00,873.17,153.52,18.57,50.01,24.51,3.86,0.0
2023-05-30 16:10:00+00:00,2023-05-30 18:10:00+02:00,771.48,176.46,23.09,38.19,24.58,3.72,0.0
2023-05-30 17:10:00+00:00,2023-05-30 19:10:00+02:00,658.12,177.98,22.42,26.34,24.69,3.59,0.0
2023-05-30 18:10:00+00:00,2023-05-30 20:10:00+02:00,475.91,150.4,14.84,14.73,23.97,3.24,0.0
2023-05-30 19:10:00+00:00,2023-05-30 21:10:00+02:00,143.1,31.91,2.72,3.61,22.45,3.52,0.0
2023-05-30 20:10:00+00:00,2023-05-30 22:10:00+02:00,0.0,0.0,0.0,0.0,20.85,4.34,0.0
2023-05-30 21:10:00+00:00,2023-05-30 23:10:00+02:00,0.0,0.0,0.0,0.0,19.43,4.55,0.0
2023-05-30 22:10:00+00:00,2023-05-31 00:10:00+02:00,0.0,0.0,0.0,0.0,18.3,3.86,0.0
2023-05-30 23:10:00+00:00,2023-05-31 01:10:00+02:00,0.0,0.0,0.0,0.0,17.41,2.97,0.0
2023-05-31 00:10:00+00:00,2023-05-31 02:10:00+02:00,0.0,0.0,0.0,0.0,16.83,2.48,0.0
2023-05-31 01:10:00+00:00,2023-05-31 03:10:00+02:00,0.0,0.0,0.0,0.0,16.27,2.07,0.0
2023-05-31 02:10:00+00:00,2023-05-31 04:10:00+02:00,0.0,0.0,0.0,0.0,15.66,1.59,0.0
2023-05-31 03:10:00+00:00,2023-05-31 05:10:00+02:00,0.0,0.0,0.0,0.0,14.99,1.03,0.0
2023-05-31 04:10:00+00:00,2023-05-31 06:10:00+02:00,0.0,0.0,0.0,0.0,15.51,0.55,0.0
2023-05-31 05:10:00+00:00,2023-05-31 07:10:00+02:00,0.0,0.0,0.0,0.0,15.05,0.34,0.0
2023-05-31 06:10:00+00:00,2023-05-31 08:10:00+02:00,387.07,133.44,11.54,11.47,14.96,0.21,0.0
2023-05-31 07:10:00+00:00,2023-05-31 09:10:00+02:00,666.49,167.37,21.65,22.96,17.42,0.34,0.0
2023-05-31 08:10:00+00:00,2023-05-31 10:10:00+02:00,794.46,161.99,24.2,34.76,19.47,0.76,0.0
2023-05-31 09:10:00+00:00,2023-05-31 11:10:00+02:00,873.53,149.35,20.53,46.63,21.17,0.97,0.0
2023-05-31 10:10:00+00:00,2023-05-31 12:10:00+02:00,925.09,135.2,13.59,58.17,22.55,0.62,0.0
2023-05-31 11:10:00+00:00,2023-05-31 13:10:00+02:00,860.26,173.96,6.75,68.43,23.52,0.62,0.0
2023-05-31 12:10:00+00:00,2023-05-31 14:10:00+02:00,882.18,165.31,3.8,74.24,24.28,0.9,0.0
2023-05-31 13:10:00+00:00,2023-05-31 15:10:00+02:00,957.93,123.14,5.65,70.86,25.31,1.24,0.0
2023-05-31 14:10:00+00:00,2023-05-31 16:10:00+02:00,877.91,159.88,11.14,61.43,26.03,1.52,0.0
2023-05-31 15:10:00+00:00,2023-05-31 17:10:00+02:00,824.91,174.68,18.08,50.12,26.42,1.72,0.0
2023-05-31 16:10:00+00:00,2023-05-31 18:10:00+02:00,800.38,165.87,23.39,38.29,26.47,1.86,0.0
2023-05-31 17:10:00+00:00,2023-05-31 19:10:00+02:00,682.65,172.71,22.74,26.44,26.24,2.0,0.0
2023-05-31 18:10:00+00:00,2023-05-31 20:10:00+02:00,523.24,151.21,15.47,14.84,25.8,2.0,0.0
2023-05-31 19:10:00+00:00,2023-05-31 21:10:00+02:00,123.22,28.98,2.62,3.72,24.9,2.0,0.0
2023-05-31 20:10:00+00:00,2023-05-31 22:10:00+02:00,0.0,0.0,0.0,0.0,23.04,2.62,0.0
2023-05-31 21:10:00+00:00,2023-05-31 23:10:00+02:00,0.0,0.0,0.0,0.0,21.51,2.9,0.0
2023-05-31 22:10:00+00:00,2023-06-01 00:10:00+02:00,0.0,0.0,0.0,0.0,20.25,2.76,0.0
2023-05-31 23:10:00+00:00,2023-06-01 01:10:00+02:00,0.0,0.0,0.0,0.0,19.22,2.28,0.0
2023-06-01 00:10:00+00:00,2023-06-01 02:10:00+02:00,0.0,0.0,0.0,0.0,18.34,1.93,0.0
2023-06-01 01:10:00+00:00,2023-06-01 03:10:00+02:00,0.0,0.0,0.0,0.0,17.58,1.86,0.0
2023-06-01 02:10:00+00:00,2023-06-01 04:10:00+02:00,0.0,0.0,0.0,0.0,16.57,1.66,0.0
2023-06-01 03:10:00+00:00,2023-06-01 05:10:00+02:00,0.0,0.0,0.0,0.0,15.89,1.38,0.0
2023-06-01 04:10:00+00:00,2023-06-01 06:10:00+02:00,0.0,0.0,0.0,0.0,15.1,1.52,0.0
2023-06-01 05:10:00+00:00,2023-06-01 07:10:00+02:00,0.0,0.0,0.0,0.0,14.54,1.59,0.0
2023-06-01 06:10:00+00:00,2023-06-01 08:10:00+02:00,225.15,109.91,9.84,11.53,15.02,1.38,0.0
2023-06-01 07:10:00+00:00,2023-06-01 09:10:00+02:00,63.96,134.52,11.76,23.01,18.41,1.31,0.0
2023-06-01 08:10:00+00:00,2023-06-01 10:10:00+02:00,176.94,255.71,15.88,34.81,21.1,1.38,0.0
2023-06-01 09:10:00+00:00,2023-06-01 11:10:00+02:00,37.11,283.46,9.48,46.68,22.98,1.31,0.0
2023-06-01 10:10:00+00:00,2023-06-01 12:10:00+02:00,121.15,404.75,7.87,58.23,24.3,1.66,0.0
2023-06-01 11:10:00+00:00,2023-06-01 13:10:00+02:00,66.63,437.22,3.55,68.51,25.16,2.14,0.0
2023-06-01 12:10:00+00:00,2023-06-01 14:10:00+02:00,308.4,456.18,2.78,74.37,25.63,2.41,0.0
2023-06-01 13:10:00+00:00,2023-06-01 15:10:00+02:00,696.97,270.62,5.01,71.0,25.93,2.62,0.0
2023-06-01 14:10:00+00:00,2023-06-01 16:10:00+02:00,493.65,353.79,9.33,61.54,26.52,2.48,0.0
2023-06-01 15:10:00+00:00,2023-06-01 17:10:00+02:00,782.03,191.84,17.62,50.22,26.73,2.28,0.0
2023-06-01 16:10:00+00:00,2023-06-01 18:10:00+02:00,769.63,175.83,22.96,38.4,26.93,2.07,0.0
2023-06-01 17:10:00+00:00,2023-06-01 19:10:00+02:00,472.12,211.34,20.24,26.55,26.83,2.21,0.0
2023-06-01 18:10:00+00:00,2023-06-01 20:10:00+02:00,0.0,11.3,1.34,14.95,25.81,2.14,0.0
2023-06-01 19:10:00+00:00,2023-06-01 21:10:00+02:00,29.89,13.59,1.87,3.84,24.64,0.55,0.0
2023-06-01 20:10:00+00:00,2023-06-01 22:10:00+02:00,0.0,0.0,0.0,0.0,23.54,0.48,0.0
2023-06-01 21:10:00+00:00,2023-06-01 23:10:00+02:00,0.0,0.0,0.0,0.0,21.16,1.17,0.0
2023-06-01 22:10:00+00:00,2023-06-02 00:10:00+02:00,0.0,0.0,0.0,0.0,19.02,1.86,0.0
2023-06-01 23:10:00+00:00,2023-06-02 01:10:00+02:00,0.0,0.0,0.0,0.0,17.99,1.93,0.0
2023-06-02 00:10:00+00:00,2023-06-02 02:10:00+02:00,0.0,0.0,0.0,0.0,17.17,1.93,0.0
2023-06-02 01:10:00+00:00,2023-06-02 03:10:00+02:00,0.0,0.0,0.0,0.0,16.4,1.79,0.0
2023-06-02 02:10:00+00:00,2023-06-02 04:10:00+02:00,0.0,0.0,0.0,0.0,15.67,1.72,0.0
2023-06-02 03:10:00+00:00,2023-06-02 05:10:00+02:00,0.0,0.0,0.0,0.0,15.24,2.0,0.0
2023-06-02 04:10:00+00:00,2023-06-02 06:10:00+02:00,0.0,0.0,0.0,0.0,15.02,1.59,0.0
2023-06-02 05:10:00+00:00,2023-06-02 07:10:00+02:00,0.0,0.0,0.0,0.0,15.86,0.97,0.0
2023-06-02 06:10:00+00:00,2023-06-02 08:10:00+02:00,94.66,75.12,7.91,11.58,15.51,1.03,0.0
2023-06-02 07:10:00+00:00,2023-06-02 09:10:00+02:00,242.63,186.29,16.12,23.05,18.61,1.59,0.0
2023-06-02 08:10:00+00:00,2023-06-02 10:10:00+02:00,698.31,193.21,23.02,34.85,20.41,1.86,0.0
2023-06-02 09:10:00+00:00,2023-06-02 11:10:00+02:00,144.24,334.01,12.51,46.72,22.08,1.86,0.0
2023-06-02 10:10:00+00:00,2023-06-02 12:10:00+02:00,489.05,346.88,11.11,58.28,23.53,1.38,0.0
2023-06-02 11:10:00+00:00,2023-06-02 13:10:00+02:00,39.74,416.33,3.22,68.59,24.62,1.38,0.0
2023-06-02 12:10:00+00:00,2023-06-02 14:10:00+02:00,675.58,285.59,3.38,74.5,25.03,1.03,0.0
2023-06-02 13:10:00+00:00,2023-06-02 15:10:00+02:00,684.81,277.52,4.92,71.13,25.63,0.83,0.0
2023-06-02 14:10:00+00:00,2023-06-02 16:10:00+02:00,351.1,402.94,8.45,61.65,26.0,0.76,0.0
2023-06-02 15:10:00+00:00,2023-06-02 17:10:00+02:00,232.58,364.45,12.62,50.32,26.4,0.55,0.0
2023-06-02 16:10:00+00:00,2023-06-02 18:10:00+02:00,596.06,238.34,21.14,38.49,25.17,1.86,0.0
2023-06-02 17:10:00+00:00,2023-06-02 19:10:00+02:00,91.42,171.6,13.4,26.65,20.91,3.1,0.0
2023-06-02 18:10:00+00:00,2023-06-02 20:10:00+02:00,7.7,53.24,6.22,15.05,20.38,2.34,0.0
2023-06-02 19:10:00+00:00,2023-06-02 21:10:00+02:00,29.06,14.99,2.05,3.95,21.79,2.0,0.0
2023-06-02 20:10:00+00:00,2023-06-02 22:10:00+02:00,0.0,0.0,0.0,0.0,19.86,1.72,0.0
2023-06-02 21:10:00+00:00,2023-06-02 23:10:00+02:00,0.0,0.0,0.0,0.0,19.42,0.69,0.0
2023-06-02 22:10:00+00:00,2023-06-03 00:10:00+02:00,0.0,0.0,0.0,0.0,18.91,0.9,0.0
2023-06-02 23:10:00+00:00,2023-06-03 01:10:00+02:00,0.0,0.0,0.0,0.0,17.99,1.24,0.0
2023-06-03 00:10:00+00:00,2023-06-03 02:10:00+02:00,0.0,0.0,0.0,0.0,18.6,0.48,0.0
2023-06-03 01:10:00+00:00,2023-06-03 03:10:00+02:00,0.0,0.0,0.0,0.0,18.13,0.55,0.0
2023-06-03 02:10:00+00:00,2023-06-03 04:10:00+02:00,0.0,0.0,0.0,0.0,16.73,0.97,0.0
2023-06-03 03:10:00+00:00,2023-06-03 05:10:00+02:00,0.0,0.0,0.0,0.0,16.05,1.1,0.0
2023-06-03 04:10:00+00:00,2023-06-03 06:10:00+02:00,0.0,0.0,0.0,0.0,15.39,1.31,0.0
2023-06-03 05:10:00+00:00,2023-06-03 07:10:00+02:00,0.0,0.0,0.0,0.0,14.94,1.38,0.0
2023-06-03 06:10:00+00:00,2023-06-03 08:10:00+02:00,382.17,131.18,11.5,11.62,15.46,0.69,0.0
2023-06-03 07:10:00+00:00,2023-06-03 09:10:00+02:00,627.31,173.26,21.15,23.09,17.64,0.76,0.0
2023-06-03 08:10:00+00:00,2023-06-03 10:10:00+02:00,549.08,236.92,21.36,34.88,20.09,0.97,0.0
2023-06-03 09:10:00+00:00,2023-06-03 11:10:00+02:00,858.06,153.63,20.26,46.75,22.02,0.83,0.0
2023-06-03 10:10:00+00:00,2023-06-03 12:10:00+02:00,901.25,144.89,13.32,58.32,23.59,0.76,0.0
2023-06-03 11:10:00+00:00,2023-06-03 13:10:00+02:00,806.26,201.61,6.46,68.66,24.87,0.69,0.0
2023-06-03 12:10:00+00:00,2023-06-03 14:10:00+02:00,495.76,379.19,3.05,74.62,25.78,0.34,0.0
2023-06-03 13:10:00+00:00,2023-06-03 15:10:00+02:00,562.85,340.61,4.59,71.26,26.17,0.14,0.0
2023-06-03 14:10:00+00:00,2023-06-03 16:10:00+02:00,573.22,317.22,9.57,61.76,26.1,0.55,0.0
2023-06-03 15:10:00+00:00,2023-06-03 17:10:00+02:00,29.84,300.85,8.21,50.42,26.6,0.97,0.0
2023-06-03 16:10:00+00:00,2023-06-03 18:10:00+02:00,259.72,289.29,16.82,38.59,26.91,0.97,0.0
2023-06-03 17:10:00+00:00,2023-06-03 19:10:00+02:00,224.44,205.26,16.5,26.74,26.59,0.97,0.0
2023-06-03 18:10:00+00:00,2023-06-03 20:10:00+02:00,80.34,90.49,9.45,15.15,26.39,1.38,0.0
2023-06-03 19:10:00+00:00,2023-06-03 21:10:00+02:00,70.72,23.35,2.51,4.05,25.84,1.1,0.0
2023-06-03 20:10:00+00:00,2023-06-03 22:10:00+02:00,0.0,0.0,0.0,0.0,24.39,2.07,0.0
2023-06-03 21:10:00+00:00,2023-06-03 23:10:00+02:00,0.0,0.0,0.0,0.0,22.62,2.55,0.0
2023-06-03 22:10:00+00:00,2023-06-04 00:10:00+02:00,0.0,0.0,0.0,0.0,21.74,2.07,0.0
2023-06-03 23:10:00+00:00,2023-06-04 01:10:00+02:00,0.0,0.0,0.0,0.0,20.78,1.66,0.0
2023-06-04 00:10:00+00:00,2023-06-04 02:10:00+02:00,0.0,0.0,0.0,0.0,20.17,1.79,0.0
2023-06-04 01:10:00+00:00,2023-06-04 03:10:00+02:00,0.0,0.0,0.0,0.0,19.43,2.07,0.0
2023-06-04 02:10:00+00:00,2023-06-04 04:10:00+02:00,0.0,0.0,0.0,0.0,18.86,2.07,0.0
2023-06-04 03:10:00+00:00,2023-06-04 05:10:00+02:00,0.0,0.0,0.0,0.0,18.16,2.0,0.0
2023-06-04 04:10:00+00:00,2023-06-04 06:10:00+02:00,0.0,0.0,0.0,0.0,17.52,1.52,0.0
2023-06-04 05:10:00+00:00,2023-06-04 07:10:00+02:00,0.0,0.0,0.0,0.0,16.68,1.38,0.0
2023-06-04 06:10:00+00:00,2023-06-04 08:10:00+02:00,385.82,131.76,11.57,11.66,16.83,1.03,0.0
2023-06-04 07:10:00+00:00,2023-06-04 09:10:00+02:00,649.38,169.53,21.44,23.12,19.87,0.55,0.0
2023-06-04 08:10:00+00:00,2023-06-04 10:10:00+02:00,775.83,166.02,23.87,34.91,21.83,0.76,0.0
2023-06-04 09:10:00+00:00,2023-06-04 11:10:00+02:00,856.26,153.51,20.21,46.78,23.51,0.9,0.0
2023-06-04 10:10:00+00:00,2023-06-04 12:10:00+02:00,906.74,141.53,13.31,58.36,24.68,0.83,0.0
2023-06-04 11:10:00+00:00,2023-06-04 13:10:00+02:00,936.82,130.86,6.78,68.73,25.91,1.03,0.0
2023-06-04 12:10:00+00:00,2023-06-04 14:10:00+02:00,877.99,163.93,3.55,74.73,27.13,1.24,0.0
2023-06-04 13:10:00+00:00,2023-06-04 15:10:00+02:00,748.18,236.85,4.91,71.38,28.05,1.24,0.0
2023-06-04 14:10:00+00:00,2023-06-04 16:10:00+02:00,584.01,311.29,9.55,61.87,28.68,1.38,0.0
2023-06-04 15:10:00+00:00,2023-06-04 17:10:00+02:00,787.77,186.83,17.43,50.52,28.55,1.86,0.0
2023-06-04 16:10:00+00:00,2023-06-04 18:10:00+02:00,543.99,251.97,20.47,38.68,28.21,2.28,0.0
2023-06-04 17:10:00+00:00,2023-06-04 19:10:00+02:00,478.42,210.21,20.29,26.84,27.81,2.69,0.0
2023-06-04 18:10:00+00:00,2023-06-04 20:10:00+02:00,30.41,69.73,7.81,15.25,26.42,3.03,0.0
2023-06-04 19:10:00+00:00,2023-06-04 21:10:00+02:00,0.0,2.14,0.37,4.16,26.46,2.14,0.0
2023-06-04 20:10:00+00:00,2023-06-04 22:10:00+02:00,0.0,0.0,0.0,0.0,25.0,2.21,0.0
2023-06-04 21:10:00+00:00,2023-06-04 23:10:00+02:00,0.0,0.0,0.0,0.0,23.56,2.28,0.0
2023-06-04 22:10:00+00:00,2023-06-05 00:10:00+02:00,0.0,0.0,0.0,0.0,22.21,2.14,0.0
2023-06-04 23:10:00+00:00,2023-06-05 01:10:00+02:00,0.0,0.0,0.0,0.0,21.68,2.21,0.0
2023-06-05 00:10:00+00:00,2023-06-05 02:10:00+02:00,0.0,0.0,0.0,0.0,20.87,2.41,0.0
2023-06-05 01:10:00+00:00,2023-06-05 03:10:00+02:00,0.0,0.0,0.0,0.0,20.15,2.21,0.0
2023-06-05 02:10:00+00:00,2023-06-05 04:10:00+02:00,0.0,0.0,0.0,0.0,19.49,1.86,0.0
2023-06-05 03:10:00+00:00,2023-06-05 05:10:00+02:00,0.0,0.0,0.0,0.0,18.78,1.72,0.0
2023-06-05 04:10:00+00:00,2023-06-05 06:10:00+02:00,0.0,0.0,0.0,0.0,17.94,1.52,0.0
2023-06-05 05:10:00+00:00,2023-06-05 07:10:00+02:00,0.0,0.0,0.0,0.0,17.71,1.03,0.0
2023-06-05 06:10:00+00:00,2023-06-05 08:10:00+02:00,438.94,137.42,12.2,11.7,18.4,0.62,0.0
2023-06-05 07:10:00+00:00,2023-06-05 09:10:00+02:00,651.17,169.68,21.48,23.15,20.29,0.21,0.0
2023-06-05 08:10:00+00:00,2023-06-05 10:10:00+02:00,777.09,167.53,23.93,34.94,22.27,0.21,0.0
2023-06-05 09:10:00+00:00,2023-06-05 11:10:00+02:00,858.64,153.57,20.24,46.81,24.0,0.41,0.0
2023-06-05 10:10:00+00:00,2023-06-05 12:10:00+02:00,909.92,139.26,13.3,58.4,25.67,0.62,0.0
2023-06-05 11:10:00+00:00,2023-06-05 13:10:00+02:00,938.58,130.83,6.76,68.79,27.1,0.41,0.0
2023-06-05 12:10:00+00:00,2023-06-05 14:10:00+02:00,949.03,127.02,3.62,74.84,28.34,0.62,0.0
2023-06-05 13:10:00+00:00,2023-06-05 15:10:00+02:00,942.76,128.97,5.26,71.49,28.93,0.97,0.0
2023-06-05 14:10:00+00:00,2023-06-05 16:10:00+02:00,919.93,136.65,10.97,61.97,29.41,1.17,0.0
2023-06-05 15:10:00+00:00,2023-06-05 17:10:00+02:00,875.99,149.03,18.15,50.61,29.55,1.31,0.0
2023-06-05 16:10:00+00:00,2023-06-05 18:10:00+02:00,796.79,165.89,23.13,38.77,29.56,1.79,0.0
2023-06-05 17:10:00+00:00,2023-06-05 19:10:00+02:00,644.69,180.25,22.27,26.93,29.19,2.21,0.0
2023-06-05 18:10:00+00:00,2023-06-05 20:10:00+02:00,340.05,148.23,13.75,15.35,28.34,2.0,0.0
2023-06-05 19:10:00+00:00,2023-06-05 21:10:00+02:00,40.38,19.25,2.41,4.26,28.14,1.93,0.0
2023-06-05 20:10:00+00:00,2023-06-05 22:10:00+02:00,0.0,0.0,0.0,0.0,26.33,2.0,0.0
2023-06-05 21:10:00+00:00,2023-06-05 23:10:00+02:00,0.0,0.0,0.0,0.0,24.89,1.93,0.0
2023-06-05 22:10:00+00:00,2023-06-06 00:10:00+02:00,0.0,0.0,0.0,0.0,23.57,2.28,0.0
2023-06-05 23:10:00+00:00,2023-06-06 01:10:00+02:00,0.0,0.0,0.0,0.0,22.58,2.34,0.0
2023-06-06 00:10:00+00:00,2023-06-06 02:10:00+02:00,0.0,0.0,0.0,0.0,21.72,1.93,0.0
2023-06-06 01:10:00+00:00,2023-06-06 03:10:00+02:00,0.0,0.0,0.0,0.0,20.88,1.66,0.0
2023-06-06 02:10:00+00:00,2023-06-06 04:10:00+02:00,0.0,0.0,0.0,0.0,20.1,1.59,0.0
2023-06-06 03:10:00+00:00,2023-06-06 05:10:00+02:00,0.0,0.0,0.0,0.0,19.32,1.52,0.0
2023-06-06 04:10:00+00:00,2023-06-06 06:10:00+02:00,0.0,0.0,0.0,0.0,18.57,1.66,0.0
2023-06-06 05:10:00+00:00,2023-06-06 07:10:00+02:00,0.0,0.0,0.0,0.0,17.95,1.86,0.0
2023-06-06 06:10:00+00:00,2023-06-06 08:10:00+02:00,398.47,134.25,11.79,11.73,18.51,1.66,0.0
2023-06-06 07:10:00+00:00,2023-06-06 09:10:00+02:00,0.0,0.0,0.0,0.0,21.22,2.21,0.0
2023-06-06 08:10:00+00:00,2023-06-06 10:10:00+02:00,776.69,166.0,23.87,34.96,23.43,2.83,0.0
2023-06-06 09:10:00+00:00,2023-06-06 11:10:00+02:00,856.96,153.48,20.19,46.83,25.62,3.38,0.0
2023-06-06 10:10:00+00:00,2023-06-06 12:10:00+02:00,887.33,151.33,13.16,58.43,27.63,3.79,0.0
2023-06-06 11:10:00+00:00,2023-06-06 13:10:00+02:00,937.17,129.72,6.71,68.84,29.38,4.21,0.0
2023-06-06 12:10:00+00:00,2023-06-06 14:10:00+02:00,914.41,144.39,3.51,74.94,30.69,4.34,0.0
2023-06-06 13:10:00+00:00,2023-06-06 15:10:00+02:00,778.8,218.35,4.85,71.6,31.61,4.41,0.0
2023-06-06 14:10:00+00:00,2023-06-06 16:10:00+02:00,803.65,193.98,10.34,62.06,32.05,4.48,0.0
2023-06-06 15:10:00+00:00,2023-06-06 17:10:00+02:00,810.25,177.93,17.53,50.7,32.08,4.69,0.0
2023-06-06 16:10:00+00:00,2023-06-06 18:10:00+02:00,449.42,274.87,19.37,38.86,31.51,5.03,0.0
2023-06-06 17:10:00+00:00,2023-06-06 19:10:00+02:00,132.06,187.41,14.57,27.02,30.34,5.17,0.0
2023-06-06 18:10:00+00:00,2023-06-06 20:10:00+02:00,0.0,27.8,3.23,15.44,28.67,4.62,0.0
2023-06-06 19:10:00+00:00,2023-06-06 21:10:00+02:00,0.0,1.61,0.28,4.36,26.78,3.59,0.0
2023-06-06 20:10:00+00:00,2023-06-06 22:10:00+02:00,0.0,0.0,0.0,0.0,25.33,3.59,0.0
2023-06-06 21:10:00+00:00,2023-06-06 23:10:00+02:00,0.0,0.0,0.0,0.0,24.56,3.31,0.0
2023-06-06 22:10:00+00:00,2023-06-07 00:10:00+02:00,0.0,0.0,0.0,0.0,23.55,3.52,0.0
2023-06-06 23:10:00+00:00,2023-06-07 01:10:00+02:00,0.0,0.0,0.0,0.0,22.45,3.1,0.0
2023-06-07 00:10:00+00:00,2023-06-07 02:10:00+02:00,0.0,0.0,0.0,0.0,21.55,3.38,0.0
2023-06-07 01:10:00+00:00,2023-06-07 03:10:00+02:00,0.0,0.0,0.0,0.0,20.9,3.52,0.0
2023-06-07 02:10:00+00:00,2023-06-07 04:10:00+02:00,0.0,0.0,0.0,0.0,20.54,3.31,0.0
2023-06-07 03:10:00+00:00,2023-06-07 05:10:00+02:00,0.0,0.0,0.0,0.0,20.28,2.83,0.0
2023-06-07 04:10:00+00:00,2023-06-07 06:10:00+02:00,0.0,0.0,0.0,0.0,19.87,2.34,0.0
2023-06-07 05:10:00+00:00,2023-06-07 07:10:00+02:00,0.0,0.0,0.0,0.0,19.66,2.07,0.0
2023-06-07 06:10:00+00:00,2023-06-07 08:10:00+02:00,24.54,48.8,6.05,11.75,19.71,1.38,0.0
2023-06-07 07:10:00+00:00,2023-06-07 09:10:00+02:00,0.0,64.0,5.58,23.19,20.32,1.72,0.0
2023-06-07 08:10:00+00:00,2023-06-07 10:10:00+02:00,0.0,84.05,4.57,34.97,21.17,1.24,0.0
2023-06-07 09:10:00+00:00,2023-06-07 11:10:00+02:00,27.42,268.89,8.82,46.85,22.22,0.9,0.0
2023-06-07 10:10:00+00:00,2023-06-07 12:10:00+02:00,112.65,396.34,7.54,58.45,22.94,0.55,0.0
2023-06-07 11:10:00+00:00,2023-06-07 13:10:00+02:00,85.75,441.66,3.57,68.89,24.75,1.24,0.0
2023-06-07 12:10:00+00:00,2023-06-07 14:10:00+02:00,39.33,431.63,1.61,75.03,26.98,2.97,0.0
2023-06-07 13:10:00+00:00,2023-06-07 15:10:00+02:00,918.4,131.85,5.04,71.71,27.66,4.14,0.0
2023-06-07 14:10:00+00:00,2023-06-07 16:10:00+02:00,522.48,330.81,8.99,62.16,27.45,4.48,0.0
2023-06-07 15:10:00+00:00,2023-06-07 17:10:00+02:00,485.28,309.8,14.86,50.79,26.61,4.34,0.0
2023-06-07 16:10:00+00:00,2023-06-07 18:10:00+02:00,370.64,279.79,18.12,38.95,26.63,4.07,0.0
2023-06-07 17:10:00+00:00,2023-06-07 19:10:00+02:00,572.75,187.41,21.12,27.11,26.39,3.86,0.0
2023-06-07 18:10:00+00:00,2023-06-07 20:10:00+02:00,485.5,151.01,15.38,15.53,25.93,3.66,0.0
2023-06-07 19:10:00+00:00,2023-06-07 21:10:00+02:00,141.66,41.44,3.41,4.45,25.98,3.1,0.0
2023-06-07 20:10:00+00:00,2023-06-07 22:10:00+02:00,0.0,0.0,0.0,0.0,24.7,2.55,0.0
2023-06-07 21:10:00+00:00,2023-06-07 23:10:00+02:00,0.0,0.0,0.0,0.0,23.57,2.28,0.0
2023-06-07 22:10:00+00:00,2023-06-08 00:10:00+02:00,0.0,0.0,0.0,0.0,22.52,2.07,0.0
2023-06-07 23:10:00+00:00,2023-06-08 01:10:00+02:00,0.0,0.0,0.0,0.0,21.67,1.79,0.0
2023-06-08 00:10:00+00:00,2023-06-08 02:10:00+02:00,0.0,0.0,0.0,0.0,20.58,1.03,0.0
2023-06-08 01:10:00+00:00,2023-06-08 03:10:00+02:00,0.0,0.0,0.0,0.0,19.56,0.9,0.0
2023-06-08 02:10:00+00:00,2023-06-08 04:10:00+02:00,0.0,0.0,0.0,0.0,19.13,0.83,0.0
2023-06-08 03:10:00+00:00,2023-06-08 05:10:00+02:00,0.0,0.0,0.0,0.0,18.8,1.38,0.0
2023-06-08 04:10:00+00:00,2023-06-08 06:10:00+02:00,0.0,0.0,0.0,0.0,18.49,1.24,0.0
2023-06-08 05:10:00+00:00,2023-06-08 07:10:00+02:00,0.0,0.0,0.0,0.0,18.31,1.03,0.0
2023-06-08 06:10:00+00:00,2023-06-08 08:10:00+02:00,0.0,12.61,1.67,11.77,18.39,0.9,0.0
2023-06-08 07:10:00+00:00,2023-06-08 09:10:00+02:00,0.0,27.13,2.36,23.21,18.55,1.45,0.0
2023-06-08 08:10:00+00:00,2023-06-08 10:10:00+02:00,0.0,114.7,6.23,34.98,18.62,1.66,0.0
2023-06-08 09:10:00+00:00,2023-06-08 11:10:00+02:00,0.0,93.32,2.92,46.86,18.93,1.52,0.0
2023-06-08 10:10:00+00:00,2023-06-08 12:10:00+02:00,0.0,168.48,2.69,58.47,19.39,1.59,0.0
2023-06-08 11:10:00+00:00,2023-06-08 13:10:00+02:00,0.0,123.69,0.86,68.93,19.9,1.66,0.0
2023-06-08 12:10:00+00:00,2023-06-08 14:10:00+02:00,0.0,145.5,0.5,75.12,20.68,1.38,0.0
2023-06-08 13:10:00+00:00,2023-06-08 15:10:00+02:00,0.0,84.81,0.43,71.81,20.91,0.97,0.0
2023-06-08 14:10:00+00:00,2023-06-08 16:10:00+02:00,0.0,154.51,1.89,62.25,20.91,0.62,0.0
2023-06-08 15:10:00+00:00,2023-06-08 17:10:00+02:00,0.0,74.53,1.88,50.87,20.8,1.03,0.0
2023-06-08 16:10:00+00:00,2023-06-08 18:10:00+02:00,9.53,191.38,8.85,39.03,21.03,1.79,0.0
2023-06-08 17:10:00+00:00,2023-06-08 19:10:00+02:00,564.53,191.7,21.12,27.19,21.07,2.55,0.0
2023-06-08 18:10:00+00:00,2023-06-08 20:10:00+02:00,304.56,143.74,13.37,15.62,20.64,2.34,0.0
2023-06-08 19:10:00+00:00,2023-06-08 21:10:00+02:00,0.0,2.69,0.46,4.55,21.33,4.48,0.0
2023-06-08 20:10:00+00:00,2023-06-08 22:10:00+02:00,0.0,0.0,0.0,0.0,20.31,4.41,0.0
2023-06-08 21:10:00+00:00,2023-06-08 23:10:00+02:00,0.0,0.0,0.0,0.0,19.64,4.0,0.0
2023-06-08 22:10:00+00:00,2023-06-09 00:10:00+02:00,0.0,0.0,0.0,0.0,19.04,3.66,0.0
2023-06-08 23:10:00+00:00,2023-06-09 01:10:00+02:00,0.0,0.0,0.0,0.0,18.47,3.24,0.0
2023-06-09 00:10:00+00:00,2023-06-09 02:10:00+02:00,0.0,0.0,0.0,0.0,17.99,2.97,0.0
2023-06-09 01:10:00+00:00,2023-06-09 03:10:00+02:00,0.0,0.0,0.0,0.0,17.77,2.69,0.0
2023-06-09 02:10:00+00:00,2023-06-09 04:10:00+02:00,0.0,0.0,0.0,0.0,17.7,2.55,0.0
2023-06-09 03:10:00+00:00,2023-06-09 05:10:00+02:00,0.0,0.0,0.0,0.0,17.46,2.41,0.0
2023-06-09 04:10:00+00:00,2023-06-09 06:10:00+02:00,0.0,0.0,0.0,0.0,17.43,2.55,0.0
2023-06-09 05:10:00+00:00,2023-06-09 07:10:00+02:00,0.0,0.0,0.0,0.0,17.74,2.48,0.0
2023-06-09 06:10:00+00:00,2023-06-09 08:10:00+02:00,58.73,63.85,7.24,11.79,18.03,2.41,0.0
2023-06-09 07:10:00+00:00,2023-06-09 09:10:00+02:00,7.61,94.22,8.24,23.22,18.73,3.03,0.0
2023-06-09 08:10:00+00:00,2023-06-09 10:10:00+02:00,137.76,246.92,14.89,34.99,19.59,3.31,0.0
2023-06-09 09:10:00+00:00,2023-06-09 11:10:00+02:00,0.0,187.51,5.86,46.87,20.54,3.86,0.0
2023-06-09 10:10:00+00:00,2023-06-09 12:10:00+02:00,124.34,405.42,7.79,58.49,21.69,4.21,0.0
2023-06-09 11:10:00+00:00,2023-06-09 13:10:00+02:00,286.06,443.87,4.73,68.97,22.57,4.28,0.0
2023-06-09 12:10:00+00:00,2023-06-09 14:10:00+02:00,234.79,474.03,2.33,75.2,23.78,4.55,0.0
2023-06-09 13:10:00+00:00,2023-06-09 15:10:00+02:00,15.78,386.73,2.03,71.91,24.52,4.97,0.0
2023-06-09 14:10:00+00:00,2023-06-09 16:10:00+02:00,0.0,172.47,2.09,62.34,24.35,5.03,0.0
2023-06-09 15:10:00+00:00,2023-06-09 17:10:00+02:00,39.91,313.15,8.42,50.96,24.25,4.97,0.0
2023-06-09 16:10:00+00:00,2023-06-09 18:10:00+02:00,627.69,226.7,21.19,39.12,24.11,4.83,0.0
2023-06-09 17:10:00+00:00,2023-06-09 19:10:00+02:00,442.94,216.32,19.93,27.28,24.15,4.9,0.0
2023-06-09 18:10:00+00:00,2023-06-09 20:10:00+02:00,495.08,153.74,15.68,15.7,23.62,4.69,0.0
2023-06-09 19:10:00+00:00,2023-06-09 21:10:00+02:00,61.9,25.02,2.76,4.63,22.4,3.52,0.0
2023-06-09 20:10:00+00:00,2023-06-09 22:10:00+02:00,0.0,0.0,0.0,0.0,20.99,3.17,0.0
2023-06-09 21:10:00+00:00,2023-06-09 23:10:00+02:00,0.0,0.0,0.0,0.0,20.06,2.9,0.0
2023-06-09 22:10:00+00:00,2023-06-10 00:10:00+02:00,0.0,0.0,0.0,0.0,19.4,2.34,0.0
2023-06-09 23:10:00+00:00,2023-06-10 01:10:00+02:00,0.0,0.0,0.0,0.0,19.13,1.93,0.0
2023-06-10 00:10:00+00:00,2023-06-10 02:10:00+02:00,0.0,0.0,0.0,0.0,18.63,2.07,0.0
2023-06-10 01:10:00+00:00,2023-06-10 03:10:00+02:00,0.0,0.0,0.0,0.0,17.8,1.93,0.0
2023-06-10 02:10:00+00:00,2023-06-10 04:10:00+02:00,0.0,0.0,0.0,0.0,17.13,1.86,0.0
2023-06-10 03:10:00+00:00,2023-06-10 05:10:00+02:00,0.0,0.0,0.0,0.0,16.65,1.79,0.0
2023-06-10 04:10:00+00:00,2023-06-10 06:10:00+02:00,0.0,0.0,0.0,0.0,16.27,1.52,0.0
2023-06-10 05:10:00+00:00,2023-06-10 07:10:00+02:00,0.0,0.0,0.0,0.0,16.0,1.24,0.0
2023-06-10 06:10:00+00:00,2023-06-10 08:10:00+02:00,371.58,133.25,11.61,11.8,16.72,1.03,0.0
2023-06-10 07:10:00+00:00,2023-06-10 09:10:00+02:00,101.44,151.08,13.02,23.22,18.3,1.72,0.0
2023-06-10 08:10:00+00:00,2023-06-10 10:10:00+02:00,163.91,254.43,15.57,34.99,19.27,1.1,0.0
2023-06-10 09:10:00+00:00,2023-06-10 11:10:00+02:00,512.47,296.44,17.21,46.87,20.91,0.76,0.0
2023-06-10 10:10:00+00:00,2023-06-10 12:10:00+02:00,604.02,295.84,11.61,58.5,22.3,0.41,0.0
2023-06-10 11:10:00+00:00,2023-06-10 13:10:00+02:00,859.07,171.34,6.4,69.0,23.67,0.62,0.0
2023-06-10 12:10:00+00:00,2023-06-10 14:10:00+02:00,868.54,169.73,3.3,75.27,25.07,1.17,0.0
2023-06-10 13:10:00+00:00,2023-06-10 15:10:00+02:00,795.97,208.85,4.69,72.0,25.88,1.79,0.0
2023-06-10 14:10:00+00:00,2023-06-10 16:10:00+02:00,790.87,203.08,10.08,62.42,25.94,2.34,0.0
2023-06-10 15:10:00+00:00,2023-06-10 17:10:00+02:00,645.63,256.99,16.15,51.04,26.25,2.76,0.0
2023-06-10 16:10:00+00:00,2023-06-10 18:10:00+02:00,365.54,289.42,18.26,39.19,26.13,3.17,0.0
2023-06-10 17:10:00+00:00,2023-06-10 19:10:00+02:00,613.67,186.66,21.89,27.36,25.5,3.52,0.0
2023-06-10 18:10:00+00:00,2023-06-10 20:10:00+02:00,371.27,153.65,14.41,15.79,24.95,3.59,0.0
2023-06-10 19:10:00+00:00,2023-06-10 21:10:00+02:00,145.91,43.97,3.58,4.72,24.37,3.59,0.0
2023-06-10 20:10:00+00:00,2023-06-10 22:10:00+02:00,0.0,0.0,0.0,0.0,22.41,3.66,0.0
2023-06-10 21:10:00+00:00,2023-06-10 23:10:00+02:00,0.0,0.0,0.0,0.0,21.11,3.38,0.0
2023-06-10 22:10:00+00:00,2023-06-11 00:10:00+02:00,0.0,0.0,0.0,0.0,20.25,3.17,0.0
2023-06-10 23:10:00+00:00,2023-06-11 01:10:00+02:00,0.0,0.0,0.0,0.0,19.54,2.9,0.0
2023-06-11 00:10:00+00:00,2023-06-11 02:10:00+02:00,0.0,0.0,0.0,0.0,18.93,2.69,0.0
2023-06-11 01:10:00+00:00,2023-06-11 03:10:00+02:00,0.0,0.0,0.0,0.0,18.48,2.41,0.0
2023-06-11 02:10:00+00:00,2023-06-11 04:10:00+02:00,0.0,0.0,0.0,0.0,17.94,2.21,0.0
2023-06-11 03:10:00+00:00,2023-06-11 05:10:00+02:00,0.0,0.0,0.0,0.0,17.39,2.07,0.0
2023-06-11 04:10:00+00:00,2023-06-11 06:10:00+02:00,0.0,0.0,0.0,0.0,16.87,1.79,0.0
2023-06-11 05:10:00+00:00,2023-06-11 07:10:00+02:00,0.0,0.0,0.0,0.0,16.26,1.66,0.0
2023-06-11 06:10:00+00:00,2023-06-11 08:10:00+02:00,400.69,134.24,11.85,11.81,16.37,1.24,0.0
2023-06-11 07:10:00+00:00,2023-06-11 09:10:00+02:00,573.09,180.73,20.47,23.23,18.98,1.03,0.0
2023-06-11 08:10:00+00:00,2023-06-11 10:10:00+02:00,280.75,267.82,17.79,34.99,20.81,1.1,0.0
2023-06-11 09:10:00+00:00,2023-06-11 11:10:00+02:00,818.04,170.62,19.81,46.87,22.61,1.31,0.0
2023-06-11 10:10:00+00:00,2023-06-11 12:10:00+02:00,866.69,161.04,12.98,58.5,24.35,1.66,0.0
2023-06-11 11:10:00+00:00,2023-06-11 13:10:00+02:00,917.83,141.14,6.56,69.02,25.96,2.07,0.0
2023-06-11 12:10:00+00:00,2023-06-11 14:10:00+02:00,800.05,208.3,3.18,75.34,27.14,2.41,0.0
2023-06-11 13:10:00+00:00,2023-06-11 15:10:00+02:00,899.63,151.34,4.85,72.08,28.02,2.69,0.0
2023-06-11 14:10:00+00:00,2023-06-11 16:10:00+02:00,830.87,180.92,10.19,62.5,28.46,3.03,0.0
2023-06-11 15:10:00+00:00,2023-06-11 17:10:00+02:00,802.96,181.74,17.22,51.11,28.74,3.45,0.0
2023-06-11 16:10:00+00:00,2023-06-11 18:10:00+02:00,800.99,165.05,23.01,39.27,28.7,3.66,0.0
2023-06-11 17:10:00+00:00,2023-06-11 19:10:00+02:00,668.53,176.84,22.65,27.43,28.36,3.86,0.0
2023-06-11 18:10:00+00:00,2023-06-11 20:10:00+02:00,486.55,154.79,15.7,15.86,27.29,4.07,0.0
2023-06-11 19:10:00+00:00,2023-06-11 21:10:00+02:00,155.41,47.61,3.76,4.8,25.28,4.21,0.0
2023-06-11 20:10:00+00:00,2023-06-11 22:10:00+02:00,0.0,0.0,0.0,0.0,23.26,3.93,0.0
2023-06-11 21:10:00+00:00,2023-06-11 23:10:00+02:00,0.0,0.0,0.0,0.0,21.8,3.45,0.0
2023-06-11 22:10:00+00:00,2023-06-12 00:10:00+02:00,0.0,0.0,0.0,0.0,20.81,3.31,0.0
2023-06-11 23:10:00+00:00,2023-06-12 01:10:00+02:00,0.0,0.0,0.0,0.0,20.02,2.9,0.0
2023-06-12 00:10:00+00:00,2023-06-12 02:10:00+02:00,0.0,0.0,0.0,0.0,19.25,2.34,0.0
2023-06-12 01:10:00+00:00,2023-06-12 03:10:00+02:00,0.0,0.0,0.0,0.0,18.65,2.07,0.0
2023-06-12 02:10:00+00:00,2023-06-12 04:10:00+02:00,0.0,0.0,0.0,0.0,18.23,1.86,0.0
2023-06-12 03:10:00+00:00,2023-06-12 05:10:00+02:00,0.0,0.0,0.0,0.0,17.82,1.72,0.0
2023-06-12 04:10:00+00:00,2023-06-12 06:10:00+02:00,0.0,0.0,0.0,0.0,17.19,1.45,0.0
2023-06-12 05:10:00+00:00,2023-06-12 07:10:00+02:00,0.0,0.0,0.0,0.0,16.47,1.24,0.0
2023-06-12 06:10:00+00:00,2023-06-12 08:10:00+02:00,195.42,105.72,9.7,11.81,16.99,0.9,0.0
2023-06-12 07:10:00+00:00,2023-06-12 09:10:00+02:00,200.35,179.5,15.38,23.22,19.42,0.9,0.0
2023-06-12 08:10:00+00:00,2023-06-12 10:10:00+02:00,725.51,184.45,23.29,34.99,21.17,1.03,0.0
2023-06-12 09:10:00+00:00,2023-06-12 11:10:00+02:00,0.0,0.0,0.0,0.0,23.02,1.24,0.0
2023-06-12 10:10:00+00:00,2023-06-12 12:10:00+02:00,835.02,177.25,12.8,58.5,24.92,1.59,0.0
2023-06-12 11:10:00+00:00,2023-06-12 13:10:00+02:00,873.81,165.11,6.43,69.04,26.71,2.41,0.0
2023-06-12 12:10:00+00:00,2023-06-12 14:10:00+02:00,919.71,143.12,3.32,75.4,28.05,3.31,0.0
2023-06-12 13:10:00+00:00,2023-06-12 15:10:00+02:00,890.82,157.49,4.8,72.16,28.81,4.0,0.0
2023-06-12 14:10:00+00:00,2023-06-12 16:10:00+02:00,34.92,378.46,4.82,62.58,29.07,4.48,0.0
2023-06-12 15:10:00+00:00,2023-06-12 17:10:00+02:00,39.79,316.22,8.39,51.19,28.74,4.62,0.0
2023-06-12 16:10:00+00:00,2023-06-12 18:10:00+02:00,317.06,293.59,17.53,39.34,28.28,4.9,0.0
2023-06-12 17:10:00+00:00,2023-06-12 19:10:00+02:00,210.02,209.65,16.41,27.51,27.6,5.03,0.0
2023-06-12 18:10:00+00:00,2023-06-12 20:10:00+02:00,338.65,152.42,14.14,15.94,26.41,5.1,0.0
2023-06-12 19:10:00+00:00,2023-06-12 21:10:00+02:00,0.0,9.74,1.65,4.88,24.44,4.21,0.0
2023-06-12 20:10:00+00:00,2023-06-12 22:10:00+02:00,0.0,0.0,0.0,0.0,22.67,4.28,0.0
2023-06-12 21:10:00+00:00,2023-06-12 23:10:00+02:00,0.0,0.0,0.0,0.0,21.37,4.07,0.0
2023-06-12 22:10:00+00:00,2023-06-13 00:10:00+02:00,0.0,0.0,0.0,0.0,20.46,3.93,0.0
2023-06-12 23:10:00+00:00,2023-06-13 01:10:00+02:00,0.0,0.0,0.0,0.0,19.75,3.93,0.0
2023-06-13 00:10:00+00:00,2023-06-13 02:10:00+02:00,0.0,0.0,0.0,0.0,19.24,3.86,0.0
2023-06-13 01:10:00+00:00,2023-06-13 03:10:00+02:00,0.0,0.0,0.0,0.0,18.67,3.52,0.0
2023-06-13 02:10:00+00:00,2023-06-13 04:10:00+02:00,0.0,0.0,0.0,0.0,18.22,3.1,0.0
2023-06-13 03:10:00+00:00,2023-06-13 05:10:00+02:00,0.0,0.0,0.0,0.0,17.83,2.83,0.0
2023-06-13 04:10:00+00:00,2023-06-13 06:10:00+02:00,0.0,0.0,0.0,0.0,17.62,2.76,0.0
2023-06-13 05:10:00+00:00,2023-06-13 07:10:00+02:00,0.0,0.0,0.0,0.0,17.32,2.76,0.0
2023-06-13 06:10:00+00:00,2023-06-13 08:10:00+02:00,112.39,82.79,8.43,11.81,17.75,2.9,0.0
2023-06-13 07:10:00+00:00,2023-06-13 09:10:00+02:00,428.72,197.73,18.84,23.22,18.84,3.03,0.0
2023-06-13 08:10:00+00:00,2023-06-13 10:10:00+02:00,736.14,181.23,23.43,34.98,20.3,2.9,0.0
2023-06-13 09:10:00+00:00,2023-06-13 11:10:00+02:00,622.24,257.74,18.2,46.85,21.8,3.17,0.0
2023-06-13 10:10:00+00:00,2023-06-13 12:10:00+02:00,799.87,194.27,12.6,58.5,23.1,3.59,0.0
2023-06-13 11:10:00+00:00,2023-06-13 13:10:00+02:00,763.45,227.95,6.15,69.05,24.1,3.79,0.0
2023-06-13 12:10:00+00:00,2023-06-13 14:10:00+02:00,688.07,277.84,3.01,75.45,24.95,4.07,0.0
2023-06-13 13:10:00+00:00,2023-06-13 15:10:00+02:00,768.63,227.01,4.53,72.24,25.91,4.34,0.0
2023-06-13 14:10:00+00:00,2023-06-13 16:10:00+02:00,835.37,179.75,10.13,62.65,26.93,4.62,0.0
2023-06-13 15:10:00+00:00,2023-06-13 17:10:00+02:00,818.0,177.35,17.3,51.26,27.42,4.83,0.0
2023-06-13 16:10:00+00:00,2023-06-13 18:10:00+02:00,611.12,236.7,21.03,39.41,27.69,4.9,0.0
2023-06-13 17:10:00+00:00,2023-06-13 19:10:00+02:00,550.82,204.04,21.32,27.58,27.74,4.76,0.0
2023-06-13 18:10:00+00:00,2023-06-13 20:10:00+02:00,514.82,157.64,16.22,16.01,27.41,4.55,0.0
2023-06-13 19:10:00+00:00,2023-06-13 21:10:00+02:00,197.06,58.35,4.2,4.95,26.19,3.52,0.0
2023-06-13 20:10:00+00:00,2023-06-13 22:10:00+02:00,0.0,0.0,0.0,0.0,23.96,3.45,0.0
2023-06-13 21:10:00+00:00,2023-06-13 23:10:00+02:00,0.0,0.0,0.0,0.0,22.21,3.38,0.0
2023-06-13 22:10:00+00:00,2023-06-14 00:10:00+02:00,0.0,0.0,0.0,0.0,20.76,3.24,0.0
2023-06-13 23:10:00+00:00,2023-06-14 01:10:00+02:00,0.0,0.0,0.0,0.0,19.79,2.9,0.0
2023-06-14 00:10:00+00:00,2023-06-14 02:10:00+02:00,0.0,0.0,0.0,0.0,19.19,2.55,0.0
2023-06-14 01:10:00+00:00,2023-06-14 03:10:00+02:00,0.0,0.0,0.0,0.0,18.69,2.21,0.0
2023-06-14 02:10:00+00:00,2023-06-14 04:10:00+02:00,0.0,0.0,0.0,0.0,18.21,1.93,0.0
2023-06-14 03:10:00+00:00,2023-06-14 05:10:00+02:00,0.0,0.0,0.0,0.0,17.48,1.59,0.0
2023-06-14 04:10:00+00:00,2023-06-14 06:10:00+02:00,0.0,0.0,0.0,0.0,17.1,1.17,0.0
2023-06-14 05:10:00+00:00,2023-06-14 07:10:00+02:00,0.0,0.0,0.0,0.0,17.44,0.9,0.0
2023-06-14 06:10:00+00:00,2023-06-14 08:10:00+02:00,425.36,137.96,12.17,11.8,17.86,0.62,0.0
2023-06-14 07:10:00+00:00,2023-06-14 09:10:00+02:00,657.32,170.51,21.63,23.2,20.28,0.07,0.0
2023-06-14 08:10:00+00:00,2023-06-14 10:10:00+02:00,689.27,196.31,22.88,34.96,22.22,0.69,0.0
2023-06-14 09:10:00+00:00,2023-06-14 11:10:00+02:00,859.53,154.9,20.26,46.84,24.19,0.76,0.0
2023-06-14 10:10:00+00:00,2023-06-14 12:10:00+02:00,862.11,165.5,12.99,58.49,26.19,0.69,0.0
2023-06-14 11:10:00+00:00,2023-06-14 13:10:00+02:00,913.32,146.38,6.54,69.06,27.94,1.03,0.0
2023-06-14 12:10:00+00:00,2023-06-14 14:10:00+02:00,924.47,142.05,3.29,75.49,29.34,1.45,0.0
2023-06-14 13:10:00+00:00,2023-06-14 15:10:00+02:00,943.63,130.55,4.84,72.31,30.39,1.45,0.0
2023-06-14 14:10:00+00:00,2023-06-14 16:10:00+02:00,929.36,133.83,10.53,62.72,31.05,1.17,0.0
2023-06-14 15:10:00+00:00,2023-06-14 17:10:00+02:00,886.4,147.09,17.83,51.32,31.77,1.1,0.0
2023-06-14 16:10:00+00:00,2023-06-14 18:10:00+02:00,728.21,192.86,22.14,39.48,32.23,1.17,0.0
2023-06-14 17:10:00+00:00,2023-06-14 19:10:00+02:00,633.63,186.93,22.3,27.65,32.38,1.31,0.0
2023-06-14 18:10:00+00:00,2023-06-14 20:10:00+02:00,494.64,156.96,15.98,16.08,32.14,1.24,0.0
2023-06-14 19:10:00+00:00,2023-06-14 21:10:00+02:00,194.33,57.79,4.2,5.02,30.8,1.79,0.0
2023-06-14 20:10:00+00:00,2023-06-14 22:10:00+02:00,0.0,0.0,0.0,0.0,28.29,2.83,0.0
2023-06-14 21:10:00+00:00,2023-06-14 23:10:00+02:00,0.0,0.0,0.0,0.0,26.05,3.24,0.0
2023-06-14 22:10:00+00:00,2023-06-15 00:10:00+02:00,0.0,0.0,0.0,0.0,24.32,2.97,0.0
2023-06-14 23:10:00+00:00,2023-06-15 01:10:00+02:00,0.0,0.0,0.0,0.0,23.05,2.48,0.0
2023-06-15 00:10:00+00:00,2023-06-15 02:10:00+02:00,0.0,0.0,0.0,0.0,22.06,2.07,0.0
2023-06-15 01:10:00+00:00,2023-06-15 03:10:00+02:00,0.0,0.0,0.0,0.0,21.11,1.72,0.0
2023-06-15 02:10:00+00:00,2023-06-15 04:10:00+02:00,0.0,0.0,0.0,0.0,20.07,1.31,0.0
2023-06-15 03:10:00+00:00,2023-06-15 05:10:00+02:00,0.0,0.0,0.0,0.0,19.2,1.31,0.0
2023-06-15 04:10:00+00:00,2023-06-15 06:10:00+02:00,0.0,0.0,0.0,0.0,18.62,1.17,0.0
2023-06-15 05:10:00+00:00,2023-06-15 07:10:00+02:00,0.0,0.0,0.0,0.0,17.85,1.31,0.0
2023-06-15 06:10:00+00:00,2023-06-15 08:10:00+02:00,440.44,139.35,12.33,11.79,18.19,1.17,0.0
2023-06-15 07:10:00+00:00,2023-06-15 09:10:00+02:00,647.57,172.66,21.52,23.19,22.38,1.31,0.0
2023-06-15 08:10:00+00:00,2023-06-15 10:10:00+02:00,740.2,180.3,23.49,34.95,25.59,1.72,0.0
2023-06-15 09:10:00+00:00,2023-06-15 11:10:00+02:00,803.55,180.02,19.76,46.82,28.12,1.93,0.0
2023-06-15 10:10:00+00:00,2023-06-15 12:10:00+02:00,850.5,172.04,12.94,58.48,30.22,1.79,0.0
2023-06-15 11:10:00+00:00,2023-06-15 13:10:00+02:00,901.53,152.64,6.51,69.06,31.95,1.59,0.0
2023-06-15 12:10:00+00:00,2023-06-15 14:10:00+02:00,911.92,149.19,3.26,75.53,33.18,1.38,0.0
2023-06-15 13:10:00+00:00,2023-06-15 15:10:00+02:00,919.15,143.96,4.76,72.37,33.99,0.97,0.0
2023-06-15 14:10:00+00:00,2023-06-15 16:10:00+02:00,920.94,139.19,10.46,62.79,34.58,0.62,0.0
2023-06-15 15:10:00+00:00,2023-06-15 17:10:00+02:00,879.2,150.41,17.73,51.39,34.97,0.41,0.0
2023-06-15 16:10:00+00:00,2023-06-15 18:10:00+02:00,703.67,203.74,21.91,39.54,35.09,0.34,0.0
2023-06-15 17:10:00+00:00,2023-06-15 19:10:00+02:00,400.01,223.66,19.53,27.71,34.97,0.28,0.0
2023-06-15 18:10:00+00:00,2023-06-15 20:10:00+02:00,503.48,158.34,16.17,16.14,34.6,0.21,0.0
2023-06-15 19:10:00+00:00,2023-06-15 21:10:00+02:00,214.39,64.29,4.47,5.08,33.67,1.17,0.0
2023-06-15 20:10:00+00:00,2023-06-15 22:10:00+02:00,0.0,0.0,0.0,0.0,31.12,1.93,0.0
2023-06-15 21:10:00+00:00,2023-06-15 23:10:00+02:00,0.0,0.0,0.0,0.0,28.73,2.48,0.0
2023-06-15 22:10:00+00:00,2023-06-16 00:10:00+02:00,0.0,0.0,0.0,0.0,26.93,2.9,0.0
2023-06-15 23:10:00+00:00,2023-06-16 01:10:00+02:00,0.0,0.0,0.0,0.0,25.62,2.97,0.0
2023-06-16 00:10:00+00:00,2023-06-16 02:10:00+02:00,0.0,0.0,0.0,0.0,24.5,2.69,0.0
2023-06-16 01:10:00+00:00,2023-06-16 03:10:00+02:00,0.0,0.0,0.0,0.0,23.53,2.41,0.0
2023-06-16 02:10:00+00:00,2023-06-16 04:10:00+02:00,0.0,0.0,0.0,0.0,22.64,2.07,0.0
2023-06-16 03:10:00+00:00,2023-06-16 05:10:00+02:00,0.0,0.0,0.0,0.0,21.57,1.66,0.0
2023-06-16 04:10:00+00:00,2023-06-16 06:10:00+02:00,0.0,0.0,0.0,0.0,20.52,1.31,0.0
2023-06-16 05:10:00+00:00,2023-06-16 07:10:00+02:00,0.0,0.0,0.0,0.0,19.72,1.24,0.0
2023-06-16 06:10:00+00:00,2023-06-16 08:10:00+02:00,416.51,136.21,12.02,11.78,20.2,0.97,0.0
2023-06-16 07:10:00+00:00,2023-06-16 09:10:00+02:00,617.58,175.07,21.05,23.17,23.89,0.9,0.0
2023-06-16 08:10:00+00:00,2023-06-16 10:10:00+02:00,716.14,186.6,23.17,34.93,27.15,1.03,0.0
2023-06-16 09:10:00+00:00,2023-06-16 11:10:00+02:00,799.71,178.62,19.67,46.8,29.71,1.1,0.0
2023-06-16 10:10:00+00:00,2023-06-16 12:10:00+02:00,845.96,171.95,12.9,58.46,31.92,1.31,0.0
2023-06-16 11:10:00+00:00,2023-06-16 13:10:00+02:00,873.71,165.1,6.42,69.06,33.74,1.45,0.0
2023-06-16 12:10:00+00:00,2023-06-16 14:10:00+02:00,896.31,155.28,3.22,75.56,35.13,1.52,0.0
2023-06-16 13:10:00+00:00,2023-06-16 15:10:00+02:00,738.44,245.09,4.39,72.43,36.07,1.52,0.0
2023-06-16 14:10:00+00:00,2023-06-16 16:10:00+02:00,893.46,150.88,10.27,62.85,36.69,1.59,0.0
2023-06-16 15:10:00+00:00,2023-06-16 17:10:00+02:00,841.37,165.95,17.35,51.45,36.99,1.79,0.0
2023-06-16 16:10:00+00:00,2023-06-16 18:10:00+02:00,647.86,223.93,21.32,39.6,36.93,2.0,0.0
2023-06-16 17:10:00+00:00,2023-06-16 19:10:00+02:00,0.0,55.61,4.06,27.77,36.57,2.07,0.0
2023-06-16 18:10:00+00:00,2023-06-16 20:10:00+02:00,3.58,55.01,6.2,16.21,35.79,2.28,0.0
2023-06-16 19:10:00+00:00,2023-06-16 21:10:00+02:00,178.38,58.13,4.28,5.15,34.62,2.0,0.0
2023-06-16 20:10:00+00:00,2023-06-16 22:10:00+02:00,0.0,0.0,0.0,0.0,31.9,2.97,0.0
2023-06-16 21:10:00+00:00,2023-06-16 23:10:00+02:00,0.0,0.0,0.0,0.0,29.72,3.31,0.0
2023-06-16 22:10:00+00:00,2023-06-17 00:10:00+02:00,0.0,0.0,0.0,0.0,28.01,3.03,0.0
2023-06-16 23:10:00+00:00,2023-06-17 01:10:00+02:00,0.0,0.0,0.0,0.0,26.65,2.62,0.0
2023-06-17 00:10:00+00:00,2023-06-17 02:10:00+02:00,0.0,0.0,0.0,0.0,25.57,2.34,0.0
2023-06-17 01:10:00+00:00,2023-06-17 03:10:00+02:00,0.0,0.0,0.0,0.0,24.62,2.28,0.0
2023-06-17 02:10:00+00:00,2023-06-17 04:10:00+02:00,0.0,0.0,0.0,0.0,23.78,2.07,0.0
2023-06-17 03:10:00+00:00,2023-06-17 05:10:00+02:00,0.0,0.0,0.0,0.0,22.91,1.86,0.0
2023-06-17 04:10:00+00:00,2023-06-17 06:10:00+02:00,0.0,0.0,0.0,0.0,21.93,1.59,0.0
2023-06-17 05:10:00+00:00,2023-06-17 07:10:00+02:00,0.0,0.0,0.0,0.0,21.69,1.1,0.0
2023-06-17 06:10:00+00:00,2023-06-17 08:10:00+02:00,387.76,133.74,11.71,11.76,21.62,0.97,0.0
2023-06-17 07:10:00+00:00,2023-06-17 09:10:00+02:00,613.07,176.18,21.0,23.15,25.17,0.69,0.0
2023-06-17 08:10:00+00:00,2023-06-17 10:10:00+02:00,711.34,187.62,23.1,34.9,27.89,0.41,0.0
2023-06-17 09:10:00+00:00,2023-06-17 11:10:00+02:00,784.94,184.11,19.53,46.78,30.16,0.28,0.0
2023-06-17 10:10:00+00:00,2023-06-17 12:10:00+02:00,832.07,177.28,12.81,58.44,32.17,0.62,0.0
2023-06-17 11:10:00+00:00,2023-06-17 13:10:00+02:00,858.78,171.3,6.37,69.05,33.95,1.1,0.0
2023-06-17 12:10:00+00:00,2023-06-17 14:10:00+02:00,893.11,155.26,3.2,75.59,35.42,1.93,0.0
2023-06-17 13:10:00+00:00,2023-06-17 15:10:00+02:00,888.17,157.25,4.63,72.49,36.29,2.62,0.0
2023-06-17 14:10:00+00:00,2023-06-17 16:10:00+02:00,878.4,157.19,10.15,62.91,36.67,2.97,0.0
2023-06-17 15:10:00+00:00,2023-06-17 17:10:00+02:00,712.93,226.01,16.34,51.51,36.75,3.1,0.0
2023-06-17 16:10:00+00:00,2023-06-17 18:10:00+02:00,29.77,227.01,10.45,39.66,36.65,3.45,0.0
2023-06-17 17:10:00+00:00,2023-06-17 19:10:00+02:00,312.75,221.91,18.18,27.83,35.74,3.52,0.0
2023-06-17 18:10:00+00:00,2023-06-17 20:10:00+02:00,335.64,153.03,14.25,16.26,34.89,3.59,0.0
2023-06-17 19:10:00+00:00,2023-06-17 21:10:00+02:00,154.35,52.6,4.09,5.2,33.68,3.72,0.0
2023-06-17 20:10:00+00:00,2023-06-17 22:10:00+02:00,0.0,0.0,0.0,0.0,31.13,3.45,0.0
2023-06-17 21:10:00+00:00,2023-06-17 23:10:00+02:00,0.0,0.0,0.0,0.0,29.04,3.31,0.0
2023-06-17 22:10:00+00:00,2023-06-18 00:10:00+02:00,0.0,0.0,0.0,0.0,27.41,3.24,0.0
2023-06-17 23:10:00+00:00,2023-06-18 01:10:00+02:00,0.0,0.0,0.0,0.0,26.17,3.17,0.0
2023-06-18 00:10:00+00:00,2023-06-18 02:10:00+02:00,0.0,0.0,0.0,0.0,25.15,2.69,0.0
2023-06-18 01:10:00+00:00,2023-06-18 03:10:00+02:00,0.0,0.0,0.0,0.0,24.36,2.48,0.0
2023-06-18 02:10:00+00:00,2023-06-18 04:10:00+02:00,0.0,0.0,0.0,0.0,23.78,2.76,0.0
2023-06-18 03:10:00+00:00,2023-06-18 05:10:00+02:00,0.0,0.0,0.0,0.0,23.37,2.07,0.0
2023-06-18 04:10:00+00:00,2023-06-18 06:10:00+02:00,0.0,0.0,0.0,0.0,22.76,1.93,0.0
2023-06-18 05:10:00+00:00,2023-06-18 07:10:00+02:00,0.0,0.0,0.0,0.0,22.18,1.72,0.0
2023-06-18 06:10:00+00:00,2023-06-18 08:10:00+02:00,19.67,44.91,5.66,11.73,22.12,1.45,0.0
2023-06-18 07:10:00+00:00,2023-06-18 09:10:00+02:00,68.76,136.79,11.9,23.12,24.79,1.38,0.0
2023-06-18 08:10:00+00:00,2023-06-18 10:10:00+02:00,430.26,257.46,19.87,34.87,26.81,1.86,0.0
2023-06-18 09:10:00+00:00,2023-06-18 11:10:00+02:00,731.77,204.39,19.01,46.75,28.74,2.07,0.0
2023-06-18 10:10:00+00:00,2023-06-18 12:10:00+02:00,814.69,182.48,12.68,58.41,30.3,2.28,0.0
2023-06-18 11:10:00+00:00,2023-06-18 13:10:00+02:00,852.43,172.31,6.35,69.03,31.56,2.21,0.0
2023-06-18 12:10:00+00:00,2023-06-18 14:10:00+02:00,874.46,163.39,3.16,75.6,32.7,2.34,0.0
2023-06-18 13:10:00+00:00,2023-06-18 15:10:00+02:00,870.12,164.38,4.56,72.53,33.71,2.76,0.0
2023-06-18 14:10:00+00:00,2023-06-18 16:10:00+02:00,837.56,175.06,9.9,62.96,34.55,3.45,0.0
2023-06-18 15:10:00+00:00,2023-06-18 17:10:00+02:00,777.5,190.58,16.69,51.56,34.75,4.28,0.0
2023-06-18 16:10:00+00:00,2023-06-18 18:10:00+02:00,374.02,289.21,18.16,39.72,33.88,5.1,0.0
2023-06-18 17:10:00+00:00,2023-06-18 19:10:00+02:00,115.47,187.31,14.16,27.88,32.23,4.9,0.0
2023-06-18 18:10:00+00:00,2023-06-18 20:10:00+02:00,469.79,155.92,15.75,16.32,30.9,4.55,0.0
2023-06-18 19:10:00+00:00,2023-06-18 21:10:00+02:00,32.74,21.3,2.73,5.26,29.98,3.86,0.0
2023-06-18 20:10:00+00:00,2023-06-18 22:10:00+02:00,0.0,0.0,0.0,0.0,28.65,3.45,0.0
2023-06-18 21:10:00+00:00,2023-06-18 23:10:00+02:00,0.0,0.0,0.0,0.0,27.43,3.59,0.0
2023-06-18 22:10:00+00:00,2023-06-19 00:10:00+02:00,0.0,0.0,0.0,0.0,26.33,3.38,0.0
2023-06-18 23:10:00+00:00,2023-06-19 01:10:00+02:00,0.0,0.0,0.0,0.0,25.46,3.03,0.0
2023-06-19 00:10:00+00:00,2023-06-19 02:10:00+02:00,0.0,0.0,0.0,0.0,24.72,2.62,0.0
2023-06-19 01:10:00+00:00,2023-06-19 03:10:00+02:00,0.0,0.0,0.0,0.0,24.16,2.0,0.0
2023-06-19 02:10:00+00:00,2023-06-19 04:10:00+02:00,0.0,0.0,0.0,0.0,23.68,1.59,0.0
2023-06-19 03:10:00+00:00,2023-06-19 05:10:00+02:00,0.0,0.0,0.0,0.0,23.07,1.66,0.0
2023-06-19 04:10:00+00:00,2023-06-19 06:10:00+02:00,0.0,0.0,0.0,0.0,22.62,1.38,0.0
2023-06-19 05:10:00+00:00,2023-06-19 07:10:00+02:00,0.0,0.0,0.0,0.0,21.99,1.38,0.0
2023-06-19 06:10:00+00:00,2023-06-19 08:10:00+02:00,44.37,56.87,6.7,11.7,22.07,1.52,0.0
2023-06-19 07:10:00+00:00,2023-06-19 09:10:00+02:00,591.58,176.4,20.61,23.09,22.99,1.31,0.0
2023-06-19 08:10:00+00:00,2023-06-19 10:10:00+02:00,663.41,200.8,22.51,34.84,24.66,2.0,0.0
2023-06-19 09:10:00+00:00,2023-06-19 11:10:00+02:00,769.24,188.32,19.37,46.72,26.42,2.62,0.0
2023-06-19 10:10:00+00:00,2023-06-19 12:10:00+02:00,805.55,187.89,12.66,58.39,28.11,3.1,0.0
2023-06-19 11:10:00+00:00,2023-06-19 13:10:00+02:00,771.15,219.72,6.16,69.01,29.65,3.72,0.0
2023-06-19 12:10:00+00:00,2023-06-19 14:10:00+02:00,695.82,268.61,2.94,75.61,30.96,4.34,0.0
2023-06-19 13:10:00+00:00,2023-06-19 15:10:00+02:00,837.43,180.73,4.46,72.58,31.77,4.9,0.0
2023-06-19 14:10:00+00:00,2023-06-19 16:10:00+02:00,714.86,244.65,9.41,63.01,31.88,5.38,0.0
2023-06-19 15:10:00+00:00,2023-06-19 17:10:00+02:00,682.54,239.01,16.04,51.61,31.45,5.72,0.0
2023-06-19 16:10:00+00:00,2023-06-19 18:10:00+02:00,282.95,295.57,16.86,39.77,30.19,5.93,0.0
2023-06-19 17:10:00+00:00,2023-06-19 19:10:00+02:00,100.33,182.28,13.71,27.93,29.16,6.0,0.0
2023-06-19 18:10:00+00:00,2023-06-19 20:10:00+02:00,163.22,123.21,11.78,16.37,27.69,5.86,0.0
2023-06-19 19:10:00+00:00,2023-06-19 21:10:00+02:00,0.0,10.9,1.82,5.31,25.67,5.17,0.0
2023-06-19 20:10:00+00:00,2023-06-19 22:10:00+02:00,0.0,0.0,0.0,0.0,24.05,4.41,0.0
2023-06-19 21:10:00+00:00,2023-06-19 23:10:00+02:00,0.0,0.0,0.0,0.0,22.89,4.34,0.0
2023-06-19 22:10:00+00:00,2023-06-20 00:10:00+02:00,0.0,0.0,0.0,0.0,21.98,4.21,0.0
2023-06-19 23:10:00+00:00,2023-06-20 01:10:00+02:00,0.0,0.0,0.0,0.0,21.23,3.86,0.0
2023-06-20 00:10:00+00:00,2023-06-20 02:10:00+02:00,0.0,0.0,0.0,0.0,20.67,3.52,0.0
2023-06-20 01:10:00+00:00,2023-06-20 03:10:00+02:00,0.0,0.0,0.0,0.0,20.2,2.9,0.0
2023-06-20 02:10:00+00:00,2023-06-20 04:10:00+02:00,0.0,0.0,0.0,0.0,19.8,2.97,0.0
2023-06-20 03:10:00+00:00,2023-06-20 05:10:00+02:00,0.0,0.0,0.0,0.0,19.5,2.62,0.0
2023-06-20 04:10:00+00:00,2023-06-20 06:10:00+02:00,0.0,0.0,0.0,0.0,19.32,2.48,0.0
2023-06-20 05:10:00+00:00,2023-06-20 07:10:00+02:00,0.0,0.0,0.0,0.0,19.16,2.21,0.0
2023-06-20 06:10:00+00:00,2023-06-20 08:10:00+02:00,182.9,101.52,9.41,11.67,19.23,2.28,0.0
2023-06-20 07:10:00+00:00,2023-06-20 09:10:00+02:00,0.0,72.23,6.33,23.06,20.5,1.93,0.0
2023-06-20 08:10:00+00:00,2023-06-20 10:10:00+02:00,85.85,227.66,13.39,34.8,21.79,2.28,0.0
2023-06-20 09:10:00+00:00,2023-06-20 11:10:00+02:00,405.47,320.97,16.16,46.68,23.14,2.48,0.0
2023-06-20 10:10:00+00:00,2023-06-20 12:10:00+02:00,51.69,370.32,6.51,58.35,24.75,2.76,0.0
2023-06-20 11:10:00+00:00,2023-06-20 13:10:00+02:00,364.21,418.65,5.01,68.99,26.18,2.9,0.0
2023-06-20 12:10:00+00:00,2023-06-20 14:10:00+02:00,576.06,336.34,2.79,75.62,27.6,3.03,0.0
2023-06-20 13:10:00+00:00,2023-06-20 15:10:00+02:00,357.33,430.08,3.51,72.61,28.72,3.17,0.0
2023-06-20 14:10:00+00:00,2023-06-20 16:10:00+02:00,743.74,227.12,9.48,63.05,29.32,3.31,0.0
2023-06-20 15:10:00+00:00,2023-06-20 17:10:00+02:00,874.61,148.66,17.45,51.66,29.75,3.38,0.0
2023-06-20 16:10:00+00:00,2023-06-20 18:10:00+02:00,276.42,295.2,16.72,39.82,29.93,3.31,0.0
2023-06-20 17:10:00+00:00,2023-06-20 19:10:00+02:00,51.15,160.81,11.94,27.98,29.76,3.17,0.0
2023-06-20 18:10:00+00:00,2023-06-20 20:10:00+02:00,325.54,152.65,14.2,16.42,29.14,3.24,0.0
2023-06-20 19:10:00+00:00,2023-06-20 21:10:00+02:00,0.0,6.54,1.09,5.35,28.57,2.55,0.0
2023-06-20 20:10:00+00:00,2023-06-20 22:10:00+02:00,0.0,0.0,0.0,0.0,26.96,2.76,0.0
2023-06-20 21:10:00+00:00,2023-06-20 23:10:00+02:00,0.0,0.0,0.0,0.0,25.42,2.97,0.0
2023-06-20 22:10:00+00:00,2023-06-21 00:10:00+02:00,0.0,0.0,0.0,0.0,23.94,2.97,0.0
2023-06-20 23:10:00+00:00,2023-06-21 01:10:00+02:00,0.0,0.0,0.0,0.0,22.86,2.9,0.0
2023-06-21 00:10:00+00:00,2023-06-21 02:10:00+02:00,0.0,0.0,0.0,0.0,22.06,2.76,0.0
2023-06-21 01:10:00+00:00,2023-06-21 03:10:00+02:00,0.0,0.0,0.0,0.0,21.3,2.62,0.0
2023-06-21 02:10:00+00:00,2023-06-21 04:10:00+02:00,0.0,0.0,0.0,0.0,20.87,2.41,0.0
2023-06-21 03:10:00+00:00,2023-06-21 05:10:00+02:00,0.0,0.0,0.0,0.0,20.29,2.14,0.0
2023-06-21 04:10:00+00:00,2023-06-21 06:10:00+02:00,0.0,0.0,0.0,0.0,19.88,1.93,0.0
2023-06-21 05:10:00+00:00,2023-06-21 07:10:00+02:00,0.0,0.0,0.0,0.0,19.45,1.86,0.0
2023-06-21 06:10:00+00:00,2023-06-21 08:10:00+02:00,0.0,28.77,3.83,11.63,19.78,1.66,0.0
2023-06-21 07:10:00+00:00,2023-06-21 09:10:00+02:00,503.84,189.68,19.61,23.02,21.68,1.52,0.0
2023-06-21 08:10:00+00:00,2023-06-21 10:10:00+02:00,650.64,205.05,22.39,34.76,23.75,1.45,0.0
2023-06-21 09:10:00+00:00,2023-06-21 11:10:00+02:00,521.26,290.16,17.33,46.64,25.84,1.59,0.0
2023-06-21 10:10:00+00:00,2023-06-21 12:10:00+02:00,776.79,203.93,12.57,58.31,27.82,2.07,0.0
2023-06-21 11:10:00+00:00,2023-06-21 13:10:00+02:00,832.5,182.71,6.33,68.96,29.34,2.9,0.0
2023-06-21 12:10:00+00:00,2023-06-21 14:10:00+02:00,842.42,180.68,3.11,75.61,30.36,3.45,0.0
2023-06-21 13:10:00+00:00,2023-06-21 15:10:00+02:00,733.4,244.84,4.27,72.64,31.2,4.0,0.0
2023-06-21 14:10:00+00:00,2023-06-21 16:10:00+02:00,875.79,156.95,10.0,63.1,31.64,4.48,0.0
2023-06-21 15:10:00+00:00,2023-06-21 17:10:00+02:00,781.06,190.51,16.65,51.7,30.34,5.31,0.0
2023-06-21 16:10:00+00:00,2023-06-21 18:10:00+02:00,681.83,208.75,21.47,39.86,30.38,5.59,0.0
2023-06-21 17:10:00+00:00,2023-06-21 19:10:00+02:00,593.78,194.78,21.79,28.03,29.65,5.1,0.0
2023-06-21 18:10:00+00:00,2023-06-21 20:10:00+02:00,483.54,157.92,16.05,16.46,28.9,4.9,0.0
2023-06-21 19:10:00+00:00,2023-06-21 21:10:00+02:00,202.14,65.77,4.62,5.39,27.14,4.62,0.0
2023-06-21 20:10:00+00:00,2023-06-21 22:10:00+02:00,0.0,0.0,0.0,0.0,25.12,4.76,0.0
2023-06-21 21:10:00+00:00,2023-06-21 23:10:00+02:00,0.0,0.0,0.0,0.0,23.38,4.28,0.0
2023-06-21 22:10:00+00:00,2023-06-22 00:10:00+02:00,0.0,0.0,0.0,0.0,22.05,3.79,0.0
2023-06-21 23:10:00+00:00,2023-06-22 01:10:00+02:00,0.0,0.0,0.0,0.0,21.08,3.31,0.0
2023-06-22 00:10:00+00:00,2023-06-22 02:10:00+02:00,0.0,0.0,0.0,0.0,20.41,2.83,0.0
2023-06-22 01:10:00+00:00,2023-06-22 03:10:00+02:00,0.0,0.0,0.0,0.0,19.87,2.28,0.0
2023-06-22 02:10:00+00:00,2023-06-22 04:10:00+02:00,0.0,0.0,0.0,0.0,19.42,1.79,0.0
2023-06-22 03:10:00+00:00,2023-06-22 05:10:00+02:00,0.0,0.0,0.0,0.0,18.99,1.52,0.0
2023-06-22 04:10:00+00:00,2023-06-22 06:10:00+02:00,0.0,0.0,0.0,0.0,18.49,1.45,0.0
2023-06-22 05:10:00+00:00,2023-06-22 07:10:00+02:00,0.0,0.0,0.0,0.0,17.95,1.24,0.0
2023-06-22 06:10:00+00:00,2023-06-22 08:10:00+02:00,388.1,135.18,11.67,11.59,18.43,0.83,0.0
2023-06-22 07:10:00+00:00,2023-06-22 09:10:00+02:00,604.62,179.1,20.91,22.97,20.41,0.21,0.0
2023-06-22 08:10:00+00:00,2023-06-22 10:10:00+02:00,716.3,190.14,23.33,34.72,22.55,0.55,0.0
2023-06-22 09:10:00+00:00,2023-06-22 11:10:00+02:00,788.63,187.21,19.77,46.6,24.86,0.9,0.0
2023-06-22 10:10:00+00:00,2023-06-22 12:10:00+02:00,845.32,176.74,13.08,58.27,27.1,0.83,0.0
2023-06-22 11:10:00+00:00,2023-06-22 13:10:00+02:00,872.35,170.51,6.52,68.93,29.06,0.83,0.0
2023-06-22 12:10:00+00:00,2023-06-22 14:10:00+02:00,882.72,167.54,3.2,75.6,30.63,0.55,0.0
2023-06-22 13:10:00+00:00,2023-06-22 15:10:00+02:00,890.43,162.34,4.57,72.67,31.84,0.34,0.0
2023-06-22 14:10:00+00:00,2023-06-22 16:10:00+02:00,893.44,156.09,10.14,63.13,32.79,0.55,0.0
2023-06-22 15:10:00+00:00,2023-06-22 17:10:00+02:00,831.57,175.91,17.18,51.75,33.4,0.76,0.0
2023-06-22 16:10:00+00:00,2023-06-22 18:10:00+02:00,685.92,215.54,21.73,39.9,33.68,0.83,0.0
2023-06-22 17:10:00+00:00,2023-06-22 19:10:00+02:00,601.49,198.77,22.08,28.07,33.61,0.83,0.0
2023-06-22 18:10:00+00:00,2023-06-22 20:10:00+02:00,464.82,160.94,15.97,16.5,33.21,0.83,0.0
2023-06-22 19:10:00+00:00,2023-06-22 21:10:00+02:00,200.78,67.5,4.71,5.43,32.57,1.31,0.0
2023-06-22 20:10:00+00:00,2023-06-22 22:10:00+02:00,0.0,0.0,0.0,0.0,30.72,1.86,0.0
2023-06-22 21:10:00+00:00,2023-06-22 23:10:00+02:00,0.0,0.0,0.0,0.0,29.05,2.21,0.0
2023-06-22 22:10:00+00:00,2023-06-23 00:10:00+02:00,0.0,0.0,0.0,0.0,27.64,1.93,0.0
2023-06-22 23:10:00+00:00,2023-06-23 01:10:00+02:00,0.0,0.0,0.0,0.0,26.79,0.97,0.0
2023-06-23 00:10:00+00:00,2023-06-23 02:10:00+02:00,0.0,0.0,0.0,0.0,26.5,0.48,0.0
2023-06-23 01:10:00+00:00,2023-06-23 03:10:00+02:00,0.0,0.0,0.0,0.0,23.39,1.31,0.0
2023-06-23 02:10:00+00:00,2023-06-23 04:10:00+02:00,0.0,0.0,0.0,0.0,22.08,1.52,0.0
2023-06-23 03:10:00+00:00,2023-06-23 05:10:00+02:00,0.0,0.0,0.0,0.0,21.23,1.59,0.0
2023-06-23 04:10:00+00:00,2023-06-23 06:10:00+02:00,0.0,0.0,0.0,0.0,20.49,1.79,0.0
2023-06-23 05:10:00+00:00,2023-06-23 07:10:00+02:00,0.0,0.0,0.0,0.0,19.99,1.86,0.0
2023-06-23 06:10:00+00:00,2023-06-23 08:10:00+02:00,399.55,134.23,11.68,11.55,20.39,1.52,0.0
2023-06-23 07:10:00+00:00,2023-06-23 09:10:00+02:00,613.46,177.38,21.0,22.93,24.2,1.59,0.0
2023-06-23 08:10:00+00:00,2023-06-23 10:10:00+02:00,710.1,189.65,23.19,34.68,27.32,1.93,0.0
2023-06-23 09:10:00+00:00,2023-06-23 11:10:00+02:00,782.35,188.2,19.7,46.55,29.93,2.28,0.0
2023-06-23 10:10:00+00:00,2023-06-23 12:10:00+02:00,828.09,182.0,12.96,58.23,32.32,2.55,0.0
2023-06-23 11:10:00+00:00,2023-06-23 13:10:00+02:00,855.43,175.65,6.47,68.89,34.3,2.83,0.0
2023-06-23 12:10:00+00:00,2023-06-23 14:10:00+02:00,877.63,167.53,3.19,75.58,35.65,2.76,0.0
2023-06-23 13:10:00+00:00,2023-06-23 15:10:00+02:00,873.58,168.46,4.51,72.69,36.58,2.55,0.0
2023-06-23 14:10:00+00:00,2023-06-23 16:10:00+02:00,888.69,155.98,10.07,63.17,37.23,2.34,0.0
2023-06-23 15:10:00+00:00,2023-06-23 17:10:00+02:00,837.51,170.09,17.15,51.78,37.55,2.28,0.0
2023-06-23 16:10:00+00:00,2023-06-23 18:10:00+02:00,694.73,208.5,21.7,39.94,37.59,2.28,0.0
2023-06-23 17:10:00+00:00,2023-06-23 19:10:00+02:00,630.49,189.4,22.32,28.1,37.23,2.41,0.0
2023-06-23 18:10:00+00:00,2023-06-23 20:10:00+02:00,502.52,159.49,16.38,16.53,36.16,2.9,0.0
2023-06-23 19:10:00+00:00,2023-06-23 21:10:00+02:00,220.6,70.2,4.8,5.46,34.26,3.24,0.0
2023-06-23 20:10:00+00:00,2023-06-23 22:10:00+02:00,0.0,0.0,0.0,0.0,31.04,3.72,0.0
2023-06-23 21:10:00+00:00,2023-06-23 23:10:00+02:00,0.0,0.0,0.0,0.0,28.44,3.66,0.0
2023-06-23 22:10:00+00:00,2023-06-24 00:10:00+02:00,0.0,0.0,0.0,0.0,26.8,3.31,0.0
2023-06-23 23:10:00+00:00,2023-06-24 01:10:00+02:00,0.0,0.0,0.0,0.0,25.93,2.48,0.0
2023-06-24 00:10:00+00:00,2023-06-24 02:10:00+02:00,0.0,0.0,0.0,0.0,25.31,1.59,0.0
2023-06-24 01:10:00+00:00,2023-06-24 03:10:00+02:00,0.0,0.0,0.0,0.0,24.36,1.52,0.0
2023-06-24 02:10:00+00:00,2023-06-24 04:10:00+02:00,0.0,0.0,0.0,0.0,23.68,1.93,0.0
2023-06-24 03:10:00+00:00,2023-06-24 05:10:00+02:00,0.0,0.0,0.0,0.0,23.31,2.21,0.0
2023-06-24 04:10:00+00:00,2023-06-24 06:10:00+02:00,0.0,0.0,0.0,0.0,23.07,2.28,0.0
2023-06-24 05:10:00+00:00,2023-06-24 07:10:00+02:00,0.0,0.0,0.0,0.0,22.89,2.34,0.0
2023-06-24 06:10:00+00:00,2023-06-24 08:10:00+02:00,386.16,133.49,11.53,11.5,23.42,2.21,0.0
2023-06-24 07:10:00+00:00,2023-06-24 09:10:00+02:00,594.12,176.21,20.6,22.88,25.42,2.76,0.0
2023-06-24 08:10:00+00:00,2023-06-24 10:10:00+02:00,700.43,188.82,22.97,34.63,27.83,3.17,0.0
2023-06-24 09:10:00+00:00,2023-06-24 11:10:00+02:00,762.31,192.09,19.44,46.5,30.36,3.45,0.0
2023-06-24 10:10:00+00:00,2023-06-24 12:10:00+02:00,819.11,182.95,12.9,58.18,32.75,3.52,0.0
2023-06-24 11:10:00+00:00,2023-06-24 13:10:00+02:00,846.04,176.65,6.45,68.84,34.92,3.38,0.0
2023-06-24 12:10:00+00:00,2023-06-24 14:10:00+02:00,857.07,173.61,3.16,75.56,36.66,3.1,0.0
2023-06-24 13:10:00+00:00,2023-06-24 15:10:00+02:00,864.09,169.42,4.47,72.7,37.91,2.83,0.0
2023-06-24 14:10:00+00:00,2023-06-24 16:10:00+02:00,854.86,169.65,9.86,63.19,38.75,2.69,0.0
2023-06-24 15:10:00+00:00,2023-06-24 17:10:00+02:00,805.33,181.9,16.82,51.81,39.16,2.55,0.0
2023-06-24 16:10:00+00:00,2023-06-24 18:10:00+02:00,698.91,203.59,21.63,39.97,39.15,2.55,0.0
2023-06-24 17:10:00+00:00,2023-06-24 19:10:00+02:00,598.0,195.03,21.88,28.14,38.73,2.83,0.0
2023-06-24 18:10:00+00:00,2023-06-24 20:10:00+02:00,477.05,157.78,16.01,16.56,37.65,3.31,0.0
2023-06-24 19:10:00+00:00,2023-06-24 21:10:00+02:00,209.03,69.56,4.79,5.49,36.05,3.17,0.0
2023-06-24 20:10:00+00:00,2023-06-24 22:10:00+02:00,0.0,0.0,0.0,0.0,32.88,3.79,0.0
2023-06-24 21:10:00+00:00,2023-06-24 23:10:00+02:00,0.0,0.0,0.0,0.0,30.18,3.86,0.0
2023-06-24 22:10:00+00:00,2023-06-25 00:10:00+02:00,0.0,0.0,0.0,0.0,28.47,3.24,0.0
2023-06-24 23:10:00+00:00,2023-06-25 01:10:00+02:00,0.0,0.0,0.0,0.0,27.49,2.07,0.0
2023-06-25 00:10:00+00:00,2023-06-25 02:10:00+02:00,0.0,0.0,0.0,0.0,26.63,1.31,0.0
2023-06-25 01:10:00+00:00,2023-06-25 03:10:00+02:00,0.0,0.0,0.0,0.0,25.5,1.79,0.0
2023-06-25 02:10:00+00:00,2023-06-25 04:10:00+02:00,0.0,0.0,0.0,0.0,24.77,2.07,0.0
2023-06-25 03:10:00+00:00,2023-06-25 05:10:00+02:00,0.0,0.0,0.0,0.0,24.24,2.14,0.0
2023-06-25 04:10:00+00:00,2023-06-25 06:10:00+02:00,0.0,0.0,0.0,0.0,23.81,2.14,0.0
2023-06-25 05:10:00+00:00,2023-06-25 07:10:00+02:00,0.0,0.0,0.0,0.0,23.36,2.0,0.0
2023-06-25 06:10:00+00:00,2023-06-25 08:10:00+02:00,342.54,128.97,11.06,11.45,23.53,1.52,0.0
2023-06-25 07:10:00+00:00,2023-06-25 09:10:00+02:00,569.64,180.62,20.32,22.83,26.13,1.59,0.0
2023-06-25 08:10:00+00:00,2023-06-25 10:10:00+02:00,681.97,195.43,22.79,34.57,28.72,1.45,0.0
2023-06-25 09:10:00+00:00,2023-06-25 11:10:00+02:00,751.94,197.75,19.4,46.45,31.4,1.24,0.0
2023-06-25 10:10:00+00:00,2023-06-25 12:10:00+02:00,797.2,194.77,12.82,58.13,33.93,1.17,0.0
2023-06-25 11:10:00+00:00,2023-06-25 13:10:00+02:00,836.67,182.93,6.45,68.79,36.1,1.31,0.0
2023-06-25 12:10:00+00:00,2023-06-25 14:10:00+02:00,847.9,179.74,3.16,75.53,37.85,1.38,0.0
2023-06-25 13:10:00+00:00,2023-06-25 15:10:00+02:00,854.64,175.58,4.45,72.71,39.23,1.45,0.0
2023-06-25 14:10:00+00:00,2023-06-25 16:10:00+02:00,835.64,179.11,9.76,63.22,40.22,1.31,0.0
2023-06-25 15:10:00+00:00,2023-06-25 17:10:00+02:00,797.38,186.27,16.75,51.84,40.78,0.97,0.0
2023-06-25 16:10:00+00:00,2023-06-25 18:10:00+02:00,675.14,214.23,21.43,40.0,40.92,0.62,0.0
2023-06-25 17:10:00+00:00,2023-06-25 19:10:00+02:00,601.67,195.47,21.96,28.17,40.76,0.62,0.0
2023-06-25 18:10:00+00:00,2023-06-25 20:10:00+02:00,434.27,160.63,15.65,16.59,40.34,1.24,0.0
2023-06-25 19:10:00+00:00,2023-06-25 21:10:00+02:00,187.34,64.23,4.61,5.51,39.25,1.72,0.0
2023-06-25 20:10:00+00:00,2023-06-25 22:10:00+02:00,0.0,0.0,0.0,0.0,36.74,2.14,0.0
2023-06-25 21:10:00+00:00,2023-06-25 23:10:00+02:00,0.0,0.0,0.0,0.0,34.27,2.34,0.0
2023-06-25 22:10:00+00:00,2023-06-26 00:10:00+02:00,0.0,0.0,0.0,0.0,32.28,2.34,0.0
2023-06-25 23:10:00+00:00,2023-06-26 01:10:00+02:00,0.0,0.0,0.0,0.0,30.62,2.48,0.0
2023-06-26 00:10:00+00:00,2023-06-26 02:10:00+02:00,0.0,0.0,0.0,0.0,29.17,2.62,0.0
2023-06-26 01:10:00+00:00,2023-06-26 03:10:00+02:00,0.0,0.0,0.0,0.0,28.0,2.21,0.0
2023-06-26 02:10:00+00:00,2023-06-26 04:10:00+02:00,0.0,0.0,0.0,0.0,27.03,2.0,0.0
2023-06-26 03:10:00+00:00,2023-06-26 05:10:00+02:00,0.0,0.0,0.0,0.0,26.01,1.93,0.0
2023-06-26 04:10:00+00:00,2023-06-26 06:10:00+02:00,0.0,0.0,0.0,0.0,24.81,1.52,0.0
2023-06-26 05:10:00+00:00,2023-06-26 07:10:00+02:00,0.0,0.0,0.0,0.0,24.02,1.31,0.0
2023-06-26 06:10:00+00:00,2023-06-26 08:10:00+02:00,334.07,127.25,10.91,11.39,24.12,1.03,0.0
2023-06-26 07:10:00+00:00,2023-06-26 09:10:00+02:00,555.46,181.68,20.1,22.77,27.6,0.83,0.0
2023-06-26 08:10:00+00:00,2023-06-26 10:10:00+02:00,688.23,192.09,22.84,34.52,30.62,0.9,0.0
2023-06-26 09:10:00+00:00,2023-06-26 11:10:00+02:00,733.3,205.28,19.26,46.4,33.18,1.24,0.0
2023-06-26 10:10:00+00:00,2023-06-26 12:10:00+02:00,807.11,187.27,12.87,58.07,35.47,1.66,0.0
2023-06-26 11:10:00+00:00,2023-06-26 13:10:00+02:00,833.75,182.94,6.47,68.74,37.51,2.14,0.0
2023-06-26 12:10:00+00:00,2023-06-26 14:10:00+02:00,855.27,174.67,3.18,75.49,39.16,2.62,0.0
2023-06-26 13:10:00+00:00,2023-06-26 15:10:00+02:00,851.49,175.56,4.44,72.71,40.34,3.1,0.0
2023-06-26 14:10:00+00:00,2023-06-26 16:10:00+02:00,843.33,173.77,9.77,63.24,41.06,3.59,0.0
2023-06-26 15:10:00+00:00,2023-06-26 17:10:00+02:00,794.56,186.11,16.69,51.87,41.33,4.07,0.0
2023-06-26 16:10:00+00:00,2023-06-26 18:10:00+02:00,698.09,203.38,21.59,40.03,41.21,4.41,0.0
2023-06-26 17:10:00+00:00,2023-06-26 19:10:00+02:00,586.36,197.47,21.74,28.19,40.8,4.62,0.0
2023-06-26 18:10:00+00:00,2023-06-26 20:10:00+02:00,423.2,159.69,15.5,16.61,39.7,4.41,0.0
2023-06-26 19:10:00+00:00,2023-06-26 21:10:00+02:00,145.21,55.5,4.34,5.53,38.28,4.0,0.0
2023-06-26 20:10:00+00:00,2023-06-26 22:10:00+02:00,0.0,0.0,0.0,0.0,35.77,3.66,0.0
2023-06-26 21:10:00+00:00,2023-06-26 23:10:00+02:00,0.0,0.0,0.0,0.0,33.6,3.38,0.0
2023-06-26 22:10:00+00:00,2023-06-27 00:10:00+02:00,0.0,0.0,0.0,0.0,31.92,3.45,0.0
2023-06-26 23:10:00+00:00,2023-06-27 01:10:00+02:00,0.0,0.0,0.0,0.0,30.47,3.31,0.0
2023-06-27 00:10:00+00:00,2023-06-27 02:10:00+02:00,0.0,0.0,0.0,0.0,29.13,2.9,0.0
2023-06-27 01:10:00+00:00,2023-06-27 03:10:00+02:00,0.0,0.0,0.0,0.0,27.92,2.62,0.0
2023-06-27 02:10:00+00:00,2023-06-27 04:10:00+02:00,0.0,0.0,0.0,0.0,26.9,2.34,0.0
2023-06-27 03:10:00+00:00,2023-06-27 05:10:00+02:00,0.0,0.0,0.0,0.0,26.03,2.07,0.0
2023-06-27 04:10:00+00:00,2023-06-27 06:10:00+02:00,0.0,0.0,0.0,0.0,25.1,1.72,0.0
2023-06-27 05:10:00+00:00,2023-06-27 07:10:00+02:00,0.0,0.0,0.0,0.0,24.02,1.38,0.0
2023-06-27 06:10:00+00:00,2023-06-27 08:10:00+02:00,401.93,134.56,11.57,11.34,24.36,0.97,0.0
2023-06-27 07:10:00+00:00,2023-06-27 09:10:00+02:00,598.26,177.72,20.69,22.71,27.14,0.34,0.0
2023-06-27 08:10:00+00:00,2023-06-27 10:10:00+02:00,689.26,196.6,23.01,34.46,29.62,0.14,0.0
2023-06-27 09:10:00+00:00,2023-06-27 11:10:00+02:00,746.46,205.06,19.53,46.34,32.14,0.28,0.0
2023-06-27 10:10:00+00:00,2023-06-27 12:10:00+02:00,805.27,195.2,13.0,58.01,34.47,0.48,0.0
2023-06-27 11:10:00+00:00,2023-06-27 13:10:00+02:00,845.9,182.09,6.57,68.68,36.47,0.83,0.0
2023-06-27 12:10:00+00:00,2023-06-27 14:10:00+02:00,856.48,178.81,3.22,75.45,38.15,1.38,0.0
2023-06-27 13:10:00+00:00,2023-06-27 15:10:00+02:00,852.56,179.73,4.46,72.7,39.44,2.07,0.0
2023-06-27 14:10:00+00:00,2023-06-27 16:10:00+02:00,833.15,184.49,9.77,63.25,40.27,2.76,0.0
2023-06-27 15:10:00+00:00,2023-06-27 17:10:00+02:00,768.91,203.8,16.58,51.89,40.63,3.24,0.0
2023-06-27 16:10:00+00:00,2023-06-27 18:10:00+02:00,621.62,238.91,21.03,40.05,40.5,3.52,0.0
2023-06-27 17:10:00+00:00,2023-06-27 19:10:00+02:00,492.87,219.24,20.83,28.21,40.01,3.31,0.0
2023-06-27 18:10:00+00:00,2023-06-27 20:10:00+02:00,307.45,155.41,14.28,16.63,39.17,3.03,0.0
2023-06-27 19:10:00+00:00,2023-06-27 21:10:00+02:00,93.11,42.27,3.88,5.55,37.5,2.9,0.0
2023-06-27 20:10:00+00:00,2023-06-27 22:10:00+02:00,0.0,0.0,0.0,0.0,34.97,2.9,0.0
2023-06-27 21:10:00+00:00,2023-06-27 23:10:00+02:00,0.0,0.0,0.0,0.0,32.86,3.03,0.0
2023-06-27 22:10:00+00:00,2023-06-28 00:10:00+02:00,0.0,0.0,0.0,0.0,31.03,3.03,0.0
2023-06-27 23:10:00+00:00,2023-06-28 01:10:00+02:00,0.0,0.0,0.0,0.0,29.46,2.76,0.0
2023-06-28 00:10:00+00:00,2023-06-28 02:10:00+02:00,0.0,0.0,0.0,0.0,28.18,2.34,0.0
2023-06-28 01:10:00+00:00,2023-06-28 03:10:00+02:00,0.0,0.0,0.0,0.0,27.14,2.07,0.0
2023-06-28 02:10:00+00:00,2023-06-28 04:10:00+02:00,0.0,0.0,0.0,0.0,26.18,1.66,0.0
2023-06-28 03:10:00+00:00,2023-06-28 05:10:00+02:00,0.0,0.0,0.0,0.0,25.05,1.38,0.0
2023-06-28 04:10:00+00:00,2023-06-28 06:10:00+02:00,0.0,0.0,0.0,0.0,24.43,1.31,0.0
2023-06-28 05:10:00+00:00,2023-06-28 07:10:00+02:00,0.0,0.0,0.0,0.0,23.59,1.31,0.0
2023-06-28 06:10:00+00:00,2023-06-28 08:10:00+02:00,230.21,111.62,9.82,11.27,23.75,1.03,0.0
2023-06-28 07:10:00+00:00,2023-06-28 09:10:00+02:00,415.46,198.69,18.63,22.65,26.86,0.83,0.0
2023-06-28 08:10:00+00:00,2023-06-28 10:10:00+02:00,571.75,234.47,21.84,34.4,29.69,0.9,0.0
2023-06-28 09:10:00+00:00,2023-06-28 11:10:00+02:00,680.81,236.95,19.08,46.28,32.11,0.97,0.0
2023-06-28 10:10:00+00:00,2023-06-28 12:10:00+02:00,764.53,219.76,12.86,57.95,34.27,1.38,0.0
2023-06-28 11:10:00+00:00,2023-06-28 13:10:00+02:00,819.41,199.79,6.55,68.62,36.08,2.0,0.0
2023-06-28 12:10:00+00:00,2023-06-28 14:10:00+02:00,846.34,187.01,3.23,75.4,37.44,2.48,0.0
2023-06-28 13:10:00+00:00,2023-06-28 15:10:00+02:00,826.43,198.21,4.44,72.69,38.41,2.83,0.0
2023-06-28 14:10:00+00:00,2023-06-28 16:10:00+02:00,777.09,219.11,9.58,63.26,39.02,3.03,0.0
2023-06-28 15:10:00+00:00,2023-06-28 17:10:00+02:00,662.0,258.94,15.91,51.91,39.36,3.24,0.0
2023-06-28 16:10:00+00:00,2023-06-28 18:10:00+02:00,498.66,275.76,19.77,40.07,39.28,3.45,0.0
2023-06-28 17:10:00+00:00,2023-06-28 19:10:00+02:00,331.92,229.21,18.71,28.23,38.79,3.72,0.0
2023-06-28 18:10:00+00:00,2023-06-28 20:10:00+02:00,136.14,120.73,11.63,16.65,37.8,4.0,0.0
2023-06-28 19:10:00+00:00,2023-06-28 21:10:00+02:00,72.3,36.98,3.7,5.56,34.96,4.41,0.0
2023-06-28 20:10:00+00:00,2023-06-28 22:10:00+02:00,0.0,0.0,0.0,0.0,32.23,4.55,0.0
2023-06-28 21:10:00+00:00,2023-06-28 23:10:00+02:00,0.0,0.0,0.0,0.0,30.1,4.41,0.0
2023-06-28 22:10:00+00:00,2023-06-29 00:10:00+02:00,0.0,0.0,0.0,0.0,28.54,4.0,0.0
2023-06-28 23:10:00+00:00,2023-06-29 01:10:00+02:00,0.0,0.0,0.0,0.0,27.39,3.17,0.0
2023-06-29 00:10:00+00:00,2023-06-29 02:10:00+02:00,0.0,0.0,0.0,0.0,26.59,2.76,0.0
2023-06-29 01:10:00+00:00,2023-06-29 03:10:00+02:00,0.0,0.0,0.0,0.0,25.92,2.69,0.0
2023-06-29 02:10:00+00:00,2023-06-29 04:10:00+02:00,0.0,0.0,0.0,0.0,25.35,2.48,0.0
2023-06-29 03:10:00+00:00,2023-06-29 05:10:00+02:00,0.0,0.0,0.0,0.0,24.79,2.28,0.0
2023-06-29 04:10:00+00:00,2023-06-29 06:10:00+02:00,0.0,0.0,0.0,0.0,24.31,2.14,0.0
2023-06-29 05:10:00+00:00,2023-06-29 07:10:00+02:00,0.0,0.0,0.0,0.0,23.85,2.28,0.0
2023-06-29 06:10:00+00:00,2023-06-29 08:10:00+02:00,246.99,113.75,9.91,11.21,23.91,2.41,0.0
2023-06-29 07:10:00+00:00,2023-06-29 09:10:00+02:00,413.99,195.85,18.48,22.59,24.73,3.1,0.0
2023-06-29 08:10:00+00:00,2023-06-29 10:10:00+02:00,595.74,223.64,21.97,34.33,26.5,3.24,0.0
2023-06-29 09:10:00+00:00,2023-06-29 11:10:00+02:00,738.34,204.8,19.44,46.21,28.68,3.38,0.0
2023-06-29 10:10:00+00:00,2023-06-29 12:10:00+02:00,796.95,195.13,12.98,57.88,30.94,3.45,0.0
2023-06-29 11:10:00+00:00,2023-06-29 13:10:00+02:00,824.09,190.41,6.56,68.55,33.09,3.52,0.0
2023-06-29 12:10:00+00:00,2023-06-29 14:10:00+02:00,848.63,179.87,3.24,75.34,34.9,3.72,0.0
2023-06-29 13:10:00+00:00,2023-06-29 15:10:00+02:00,844.32,180.72,4.45,72.67,36.24,4.07,0.0
2023-06-29 14:10:00+00:00,2023-06-29 16:10:00+02:00,836.39,180.17,9.75,63.27,37.08,4.41,0.0
2023-06-29 15:10:00+00:00,2023-06-29 17:10:00+02:00,776.22,195.85,16.54,51.92,37.68,4.76,0.0
2023-06-29 16:10:00+00:00,2023-06-29 18:10:00+02:00,664.67,219.42,21.33,40.09,37.66,5.24,0.0
2023-06-29 17:10:00+00:00,2023-06-29 19:10:00+02:00,570.57,203.51,21.65,28.24,37.25,5.59,0.0
2023-06-29 18:10:00+00:00,2023-06-29 20:10:00+02:00,415.17,160.94,15.48,16.66,35.99,5.38,0.0
2023-06-29 19:10:00+00:00,2023-06-29 21:10:00+02:00,206.38,71.03,4.88,5.56,33.95,5.31,0.0
2023-06-29 20:10:00+00:00,2023-06-29 22:10:00+02:00,0.0,0.0,0.0,0.0,31.52,4.9,0.0
2023-06-29 21:10:00+00:00,2023-06-29 23:10:00+02:00,0.0,0.0,0.0,0.0,29.75,4.21,0.0
2023-06-29 22:10:00+00:00,2023-06-30 00:10:00+02:00,0.0,0.0,0.0,0.0,28.44,3.38,0.0
2023-06-29 23:10:00+00:00,2023-06-30 01:10:00+02:00,0.0,0.0,0.0,0.0,27.42,2.69,0.0
2023-06-30 00:10:00+00:00,2023-06-30 02:10:00+02:00,0.0,0.0,0.0,0.0,26.44,2.41,0.0
2023-06-30 01:10:00+00:00,2023-06-30 03:10:00+02:00,0.0,0.0,0.0,0.0,25.46,2.41,0.0
2023-06-30 02:10:00+00:00,2023-06-30 04:10:00+02:00,0.0,0.0,0.0,0.0,24.62,2.21,0.0
2023-06-30 03:10:00+00:00,2023-06-30 05:10:00+02:00,0.0,0.0,0.0,0.0,23.82,2.0,0.0
2023-06-30 04:10:00+00:00,2023-06-30 06:10:00+02:00,0.0,0.0,0.0,0.0,23.03,1.93,0.0
2023-06-30 05:10:00+00:00,2023-06-30 07:10:00+02:00,0.0,0.0,0.0,0.0,22.25,1.93,0.0
2023-06-30 06:10:00+00:00,2023-06-30 08:10:00+02:00,372.77,131.28,11.13,11.14,22.26,1.72,0.0
2023-06-30 07:10:00+00:00,2023-06-30 09:10:00+02:00,556.19,186.3,20.24,22.52,24.12,1.66,0.0
2023-06-30 08:10:00+00:00,2023-06-30 10:10:00+02:00,685.58,201.03,23.12,34.27,26.31,2.0,0.0
2023-06-30 09:10:00+00:00,2023-06-30 11:10:00+02:00,754.43,204.79,19.78,46.14,28.1,2.34,0.0
2023-06-30 10:10:00+00:00,2023-06-30 12:10:00+02:00,797.56,203.15,13.14,57.81,29.79,2.97,0.0
2023-06-30 11:10:00+00:00,2023-06-30 13:10:00+02:00,0.0,0.0,0.0,0.0,31.18,3.17,0.0
2023-06-30 12:10:00+00:00,2023-06-30 14:10:00+02:00,864.39,178.97,3.32,75.27,32.37,3.03,0.0
2023-06-30 13:10:00+00:00,2023-06-30 15:10:00+02:00,846.53,188.03,4.5,72.65,33.36,2.76,0.0
2023-06-30 14:10:00+00:00,2023-06-30 16:10:00+02:00,841.99,183.55,9.83,63.27,34.13,2.55,0.0
2023-06-30 15:10:00+00:00,2023-06-30 17:10:00+02:00,792.64,195.4,16.79,51.93,34.61,2.48,0.0
2023-06-30 16:10:00+00:00,2023-06-30 18:10:00+02:00,708.0,209.36,21.93,40.1,34.72,2.48,0.0
2023-06-30 17:10:00+00:00,2023-06-30 19:10:00+02:00,621.11,198.07,22.44,28.25,34.59,2.76,0.0
2023-06-30 18:10:00+00:00,2023-06-30 20:10:00+02:00,439.45,164.79,15.91,16.66,33.93,3.24,0.0
2023-06-30 19:10:00+00:00,2023-06-30 21:10:00+02:00,165.1,60.56,4.52,5.56,32.09,3.86,0.0
2023-06-30 20:10:00+00:00,2023-06-30 22:10:00+02:00,0.0,0.0,0.0,0.0,29.51,3.86,0.0
2023-06-30 21:10:00+00:00,2023-06-30 23:10:00+02:00,0.0,0.0,0.0,0.0,27.51,3.38,0.0
2023-06-30 22:10:00+00:00,2023-07-01 00:10:00+02:00,0.0,0.0,0.0,0.0,26.14,3.03,0.0
2023-06-30 23:10:00+00:00,2023-07-01 01:10:00+02:00,0.0,0.0,0.0,0.0,25.16,3.03,0.0
2023-07-01 00:10:00+00:00,2023-07-01 02:10:00+02:00,0.0,0.0,0.0,0.0,24.39,2.9,0.0
2023-07-01 01:10:00+00:00,2023-07-01 03:10:00+02:00,0.0,0.0,0.0,0.0,23.78,2.48,0.0
2023-07-01 02:10:00+00:00,2023-07-01 04:10:00+02:00,0.0,0.0,0.0,0.0,23.26,2.14,0.0
2023-07-01 03:10:00+00:00,2023-07-01 05:10:00+02:00,0.0,0.0,0.0,0.0,22.83,1.79,0.0
2023-07-01 04:10:00+00:00,2023-07-01 06:10:00+02:00,0.0,0.0,0.0,0.0,22.42,1.38,0.0
2023-07-01 05:10:00+00:00,2023-07-01 07:10:00+02:00,0.0,0.0,0.0,0.0,22.15,0.76,0.0
2023-07-01 06:10:00+00:00,2023-07-01 08:10:00+02:00,359.57,126.7,10.83,11.06,22.62,0.28,0.0
2023-07-01 07:10:00+00:00,2023-07-01 09:10:00+02:00,586.68,173.8,20.28,22.45,23.27,0.14,0.0
2023-07-01 08:10:00+00:00,2023-07-01 10:10:00+02:00,699.28,185.8,22.95,34.19,25.48,0.34,0.0
2023-07-01 09:10:00+00:00,2023-07-01 11:10:00+02:00,771.98,184.86,19.7,46.07,27.65,0.55,0.0
2023-07-01 10:10:00+00:00,2023-07-01 12:10:00+02:00,817.11,181.25,13.13,57.74,29.66,0.62,0.0
2023-07-01 11:10:00+00:00,2023-07-01 13:10:00+02:00,843.21,175.97,6.67,68.4,31.39,0.76,0.0
2023-07-01 12:10:00+00:00,2023-07-01 14:10:00+02:00,853.29,173.82,3.3,75.2,32.81,0.97,0.0
2023-07-01 13:10:00+00:00,2023-07-01 15:10:00+02:00,849.81,174.58,4.47,72.62,33.95,1.24,0.0
2023-07-01 14:10:00+00:00,2023-07-01 16:10:00+02:00,854.34,167.39,9.79,63.26,34.8,1.52,0.0
2023-07-01 15:10:00+00:00,2023-07-01 17:10:00+02:00,806.57,179.39,16.72,51.93,35.28,1.52,0.0
2023-07-01 16:10:00+00:00,2023-07-01 18:10:00+02:00,698.6,203.26,21.56,40.1,35.52,1.52,0.0
2023-07-01 17:10:00+00:00,2023-07-01 19:10:00+02:00,625.24,188.13,22.17,28.26,35.32,1.59,0.0
2023-07-01 18:10:00+00:00,2023-07-01 20:10:00+02:00,495.22,157.27,16.26,16.66,34.86,1.93,0.0
2023-07-01 19:10:00+00:00,2023-07-01 21:10:00+02:00,216.88,71.53,4.88,5.56,33.87,2.55,0.0
2023-07-01 20:10:00+00:00,2023-07-01 22:10:00+02:00,0.0,0.0,0.0,0.0,31.71,3.17,0.0
2023-07-01 21:10:00+00:00,2023-07-01 23:10:00+02:00,0.0,0.0,0.0,0.0,29.8,3.52,0.0
2023-07-01 22:10:00+00:00,2023-07-02 00:10:00+02:00,0.0,0.0,0.0,0.0,28.14,3.59,0.0
2023-07-01 23:10:00+00:00,2023-07-02 01:10:00+02:00,0.0,0.0,0.0,0.0,26.84,3.45,0.0
2023-07-02 00:10:00+00:00,2023-07-02 02:10:00+02:00,0.0,0.0,0.0,0.0,25.81,2.9,0.0
2023-07-02 01:10:00+00:00,2023-07-02 03:10:00+02:00,0.0,0.0,0.0,0.0,25.01,2.48,0.0
2023-07-02 02:10:00+00:00,2023-07-02 04:10:00+02:00,0.0,0.0,0.0,0.0,24.43,2.34,0.0
2023-07-02 03:10:00+00:00,2023-07-02 05:10:00+02:00,0.0,0.0,0.0,0.0,24.04,2.07,0.0
2023-07-02 04:10:00+00:00,2023-07-02 06:10:00+02:00,0.0,0.0,0.0,0.0,23.71,1.66,0.0
2023-07-02 05:10:00+00:00,2023-07-02 07:10:00+02:00,0.0,0.0,0.0,0.0,23.21,0.83,0.0
2023-07-02 06:10:00+00:00,2023-07-02 08:10:00+02:00,320.06,121.28,10.36,10.99,23.87,0.07,0.0
2023-07-02 07:10:00+00:00,2023-07-02 09:10:00+02:00,570.14,174.74,20.01,22.37,25.22,0.14,0.0
2023-07-02 08:10:00+00:00,2023-07-02 10:10:00+02:00,691.68,186.64,22.83,34.12,27.31,0.0,0.0
2023-07-02 09:10:00+00:00,2023-07-02 11:10:00+02:00,752.08,191.28,19.51,46.0,29.38,0.28,0.0
2023-07-02 10:10:00+00:00,2023-07-02 12:10:00+02:00,810.69,181.17,13.1,57.67,31.42,0.69,0.0
2023-07-02 11:10:00+00:00,2023-07-02 13:10:00+02:00,837.23,175.97,6.68,68.32,33.22,1.1,0.0
2023-07-02 12:10:00+00:00,2023-07-02 14:10:00+02:00,847.39,173.83,3.31,75.13,34.8,1.52,0.0
2023-07-02 13:10:00+00:00,2023-07-02 15:10:00+02:00,843.7,174.56,4.46,72.58,35.87,1.66,0.0
2023-07-02 14:10:00+00:00,2023-07-02 16:10:00+02:00,847.7,168.38,9.75,63.25,36.6,1.93,0.0
2023-07-02 15:10:00+00:00,2023-07-02 17:10:00+02:00,790.06,183.45,16.53,51.93,36.95,2.14,0.0
2023-07-02 16:10:00+00:00,2023-07-02 18:10:00+02:00,706.33,197.42,21.56,40.1,36.77,2.34,0.0
2023-07-02 17:10:00+00:00,2023-07-02 19:10:00+02:00,631.56,182.97,22.12,28.26,36.73,2.48,0.0
2023-07-02 18:10:00+00:00,2023-07-02 20:10:00+02:00,477.88,157.41,16.05,16.66,35.82,2.0,0.0
2023-07-02 19:10:00+00:00,2023-07-02 21:10:00+02:00,217.25,69.45,4.79,5.55,34.6,3.1,0.0
2023-07-02 20:10:00+00:00,2023-07-02 22:10:00+02:00,0.0,0.0,0.0,0.0,32.53,3.31,0.0
2023-07-02 21:10:00+00:00,2023-07-02 23:10:00+02:00,0.0,0.0,0.0,0.0,30.67,3.17,0.0
2023-07-02 22:10:00+00:00,2023-07-03 00:10:00+02:00,0.0,0.0,0.0,0.0,29.17,3.38,0.0
2023-07-02 23:10:00+00:00,2023-07-03 01:10:00+02:00,0.0,0.0,0.0,0.0,27.92,3.59,0.0
2023-07-03 00:10:00+00:00,2023-07-03 02:10:00+02:00,0.0,0.0,0.0,0.0,26.95,3.38,0.0
2023-07-03 01:10:00+00:00,2023-07-03 03:10:00+02:00,0.0,0.0,0.0,0.0,26.1,3.03,0.0
2023-07-03 02:10:00+00:00,2023-07-03 04:10:00+02:00,0.0,0.0,0.0,0.0,25.44,2.76,0.0
2023-07-03 03:10:00+00:00,2023-07-03 05:10:00+02:00,0.0,0.0,0.0,0.0,24.91,2.48,0.0
2023-07-03 04:10:00+00:00,2023-07-03 06:10:00+02:00,0.0,0.0,0.0,0.0,24.44,2.21,0.0
2023-07-03 05:10:00+00:00,2023-07-03 07:10:00+02:00,0.0,0.0,0.0,0.0,24.02,2.0,0.0
2023-07-03 06:10:00+00:00,2023-07-03 08:10:00+02:00,364.65,127.2,10.78,10.91,24.14,1.52,0.0
2023-07-03 07:10:00+00:00,2023-07-03 09:10:00+02:00,574.65,175.87,20.11,22.29,26.11,1.59,0.0
2023-07-03 08:10:00+00:00,2023-07-03 10:10:00+02:00,709.1,182.98,23.11,34.05,28.06,2.07,0.0
2023-07-03 09:10:00+00:00,2023-07-03 11:10:00+02:00,757.22,191.76,19.65,45.92,30.16,2.55,0.0
2023-07-03 10:10:00+00:00,2023-07-03 12:10:00+02:00,816.13,181.44,13.23,57.59,32.14,2.97,0.0
2023-07-03 11:10:00+00:00,2023-07-03 13:10:00+02:00,843.1,176.12,6.77,68.24,33.88,3.17,0.0
2023-07-03 12:10:00+00:00,2023-07-03 14:10:00+02:00,853.93,172.9,3.36,75.04,35.34,3.38,0.0
2023-07-03 13:10:00+00:00,2023-07-03 15:10:00+02:00,850.19,173.6,4.51,72.54,36.43,3.59,0.0
2023-07-03 14:10:00+00:00,2023-07-03 16:10:00+02:00,854.53,167.42,9.81,63.24,36.83,3.86,0.0
2023-07-03 15:10:00+00:00,2023-07-03 17:10:00+02:00,806.62,179.4,16.72,51.93,37.06,4.07,0.0
2023-07-03 16:10:00+00:00,2023-07-03 18:10:00+02:00,712.57,196.66,21.67,40.1,36.85,4.34,0.0
2023-07-03 17:10:00+00:00,2023-07-03 19:10:00+02:00,648.54,182.21,22.43,28.25,36.34,4.62,0.0
2023-07-03 18:10:00+00:00,2023-07-03 20:10:00+02:00,509.51,156.46,16.41,16.65,35.29,4.83,0.0
2023-07-03 19:10:00+00:00,2023-07-03 21:10:00+02:00,238.56,74.53,4.97,5.53,33.08,4.48,0.0
2023-07-03 20:10:00+00:00,2023-07-03 22:10:00+02:00,0.0,0.0,0.0,0.0,30.85,4.28,0.0
2023-07-03 21:10:00+00:00,2023-07-03 23:10:00+02:00,0.0,0.0,0.0,0.0,29.11,4.14,0.0
2023-07-03 22:10:00+00:00,2023-07-04 00:10:00+02:00,0.0,0.0,0.0,0.0,27.83,3.86,0.0
2023-07-03 23:10:00+00:00,2023-07-04 01:10:00+02:00,0.0,0.0,0.0,0.0,26.8,3.52,0.0
2023-07-04 00:10:00+00:00,2023-07-04 02:10:00+02:00,0.0,0.0,0.0,0.0,25.97,3.03,0.0
2023-07-04 01:10:00+00:00,2023-07-04 03:10:00+02:00,0.0,0.0,0.0,0.0,25.14,2.69,0.0
2023-07-04 02:10:00+00:00,2023-07-04 04:10:00+02:00,0.0,0.0,0.0,0.0,24.43,2.41,0.0
2023-07-04 03:10:00+00:00,2023-07-04 05:10:00+02:00,0.0,0.0,0.0,0.0,23.85,2.34,0.0
2023-07-04 04:10:00+00:00,2023-07-04 06:10:00+02:00,0.0,0.0,0.0,0.0,23.32,2.41,0.0
2023-07-04 05:10:00+00:00,2023-07-04 07:10:00+02:00,0.0,0.0,0.0,0.0,22.81,2.48,0.0
2023-07-04 06:10:00+00:00,2023-07-04 08:10:00+02:00,399.35,129.93,11.05,10.82,22.83,2.41,0.0
2023-07-04 07:10:00+00:00,2023-07-04 09:10:00+02:00,589.84,175.45,20.34,22.21,24.23,2.76,0.0
2023-07-04 08:10:00+00:00,2023-07-04 10:10:00+02:00,699.8,190.82,23.17,33.97,26.07,2.62,0.0
2023-07-04 09:10:00+00:00,2023-07-04 11:10:00+02:00,783.31,186.0,20.06,45.85,28.05,2.34,0.0
2023-07-04 10:10:00+00:00,2023-07-04 12:10:00+02:00,828.73,180.79,13.43,57.51,30.13,2.28,0.0
2023-07-04 11:10:00+00:00,2023-07-04 13:10:00+02:00,840.39,183.6,6.85,68.15,32.18,2.55,0.0
2023-07-04 12:10:00+00:00,2023-07-04 14:10:00+02:00,851.18,181.17,3.42,74.95,33.93,3.17,0.0
2023-07-04 13:10:00+00:00,2023-07-04 15:10:00+02:00,848.33,181.94,4.56,72.49,35.23,3.66,0.0
2023-07-04 14:10:00+00:00,2023-07-04 16:10:00+02:00,855.8,171.84,9.88,63.22,36.08,3.86,0.0
2023-07-04 15:10:00+00:00,2023-07-04 17:10:00+02:00,807.99,184.23,16.84,51.92,36.51,3.93,0.0
2023-07-04 16:10:00+00:00,2023-07-04 18:10:00+02:00,739.06,192.31,22.1,40.1,36.66,3.93,0.0
2023-07-04 17:10:00+00:00,2023-07-04 19:10:00+02:00,671.95,180.64,22.86,28.25,36.48,3.93,0.0
2023-07-04 18:10:00+00:00,2023-07-04 20:10:00+02:00,534.33,157.51,16.77,16.64,35.84,4.0,0.0
2023-07-04 19:10:00+00:00,2023-07-04 21:10:00+02:00,270.62,82.17,5.24,5.51,34.18,3.79,0.0
2023-07-04 20:10:00+00:00,2023-07-04 22:10:00+02:00,0.0,0.0,0.0,0.0,31.36,4.69,0.0
2023-07-04 21:10:00+00:00,2023-07-04 23:10:00+02:00,0.0,0.0,0.0,0.0,28.99,4.62,0.0
2023-07-04 22:10:00+00:00,2023-07-05 00:10:00+02:00,0.0,0.0,0.0,0.0,27.44,3.66,0.0
2023-07-04 23:10:00+00:00,2023-07-05 01:10:00+02:00,0.0,0.0,0.0,0.0,26.33,2.97,0.0
2023-07-05 00:10:00+00:00,2023-07-05 02:10:00+02:00,0.0,0.0,0.0,0.0,25.4,2.69,0.0
2023-07-05 01:10:00+00:00,2023-07-05 03:10:00+02:00,0.0,0.0,0.0,0.0,24.54,2.28,0.0
2023-07-05 02:10:00+00:00,2023-07-05 04:10:00+02:00,0.0,0.0,0.0,0.0,23.66,1.86,0.0
2023-07-05 03:10:00+00:00,2023-07-05 05:10:00+02:00,0.0,0.0,0.0,0.0,22.65,1.59,0.0
2023-07-05 04:10:00+00:00,2023-07-05 06:10:00+02:00,0.0,0.0,0.0,0.0,21.7,1.45,0.0
2023-07-05 05:10:00+00:00,2023-07-05 07:10:00+02:00,0.0,0.0,0.0,0.0,21.66,1.1,0.0
2023-07-05 06:10:00+00:00,2023-07-05 08:10:00+02:00,407.86,130.49,11.07,10.74,22.75,0.62,0.0
2023-07-05 07:10:00+00:00,2023-07-05 09:10:00+02:00,0.0,0.0,0.0,0.0,24.07,0.76,0.0
2023-07-05 08:10:00+00:00,2023-07-05 10:10:00+02:00,713.83,186.83,23.36,33.89,26.38,0.97,0.0
2023-07-05 09:10:00+00:00,2023-07-05 11:10:00+02:00,773.22,190.59,20.02,45.76,28.78,0.9,0.0
2023-07-05 10:10:00+00:00,2023-07-05 12:10:00+02:00,817.64,187.4,13.44,57.42,31.03,0.69,0.0
2023-07-05 11:10:00+00:00,2023-07-05 13:10:00+02:00,795.66,212.71,6.8,68.05,33.12,1.03,0.0
2023-07-05 12:10:00+00:00,2023-07-05 14:10:00+02:00,821.52,201.63,3.43,74.86,35.05,2.0,0.0
2023-07-05 13:10:00+00:00,2023-07-05 15:10:00+02:00,618.88,318.33,4.2,72.43,36.3,2.9,0.0
2023-07-05 14:10:00+00:00,2023-07-05 16:10:00+02:00,141.17,437.64,6.18,63.19,36.76,3.45,0.0
2023-07-05 15:10:00+00:00,2023-07-05 17:10:00+02:00,486.66,328.01,14.59,51.91,36.99,4.28,0.0
2023-07-05 16:10:00+00:00,2023-07-05 18:10:00+02:00,742.33,191.28,22.15,40.08,36.68,4.9,0.0
2023-07-05 17:10:00+00:00,2023-07-05 19:10:00+02:00,665.88,183.01,22.82,28.23,35.87,5.24,0.0
2023-07-05 18:10:00+00:00,2023-07-05 20:10:00+02:00,527.87,160.22,16.78,16.62,34.59,4.83,0.0
2023-07-05 19:10:00+00:00,2023-07-05 21:10:00+02:00,271.82,82.45,5.25,5.49,32.67,4.0,0.0
2023-07-05 20:10:00+00:00,2023-07-05 22:10:00+02:00,0.0,0.0,0.0,0.0,30.32,3.86,0.0
2023-07-05 21:10:00+00:00,2023-07-05 23:10:00+02:00,0.0,0.0,0.0,0.0,28.46,3.72,0.0
2023-07-05 22:10:00+00:00,2023-07-06 00:10:00+02:00,0.0,0.0,0.0,0.0,26.93,3.45,0.0
2023-07-05 23:10:00+00:00,2023-07-06 01:10:00+02:00,0.0,0.0,0.0,0.0,25.74,3.03,0.0
2023-07-06 00:10:00+00:00,2023-07-06 02:10:00+02:00,0.0,0.0,0.0,0.0,24.76,2.55,0.0
2023-07-06 01:10:00+00:00,2023-07-06 03:10:00+02:00,0.0,0.0,0.0,0.0,24.03,2.21,0.0
2023-07-06 02:10:00+00:00,2023-07-06 04:10:00+02:00,0.0,0.0,0.0,0.0,23.43,1.93,0.0
2023-07-06 03:10:00+00:00,2023-07-06 05:10:00+02:00,0.0,0.0,0.0,0.0,22.78,1.66,0.0
2023-07-06 04:10:00+00:00,2023-07-06 06:10:00+02:00,0.0,0.0,0.0,0.0,21.95,1.38,0.0
2023-07-06 05:10:00+00:00,2023-07-06 07:10:00+02:00,0.0,0.0,0.0,0.0,21.61,1.24,0.0
2023-07-06 06:10:00+00:00,2023-07-06 08:10:00+02:00,389.58,127.04,10.76,10.65,21.49,1.24,0.0
2023-07-06 07:10:00+00:00,2023-07-06 09:10:00+02:00,596.76,172.32,20.3,22.05,23.79,0.62,0.0
2023-07-06 08:10:00+00:00,2023-07-06 10:10:00+02:00,702.79,185.94,23.11,33.8,25.98,0.76,0.0
2023-07-06 09:10:00+00:00,2023-07-06 11:10:00+02:00,761.74,191.31,19.86,45.68,28.05,0.76,0.0
2023-07-06 10:10:00+00:00,2023-07-06 12:10:00+02:00,791.11,196.88,13.28,57.34,30.16,1.31,0.0
2023-07-06 11:10:00+00:00,2023-07-06 13:10:00+02:00,801.6,203.38,6.83,67.96,32.12,2.07,0.0
2023-07-06 12:10:00+00:00,2023-07-06 14:10:00+02:00,827.1,192.48,3.47,74.76,33.65,2.76,0.0
2023-07-06 13:10:00+00:00,2023-07-06 15:10:00+02:00,840.5,181.97,4.59,72.37,34.65,3.38,0.0
2023-07-06 14:10:00+00:00,2023-07-06 16:10:00+02:00,836.05,178.1,9.79,63.16,35.23,3.72,0.0
2023-07-06 15:10:00+00:00,2023-07-06 17:10:00+02:00,800.72,182.79,16.72,51.89,35.44,3.93,0.0
2023-07-06 16:10:00+00:00,2023-07-06 18:10:00+02:00,716.16,198.37,21.8,40.07,35.2,4.0,0.0
2023-07-06 17:10:00+00:00,2023-07-06 19:10:00+02:00,653.56,181.47,22.51,28.22,34.63,4.0,0.0
2023-07-06 18:10:00+00:00,2023-07-06 20:10:00+02:00,521.55,157.24,16.57,16.6,33.65,3.86,0.0
2023-07-06 19:10:00+00:00,2023-07-06 21:10:00+02:00,252.25,77.78,5.07,5.46,32.2,2.97,0.0
2023-07-06 20:10:00+00:00,2023-07-06 22:10:00+02:00,0.0,0.0,0.0,0.0,30.11,2.9,0.0
2023-07-06 21:10:00+00:00,2023-07-06 23:10:00+02:00,0.0,0.0,0.0,0.0,28.4,2.9,0.0
2023-07-06 22:10:00+00:00,2023-07-07 00:10:00+02:00,0.0,0.0,0.0,0.0,26.94,2.83,0.0
2023-07-06 23:10:00+00:00,2023-07-07 01:10:00+02:00,0.0,0.0,0.0,0.0,25.74,2.55,0.0
2023-07-07 00:10:00+00:00,2023-07-07 02:10:00+02:00,0.0,0.0,0.0,0.0,24.82,2.21,0.0
2023-07-07 01:10:00+00:00,2023-07-07 03:10:00+02:00,0.0,0.0,0.0,0.0,24.08,2.0,0.0
2023-07-07 02:10:00+00:00,2023-07-07 04:10:00+02:00,0.0,0.0,0.0,0.0,23.44,1.86,0.0
2023-07-07 03:10:00+00:00,2023-07-07 05:10:00+02:00,0.0,0.0,0.0,0.0,22.85,1.66,0.0
2023-07-07 04:10:00+00:00,2023-07-07 06:10:00+02:00,0.0,0.0,0.0,0.0,22.16,1.24,0.0
2023-07-07 05:10:00+00:00,2023-07-07 07:10:00+02:00,0.0,0.0,0.0,0.0,22.21,0.9,0.0
2023-07-07 06:10:00+00:00,2023-07-07 08:10:00+02:00,398.38,129.89,10.86,10.56,22.36,0.69,0.0
2023-07-07 07:10:00+00:00,2023-07-07 09:10:00+02:00,599.03,173.12,20.35,21.96,24.16,0.69,0.0
2023-07-07 08:10:00+00:00,2023-07-07 10:10:00+02:00,706.17,185.12,23.18,33.72,26.11,1.59,0.0
2023-07-07 09:10:00+00:00,2023-07-07 11:10:00+02:00,778.26,184.97,20.08,45.6,27.8,2.14,0.0
2023-07-07 10:10:00+00:00,2023-07-07 12:10:00+02:00,809.75,188.55,13.47,57.25,29.49,2.55,0.0
2023-07-07 11:10:00+00:00,2023-07-07 13:10:00+02:00,850.75,175.51,7.03,67.86,31.1,3.17,0.0
2023-07-07 12:10:00+00:00,2023-07-07 14:10:00+02:00,847.24,181.36,3.54,74.65,32.39,3.72,0.0
2023-07-07 13:10:00+00:00,2023-07-07 15:10:00+02:00,827.18,193.35,4.61,72.3,33.45,4.14,0.0
2023-07-07 14:10:00+00:00,2023-07-07 16:10:00+02:00,839.68,178.21,9.85,63.13,34.1,4.55,0.0
2023-07-07 15:10:00+00:00,2023-07-07 17:10:00+02:00,804.79,183.0,16.8,51.86,34.23,4.97,0.0
2023-07-07 16:10:00+00:00,2023-07-07 18:10:00+02:00,735.11,192.11,22.04,40.05,33.88,5.38,0.0
2023-07-07 17:10:00+00:00,2023-07-07 19:10:00+02:00,658.26,182.17,22.63,28.19,32.89,5.66,0.0
2023-07-07 18:10:00+00:00,2023-07-07 20:10:00+02:00,532.88,157.66,16.73,16.57,31.32,5.52,0.0
2023-07-07 19:10:00+00:00,2023-07-07 21:10:00+02:00,253.84,78.15,5.07,5.43,29.11,4.48,0.0
2023-07-07 20:10:00+00:00,2023-07-07 22:10:00+02:00,0.0,0.0,0.0,0.0,27.15,4.28,0.0
2023-07-07 21:10:00+00:00,2023-07-07 23:10:00+02:00,0.0,0.0,0.0,0.0,25.48,3.72,0.0
2023-07-07 22:10:00+00:00,2023-07-08 00:10:00+02:00,0.0,0.0,0.0,0.0,24.11,3.1,0.0
2023-07-07 23:10:00+00:00,2023-07-08 01:10:00+02:00,0.0,0.0,0.0,0.0,23.03,2.83,0.0
2023-07-08 00:10:00+00:00,2023-07-08 02:10:00+02:00,0.0,0.0,0.0,0.0,22.25,2.55,0.0
2023-07-08 01:10:00+00:00,2023-07-08 03:10:00+02:00,0.0,0.0,0.0,0.0,21.68,2.21,0.0
2023-07-08 02:10:00+00:00,2023-07-08 04:10:00+02:00,0.0,0.0,0.0,0.0,21.2,2.0,0.0
2023-07-08 03:10:00+00:00,2023-07-08 05:10:00+02:00,0.0,0.0,0.0,0.0,20.76,1.79,0.0
2023-07-08 04:10:00+00:00,2023-07-08 06:10:00+02:00,0.0,0.0,0.0,0.0,20.27,1.66,0.0
2023-07-08 05:10:00+00:00,2023-07-08 07:10:00+02:00,0.0,0.0,0.0,0.0,19.76,1.45,0.0
2023-07-08 06:10:00+00:00,2023-07-08 08:10:00+02:00,423.96,129.93,10.97,10.46,19.85,1.24,0.0
2023-07-08 07:10:00+00:00,2023-07-08 09:10:00+02:00,617.49,173.08,20.65,21.87,21.65,0.62,0.0
2023-07-08 08:10:00+00:00,2023-07-08 10:10:00+02:00,724.04,184.34,23.56,33.63,23.83,0.28,0.0
2023-07-08 09:10:00+00:00,2023-07-08 11:10:00+02:00,786.44,185.63,20.3,45.51,26.14,0.55,0.0
2023-07-08 10:10:00+00:00,2023-07-08 12:10:00+02:00,803.45,196.44,13.56,57.15,28.51,0.48,0.0
2023-07-08 11:10:00+00:00,2023-07-08 13:10:00+02:00,844.91,184.05,7.11,67.75,30.58,0.28,0.0
2023-07-08 12:10:00+00:00,2023-07-08 14:10:00+02:00,839.4,191.7,3.6,74.53,32.35,1.1,0.0
2023-07-08 13:10:00+00:00,2023-07-08 15:10:00+02:00,852.74,181.15,4.71,72.22,33.6,1.79,0.0
2023-07-08 14:10:00+00:00,2023-07-08 16:10:00+02:00,848.97,177.34,9.96,63.08,34.44,2.28,0.0
2023-07-08 15:10:00+00:00,2023-07-08 17:10:00+02:00,814.0,182.24,16.95,51.84,34.92,2.69,0.0
2023-07-08 16:10:00+00:00,2023-07-08 18:10:00+02:00,744.81,191.63,22.23,40.02,35.04,2.97,0.0
2023-07-08 17:10:00+00:00,2023-07-08 19:10:00+02:00,667.29,183.44,22.86,28.17,34.76,3.17,0.0
2023-07-08 18:10:00+00:00,2023-07-08 20:10:00+02:00,547.91,158.75,16.95,16.54,34.09,3.24,0.0
2023-07-08 19:10:00+00:00,2023-07-08 21:10:00+02:00,287.65,80.81,5.16,5.39,32.73,3.17,0.0
2023-07-08 20:10:00+00:00,2023-07-08 22:10:00+02:00,0.0,0.0,0.0,0.0,30.47,3.38,0.0
2023-07-08 21:10:00+00:00,2023-07-08 23:10:00+02:00,0.0,0.0,0.0,0.0,28.5,3.45,0.0
2023-07-08 22:10:00+00:00,2023-07-09 00:10:00+02:00,0.0,0.0,0.0,0.0,26.95,3.24,0.0
2023-07-08 23:10:00+00:00,2023-07-09 01:10:00+02:00,0.0,0.0,0.0,0.0,25.82,2.97,0.0
2023-07-09 00:10:00+00:00,2023-07-09 02:10:00+02:00,0.0,0.0,0.0,0.0,24.96,2.48,0.0
2023-07-09 01:10:00+00:00,2023-07-09 03:10:00+02:00,0.0,0.0,0.0,0.0,24.23,2.0,0.0
2023-07-09 02:10:00+00:00,2023-07-09 04:10:00+02:00,0.0,0.0,0.0,0.0,23.49,1.72,0.0
2023-07-09 03:10:00+00:00,2023-07-09 05:10:00+02:00,0.0,0.0,0.0,0.0,22.65,1.17,0.0
2023-07-09 04:10:00+00:00,2023-07-09 06:10:00+02:00,0.0,0.0,0.0,0.0,22.92,0.62,0.0
2023-07-09 05:10:00+00:00,2023-07-09 07:10:00+02:00,0.0,0.0,0.0,0.0,22.67,0.55,0.0
2023-07-09 06:10:00+00:00,2023-07-09 08:10:00+02:00,372.32,125.41,10.41,10.37,22.64,0.21,0.0
2023-07-09 07:10:00+00:00,2023-07-09 09:10:00+02:00,587.64,172.17,20.07,21.78,24.91,1.31,0.0
2023-07-09 08:10:00+00:00,2023-07-09 10:10:00+02:00,689.56,189.62,23.0,33.54,27.35,2.34,0.0
2023-07-09 09:10:00+00:00,2023-07-09 11:10:00+02:00,762.39,191.9,20.03,45.42,29.66,2.28,0.0
2023-07-09 10:10:00+00:00,2023-07-09 12:10:00+02:00,792.4,197.34,13.49,57.06,31.82,1.93,0.0
2023-07-09 11:10:00+00:00,2023-07-09 13:10:00+02:00,833.67,184.01,7.1,67.64,33.77,1.52,0.0
2023-07-09 12:10:00+00:00,2023-07-09 14:10:00+02:00,828.47,192.74,3.62,74.41,35.27,1.03,0.0
2023-07-09 13:10:00+00:00,2023-07-09 15:10:00+02:00,841.58,182.16,4.71,72.14,36.42,0.48,0.0
2023-07-09 14:10:00+00:00,2023-07-09 16:10:00+02:00,836.98,178.26,9.88,63.04,37.18,0.55,0.0
2023-07-09 15:10:00+00:00,2023-07-09 17:10:00+02:00,788.92,190.72,16.72,51.8,37.76,1.03,0.0
2023-07-09 16:10:00+00:00,2023-07-09 18:10:00+02:00,704.81,204.1,21.76,40.0,37.99,1.45,0.0
2023-07-09 17:10:00+00:00,2023-07-09 19:10:00+02:00,631.92,188.01,22.3,28.14,37.91,1.79,0.0
2023-07-09 18:10:00+00:00,2023-07-09 20:10:00+02:00,482.21,159.25,16.11,16.51,37.4,2.14,0.0
2023-07-09 19:10:00+00:00,2023-07-09 21:10:00+02:00,182.62,63.05,4.53,5.34,36.04,2.07,0.0
2023-07-09 20:10:00+00:00,2023-07-09 22:10:00+02:00,0.0,0.0,0.0,0.0,34.01,2.28,0.0
2023-07-09 21:10:00+00:00,2023-07-09 23:10:00+02:00,0.0,0.0,0.0,0.0,32.44,2.28,0.0
2023-07-09 22:10:00+00:00,2023-07-10 00:10:00+02:00,0.0,0.0,0.0,0.0,31.04,2.0,0.0
2023-07-09 23:10:00+00:00,2023-07-10 01:10:00+02:00,0.0,0.0,0.0,0.0,29.59,1.45,0.0
2023-07-10 00:10:00+00:00,2023-07-10 02:10:00+02:00,0.0,0.0,0.0,0.0,28.12,1.52,0.0
2023-07-10 01:10:00+00:00,2023-07-10 03:10:00+02:00,0.0,0.0,0.0,0.0,26.92,1.45,0.0
2023-07-10 02:10:00+00:00,2023-07-10 04:10:00+02:00,0.0,0.0,0.0,0.0,26.46,1.17,0.0
2023-07-10 03:10:00+00:00,2023-07-10 05:10:00+02:00,0.0,0.0,0.0,0.0,26.53,0.9,0.0
2023-07-10 04:10:00+00:00,2023-07-10 06:10:00+02:00,0.0,0.0,0.0,0.0,25.95,0.83,0.0
2023-07-10 05:10:00+00:00,2023-07-10 07:10:00+02:00,0.0,0.0,0.0,0.0,24.42,1.1,0.0
2023-07-10 06:10:00+00:00,2023-07-10 08:10:00+02:00,308.58,118.22,9.78,10.27,23.59,1.17,0.0
2023-07-10 07:10:00+00:00,2023-07-10 09:10:00+02:00,498.06,184.14,19.04,21.68,26.48,0.76,0.0
2023-07-10 08:10:00+00:00,2023-07-10 10:10:00+02:00,645.89,201.74,22.49,33.45,29.6,0.48,0.0
2023-07-10 09:10:00+00:00,2023-07-10 11:10:00+02:00,712.98,212.33,19.62,45.32,32.17,0.69,0.0
2023-07-10 10:10:00+00:00,2023-07-10 12:10:00+02:00,771.81,205.81,13.41,56.96,34.58,1.03,0.0
2023-07-10 11:10:00+00:00,2023-07-10 13:10:00+02:00,812.7,194.45,7.09,67.53,36.72,1.66,0.0
2023-07-10 12:10:00+00:00,2023-07-10 14:10:00+02:00,808.21,201.96,3.64,74.29,38.38,2.0,0.0
2023-07-10 13:10:00+00:00,2023-07-10 15:10:00+02:00,804.16,202.69,4.68,72.05,39.51,2.28,0.0
2023-07-10 14:10:00+00:00,2023-07-10 16:10:00+02:00,786.86,205.59,9.71,62.98,40.4,2.55,0.0
2023-07-10 15:10:00+00:00,2023-07-10 17:10:00+02:00,696.39,235.03,16.09,51.76,40.86,2.55,0.0
2023-07-10 16:10:00+00:00,2023-07-10 18:10:00+02:00,597.88,241.31,20.68,39.96,41.06,2.76,0.0
2023-07-10 17:10:00+00:00,2023-07-10 19:10:00+02:00,473.43,218.56,20.47,28.1,40.66,2.83,0.0
2023-07-10 18:10:00+00:00,2023-07-10 20:10:00+02:00,359.89,158.22,14.76,16.46,39.55,2.97,0.0
2023-07-10 19:10:00+00:00,2023-07-10 21:10:00+02:00,97.58,42.07,3.81,5.29,37.13,2.69,0.0
2023-07-10 20:10:00+00:00,2023-07-10 22:10:00+02:00,0.0,0.0,0.0,0.0,34.58,2.76,0.0
2023-07-10 21:10:00+00:00,2023-07-10 23:10:00+02:00,0.0,0.0,0.0,0.0,32.72,2.76,0.0
2023-07-10 22:10:00+00:00,2023-07-11 00:10:00+02:00,0.0,0.0,0.0,0.0,31.07,2.76,0.0
2023-07-10 23:10:00+00:00,2023-07-11 01:10:00+02:00,0.0,0.0,0.0,0.0,29.69,2.83,0.0
2023-07-11 00:10:00+00:00,2023-07-11 02:10:00+02:00,0.0,0.0,0.0,0.0,28.58,2.69,0.0
2023-07-11 01:10:00+00:00,2023-07-11 03:10:00+02:00,0.0,0.0,0.0,0.0,27.79,2.34,0.0
2023-07-11 02:10:00+00:00,2023-07-11 04:10:00+02:00,0.0,0.0,0.0,0.0,26.96,1.86,0.0
2023-07-11 03:10:00+00:00,2023-07-11 05:10:00+02:00,0.0,0.0,0.0,0.0,26.27,1.59,0.0
2023-07-11 04:10:00+00:00,2023-07-11 06:10:00+02:00,0.0,0.0,0.0,0.0,25.22,1.38,0.0
2023-07-11 05:10:00+00:00,2023-07-11 07:10:00+02:00,0.0,0.0,0.0,0.0,24.62,1.1,0.0
2023-07-11 06:10:00+00:00,2023-07-11 08:10:00+02:00,271.99,111.13,9.31,10.16,24.25,1.17,0.0
2023-07-11 07:10:00+00:00,2023-07-11 09:10:00+02:00,394.18,188.53,17.76,21.58,26.66,1.66,0.0
2023-07-11 08:10:00+00:00,2023-07-11 10:10:00+02:00,571.11,223.16,21.7,33.35,28.64,2.0,0.0
2023-07-11 09:10:00+00:00,2023-07-11 11:10:00+02:00,683.16,224.92,19.41,45.23,30.67,2.28,0.0
2023-07-11 10:10:00+00:00,2023-07-11 12:10:00+02:00,754.79,213.22,13.36,56.86,32.51,2.41,0.0
2023-07-11 11:10:00+00:00,2023-07-11 13:10:00+02:00,794.98,203.84,7.1,67.41,34.23,2.76,0.0
2023-07-11 12:10:00+00:00,2023-07-11 14:10:00+02:00,790.03,212.21,3.67,74.15,35.82,3.17,0.0
2023-07-11 13:10:00+00:00,2023-07-11 15:10:00+02:00,818.28,192.51,4.74,71.95,37.07,3.59,0.0
2023-07-11 14:10:00+00:00,2023-07-11 16:10:00+02:00,785.03,204.53,9.72,62.92,37.99,3.72,0.0
2023-07-11 15:10:00+00:00,2023-07-11 17:10:00+02:00,722.28,221.56,16.27,51.72,38.54,3.79,0.0
2023-07-11 16:10:00+00:00,2023-07-11 18:10:00+02:00,645.11,224.18,21.14,39.92,38.78,4.0,0.0
2023-07-11 17:10:00+00:00,2023-07-11 19:10:00+02:00,544.21,206.96,21.29,28.06,38.35,4.0,0.0
2023-07-11 18:10:00+00:00,2023-07-11 20:10:00+02:00,389.17,157.82,14.99,16.42,37.39,3.72,0.0
2023-07-11 19:10:00+00:00,2023-07-11 21:10:00+02:00,153.38,54.12,4.18,5.24,35.87,3.17,0.0
2023-07-11 20:10:00+00:00,2023-07-11 22:10:00+02:00,0.0,0.0,0.0,0.0,33.38,3.17,0.0
2023-07-11 21:10:00+00:00,2023-07-11 23:10:00+02:00,0.0,0.0,0.0,0.0,31.3,3.24,0.0
2023-07-11 22:10:00+00:00,2023-07-12 00:10:00+02:00,0.0,0.0,0.0,0.0,29.57,2.97,0.0
2023-07-11 23:10:00+00:00,2023-07-12 01:10:00+02:00,0.0,0.0,0.0,0.0,28.25,2.76,0.0
2023-07-12 00:10:00+00:00,2023-07-12 02:10:00+02:00,0.0,0.0,0.0,0.0,27.28,2.41,0.0
2023-07-12 01:10:00+00:00,2023-07-12 03:10:00+02:00,0.0,0.0,0.0,0.0,26.34,2.07,0.0
2023-07-12 02:10:00+00:00,2023-07-12 04:10:00+02:00,0.0,0.0,0.0,0.0,25.43,1.79,0.0
2023-07-12 03:10:00+00:00,2023-07-12 05:10:00+02:00,0.0,0.0,0.0,0.0,24.38,1.45,0.0
2023-07-12 04:10:00+00:00,2023-07-12 06:10:00+02:00,0.0,0.0,0.0,0.0,23.7,1.24,0.0
2023-07-12 05:10:00+00:00,2023-07-12 07:10:00+02:00,0.0,0.0,0.0,0.0,23.4,1.1,0.0
2023-07-12 06:10:00+00:00,2023-07-12 08:10:00+02:00,377.85,127.33,10.32,10.06,23.57,0.83,0.0
2023-07-12 07:10:00+00:00,2023-07-12 09:10:00+02:00,595.24,176.63,20.28,21.48,25.23,0.62,0.0
2023-07-12 08:10:00+00:00,2023-07-12 10:10:00+02:00,720.28,186.59,23.62,33.26,28.01,0.83,0.0
2023-07-12 09:10:00+00:00,2023-07-12 11:10:00+02:00,780.26,191.12,20.5,45.13,30.55,1.17,0.0
2023-07-12 10:10:00+00:00,2023-07-12 12:10:00+02:00,809.48,197.25,13.91,56.76,32.85,0.76,0.0
2023-07-12 11:10:00+00:00,2023-07-12 13:10:00+02:00,835.78,192.91,7.38,67.29,34.86,0.83,0.0
2023-07-12 12:10:00+00:00,2023-07-12 14:10:00+02:00,830.1,201.31,3.84,74.01,36.67,2.0,0.0
2023-07-12 13:10:00+00:00,2023-07-12 15:10:00+02:00,842.97,192.83,4.91,71.84,37.94,2.9,0.0
2023-07-12 14:10:00+00:00,2023-07-12 16:10:00+02:00,825.94,194.65,10.05,62.86,38.73,3.45,0.0
2023-07-12 15:10:00+00:00,2023-07-12 17:10:00+02:00,792.87,198.24,17.0,51.67,39.11,3.72,0.0
2023-07-12 16:10:00+00:00,2023-07-12 18:10:00+02:00,751.75,192.56,22.46,39.88,39.1,3.86,0.0
2023-07-12 17:10:00+00:00,2023-07-12 19:10:00+02:00,664.23,186.73,22.91,28.02,38.75,4.0,0.0
2023-07-12 18:10:00+00:00,2023-07-12 20:10:00+02:00,553.59,160.97,17.02,16.37,37.75,3.59,0.0
2023-07-12 19:10:00+00:00,2023-07-12 21:10:00+02:00,254.89,73.44,4.82,5.18,36.27,2.76,0.0
2023-07-12 20:10:00+00:00,2023-07-12 22:10:00+02:00,0.0,0.0,0.0,0.0,33.66,2.69,0.0
2023-07-12 21:10:00+00:00,2023-07-12 23:10:00+02:00,0.0,0.0,0.0,0.0,31.83,2.21,0.0
2023-07-12 22:10:00+00:00,2023-07-13 00:10:00+02:00,0.0,0.0,0.0,0.0,30.35,1.79,0.0
2023-07-12 23:10:00+00:00,2023-07-13 01:10:00+02:00,0.0,0.0,0.0,0.0,28.54,1.52,0.0
2023-07-13 00:10:00+00:00,2023-07-13 02:10:00+02:00,0.0,0.0,0.0,0.0,27.62,1.24,0.0
2023-07-13 01:10:00+00:00,2023-07-13 03:10:00+02:00,0.0,0.0,0.0,0.0,27.05,1.17,0.0
2023-07-13 02:10:00+00:00,2023-07-13 04:10:00+02:00,0.0,0.0,0.0,0.0,26.29,1.17,0.0
2023-07-13 03:10:00+00:00,2023-07-13 05:10:00+02:00,0.0,0.0,0.0,0.0,26.2,1.1,0.0
2023-07-13 04:10:00+00:00,2023-07-13 06:10:00+02:00,0.0,0.0,0.0,0.0,26.02,1.1,0.0
2023-07-13 05:10:00+00:00,2023-07-13 07:10:00+02:00,0.0,0.0,0.0,0.0,25.01,1.17,0.0
2023-07-13 06:10:00+00:00,2023-07-13 08:10:00+02:00,422.39,129.78,10.59,9.95,25.33,0.97,0.0
2023-07-13 07:10:00+00:00,2023-07-13 09:10:00+02:00,617.14,172.0,20.46,21.38,25.58,0.07,0.0
2023-07-13 08:10:00+00:00,2023-07-13 10:10:00+02:00,716.69,186.53,23.56,33.16,28.53,0.55,0.0
2023-07-13 09:10:00+00:00,2023-07-13 11:10:00+02:00,775.95,192.32,20.5,45.03,30.8,0.62,0.0
2023-07-13 10:10:00+00:00,2023-07-13 12:10:00+02:00,806.88,196.18,13.93,56.65,32.98,0.28,0.0
2023-07-13 11:10:00+00:00,2023-07-13 13:10:00+02:00,832.2,194.06,7.44,67.17,34.72,0.41,0.0
2023-07-13 12:10:00+00:00,2023-07-13 14:10:00+02:00,827.57,201.4,3.9,73.87,36.15,1.17,0.0
2023-07-13 13:10:00+00:00,2023-07-13 15:10:00+02:00,840.34,191.86,4.95,71.73,37.29,1.79,0.0
2023-07-13 14:10:00+00:00,2023-07-13 16:10:00+02:00,838.83,186.26,10.14,62.79,38.06,2.28,0.0
2023-07-13 15:10:00+00:00,2023-07-13 17:10:00+02:00,817.69,183.95,17.18,51.62,38.44,2.55,0.0
2023-07-13 16:10:00+00:00,2023-07-13 18:10:00+02:00,749.39,191.15,22.4,39.83,38.52,2.83,0.0
2023-07-13 17:10:00+00:00,2023-07-13 19:10:00+02:00,671.72,183.23,22.94,27.97,38.13,2.97,0.0
2023-07-13 18:10:00+00:00,2023-07-13 20:10:00+02:00,566.11,157.65,17.04,16.31,37.31,2.9,0.0
2023-07-13 19:10:00+00:00,2023-07-13 21:10:00+02:00,280.57,76.52,4.92,5.11,35.48,3.17,0.0
2023-07-13 20:10:00+00:00,2023-07-13 22:10:00+02:00,0.0,0.0,0.0,0.0,32.82,3.59,0.0
2023-07-13 21:10:00+00:00,2023-07-13 23:10:00+02:00,0.0,0.0,0.0,0.0,30.61,3.38,0.0
2023-07-13 22:10:00+00:00,2023-07-14 00:10:00+02:00,0.0,0.0,0.0,0.0,29.03,3.03,0.0
2023-07-13 23:10:00+00:00,2023-07-14 01:10:00+02:00,0.0,0.0,0.0,0.0,27.86,2.97,0.0
2023-07-14 00:10:00+00:00,2023-07-14 02:10:00+02:00,0.0,0.0,0.0,0.0,26.99,2.69,0.0
2023-07-14 01:10:00+00:00,2023-07-14 03:10:00+02:00,0.0,0.0,0.0,0.0,26.35,2.21,0.0
2023-07-14 02:10:00+00:00,2023-07-14 04:10:00+02:00,0.0,0.0,0.0,0.0,25.68,1.79,0.0
2023-07-14 03:10:00+00:00,2023-07-14 05:10:00+02:00,0.0,0.0,0.0,0.0,24.69,1.52,0.0
2023-07-14 04:10:00+00:00,2023-07-14 06:10:00+02:00,0.0,0.0,0.0,0.0,23.77,1.38,0.0
2023-07-14 05:10:00+00:00,2023-07-14 07:10:00+02:00,0.0,0.0,0.0,0.0,23.35,1.31,0.0
2023-07-14 06:10:00+00:00,2023-07-14 08:10:00+02:00,397.8,125.2,10.2,9.84,23.18,1.24,0.0
2023-07-14 07:10:00+00:00,2023-07-14 09:10:00+02:00,597.96,171.18,20.07,21.28,25.71,1.59,0.0
2023-07-14 08:10:00+00:00,2023-07-14 10:10:00+02:00,705.78,185.69,23.32,33.06,27.59,2.21,0.0
2023-07-14 09:10:00+00:00,2023-07-14 11:10:00+02:00,778.74,186.38,20.47,44.93,29.62,2.41,0.0
2023-07-14 10:10:00+00:00,2023-07-14 12:10:00+02:00,797.1,197.15,13.89,56.54,31.58,2.41,0.0
2023-07-14 11:10:00+00:00,2023-07-14 13:10:00+02:00,823.21,194.05,7.45,67.04,33.43,2.55,0.0
2023-07-14 12:10:00+00:00,2023-07-14 14:10:00+02:00,818.83,201.44,3.93,73.72,35.06,2.97,0.0
2023-07-14 13:10:00+00:00,2023-07-14 15:10:00+02:00,847.23,182.63,5.0,71.62,36.24,3.52,0.0
2023-07-14 14:10:00+00:00,2023-07-14 16:10:00+02:00,843.9,177.68,10.15,62.71,36.93,4.0,0.0
2023-07-14 15:10:00+00:00,2023-07-14 17:10:00+02:00,808.14,183.65,17.06,51.56,37.15,4.34,0.0
2023-07-14 16:10:00+00:00,2023-07-14 18:10:00+02:00,751.79,186.12,22.33,39.78,36.87,4.69,0.0
2023-07-14 17:10:00+00:00,2023-07-14 19:10:00+02:00,679.35,179.7,22.98,27.91,36.1,4.83,0.0
2023-07-14 18:10:00+00:00,2023-07-14 20:10:00+02:00,543.16,157.79,16.71,16.25,34.8,4.83,0.0
2023-07-14 19:10:00+00:00,2023-07-14 21:10:00+02:00,250.34,69.97,4.65,5.04,32.64,4.62,0.0
2023-07-14 20:10:00+00:00,2023-07-14 22:10:00+02:00,0.0,0.0,0.0,0.0,30.25,4.21,0.0
2023-07-14 21:10:00+00:00,2023-07-14 23:10:00+02:00,0.0,0.0,0.0,0.0,28.41,3.86,0.0
2023-07-14 22:10:00+00:00,2023-07-15 00:10:00+02:00,0.0,0.0,0.0,0.0,27.06,3.52,0.0
2023-07-14 23:10:00+00:00,2023-07-15 01:10:00+02:00,0.0,0.0,0.0,0.0,26.03,3.1,0.0
2023-07-15 00:10:00+00:00,2023-07-15 02:10:00+02:00,0.0,0.0,0.0,0.0,25.2,2.83,0.0
2023-07-15 01:10:00+00:00,2023-07-15 03:10:00+02:00,0.0,0.0,0.0,0.0,24.52,2.62,0.0
2023-07-15 02:10:00+00:00,2023-07-15 04:10:00+02:00,0.0,0.0,0.0,0.0,23.93,2.34,0.0
2023-07-15 03:10:00+00:00,2023-07-15 05:10:00+02:00,0.0,0.0,0.0,0.0,23.44,2.21,0.0
2023-07-15 04:10:00+00:00,2023-07-15 06:10:00+02:00,0.0,0.0,0.0,0.0,22.95,2.14,0.0
2023-07-15 05:10:00+00:00,2023-07-15 07:10:00+02:00,0.0,0.0,0.0,0.0,22.52,2.21,0.0
2023-07-15 06:10:00+00:00,2023-07-15 08:10:00+02:00,390.51,124.55,10.05,9.73,22.53,2.14,0.0
2023-07-15 07:10:00+00:00,2023-07-15 09:10:00+02:00,600.8,170.44,20.06,21.17,24.14,2.21,0.0
2023-07-15 08:10:00+00:00,2023-07-15 10:10:00+02:00,711.4,183.7,23.39,32.96,25.99,2.0,0.0
2023-07-15 09:10:00+00:00,2023-07-15 11:10:00+02:00,775.89,186.42,20.47,44.83,27.86,1.93,0.0
2023-07-15 10:10:00+00:00,2023-07-15 12:10:00+02:00,810.12,188.63,14.01,56.43,29.79,2.48,0.0
2023-07-15 11:10:00+00:00,2023-07-15 13:10:00+02:00,820.75,194.15,7.51,66.91,31.49,3.17,0.0
2023-07-15 12:10:00+00:00,2023-07-15 14:10:00+02:00,831.99,192.37,4.02,73.57,32.7,3.66,0.0
2023-07-15 13:10:00+00:00,2023-07-15 15:10:00+02:00,828.86,193.0,5.02,71.49,33.59,4.14,0.0
2023-07-15 14:10:00+00:00,2023-07-15 16:10:00+02:00,841.15,178.82,10.19,62.63,34.13,4.48,0.0
2023-07-15 15:10:00+00:00,2023-07-15 17:10:00+02:00,806.3,183.68,17.07,51.5,34.37,4.62,0.0
2023-07-15 16:10:00+00:00,2023-07-15 18:10:00+02:00,758.97,182.8,22.42,39.72,34.23,4.62,0.0
2023-07-15 17:10:00+00:00,2023-07-15 19:10:00+02:00,676.41,177.98,22.86,27.85,33.83,4.48,0.0
2023-07-15 18:10:00+00:00,2023-07-15 20:10:00+02:00,530.96,157.86,16.52,16.18,33.12,4.41,0.0
2023-07-15 19:10:00+00:00,2023-07-15 21:10:00+02:00,254.14,70.77,4.66,4.97,31.71,4.0,0.0
2023-07-15 20:10:00+00:00,2023-07-15 22:10:00+02:00,0.0,0.0,0.0,0.0,29.45,4.14,0.0
2023-07-15 21:10:00+00:00,2023-07-15 23:10:00+02:00,0.0,0.0,0.0,0.0,27.47,4.07,0.0
2023-07-15 22:10:00+00:00,2023-07-16 00:10:00+02:00,0.0,0.0,0.0,0.0,25.97,3.59,0.0
2023-07-15 23:10:00+00:00,2023-07-16 01:10:00+02:00,0.0,0.0,0.0,0.0,24.9,3.1,0.0
2023-07-16 00:10:00+00:00,2023-07-16 02:10:00+02:00,0.0,0.0,0.0,0.0,24.09,2.48,0.0
2023-07-16 01:10:00+00:00,2023-07-16 03:10:00+02:00,0.0,0.0,0.0,0.0,23.49,2.07,0.0
2023-07-16 02:10:00+00:00,2023-07-16 04:10:00+02:00,0.0,0.0,0.0,0.0,22.82,1.66,0.0
2023-07-16 03:10:00+00:00,2023-07-16 05:10:00+02:00,0.0,0.0,0.0,0.0,22.06,1.17,0.0
2023-07-16 04:10:00+00:00,2023-07-16 06:10:00+02:00,0.0,0.0,0.0,0.0,22.9,0.62,0.0
2023-07-16 05:10:00+00:00,2023-07-16 07:10:00+02:00,0.0,0.0,0.0,0.0,22.53,0.21,0.0
2023-07-16 06:10:00+00:00,2023-07-16 08:10:00+02:00,353.2,121.03,9.66,9.62,22.2,0.07,0.0
2023-07-16 07:10:00+00:00,2023-07-16 09:10:00+02:00,570.35,176.23,19.73,21.07,23.62,0.55,0.0
2023-07-16 08:10:00+00:00,2023-07-16 10:10:00+02:00,696.81,189.71,23.29,32.85,25.91,1.59,0.0
2023-07-16 09:10:00+00:00,2023-07-16 11:10:00+02:00,754.59,199.17,20.42,44.72,28.04,1.38,0.0
2023-07-16 10:10:00+00:00,2023-07-16 12:10:00+02:00,799.17,197.57,14.07,56.32,30.14,0.9,0.0
2023-07-16 11:10:00+00:00,2023-07-16 13:10:00+02:00,810.69,203.73,7.58,66.78,31.99,0.69,0.0
2023-07-16 12:10:00+00:00,2023-07-16 14:10:00+02:00,821.2,201.72,4.09,73.41,33.59,0.76,0.0
2023-07-16 13:10:00+00:00,2023-07-16 15:10:00+02:00,834.77,192.12,5.11,71.36,34.93,1.1,0.0
2023-07-16 14:10:00+00:00,2023-07-16 16:10:00+02:00,817.03,195.94,10.18,62.54,36.02,1.59,0.0
2023-07-16 15:10:00+00:00,2023-07-16 17:10:00+02:00,782.78,198.2,17.0,51.43,36.69,1.93,0.0
2023-07-16 16:10:00+00:00,2023-07-16 18:10:00+02:00,714.54,203.21,22.07,39.66,36.88,2.14,0.0
2023-07-16 17:10:00+00:00,2023-07-16 19:10:00+02:00,604.93,198.93,22.15,27.79,36.63,2.28,0.0
2023-07-16 18:10:00+00:00,2023-07-16 20:10:00+02:00,453.97,161.01,15.68,16.11,36.05,2.34,0.0
2023-07-16 19:10:00+00:00,2023-07-16 21:10:00+02:00,140.91,47.85,3.84,4.89,34.13,2.21,0.0
2023-07-16 20:10:00+00:00,2023-07-16 22:10:00+02:00,0.0,0.0,0.0,0.0,32.17,2.21,0.0
2023-07-16 21:10:00+00:00,2023-07-16 23:10:00+02:00,0.0,0.0,0.0,0.0,30.81,2.14,0.0
2023-07-16 22:10:00+00:00,2023-07-17 00:10:00+02:00,0.0,0.0,0.0,0.0,29.42,2.0,0.0
2023-07-16 23:10:00+00:00,2023-07-17 01:10:00+02:00,0.0,0.0,0.0,0.0,28.26,1.86,0.0
2023-07-17 00:10:00+00:00,2023-07-17 02:10:00+02:00,0.0,0.0,0.0,0.0,27.11,1.72,0.0
2023-07-17 01:10:00+00:00,2023-07-17 03:10:00+02:00,0.0,0.0,0.0,0.0,25.79,1.45,0.0
2023-07-17 02:10:00+00:00,2023-07-17 04:10:00+02:00,0.0,0.0,0.0,0.0,24.88,1.24,0.0
2023-07-17 03:10:00+00:00,2023-07-17 05:10:00+02:00,0.0,0.0,0.0,0.0,24.12,1.31,0.0
2023-07-17 04:10:00+00:00,2023-07-17 06:10:00+02:00,0.0,0.0,0.0,0.0,23.47,1.52,0.0
2023-07-17 05:10:00+00:00,2023-07-17 07:10:00+02:00,0.0,0.0,0.0,0.0,23.05,1.59,0.0
2023-07-17 06:10:00+00:00,2023-07-17 08:10:00+02:00,187.83,90.51,7.93,9.5,23.12,1.52,0.0
2023-07-17 07:10:00+00:00,2023-07-17 09:10:00+02:00,534.05,176.95,19.14,20.96,26.55,0.76,0.0
2023-07-17 08:10:00+00:00,2023-07-17 10:10:00+02:00,619.32,210.24,22.36,32.75,29.38,0.83,0.0
2023-07-17 09:10:00+00:00,2023-07-17 11:10:00+02:00,743.2,198.61,20.24,44.62,31.75,0.97,0.0
2023-07-17 10:10:00+00:00,2023-07-17 12:10:00+02:00,788.22,197.35,13.99,56.2,33.87,1.31,0.0
2023-07-17 11:10:00+00:00,2023-07-17 13:10:00+02:00,815.89,194.36,7.63,66.64,35.91,2.0,0.0
2023-07-17 12:10:00+00:00,2023-07-17 14:10:00+02:00,811.48,201.76,4.13,73.24,37.77,2.28,0.0
2023-07-17 13:10:00+00:00,2023-07-17 15:10:00+02:00,823.83,193.17,5.13,71.23,39.21,2.48,0.0
2023-07-17 14:10:00+00:00,2023-07-17 16:10:00+02:00,822.24,186.32,10.19,62.45,40.22,2.76,0.0
2023-07-17 15:10:00+00:00,2023-07-17 17:10:00+02:00,787.43,190.23,16.97,51.35,40.6,2.83,0.0
2023-07-17 16:10:00+00:00,2023-07-17 18:10:00+02:00,715.57,198.19,21.98,39.59,40.53,2.69,0.0
2023-07-17 17:10:00+00:00,2023-07-17 19:10:00+02:00,617.08,190.49,22.09,27.72,40.04,2.41,0.0
2023-07-17 18:10:00+00:00,2023-07-17 20:10:00+02:00,466.93,158.94,15.7,16.04,39.07,2.14,0.0
2023-07-17 19:10:00+00:00,2023-07-17 21:10:00+02:00,227.09,62.65,4.31,4.8,37.2,2.07,0.0
2023-07-17 20:10:00+00:00,2023-07-17 22:10:00+02:00,0.0,0.0,0.0,0.0,34.79,2.28,0.0
2023-07-17 21:10:00+00:00,2023-07-17 23:10:00+02:00,0.0,0.0,0.0,0.0,32.72,2.48,0.0
2023-07-17 22:10:00+00:00,2023-07-18 00:10:00+02:00,0.0,0.0,0.0,0.0,30.99,2.76,0.0
2023-07-17 23:10:00+00:00,2023-07-18 01:10:00+02:00,0.0,0.0,0.0,0.0,29.55,2.69,0.0
2023-07-18 00:10:00+00:00,2023-07-18 02:10:00+02:00,0.0,0.0,0.0,0.0,28.32,2.28,0.0
2023-07-18 01:10:00+00:00,2023-07-18 03:10:00+02:00,0.0,0.0,0.0,0.0,27.38,1.93,0.0
2023-07-18 02:10:00+00:00,2023-07-18 04:10:00+02:00,0.0,0.0,0.0,0.0,26.49,1.66,0.0
2023-07-18 03:10:00+00:00,2023-07-18 05:10:00+02:00,0.0,0.0,0.0,0.0,25.5,1.45,0.0
2023-07-18 04:10:00+00:00,2023-07-18 06:10:00+02:00,0.0,0.0,0.0,0.0,24.46,1.31,0.0
2023-07-18 05:10:00+00:00,2023-07-18 07:10:00+02:00,0.0,0.0,0.0,0.0,23.65,1.52,0.0
2023-07-18 06:10:00+00:00,2023-07-18 08:10:00+02:00,165.65,83.45,7.53,9.38,23.52,1.52,0.0
2023-07-18 07:10:00+00:00,2023-07-18 09:10:00+02:00,373.77,181.2,17.07,20.84,26.39,1.93,0.0
2023-07-18 08:10:00+00:00,2023-07-18 10:10:00+02:00,526.57,228.86,21.19,32.64,28.22,2.83,0.0
2023-07-18 09:10:00+00:00,2023-07-18 11:10:00+02:00,623.38,244.09,19.14,44.51,29.92,2.55,0.0
2023-07-18 10:10:00+00:00,2023-07-18 12:10:00+02:00,702.55,236.87,13.51,56.08,31.76,1.86,0.0
2023-07-18 11:10:00+00:00,2023-07-18 13:10:00+02:00,755.7,222.16,7.48,66.5,33.77,1.59,0.0
2023-07-18 12:10:00+00:00,2023-07-18 14:10:00+02:00,751.58,231.27,4.09,73.07,35.74,1.79,0.0
2023-07-18 13:10:00+00:00,2023-07-18 15:10:00+02:00,764.28,221.79,5.06,71.08,37.52,2.69,0.0
2023-07-18 14:10:00+00:00,2023-07-18 16:10:00+02:00,459.48,362.29,8.63,62.35,38.44,3.72,0.0
2023-07-18 15:10:00+00:00,2023-07-18 17:10:00+02:00,439.66,331.08,14.33,51.27,38.6,3.38,0.0
2023-07-18 16:10:00+00:00,2023-07-18 18:10:00+02:00,286.05,293.37,16.95,39.51,38.04,3.03,0.0
2023-07-18 17:10:00+00:00,2023-07-18 19:10:00+02:00,599.22,191.14,21.76,27.64,36.88,4.41,0.0
2023-07-18 18:10:00+00:00,2023-07-18 20:10:00+02:00,389.21,155.57,14.72,15.96,35.58,4.34,0.0
2023-07-18 19:10:00+00:00,2023-07-18 21:10:00+02:00,0.0,9.71,1.65,4.71,33.51,3.24,0.0
2023-07-18 20:10:00+00:00,2023-07-18 22:10:00+02:00,0.0,0.0,0.0,0.0,31.78,3.1,0.0
2023-07-18 21:10:00+00:00,2023-07-18 23:10:00+02:00,0.0,0.0,0.0,0.0,30.43,3.24,0.0
2023-07-18 22:10:00+00:00,2023-07-19 00:10:00+02:00,0.0,0.0,0.0,0.0,29.24,3.03,0.0
2023-07-18 23:10:00+00:00,2023-07-19 01:10:00+02:00,0.0,0.0,0.0,0.0,28.27,2.69,0.0
2023-07-19 00:10:00+00:00,2023-07-19 02:10:00+02:00,0.0,0.0,0.0,0.0,27.44,2.14,0.0
2023-07-19 01:10:00+00:00,2023-07-19 03:10:00+02:00,0.0,0.0,0.0,0.0,26.78,1.72,0.0
2023-07-19 02:10:00+00:00,2023-07-19 04:10:00+02:00,0.0,0.0,0.0,0.0,26.29,1.72,0.0
2023-07-19 03:10:00+00:00,2023-07-19 05:10:00+02:00,0.0,0.0,0.0,0.0,25.85,1.72,0.0
2023-07-19 04:10:00+00:00,2023-07-19 06:10:00+02:00,0.0,0.0,0.0,0.0,25.35,1.66,0.0
2023-07-19 05:10:00+00:00,2023-07-19 07:10:00+02:00,0.0,0.0,0.0,0.0,24.83,1.38,0.0
2023-07-19 06:10:00+00:00,2023-07-19 08:10:00+02:00,174.0,85.03,7.55,9.26,24.69,1.1,0.0
2023-07-19 07:10:00+00:00,2023-07-19 09:10:00+02:00,375.72,180.76,17.05,20.73,25.78,1.45,0.0
2023-07-19 08:10:00+00:00,2023-07-19 10:10:00+02:00,543.02,222.69,21.31,32.53,27.91,0.9,0.0
2023-07-19 09:10:00+00:00,2023-07-19 11:10:00+02:00,654.63,229.15,19.4,44.4,30.58,0.76,0.0
2023-07-19 10:10:00+00:00,2023-07-19 12:10:00+02:00,725.27,222.38,13.67,55.96,33.33,0.62,0.0
2023-07-19 11:10:00+00:00,2023-07-19 13:10:00+02:00,766.37,212.96,7.58,66.35,35.71,0.9,0.0
2023-07-19 12:10:00+00:00,2023-07-19 14:10:00+02:00,777.41,212.06,4.2,72.89,37.63,1.66,0.0
2023-07-19 13:10:00+00:00,2023-07-19 15:10:00+02:00,635.88,293.32,4.86,70.93,38.95,2.69,0.0
2023-07-19 14:10:00+00:00,2023-07-19 16:10:00+02:00,559.37,317.03,9.15,62.24,39.58,3.72,0.0
2023-07-19 15:10:00+00:00,2023-07-19 17:10:00+02:00,631.4,257.99,15.85,51.19,39.65,4.48,0.0
2023-07-19 16:10:00+00:00,2023-07-19 18:10:00+02:00,573.05,241.96,20.43,39.43,39.12,4.9,0.0
2023-07-19 17:10:00+00:00,2023-07-19 19:10:00+02:00,376.05,220.01,19.02,27.56,38.05,4.83,0.0
2023-07-19 18:10:00+00:00,2023-07-19 20:10:00+02:00,310.82,148.62,13.73,15.87,36.88,4.07,0.0
2023-07-19 19:10:00+00:00,2023-07-19 21:10:00+02:00,24.88,16.67,2.3,4.61,35.21,4.21,0.0
2023-07-19 20:10:00+00:00,2023-07-19 22:10:00+02:00,0.0,0.0,0.0,0.0,33.02,3.59,0.0
2023-07-19 21:10:00+00:00,2023-07-19 23:10:00+02:00,0.0,0.0,0.0,0.0,31.35,3.38,0.0
2023-07-19 22:10:00+00:00,2023-07-20 00:10:00+02:00,0.0,0.0,0.0,0.0,29.98,3.24,0.0
2023-07-19 23:10:00+00:00,2023-07-20 01:10:00+02:00,0.0,0.0,0.0,0.0,28.76,2.9,0.0
2023-07-20 00:10:00+00:00,2023-07-20 02:10:00+02:00,0.0,0.0,0.0,0.0,27.85,2.69,0.0
2023-07-20 01:10:00+00:00,2023-07-20 03:10:00+02:00,0.0,0.0,0.0,0.0,27.14,2.48,0.0
2023-07-20 02:10:00+00:00,2023-07-20 04:10:00+02:00,0.0,0.0,0.0,0.0,26.7,2.28,0.0
2023-07-20 03:10:00+00:00,2023-07-20 05:10:00+02:00,0.0,0.0,0.0,0.0,26.55,2.07,0.0
2023-07-20 04:10:00+00:00,2023-07-20 06:10:00+02:00,0.0,0.0,0.0,0.0,26.26,2.0,0.0
2023-07-20 05:10:00+00:00,2023-07-20 07:10:00+02:00,0.0,0.0,0.0,0.0,25.74,2.28,0.0
2023-07-20 06:10:00+00:00,2023-07-20 08:10:00+02:00,390.39,120.96,9.51,9.14,25.43,2.62,0.0
2023-07-20 07:10:00+00:00,2023-07-20 09:10:00+02:00,363.51,182.37,16.97,20.62,26.54,2.14,0.0
2023-07-20 08:10:00+00:00,2023-07-20 10:10:00+02:00,613.69,209.14,22.27,32.42,28.2,2.55,0.0
2023-07-20 09:10:00+00:00,2023-07-20 11:10:00+02:00,696.04,218.23,19.98,44.29,29.86,3.03,0.0
2023-07-20 10:10:00+00:00,2023-07-20 12:10:00+02:00,739.62,222.1,13.94,55.84,31.78,3.31,0.0
2023-07-20 11:10:00+00:00,2023-07-20 13:10:00+02:00,795.66,204.09,7.81,66.2,33.45,3.86,0.0
2023-07-20 12:10:00+00:00,2023-07-20 14:10:00+02:00,823.21,191.93,4.39,72.71,34.72,4.21,0.0
2023-07-20 13:10:00+00:00,2023-07-20 15:10:00+02:00,788.99,211.97,5.29,70.78,35.76,4.69,0.0
2023-07-20 14:10:00+00:00,2023-07-20 16:10:00+02:00,787.32,204.5,10.24,62.13,36.39,5.17,0.0
2023-07-20 15:10:00+00:00,2023-07-20 17:10:00+02:00,767.14,199.2,16.97,51.1,36.6,5.52,0.0
2023-07-20 16:10:00+00:00,2023-07-20 18:10:00+02:00,725.47,191.68,22.1,39.35,36.41,5.72,0.0
2023-07-20 17:10:00+00:00,2023-07-20 19:10:00+02:00,645.89,181.65,22.35,27.48,35.74,5.66,0.0
2023-07-20 18:10:00+00:00,2023-07-20 20:10:00+02:00,492.77,154.88,15.73,15.78,34.4,5.17,0.0
2023-07-20 19:10:00+00:00,2023-07-20 21:10:00+02:00,190.77,53.02,3.87,4.51,32.26,4.69,0.0
2023-07-20 20:10:00+00:00,2023-07-20 22:10:00+02:00,0.0,0.0,0.0,0.0,29.77,4.62,0.0
2023-07-20 21:10:00+00:00,2023-07-20 23:10:00+02:00,0.0,0.0,0.0,0.0,27.94,4.41,0.0
2023-07-20 22:10:00+00:00,2023-07-21 00:10:00+02:00,0.0,0.0,0.0,0.0,26.63,4.0,0.0
2023-07-20 23:10:00+00:00,2023-07-21 01:10:00+02:00,0.0,0.0,0.0,0.0,25.71,3.66,0.0
2023-07-21 00:10:00+00:00,2023-07-21 02:10:00+02:00,0.0,0.0,0.0,0.0,25.03,3.03,0.0
2023-07-21 01:10:00+00:00,2023-07-21 03:10:00+02:00,0.0,0.0,0.0,0.0,24.41,2.62,0.0
2023-07-21 02:10:00+00:00,2023-07-21 04:10:00+02:00,0.0,0.0,0.0,0.0,23.81,2.28,0.0
2023-07-21 03:10:00+00:00,2023-07-21 05:10:00+02:00,0.0,0.0,0.0,0.0,23.15,2.07,0.0
2023-07-21 04:10:00+00:00,2023-07-21 06:10:00+02:00,0.0,0.0,0.0,0.0,22.42,1.93,0.0
2023-07-21 05:10:00+00:00,2023-07-21 07:10:00+02:00,0.0,0.0,0.0,0.0,21.6,1.79,0.0
2023-07-21 06:10:00+00:00,2023-07-21 08:10:00+02:00,357.43,118.94,9.19,9.01,21.1,1.59,0.0
2023-07-21 07:10:00+00:00,2023-07-21 09:10:00+02:00,585.35,174.88,19.75,20.5,23.05,1.17,0.0
2023-07-21 08:10:00+00:00,2023-07-21 10:10:00+02:00,716.63,186.33,23.7,32.31,24.67,0.97,0.0
2023-07-21 09:10:00+00:00,2023-07-21 11:10:00+02:00,777.84,193.06,21.01,44.17,26.47,0.9,0.0
2023-07-21 10:10:00+00:00,2023-07-21 12:10:00+02:00,809.71,197.75,14.61,55.71,28.5,1.52,0.0
2023-07-21 11:10:00+00:00,2023-07-21 13:10:00+02:00,820.67,203.65,8.09,66.05,30.41,2.28,0.0
2023-07-21 12:10:00+00:00,2023-07-21 14:10:00+02:00,831.39,202.54,4.56,72.52,31.96,3.1,0.0
2023-07-21 13:10:00+00:00,2023-07-21 15:10:00+02:00,844.91,192.9,5.56,70.61,33.06,3.59,0.0
2023-07-21 14:10:00+00:00,2023-07-21 16:10:00+02:00,843.67,186.22,10.69,62.01,33.83,3.93,0.0
2023-07-21 15:10:00+00:00,2023-07-21 17:10:00+02:00,809.36,190.65,17.56,51.0,34.25,4.21,0.0
2023-07-21 16:10:00+00:00,2023-07-21 18:10:00+02:00,752.14,192.81,22.73,39.26,34.25,4.41,0.0
2023-07-21 17:10:00+00:00,2023-07-21 19:10:00+02:00,684.8,180.83,23.11,27.39,33.86,4.34,0.0
2023-07-21 18:10:00+00:00,2023-07-21 20:10:00+02:00,532.72,159.61,16.35,15.68,33.11,4.21,0.0
2023-07-21 19:10:00+00:00,2023-07-21 21:10:00+02:00,221.46,56.98,3.97,4.4,31.97,3.66,0.0
2023-07-21 20:10:00+00:00,2023-07-21 22:10:00+02:00,0.0,0.0,0.0,0.0,29.74,4.0,0.0
2023-07-21 21:10:00+00:00,2023-07-21 23:10:00+02:00,0.0,0.0,0.0,0.0,27.88,4.34,0.0
2023-07-21 22:10:00+00:00,2023-07-22 00:10:00+02:00,0.0,0.0,0.0,0.0,26.41,4.0,0.0
2023-07-21 23:10:00+00:00,2023-07-22 01:10:00+02:00,0.0,0.0,0.0,0.0,25.35,3.45,0.0
2023-07-22 00:10:00+00:00,2023-07-22 02:10:00+02:00,0.0,0.0,0.0,0.0,24.57,2.97,0.0
2023-07-22 01:10:00+00:00,2023-07-22 03:10:00+02:00,0.0,0.0,0.0,0.0,23.91,2.48,0.0
2023-07-22 02:10:00+00:00,2023-07-22 04:10:00+02:00,0.0,0.0,0.0,0.0,23.33,1.93,0.0
2023-07-22 03:10:00+00:00,2023-07-22 05:10:00+02:00,0.0,0.0,0.0,0.0,22.68,1.52,0.0
2023-07-22 04:10:00+00:00,2023-07-22 06:10:00+02:00,0.0,0.0,0.0,0.0,21.86,1.31,0.0
2023-07-22 05:10:00+00:00,2023-07-22 07:10:00+02:00,0.0,0.0,0.0,0.0,21.44,1.1,0.0
2023-07-22 06:10:00+00:00,2023-07-22 08:10:00+02:00,349.51,113.74,8.88,8.89,21.93,0.69,0.0
2023-07-22 07:10:00+00:00,2023-07-22 09:10:00+02:00,577.1,170.55,19.42,20.38,23.27,0.14,0.0
2023-07-22 08:10:00+00:00,2023-07-22 10:10:00+02:00,692.61,185.53,23.17,32.19,25.73,0.48,0.0
2023-07-22 09:10:00+00:00,2023-07-22 11:10:00+02:00,757.89,191.98,20.66,44.06,27.88,0.62,0.0
2023-07-22 10:10:00+00:00,2023-07-22 12:10:00+02:00,789.12,198.33,14.42,55.59,30.01,0.69,0.0
2023-07-22 11:10:00+00:00,2023-07-22 13:10:00+02:00,800.85,204.53,8.04,65.89,31.77,1.03,0.0
2023-07-22 12:10:00+00:00,2023-07-22 14:10:00+02:00,796.6,212.74,4.55,72.33,33.29,1.72,0.0
2023-07-22 13:10:00+00:00,2023-07-22 15:10:00+02:00,825.63,193.89,5.56,70.44,34.47,2.34,0.0
2023-07-22 14:10:00+00:00,2023-07-22 16:10:00+02:00,808.37,195.47,10.51,61.89,35.25,2.76,0.0
2023-07-22 15:10:00+00:00,2023-07-22 17:10:00+02:00,788.62,191.07,17.29,50.9,35.62,3.1,0.0
2023-07-22 16:10:00+00:00,2023-07-22 18:10:00+02:00,717.24,198.07,22.18,39.17,35.55,3.17,0.0
2023-07-22 17:10:00+00:00,2023-07-22 19:10:00+02:00,641.21,184.82,22.36,27.29,35.12,3.17,0.0
2023-07-22 18:10:00+00:00,2023-07-22 20:10:00+02:00,461.65,157.08,15.36,15.58,34.21,3.1,0.0
2023-07-22 19:10:00+00:00,2023-07-22 21:10:00+02:00,120.31,37.33,3.24,4.29,32.29,2.9,0.0
2023-07-22 20:10:00+00:00,2023-07-22 22:10:00+02:00,0.0,0.0,0.0,0.0,30.05,3.03,0.0
2023-07-22 21:10:00+00:00,2023-07-22 23:10:00+02:00,0.0,0.0,0.0,0.0,28.17,3.03,0.0
2023-07-22 22:10:00+00:00,2023-07-23 00:10:00+02:00,0.0,0.0,0.0,0.0,26.6,2.9,0.0
2023-07-22 23:10:00+00:00,2023-07-23 01:10:00+02:00,0.0,0.0,0.0,0.0,25.36,2.69,0.0
2023-07-23 00:10:00+00:00,2023-07-23 02:10:00+02:00,0.0,0.0,0.0,0.0,24.45,2.41,0.0
2023-07-23 01:10:00+00:00,2023-07-23 03:10:00+02:00,0.0,0.0,0.0,0.0,23.72,2.14,0.0
2023-07-23 02:10:00+00:00,2023-07-23 04:10:00+02:00,0.0,0.0,0.0,0.0,23.11,1.86,0.0
2023-07-23 03:10:00+00:00,2023-07-23 05:10:00+02:00,0.0,0.0,0.0,0.0,22.56,1.59,0.0
2023-07-23 04:10:00+00:00,2023-07-23 06:10:00+02:00,0.0,0.0,0.0,0.0,21.83,1.38,0.0
2023-07-23 05:10:00+00:00,2023-07-23 07:10:00+02:00,0.0,0.0,0.0,0.0,21.91,0.76,0.0
2023-07-23 06:10:00+00:00,2023-07-23 08:10:00+02:00,98.49,61.94,6.27,8.76,22.29,0.34,0.0
2023-07-23 07:10:00+00:00,2023-07-23 09:10:00+02:00,103.94,132.86,12.29,20.26,23.48,0.34,0.0
2023-07-23 08:10:00+00:00,2023-07-23 10:10:00+02:00,393.55,248.69,19.7,32.08,25.17,0.21,0.0
2023-07-23 09:10:00+00:00,2023-07-23 11:10:00+02:00,569.26,266.85,19.01,43.94,27.89,0.21,0.0
2023-07-23 10:10:00+00:00,2023-07-23 12:10:00+02:00,739.36,222.71,14.19,55.46,30.47,0.76,0.0
2023-07-23 11:10:00+00:00,2023-07-23 13:10:00+02:00,795.27,204.61,8.09,65.73,32.8,1.17,0.0
2023-07-23 12:10:00+00:00,2023-07-23 14:10:00+02:00,791.18,212.85,4.62,72.13,34.45,2.0,0.0
2023-07-23 13:10:00+00:00,2023-07-23 15:10:00+02:00,820.16,193.98,5.62,70.27,35.67,3.1,0.0
2023-07-23 14:10:00+00:00,2023-07-23 16:10:00+02:00,786.66,206.05,10.49,61.76,36.25,3.79,0.0
2023-07-23 15:10:00+00:00,2023-07-23 17:10:00+02:00,724.01,221.0,16.86,50.79,36.47,4.14,0.0
2023-07-23 16:10:00+00:00,2023-07-23 18:10:00+02:00,656.9,219.92,21.59,39.07,36.29,4.41,0.0
2023-07-23 17:10:00+00:00,2023-07-23 19:10:00+02:00,597.44,194.07,21.83,27.19,35.55,4.48,0.0
2023-07-23 18:10:00+00:00,2023-07-23 20:10:00+02:00,112.44,104.95,10.48,15.47,34.35,4.14,0.0
2023-07-23 19:10:00+00:00,2023-07-23 21:10:00+02:00,41.23,18.55,2.32,4.17,32.49,3.52,0.0
2023-07-23 20:10:00+00:00,2023-07-23 22:10:00+02:00,0.0,0.0,0.0,0.0,30.3,3.52,0.0
2023-07-23 21:10:00+00:00,2023-07-23 23:10:00+02:00,0.0,0.0,0.0,0.0,28.49,3.38,0.0
2023-07-23 22:10:00+00:00,2023-07-24 00:10:00+02:00,0.0,0.0,0.0,0.0,27.1,3.03,0.0
2023-07-23 23:10:00+00:00,2023-07-24 01:10:00+02:00,0.0,0.0,0.0,0.0,25.96,2.83,0.0
2023-07-24 00:10:00+00:00,2023-07-24 02:10:00+02:00,0.0,0.0,0.0,0.0,25.16,2.76,0.0
2023-07-24 01:10:00+00:00,2023-07-24 03:10:00+02:00,0.0,0.0,0.0,0.0,24.39,2.62,0.0
2023-07-24 02:10:00+00:00,2023-07-24 04:10:00+02:00,0.0,0.0,0.0,0.0,23.91,2.55,0.0
2023-07-24 03:10:00+00:00,2023-07-24 05:10:00+02:00,0.0,0.0,0.0,0.0,23.47,2.34,0.0
2023-07-24 04:10:00+00:00,2023-07-24 06:10:00+02:00,0.0,0.0,0.0,0.0,22.87,2.21,0.0
2023-07-24 05:10:00+00:00,2023-07-24 07:10:00+02:00,0.0,0.0,0.0,0.0,22.5,2.0,0.0
2023-07-24 06:10:00+00:00,2023-07-24 08:10:00+02:00,339.85,113.83,8.67,8.63,22.14,1.79,0.0
2023-07-24 07:10:00+00:00,2023-07-24 09:10:00+02:00,551.74,172.55,19.01,20.14,24.04,1.24,0.0
2023-07-24 08:10:00+00:00,2023-07-24 10:10:00+02:00,683.87,189.65,23.16,31.96,25.98,1.38,0.0
2023-07-24 09:10:00+00:00,2023-07-24 11:10:00+02:00,745.26,199.24,20.7,43.82,27.77,1.1,0.0
2023-07-24 10:10:00+00:00,2023-07-24 12:10:00+02:00,792.83,197.74,14.64,55.32,29.78,1.86,0.0
2023-07-24 11:10:00+00:00,2023-07-24 13:10:00+02:00,803.98,203.89,8.25,65.57,31.61,3.03,0.0
2023-07-24 12:10:00+00:00,2023-07-24 14:10:00+02:00,815.23,202.89,4.79,71.93,32.9,4.0,0.0
2023-07-24 13:10:00+00:00,2023-07-24 15:10:00+02:00,828.55,193.2,5.76,70.08,33.77,4.55,0.0
2023-07-24 14:10:00+00:00,2023-07-24 16:10:00+02:00,810.41,196.96,10.72,61.62,34.31,4.83,0.0
2023-07-24 15:10:00+00:00,2023-07-24 17:10:00+02:00,791.11,191.58,17.48,50.68,34.64,5.03,0.0
2023-07-24 16:10:00+00:00,2023-07-24 18:10:00+02:00,733.13,193.31,22.46,38.96,34.65,5.24,0.0
2023-07-24 17:10:00+00:00,2023-07-24 19:10:00+02:00,643.52,184.38,22.39,27.08,34.26,5.31,0.0
2023-07-24 18:10:00+00:00,2023-07-24 20:10:00+02:00,483.16,155.63,15.44,15.36,33.44,5.1,0.0
2023-07-24 19:10:00+00:00,2023-07-24 21:10:00+02:00,141.6,38.22,3.16,4.05,31.52,4.69,0.0
2023-07-24 20:10:00+00:00,2023-07-24 22:10:00+02:00,0.0,0.0,0.0,0.0,29.07,4.83,0.0
2023-07-24 21:10:00+00:00,2023-07-24 23:10:00+02:00,0.0,0.0,0.0,0.0,27.25,4.55,0.0
2023-07-24 22:10:00+00:00,2023-07-25 00:10:00+02:00,0.0,0.0,0.0,0.0,26.12,3.93,0.0
2023-07-24 23:10:00+00:00,2023-07-25 01:10:00+02:00,0.0,0.0,0.0,0.0,25.33,3.24,0.0
2023-07-25 00:10:00+00:00,2023-07-25 02:10:00+02:00,0.0,0.0,0.0,0.0,24.74,2.55,0.0
2023-07-25 01:10:00+00:00,2023-07-25 03:10:00+02:00,0.0,0.0,0.0,0.0,24.12,2.14,0.0
2023-07-25 02:10:00+00:00,2023-07-25 04:10:00+02:00,0.0,0.0,0.0,0.0,23.49,1.86,0.0
2023-07-25 03:10:00+00:00,2023-07-25 05:10:00+02:00,0.0,0.0,0.0,0.0,22.67,1.72,0.0
2023-07-25 04:10:00+00:00,2023-07-25 06:10:00+02:00,0.0,0.0,0.0,0.0,21.63,1.59,0.0
2023-07-25 05:10:00+00:00,2023-07-25 07:10:00+02:00,0.0,0.0,0.0,0.0,20.66,1.45,0.0
2023-07-25 06:10:00+00:00,2023-07-25 08:10:00+02:00,351.81,113.47,8.61,8.5,20.43,1.17,0.0
2023-07-25 07:10:00+00:00,2023-07-25 09:10:00+02:00,590.01,171.15,19.53,20.02,22.61,0.9,0.0
2023-07-25 08:10:00+00:00,2023-07-25 10:10:00+02:00,699.41,190.37,23.53,31.84,24.31,0.83,0.0
2023-07-25 09:10:00+00:00,2023-07-25 11:10:00+02:00,775.85,191.42,21.18,43.7,26.08,0.55,0.0
2023-07-25 10:10:00+00:00,2023-07-25 12:10:00+02:00,791.68,205.96,14.84,55.19,27.86,1.17,0.0
2023-07-25 11:10:00+00:00,2023-07-25 13:10:00+02:00,818.25,204.35,8.47,65.4,29.52,1.86,0.0
2023-07-25 12:10:00+00:00,2023-07-25 14:10:00+02:00,829.89,202.18,4.96,71.72,30.94,2.28,0.0
2023-07-25 13:10:00+00:00,2023-07-25 15:10:00+02:00,843.39,192.49,5.94,69.9,32.14,2.69,0.0
2023-07-25 14:10:00+00:00,2023-07-25 16:10:00+02:00,826.31,195.33,10.96,61.48,32.98,3.1,0.0
2023-07-25 15:10:00+00:00,2023-07-25 17:10:00+02:00,806.71,191.33,17.81,50.56,33.42,3.31,0.0
2023-07-25 16:10:00+00:00,2023-07-25 18:10:00+02:00,761.99,187.91,22.96,38.85,33.53,3.45,0.0
2023-07-25 17:10:00+00:00,2023-07-25 19:10:00+02:00,670.21,183.74,22.89,26.97,33.29,3.59,0.0
2023-07-25 18:10:00+00:00,2023-07-25 20:10:00+02:00,517.21,157.57,15.85,15.25,32.49,3.66,0.0
2023-07-25 19:10:00+00:00,2023-07-25 21:10:00+02:00,190.08,44.92,3.35,3.92,30.33,4.41,0.0
2023-07-25 20:10:00+00:00,2023-07-25 22:10:00+02:00,0.0,0.0,0.0,0.0,27.57,4.55,0.0
2023-07-25 21:10:00+00:00,2023-07-25 23:10:00+02:00,0.0,0.0,0.0,0.0,25.73,3.93,0.0
2023-07-25 22:10:00+00:00,2023-07-26 00:10:00+02:00,0.0,0.0,0.0,0.0,24.45,3.03,0.0
2023-07-25 23:10:00+00:00,2023-07-26 01:10:00+02:00,0.0,0.0,0.0,0.0,23.43,2.62,0.0
2023-07-26 00:10:00+00:00,2023-07-26 02:10:00+02:00,0.0,0.0,0.0,0.0,22.6,2.41,0.0
2023-07-26 01:10:00+00:00,2023-07-26 03:10:00+02:00,0.0,0.0,0.0,0.0,22.01,2.21,0.0
2023-07-26 02:10:00+00:00,2023-07-26 04:10:00+02:00,0.0,0.0,0.0,0.0,21.42,2.07,0.0
2023-07-26 03:10:00+00:00,2023-07-26 05:10:00+02:00,0.0,0.0,0.0,0.0,20.89,2.07,0.0
2023-07-26 04:10:00+00:00,2023-07-26 06:10:00+02:00,0.0,0.0,0.0,0.0,20.39,2.07,0.0
2023-07-26 05:10:00+00:00,2023-07-26 07:10:00+02:00,0.0,0.0,0.0,0.0,19.94,1.93,0.0
2023-07-26 06:10:00+00:00,2023-07-26 08:10:00+02:00,329.85,111.65,8.37,8.37,19.74,1.79,0.0
2023-07-26 07:10:00+00:00,2023-07-26 09:10:00+02:00,572.95,170.65,19.2,19.9,21.32,1.45,0.0
2023-07-26 08:10:00+00:00,2023-07-26 10:10:00+02:00,694.15,190.16,23.42,31.72,23.22,1.52,0.0
2023-07-26 09:10:00+00:00,2023-07-26 11:10:00+02:00,770.33,192.6,21.16,43.58,25.44,1.38,0.0
2023-07-26 10:10:00+00:00,2023-07-26 12:10:00+02:00,802.76,197.39,14.95,55.05,27.77,1.1,0.0
2023-07-26 11:10:00+00:00,2023-07-26 13:10:00+02:00,829.27,195.06,8.59,65.23,30.04,1.1,0.0
2023-07-26 12:10:00+00:00,2023-07-26 14:10:00+02:00,825.65,202.33,5.05,71.5,32.08,1.45,0.0
2023-07-26 13:10:00+00:00,2023-07-26 15:10:00+02:00,823.13,202.95,5.99,69.7,33.66,1.93,0.0
2023-07-26 14:10:00+00:00,2023-07-26 16:10:00+02:00,820.65,196.49,11.01,61.33,34.65,2.21,0.0
2023-07-26 15:10:00+00:00,2023-07-26 17:10:00+02:00,787.4,199.03,17.71,50.43,35.18,2.55,0.0
2023-07-26 16:10:00+00:00,2023-07-26 18:10:00+02:00,757.51,186.48,22.87,38.74,35.23,3.03,0.0
2023-07-26 17:10:00+00:00,2023-07-26 19:10:00+02:00,664.04,183.37,22.75,26.86,34.65,3.72,0.0
2023-07-26 18:10:00+00:00,2023-07-26 20:10:00+02:00,502.13,157.33,15.6,15.12,33.19,4.34,0.0
2023-07-26 19:10:00+00:00,2023-07-26 21:10:00+02:00,136.22,35.64,2.99,3.79,30.94,4.48,0.0
2023-07-26 20:10:00+00:00,2023-07-26 22:10:00+02:00,0.0,0.0,0.0,0.0,28.16,4.28,0.0
2023-07-26 21:10:00+00:00,2023-07-26 23:10:00+02:00,0.0,0.0,0.0,0.0,26.1,3.93,0.0
2023-07-26 22:10:00+00:00,2023-07-27 00:10:00+02:00,0.0,0.0,0.0,0.0,24.6,3.59,0.0
2023-07-26 23:10:00+00:00,2023-07-27 01:10:00+02:00,0.0,0.0,0.0,0.0,23.44,3.31,0.0
2023-07-27 00:10:00+00:00,2023-07-27 02:10:00+02:00,0.0,0.0,0.0,0.0,22.37,2.97,0.0
2023-07-27 01:10:00+00:00,2023-07-27 03:10:00+02:00,0.0,0.0,0.0,0.0,21.44,2.76,0.0
2023-07-27 02:10:00+00:00,2023-07-27 04:10:00+02:00,0.0,0.0,0.0,0.0,20.65,2.55,0.0
2023-07-27 03:10:00+00:00,2023-07-27 05:10:00+02:00,0.0,0.0,0.0,0.0,20.0,2.28,0.0
2023-07-27 04:10:00+00:00,2023-07-27 06:10:00+02:00,0.0,0.0,0.0,0.0,19.43,2.14,0.0
2023-07-27 05:10:00+00:00,2023-07-27 07:10:00+02:00,0.0,0.0,0.0,0.0,18.9,2.07,0.0
2023-07-27 06:10:00+00:00,2023-07-27 08:10:00+02:00,202.5,88.53,7.2,8.23,18.64,2.14,0.0
2023-07-27 07:10:00+00:00,2023-07-27 09:10:00+02:00,461.13,182.71,18.0,19.77,20.04,2.21,0.0
2023-07-27 08:10:00+00:00,2023-07-27 10:10:00+02:00,694.62,190.61,23.47,31.6,21.8,2.55,0.0
2023-07-27 09:10:00+00:00,2023-07-27 11:10:00+02:00,770.64,192.9,21.23,43.45,23.86,2.69,0.0
2023-07-27 10:10:00+00:00,2023-07-27 12:10:00+02:00,804.12,197.67,15.06,54.91,26.0,2.83,0.0
2023-07-27 11:10:00+00:00,2023-07-27 13:10:00+02:00,814.99,204.69,8.66,65.06,27.96,2.97,0.0
2023-07-27 12:10:00+00:00,2023-07-27 14:10:00+02:00,826.71,202.53,5.17,71.29,29.58,3.24,0.0
2023-07-27 13:10:00+00:00,2023-07-27 15:10:00+02:00,840.22,192.83,6.14,69.5,30.86,3.66,0.0
2023-07-27 14:10:00+00:00,2023-07-27 16:10:00+02:00,823.01,195.65,11.13,61.17,31.64,3.93,0.0
2023-07-27 15:10:00+00:00,2023-07-27 17:10:00+02:00,788.89,198.15,17.8,50.3,32.01,4.07,0.0
2023-07-27 16:10:00+00:00,2023-07-27 18:10:00+02:00,757.91,188.18,22.97,38.61,31.9,4.0,0.0
2023-07-27 17:10:00+00:00,2023-07-27 19:10:00+02:00,664.6,183.94,22.77,26.74,31.39,3.93,0.0
2023-07-27 18:10:00+00:00,2023-07-27 20:10:00+02:00,510.16,155.91,15.57,15.0,30.4,3.86,0.0
2023-07-27 19:10:00+00:00,2023-07-27 21:10:00+02:00,141.39,34.91,2.9,3.65,28.44,3.24,0.0
2023-07-27 20:10:00+00:00,2023-07-27 22:10:00+02:00,0.0,0.0,0.0,0.0,26.5,3.1,0.0
2023-07-27 21:10:00+00:00,2023-07-27 23:10:00+02:00,0.0,0.0,0.0,0.0,24.82,3.1,0.0
2023-07-27 22:10:00+00:00,2023-07-28 00:10:00+02:00,0.0,0.0,0.0,0.0,23.36,2.97,0.0
2023-07-27 23:10:00+00:00,2023-07-28 01:10:00+02:00,0.0,0.0,0.0,0.0,22.22,2.69,0.0
2023-07-28 00:10:00+00:00,2023-07-28 02:10:00+02:00,0.0,0.0,0.0,0.0,21.3,2.41,0.0
2023-07-28 01:10:00+00:00,2023-07-28 03:10:00+02:00,0.0,0.0,0.0,0.0,20.51,2.28,0.0
2023-07-28 02:10:00+00:00,2023-07-28 04:10:00+02:00,0.0,0.0,0.0,0.0,19.88,2.14,0.0
2023-07-28 03:10:00+00:00,2023-07-28 05:10:00+02:00,0.0,0.0,0.0,0.0,19.41,1.86,0.0
2023-07-28 04:10:00+00:00,2023-07-28 06:10:00+02:00,0.0,0.0,0.0,0.0,19.0,1.59,0.0
2023-07-28 05:10:00+00:00,2023-07-28 07:10:00+02:00,0.0,0.0,0.0,0.0,18.52,1.45,0.0
2023-07-28 06:10:00+00:00,2023-07-28 08:10:00+02:00,340.73,112.48,8.25,8.1,18.23,1.24,0.0
2023-07-28 07:10:00+00:00,2023-07-28 09:10:00+02:00,568.06,172.92,19.12,19.65,20.21,0.48,0.0
2023-07-28 08:10:00+00:00,2023-07-28 10:10:00+02:00,700.86,190.27,23.6,31.48,22.55,0.21,0.0
2023-07-28 09:10:00+00:00,2023-07-28 11:10:00+02:00,762.22,199.01,21.28,43.33,25.03,0.21,0.0
2023-07-28 10:10:00+00:00,2023-07-28 12:10:00+02:00,809.19,198.09,15.24,54.77,27.49,0.21,0.0
2023-07-28 11:10:00+00:00,2023-07-28 13:10:00+02:00,820.58,203.93,8.81,64.88,29.71,0.28,0.0
2023-07-28 12:10:00+00:00,2023-07-28 14:10:00+02:00,832.03,202.8,5.31,71.06,31.73,1.17,0.0
2023-07-28 13:10:00+00:00,2023-07-28 15:10:00+02:00,829.61,203.44,6.26,69.29,33.28,1.86,0.0
2023-07-28 14:10:00+00:00,2023-07-28 16:10:00+02:00,827.73,195.99,11.29,61.01,34.36,2.34,0.0
2023-07-28 15:10:00+00:00,2023-07-28 17:10:00+02:00,794.36,198.67,17.99,50.17,34.91,2.76,0.0
2023-07-28 16:10:00+00:00,2023-07-28 18:10:00+02:00,751.98,192.1,23.0,38.49,35.06,2.9,0.0
2023-07-28 17:10:00+00:00,2023-07-28 19:10:00+02:00,671.99,182.24,22.86,26.61,34.83,2.9,0.0
2023-07-28 18:10:00+00:00,2023-07-28 20:10:00+02:00,522.41,157.32,15.69,14.86,34.03,2.55,0.0
2023-07-28 19:10:00+00:00,2023-07-28 21:10:00+02:00,179.89,37.46,2.91,3.51,32.0,2.83,0.0
2023-07-28 20:10:00+00:00,2023-07-28 22:10:00+02:00,0.0,0.0,0.0,0.0,29.59,3.17,0.0
2023-07-28 21:10:00+00:00,2023-07-28 23:10:00+02:00,0.0,0.0,0.0,0.0,27.55,3.1,0.0
2023-07-28 22:10:00+00:00,2023-07-29 00:10:00+02:00,0.0,0.0,0.0,0.0,25.87,2.76,0.0
2023-07-28 23:10:00+00:00,2023-07-29 01:10:00+02:00,0.0,0.0,0.0,0.0,24.68,2.48,0.0
2023-07-29 00:10:00+00:00,2023-07-29 02:10:00+02:00,0.0,0.0,0.0,0.0,23.85,2.28,0.0
2023-07-29 01:10:00+00:00,2023-07-29 03:10:00+02:00,0.0,0.0,0.0,0.0,23.02,2.0,0.0
2023-07-29 02:10:00+00:00,2023-07-29 04:10:00+02:00,0.0,0.0,0.0,0.0,22.17,1.72,0.0
2023-07-29 03:10:00+00:00,2023-07-29 05:10:00+02:00,0.0,0.0,0.0,0.0,21.23,1.31,0.0
2023-07-29 04:10:00+00:00,2023-07-29 06:10:00+02:00,0.0,0.0,0.0,0.0,21.61,0.76,0.0
2023-07-29 05:10:00+00:00,2023-07-29 07:10:00+02:00,0.0,0.0,0.0,0.0,21.65,0.41,0.0
2023-07-29 06:10:00+00:00,2023-07-29 08:10:00+02:00,346.52,110.57,8.1,7.96,21.28,0.62,0.0
2023-07-29 07:10:00+00:00,2023-07-29 09:10:00+02:00,571.61,170.68,19.04,19.52,22.34,0.48,0.0
2023-07-29 08:10:00+00:00,2023-07-29 10:10:00+02:00,695.64,190.07,23.5,31.36,25.66,0.55,0.0
2023-07-29 09:10:00+00:00,2023-07-29 11:10:00+02:00,758.18,199.01,21.26,43.2,28.41,0.76,0.0
2023-07-29 10:10:00+00:00,2023-07-29 12:10:00+02:00,804.49,198.14,15.26,54.63,30.82,0.62,0.0
2023-07-29 11:10:00+00:00,2023-07-29 13:10:00+02:00,816.27,205.14,8.9,64.7,33.01,0.34,0.0
2023-07-29 12:10:00+00:00,2023-07-29 14:10:00+02:00,827.88,202.96,5.41,70.84,34.81,0.83,0.0
2023-07-29 13:10:00+00:00,2023-07-29 15:10:00+02:00,825.44,203.6,6.36,69.08,36.1,1.38,0.0
2023-07-29 14:10:00+00:00,2023-07-29 16:10:00+02:00,808.47,205.67,11.31,60.84,36.94,1.86,0.0
2023-07-29 15:10:00+00:00,2023-07-29 17:10:00+02:00,805.14,191.02,18.11,50.02,37.41,2.28,0.0
2023-07-29 16:10:00+00:00,2023-07-29 18:10:00+02:00,746.11,193.31,22.96,38.36,37.43,2.55,0.0
2023-07-29 17:10:00+00:00,2023-07-29 19:10:00+02:00,675.09,181.58,22.89,26.48,37.03,2.76,0.0
2023-07-29 18:10:00+00:00,2023-07-29 20:10:00+02:00,499.64,155.68,15.29,14.73,36.01,2.83,0.0
2023-07-29 19:10:00+00:00,2023-07-29 21:10:00+02:00,136.63,29.42,2.54,3.36,34.17,3.17,0.0
2023-07-29 20:10:00+00:00,2023-07-29 22:10:00+02:00,0.0,0.0,0.0,0.0,31.61,3.59,0.0
2023-07-29 21:10:00+00:00,2023-07-29 23:10:00+02:00,0.0,0.0,0.0,0.0,29.57,3.52,0.0
2023-07-29 22:10:00+00:00,2023-07-30 00:10:00+02:00,0.0,0.0,0.0,0.0,28.03,2.97,0.0
2023-07-29 23:10:00+00:00,2023-07-30 01:10:00+02:00,0.0,0.0,0.0,0.0,27.01,2.69,0.0
2023-07-30 00:10:00+00:00,2023-07-30 02:10:00+02:00,0.0,0.0,0.0,0.0,26.29,2.55,0.0
2023-07-30 01:10:00+00:00,2023-07-30 03:10:00+02:00,0.0,0.0,0.0,0.0,25.61,2.21,0.0
2023-07-30 02:10:00+00:00,2023-07-30 04:10:00+02:00,0.0,0.0,0.0,0.0,25.02,1.79,0.0
2023-07-30 03:10:00+00:00,2023-07-30 05:10:00+02:00,0.0,0.0,0.0,0.0,24.36,1.52,0.0
2023-07-30 04:10:00+00:00,2023-07-30 06:10:00+02:00,0.0,0.0,0.0,0.0,23.57,1.38,0.0
2023-07-30 05:10:00+00:00,2023-07-30 07:10:00+02:00,0.0,0.0,0.0,0.0,23.01,1.1,0.0
2023-07-30 06:10:00+00:00,2023-07-30 08:10:00+02:00,323.2,106.28,7.77,7.82,23.39,0.62,0.0
2023-07-30 07:10:00+00:00,2023-07-30 09:10:00+02:00,554.15,168.25,18.64,19.39,24.86,0.41,0.0
2023-07-30 08:10:00+00:00,2023-07-30 10:10:00+02:00,678.84,189.97,23.16,31.23,27.61,0.55,0.0
2023-07-30 09:10:00+00:00,2023-07-30 11:10:00+02:00,743.89,198.25,21.02,43.07,30.09,0.41,0.0
2023-07-30 10:10:00+00:00,2023-07-30 12:10:00+02:00,776.46,206.48,15.09,54.48,32.21,0.41,0.0
2023-07-30 11:10:00+00:00,2023-07-30 13:10:00+02:00,804.21,204.03,8.9,64.52,34.23,1.17,0.0
2023-07-30 12:10:00+00:00,2023-07-30 14:10:00+02:00,815.27,203.03,5.47,70.6,35.86,2.21,0.0
2023-07-30 13:10:00+00:00,2023-07-30 15:10:00+02:00,828.8,193.31,6.44,68.86,36.9,2.97,0.0
2023-07-30 14:10:00+00:00,2023-07-30 16:10:00+02:00,811.0,196.01,11.34,60.66,37.45,3.52,0.0
2023-07-30 15:10:00+00:00,2023-07-30 17:10:00+02:00,791.2,190.61,17.96,49.88,37.64,3.79,0.0
2023-07-30 16:10:00+00:00,2023-07-30 18:10:00+02:00,743.53,188.0,22.8,38.22,37.5,4.0,0.0
2023-07-30 17:10:00+00:00,2023-07-30 19:10:00+02:00,649.05,181.78,22.36,26.34,36.88,4.07,0.0
2023-07-30 18:10:00+00:00,2023-07-30 20:10:00+02:00,488.54,152.4,14.96,14.58,35.57,3.79,0.0
2023-07-30 19:10:00+00:00,2023-07-30 21:10:00+02:00,107.4,25.25,2.36,3.2,32.99,4.21,0.0
2023-07-30 20:10:00+00:00,2023-07-30 22:10:00+02:00,0.0,0.0,0.0,0.0,30.54,3.86,0.0
2023-07-30 21:10:00+00:00,2023-07-30 23:10:00+02:00,0.0,0.0,0.0,0.0,28.84,3.52,0.0
2023-07-30 22:10:00+00:00,2023-07-31 00:10:00+02:00,0.0,0.0,0.0,0.0,27.58,3.31,0.0
2023-07-30 23:10:00+00:00,2023-07-31 01:10:00+02:00,0.0,0.0,0.0,0.0,26.69,3.03,0.0
2023-07-31 00:10:00+00:00,2023-07-31 02:10:00+02:00,0.0,0.0,0.0,0.0,25.93,2.69,0.0
2023-07-31 01:10:00+00:00,2023-07-31 03:10:00+02:00,0.0,0.0,0.0,0.0,25.26,2.34,0.0
2023-07-31 02:10:00+00:00,2023-07-31 04:10:00+02:00,0.0,0.0,0.0,0.0,24.6,2.07,0.0
2023-07-31 03:10:00+00:00,2023-07-31 05:10:00+02:00,0.0,0.0,0.0,0.0,23.97,1.93,0.0
2023-07-31 04:10:00+00:00,2023-07-31 06:10:00+02:00,0.0,0.0,0.0,0.0,23.26,1.72,0.0
2023-07-31 05:10:00+00:00,2023-07-31 07:10:00+02:00,0.0,0.0,0.0,0.0,22.52,1.45,0.0
2023-07-31 06:10:00+00:00,2023-07-31 08:10:00+02:00,329.0,104.41,7.62,7.69,22.24,1.17,0.0
2023-07-31 07:10:00+00:00,2023-07-31 09:10:00+02:00,569.85,168.19,18.83,19.26,24.23,0.9,0.0
2023-07-31 08:10:00+00:00,2023-07-31 10:10:00+02:00,687.11,188.42,23.3,31.11,26.63,1.17,0.0
2023-07-31 09:10:00+00:00,2023-07-31 11:10:00+02:00,750.1,199.01,21.23,42.94,28.86,1.38,0.0
2023-07-31 10:10:00+00:00,2023-07-31 12:10:00+02:00,797.59,198.34,15.36,54.34,30.96,2.07,0.0
2023-07-31 11:10:00+00:00,2023-07-31 13:10:00+02:00,809.9,204.37,9.07,64.33,32.89,3.03,0.0
2023-07-31 12:10:00+00:00,2023-07-31 14:10:00+02:00,805.85,212.55,5.59,70.37,34.44,3.86,0.0
2023-07-31 13:10:00+00:00,2023-07-31 15:10:00+02:00,819.34,202.91,6.57,68.63,35.4,4.48,0.0
2023-07-31 14:10:00+00:00,2023-07-31 16:10:00+02:00,802.1,204.87,11.46,60.48,35.91,4.9,0.0
2023-07-31 15:10:00+00:00,2023-07-31 17:10:00+02:00,782.51,198.9,18.06,49.72,36.04,4.9,0.0
2023-07-31 16:10:00+00:00,2023-07-31 18:10:00+02:00,724.82,198.92,22.77,38.08,35.9,4.83,0.0
2023-07-31 17:10:00+00:00,2023-07-31 19:10:00+02:00,645.52,185.05,22.4,26.2,35.33,4.69,0.0
2023-07-31 18:10:00+00:00,2023-07-31 20:10:00+02:00,469.38,155.25,14.79,14.43,34.0,4.34,0.0
2023-07-31 19:10:00+00:00,2023-07-31 21:10:00+02:00,94.18,20.89,2.08,3.04,31.47,4.48,0.0
2023-07-31 20:10:00+00:00,2023-07-31 22:10:00+02:00,0.0,0.0,0.0,0.0,29.16,4.34,0.0
2023-07-31 21:10:00+00:00,2023-07-31 23:10:00+02:00,0.0,0.0,0.0,0.0,27.63,4.0,0.0
2023-07-31 22:10:00+00:00,2023-08-01 00:10:00+02:00,0.0,0.0,0.0,0.0,26.52,3.59,0.0
2023-07-31 23:10:00+00:00,2023-08-01 01:10:00+02:00,0.0,0.0,0.0,0.0,25.65,3.38,0.0
2023-08-01 00:10:00+00:00,2023-08-01 02:10:00+02:00,0.0,0.0,0.0,0.0,24.95,2.97,0.0
2023-08-01 01:10:00+00:00,2023-08-01 03:10:00+02:00,0.0,0.0,0.0,0.0,24.34,2.62,0.0
2023-08-01 02:10:00+00:00,2023-08-01 04:10:00+02:00,0.0,0.0,0.0,0.0,23.7,2.34,0.0
2023-08-01 03:10:00+00:00,2023-08-01 05:10:00+02:00,0.0,0.0,0.0,0.0,23.09,2.28,0.0
2023-08-01 04:10:00+00:00,2023-08-01 06:10:00+02:00,0.0,0.0,0.0,0.0,22.47,2.14,0.0
2023-08-01 05:10:00+00:00,2023-08-01 07:10:00+02:00,0.0,0.0,0.0,0.0,21.88,2.07,0.0
2023-08-01 06:10:00+00:00,2023-08-01 08:10:00+02:00,319.84,103.61,7.47,7.55,21.41,1.86,0.0
2023-08-01 07:10:00+00:00,2023-08-01 09:10:00+02:00,579.68,168.83,18.96,19.13,22.98,1.03,0.0
2023-08-01 08:10:00+00:00,2023-08-01 10:10:00+02:00,689.64,190.63,23.44,30.98,25.31,0.76,0.0
2023-08-01 09:10:00+00:00,2023-08-01 11:10:00+02:00,765.2,195.26,21.5,42.81,27.29,0.34,0.0
2023-08-01 10:10:00+00:00,2023-08-01 12:10:00+02:00,796.62,203.19,15.52,54.19,29.23,0.83,0.0
2023-08-01 11:10:00+00:00,2023-08-01 13:10:00+02:00,807.87,209.97,9.22,64.15,31.24,1.86,0.0
2023-08-01 12:10:00+00:00,2023-08-01 14:10:00+02:00,835.78,198.48,5.81,70.12,32.92,2.62,0.0
2023-08-01 13:10:00+00:00,2023-08-01 15:10:00+02:00,832.47,200.16,6.76,68.4,34.06,3.1,0.0
2023-08-01 14:10:00+00:00,2023-08-01 16:10:00+02:00,831.22,192.59,11.76,60.3,34.83,3.45,0.0
2023-08-01 15:10:00+00:00,2023-08-01 17:10:00+02:00,797.5,195.13,18.35,49.56,35.31,3.79,0.0
2023-08-01 16:10:00+00:00,2023-08-01 18:10:00+02:00,740.24,195.3,23.04,37.93,35.37,4.07,0.0
2023-08-01 17:10:00+00:00,2023-08-01 19:10:00+02:00,651.18,184.87,22.49,26.05,34.98,4.28,0.0
2023-08-01 18:10:00+00:00,2023-08-01 20:10:00+02:00,498.62,154.67,14.99,14.28,33.71,4.07,0.0
2023-08-01 19:10:00+00:00,2023-08-01 21:10:00+02:00,79.64,17.9,1.9,2.88,31.62,4.41,0.0
2023-08-01 20:10:00+00:00,2023-08-01 22:10:00+02:00,0.0,0.0,0.0,0.0,28.86,4.41,0.0
2023-08-01 21:10:00+00:00,2023-08-01 23:10:00+02:00,0.0,0.0,0.0,0.0,27.07,3.72,0.0
2023-08-01 22:10:00+00:00,2023-08-02 00:10:00+02:00,0.0,0.0,0.0,0.0,25.74,3.17,0.0
2023-08-01 23:10:00+00:00,2023-08-02 01:10:00+02:00,0.0,0.0,0.0,0.0,24.77,2.9,0.0
2023-08-02 00:10:00+00:00,2023-08-02 02:10:00+02:00,0.0,0.0,0.0,0.0,24.12,2.69,0.0
2023-08-02 01:10:00+00:00,2023-08-02 03:10:00+02:00,0.0,0.0,0.0,0.0,23.66,2.55,0.0
2023-08-02 02:10:00+00:00,2023-08-02 04:10:00+02:00,0.0,0.0,0.0,0.0,23.26,2.34,0.0
2023-08-02 03:10:00+00:00,2023-08-02 05:10:00+02:00,0.0,0.0,0.0,0.0,22.94,2.14,0.0
2023-08-02 04:10:00+00:00,2023-08-02 06:10:00+02:00,0.0,0.0,0.0,0.0,22.61,2.0,0.0
2023-08-02 05:10:00+00:00,2023-08-02 07:10:00+02:00,0.0,0.0,0.0,0.0,22.26,1.93,0.0
2023-08-02 06:10:00+00:00,2023-08-02 08:10:00+02:00,287.09,96.9,7.06,7.4,22.07,1.66,0.0
2023-08-02 07:10:00+00:00,2023-08-02 09:10:00+02:00,568.17,165.71,18.61,19.0,23.75,1.45,0.0
2023-08-02 08:10:00+00:00,2023-08-02 10:10:00+02:00,686.36,184.71,23.19,30.85,25.88,1.52,0.0
2023-08-02 09:10:00+00:00,2023-08-02 11:10:00+02:00,764.18,187.72,21.36,42.68,27.77,1.52,0.0
2023-08-02 10:10:00+00:00,2023-08-02 12:10:00+02:00,782.09,202.83,15.4,54.03,29.66,1.93,0.0
2023-08-02 11:10:00+00:00,2023-08-02 13:10:00+02:00,809.19,201.57,9.27,63.95,31.49,2.69,0.0
2023-08-02 12:10:00+00:00,2023-08-02 14:10:00+02:00,821.12,199.58,5.87,69.88,33.05,3.31,0.0
2023-08-02 13:10:00+00:00,2023-08-02 15:10:00+02:00,833.85,190.88,6.85,68.16,34.28,3.79,0.0
2023-08-02 14:10:00+00:00,2023-08-02 16:10:00+02:00,816.68,192.47,11.72,60.1,35.26,4.07,0.0
2023-08-02 15:10:00+00:00,2023-08-02 17:10:00+02:00,796.83,186.91,18.27,49.4,35.84,4.34,0.0
2023-08-02 16:10:00+00:00,2023-08-02 18:10:00+02:00,737.89,188.67,22.86,37.77,36.1,4.48,0.0
2023-08-02 17:10:00+00:00,2023-08-02 19:10:00+02:00,643.3,181.17,22.19,25.9,35.98,4.48,0.0
2023-08-02 18:10:00+00:00,2023-08-02 20:10:00+02:00,467.21,151.16,14.44,14.12,35.19,3.86,0.0
2023-08-02 19:10:00+00:00,2023-08-02 21:10:00+02:00,63.46,13.95,1.62,2.71,33.51,3.59,0.0
2023-08-02 20:10:00+00:00,2023-08-02 22:10:00+02:00,0.0,0.0,0.0,0.0,31.18,3.59,0.0
2023-08-02 21:10:00+00:00,2023-08-02 23:10:00+02:00,0.0,0.0,0.0,0.0,29.47,3.1,0.0
2023-08-02 22:10:00+00:00,2023-08-03 00:10:00+02:00,0.0,0.0,0.0,0.0,28.34,2.55,0.0
2023-08-02 23:10:00+00:00,2023-08-03 01:10:00+02:00,0.0,0.0,0.0,0.0,27.74,2.41,0.0
2023-08-03 00:10:00+00:00,2023-08-03 02:10:00+02:00,0.0,0.0,0.0,0.0,27.25,2.48,0.0
2023-08-03 01:10:00+00:00,2023-08-03 03:10:00+02:00,0.0,0.0,0.0,0.0,26.44,2.41,0.0
2023-08-03 02:10:00+00:00,2023-08-03 04:10:00+02:00,0.0,0.0,0.0,0.0,25.48,2.14,0.0
2023-08-03 03:10:00+00:00,2023-08-03 05:10:00+02:00,0.0,0.0,0.0,0.0,24.6,1.93,0.0
2023-08-03 04:10:00+00:00,2023-08-03 06:10:00+02:00,0.0,0.0,0.0,0.0,23.82,1.79,0.0
2023-08-03 05:10:00+00:00,2023-08-03 07:10:00+02:00,0.0,0.0,0.0,0.0,23.09,1.66,0.0
2023-08-03 06:10:00+00:00,2023-08-03 08:10:00+02:00,308.49,99.01,7.08,7.26,22.59,1.52,0.0
2023-08-03 07:10:00+00:00,2023-08-03 09:10:00+02:00,553.44,165.62,18.34,18.87,24.2,1.45,0.0
2023-08-03 08:10:00+00:00,2023-08-03 10:10:00+02:00,683.08,184.75,23.13,30.73,25.46,1.24,0.0
2023-08-03 09:10:00+00:00,2023-08-03 11:10:00+02:00,746.9,194.52,21.25,42.54,27.06,1.52,0.0
2023-08-03 10:10:00+00:00,2023-08-03 12:10:00+02:00,794.77,194.32,15.55,53.88,28.74,2.07,0.0
2023-08-03 11:10:00+00:00,2023-08-03 13:10:00+02:00,807.21,200.68,9.37,63.76,30.33,2.48,0.0
2023-08-03 12:10:00+00:00,2023-08-03 14:10:00+02:00,818.17,199.78,5.99,69.63,31.79,2.76,0.0
2023-08-03 13:10:00+00:00,2023-08-03 15:10:00+02:00,832.05,190.04,6.97,67.92,33.07,3.1,0.0
2023-08-03 14:10:00+00:00,2023-08-03 16:10:00+02:00,813.69,193.77,11.84,59.9,34.01,3.52,0.0
2023-08-03 15:10:00+00:00,2023-08-03 17:10:00+02:00,779.07,196.02,18.25,49.23,34.67,3.72,0.0
2023-08-03 16:10:00+00:00,2023-08-03 18:10:00+02:00,733.99,190.11,22.87,37.62,35.07,3.79,0.0
2023-08-03 17:10:00+00:00,2023-08-03 19:10:00+02:00,640.06,181.35,22.12,25.74,35.09,3.66,0.0
2023-08-03 18:10:00+00:00,2023-08-03 20:10:00+02:00,460.12,150.8,14.26,13.96,34.35,3.17,0.0
2023-08-03 19:10:00+00:00,2023-08-03 21:10:00+02:00,67.83,13.35,1.53,2.54,32.22,3.38,0.0
2023-08-03 20:10:00+00:00,2023-08-03 22:10:00+02:00,0.0,0.0,0.0,0.0,29.61,3.31,0.0
2023-08-03 21:10:00+00:00,2023-08-03 23:10:00+02:00,0.0,0.0,0.0,0.0,27.69,3.03,0.0
2023-08-03 22:10:00+00:00,2023-08-04 00:10:00+02:00,0.0,0.0,0.0,0.0,26.25,2.69,0.0
2023-08-03 23:10:00+00:00,2023-08-04 01:10:00+02:00,0.0,0.0,0.0,0.0,25.08,2.34,0.0
2023-08-04 00:10:00+00:00,2023-08-04 02:10:00+02:00,0.0,0.0,0.0,0.0,24.25,1.93,0.0
2023-08-04 01:10:00+00:00,2023-08-04 03:10:00+02:00,0.0,0.0,0.0,0.0,23.38,1.66,0.0
2023-08-04 02:10:00+00:00,2023-08-04 04:10:00+02:00,0.0,0.0,0.0,0.0,22.41,1.66,0.0
2023-08-04 03:10:00+00:00,2023-08-04 05:10:00+02:00,0.0,0.0,0.0,0.0,21.68,1.86,0.0
2023-08-04 04:10:00+00:00,2023-08-04 06:10:00+02:00,0.0,0.0,0.0,0.0,21.09,1.86,0.0
2023-08-04 05:10:00+00:00,2023-08-04 07:10:00+02:00,0.0,0.0,0.0,0.0,21.19,1.52,0.0
2023-08-04 06:10:00+00:00,2023-08-04 08:10:00+02:00,290.44,98.3,6.92,7.12,22.21,1.1,0.0
2023-08-04 07:10:00+00:00,2023-08-04 09:10:00+02:00,554.11,170.1,18.46,18.74,22.91,2.21,0.0
2023-08-04 08:10:00+00:00,2023-08-04 10:10:00+02:00,675.87,194.73,23.32,30.6,26.4,3.31,0.0
2023-08-04 09:10:00+00:00,2023-08-04 11:10:00+02:00,765.15,196.18,21.72,42.41,28.51,4.34,0.0
2023-08-04 10:10:00+00:00,2023-08-04 12:10:00+02:00,781.47,211.45,15.74,53.72,30.44,4.21,0.0
2023-08-04 11:10:00+00:00,2023-08-04 13:10:00+02:00,824.24,201.29,9.66,63.56,32.29,3.93,0.0
2023-08-04 12:10:00+00:00,2023-08-04 14:10:00+02:00,819.54,209.52,6.19,69.37,33.75,3.72,0.0
2023-08-04 13:10:00+00:00,2023-08-04 15:10:00+02:00,817.31,209.19,7.15,67.67,34.76,3.45,0.0
2023-08-04 14:10:00+00:00,2023-08-04 16:10:00+02:00,816.55,201.94,12.1,59.7,35.5,3.1,0.0
2023-08-04 15:10:00+00:00,2023-08-04 17:10:00+02:00,797.03,196.08,18.67,49.05,35.92,2.69,0.0
2023-08-04 16:10:00+00:00,2023-08-04 18:10:00+02:00,754.83,188.25,23.32,37.45,36.12,2.34,0.0
2023-08-04 17:10:00+00:00,2023-08-04 19:10:00+02:00,648.48,184.87,22.39,25.58,36.04,1.93,0.0
2023-08-04 18:10:00+00:00,2023-08-04 20:10:00+02:00,482.41,152.88,14.47,13.79,35.41,1.03,0.0
2023-08-04 19:10:00+00:00,2023-08-04 21:10:00+02:00,48.66,9.71,1.25,2.36,34.04,2.14,0.0
2023-08-04 20:10:00+00:00,2023-08-04 22:10:00+02:00,0.0,0.0,0.0,0.0,32.44,2.28,0.0
2023-08-04 21:10:00+00:00,2023-08-04 23:10:00+02:00,0.0,0.0,0.0,0.0,30.22,2.28,0.0
2023-08-04 22:10:00+00:00,2023-08-05 00:10:00+02:00,0.0,0.0,0.0,0.0,28.04,2.14,0.0
2023-08-04 23:10:00+00:00,2023-08-05 01:10:00+02:00,0.0,0.0,0.0,0.0,25.93,2.62,0.0
2023-08-05 00:10:00+00:00,2023-08-05 02:10:00+02:00,0.0,0.0,0.0,0.0,24.37,2.55,0.0
2023-08-05 01:10:00+00:00,2023-08-05 03:10:00+02:00,0.0,0.0,0.0,0.0,23.35,2.48,0.0
2023-08-05 02:10:00+00:00,2023-08-05 04:10:00+02:00,0.0,0.0,0.0,0.0,22.63,2.21,0.0
2023-08-05 03:10:00+00:00,2023-08-05 05:10:00+02:00,0.0,0.0,0.0,0.0,22.1,1.93,0.0
2023-08-05 04:10:00+00:00,2023-08-05 06:10:00+02:00,0.0,0.0,0.0,0.0,21.64,1.86,0.0
2023-08-05 05:10:00+00:00,2023-08-05 07:10:00+02:00,0.0,0.0,0.0,0.0,21.25,1.93,0.0
2023-08-05 06:10:00+00:00,2023-08-05 08:10:00+02:00,288.16,94.59,6.68,6.98,21.16,2.0,0.0
2023-08-05 07:10:00+00:00,2023-08-05 09:10:00+02:00,554.82,167.36,18.32,18.6,22.88,2.34,0.0
2023-08-05 08:10:00+00:00,2023-08-05 10:10:00+02:00,694.26,185.45,23.42,30.47,25.11,2.55,0.0
2023-08-05 09:10:00+00:00,2023-08-05 11:10:00+02:00,758.24,194.69,21.61,42.27,27.4,2.83,0.0
2023-08-05 10:10:00+00:00,2023-08-05 12:10:00+02:00,790.52,202.81,15.83,53.56,29.52,3.1,0.0
2023-08-05 11:10:00+00:00,2023-08-05 13:10:00+02:00,802.21,209.75,9.67,63.35,31.42,2.97,0.0
2023-08-05 12:10:00+00:00,2023-08-05 14:10:00+02:00,813.45,209.7,6.3,69.11,33.13,2.83,0.0
2023-08-05 13:10:00+00:00,2023-08-05 15:10:00+02:00,826.39,200.04,7.3,67.41,34.43,2.62,0.0
2023-08-05 14:10:00+00:00,2023-08-05 16:10:00+02:00,809.03,202.02,12.16,59.49,35.48,2.48,0.0
2023-08-05 15:10:00+00:00,2023-08-05 17:10:00+02:00,789.95,196.06,18.66,48.87,36.24,2.41,0.0
2023-08-05 16:10:00+00:00,2023-08-05 18:10:00+02:00,746.2,189.34,23.22,37.28,36.68,2.28,0.0
2023-08-05 17:10:00+00:00,2023-08-05 19:10:00+02:00,661.8,179.31,22.44,25.41,36.78,2.0,0.0
2023-08-05 18:10:00+00:00,2023-08-05 20:10:00+02:00,496.92,151.08,14.45,13.62,36.21,1.24,0.0
2023-08-05 19:10:00+00:00,2023-08-05 21:10:00+02:00,0.0,5.69,1.06,2.17,35.55,0.41,0.0
2023-08-05 20:10:00+00:00,2023-08-05 22:10:00+02:00,0.0,0.0,0.0,0.0,33.17,1.52,0.0
2023-08-05 21:10:00+00:00,2023-08-05 23:10:00+02:00,0.0,0.0,0.0,0.0,30.15,1.59,0.0
2023-08-05 22:10:00+00:00,2023-08-06 00:10:00+02:00,0.0,0.0,0.0,0.0,28.2,1.45,0.0
2023-08-05 23:10:00+00:00,2023-08-06 01:10:00+02:00,0.0,0.0,0.0,0.0,26.31,2.28,0.0
2023-08-06 00:10:00+00:00,2023-08-06 02:10:00+02:00,0.0,0.0,0.0,0.0,25.1,2.41,0.0
2023-08-06 01:10:00+00:00,2023-08-06 03:10:00+02:00,0.0,0.0,0.0,0.0,24.07,2.07,0.0
2023-08-06 02:10:00+00:00,2023-08-06 04:10:00+02:00,0.0,0.0,0.0,0.0,23.15,1.93,0.0
2023-08-06 03:10:00+00:00,2023-08-06 05:10:00+02:00,0.0,0.0,0.0,0.0,22.32,1.93,0.0
2023-08-06 04:10:00+00:00,2023-08-06 06:10:00+02:00,0.0,0.0,0.0,0.0,21.61,1.79,0.0
2023-08-06 05:10:00+00:00,2023-08-06 07:10:00+02:00,0.0,0.0,0.0,0.0,21.08,1.79,0.0
2023-08-06 06:10:00+00:00,2023-08-06 08:10:00+02:00,277.42,93.36,6.52,6.83,20.92,1.86,0.0
2023-08-06 07:10:00+00:00,2023-08-06 09:10:00+02:00,539.77,168.94,18.1,18.47,23.86,1.72,0.0
2023-08-06 08:10:00+00:00,2023-08-06 10:10:00+02:00,665.31,194.29,23.12,30.33,27.62,2.07,0.0
2023-08-06 09:10:00+00:00,2023-08-06 11:10:00+02:00,740.89,202.74,21.53,42.13,30.72,2.21,0.0
2023-08-06 10:10:00+00:00,2023-08-06 12:10:00+02:00,788.43,202.99,15.91,53.4,33.48,2.34,0.0
2023-08-06 11:10:00+00:00,2023-08-06 13:10:00+02:00,800.3,211.05,9.79,63.15,35.9,2.28,0.0
2023-08-06 12:10:00+00:00,2023-08-06 14:10:00+02:00,796.66,218.15,6.4,68.85,37.55,2.07,0.0
2023-08-06 13:10:00+00:00,2023-08-06 15:10:00+02:00,809.52,209.62,7.4,67.15,38.68,1.66,0.0
2023-08-06 14:10:00+00:00,2023-08-06 16:10:00+02:00,807.36,202.27,12.29,59.27,39.43,1.17,0.0
2023-08-06 15:10:00+00:00,2023-08-06 17:10:00+02:00,788.23,195.11,18.72,48.68,39.81,0.9,0.0
2023-08-06 16:10:00+00:00,2023-08-06 18:10:00+02:00,744.24,188.26,23.21,37.11,39.85,0.69,0.0
2023-08-06 17:10:00+00:00,2023-08-06 19:10:00+02:00,647.27,181.27,22.2,25.24,39.58,0.62,0.0
2023-08-06 18:10:00+00:00,2023-08-06 20:10:00+02:00,464.66,149.67,13.97,13.44,38.92,0.76,0.0
2023-08-06 19:10:00+00:00,2023-08-06 21:10:00+02:00,0.0,4.64,0.87,1.98,37.79,1.93,0.0
2023-08-06 20:10:00+00:00,2023-08-06 22:10:00+02:00,0.0,0.0,0.0,0.0,35.07,2.83,0.0
2023-08-06 21:10:00+00:00,2023-08-06 23:10:00+02:00,0.0,0.0,0.0,0.0,32.86,3.17,0.0
2023-08-06 22:10:00+00:00,2023-08-07 00:10:00+02:00,0.0,0.0,0.0,0.0,30.82,2.69,0.0
2023-08-06 23:10:00+00:00,2023-08-07 01:10:00+02:00,0.0,0.0,0.0,0.0,29.3,2.0,0.0
2023-08-07 00:10:00+00:00,2023-08-07 02:10:00+02:00,0.0,0.0,0.0,0.0,27.71,1.66,0.0
2023-08-07 01:10:00+00:00,2023-08-07 03:10:00+02:00,0.0,0.0,0.0,0.0,26.22,1.31,0.0
2023-08-07 02:10:00+00:00,2023-08-07 04:10:00+02:00,0.0,0.0,0.0,0.0,24.9,2.0,0.0
2023-08-07 03:10:00+00:00,2023-08-07 05:10:00+02:00,0.0,0.0,0.0,0.0,23.89,2.07,0.0
2023-08-07 04:10:00+00:00,2023-08-07 06:10:00+02:00,0.0,0.0,0.0,0.0,23.19,1.79,0.0
2023-08-07 05:10:00+00:00,2023-08-07 07:10:00+02:00,0.0,0.0,0.0,0.0,22.54,1.52,0.0
2023-08-07 06:10:00+00:00,2023-08-07 08:10:00+02:00,197.53,75.98,5.74,6.69,22.42,1.38,0.0
2023-08-07 07:10:00+00:00,2023-08-07 09:10:00+02:00,464.14,173.26,17.2,18.33,25.08,1.38,0.0
2023-08-07 08:10:00+00:00,2023-08-07 10:10:00+02:00,598.37,210.07,22.31,30.2,29.04,1.72,0.0
2023-08-07 09:10:00+00:00,2023-08-07 11:10:00+02:00,678.62,226.97,20.99,41.99,31.89,2.48,0.0
2023-08-07 10:10:00+00:00,2023-08-07 12:10:00+02:00,752.66,219.03,15.75,53.24,34.4,2.9,0.0
2023-08-07 11:10:00+00:00,2023-08-07 13:10:00+02:00,779.33,219.49,9.81,62.94,36.56,3.31,0.0
2023-08-07 12:10:00+00:00,2023-08-07 14:10:00+02:00,790.6,219.38,6.52,68.58,38.17,3.66,0.0
2023-08-07 13:10:00+00:00,2023-08-07 15:10:00+02:00,788.28,219.11,7.47,66.89,39.17,3.72,0.0
2023-08-07 14:10:00+00:00,2023-08-07 16:10:00+02:00,755.59,228.71,12.16,59.05,39.75,3.66,0.0
2023-08-07 15:10:00+00:00,2023-08-07 17:10:00+02:00,722.47,225.35,18.31,48.49,39.97,3.59,0.0
2023-08-07 16:10:00+00:00,2023-08-07 18:10:00+02:00,644.15,224.25,22.24,36.93,39.85,3.38,0.0
2023-08-07 17:10:00+00:00,2023-08-07 19:10:00+02:00,517.0,205.01,20.69,25.06,39.13,3.45,0.0
2023-08-07 18:10:00+00:00,2023-08-07 20:10:00+02:00,309.61,138.28,12.25,13.26,37.5,3.31,0.0
2023-08-07 19:10:00+00:00,2023-08-07 21:10:00+02:00,0.0,3.6,0.68,1.79,35.0,3.03,0.0
2023-08-07 20:10:00+00:00,2023-08-07 22:10:00+02:00,0.0,0.0,0.0,0.0,32.19,3.45,0.0
2023-08-07 21:10:00+00:00,2023-08-07 23:10:00+02:00,0.0,0.0,0.0,0.0,30.07,3.45,0.0
2023-08-07 22:10:00+00:00,2023-08-08 00:10:00+02:00,0.0,0.0,0.0,0.0,28.65,2.97,0.0
2023-08-07 23:10:00+00:00,2023-08-08 01:10:00+02:00,0.0,0.0,0.0,0.0,27.72,2.41,0.0
2023-08-08 00:10:00+00:00,2023-08-08 02:10:00+02:00,0.0,0.0,0.0,0.0,27.01,1.79,0.0
2023-08-08 01:10:00+00:00,2023-08-08 03:10:00+02:00,0.0,0.0,0.0,0.0,26.19,1.1,0.0
2023-08-08 02:10:00+00:00,2023-08-08 04:10:00+02:00,0.0,0.0,0.0,0.0,25.72,2.07,0.0
2023-08-08 03:10:00+00:00,2023-08-08 05:10:00+02:00,0.0,0.0,0.0,0.0,25.38,2.07,0.0
2023-08-08 04:10:00+00:00,2023-08-08 06:10:00+02:00,0.0,0.0,0.0,0.0,24.84,1.45,0.0
2023-08-08 05:10:00+00:00,2023-08-08 07:10:00+02:00,0.0,0.0,0.0,0.0,24.21,1.86,0.0
2023-08-08 06:10:00+00:00,2023-08-08 08:10:00+02:00,79.01,42.73,4.34,6.54,24.16,2.55,0.0
2023-08-08 07:10:00+00:00,2023-08-08 09:10:00+02:00,390.64,168.27,16.09,18.2,26.08,1.59,0.0
2023-08-08 08:10:00+00:00,2023-08-08 10:10:00+02:00,31.94,162.88,11.13,30.07,28.56,1.86,0.0
2023-08-08 09:10:00+00:00,2023-08-08 11:10:00+02:00,661.01,224.33,20.64,41.85,30.89,1.66,0.0
2023-08-08 10:10:00+00:00,2023-08-08 12:10:00+02:00,720.51,225.72,15.48,53.08,33.29,1.38,0.0
2023-08-08 11:10:00+00:00,2023-08-08 13:10:00+02:00,747.07,228.63,9.73,62.72,35.51,1.31,0.0
2023-08-08 12:10:00+00:00,2023-08-08 14:10:00+02:00,758.72,227.55,6.52,68.31,37.42,1.24,0.0
2023-08-08 13:10:00+00:00,2023-08-08 15:10:00+02:00,740.86,236.48,7.42,66.61,39.0,1.38,0.0
2023-08-08 14:10:00+00:00,2023-08-08 16:10:00+02:00,738.71,227.3,12.09,58.82,40.19,1.72,0.0
2023-08-08 15:10:00+00:00,2023-08-08 17:10:00+02:00,679.16,236.92,17.92,48.29,40.95,2.07,0.0
2023-08-08 16:10:00+00:00,2023-08-08 18:10:00+02:00,531.59,249.02,20.85,36.74,41.12,2.21,0.0
2023-08-08 17:10:00+00:00,2023-08-08 19:10:00+02:00,85.57,157.61,12.98,24.88,40.74,2.48,0.0
2023-08-08 18:10:00+00:00,2023-08-08 20:10:00+02:00,265.34,128.73,11.53,13.07,39.61,2.28,0.0
2023-08-08 19:10:00+00:00,2023-08-08 21:10:00+02:00,0.0,3.07,0.58,1.59,37.87,2.28,0.0
2023-08-08 20:10:00+00:00,2023-08-08 22:10:00+02:00,0.0,0.0,0.0,0.0,35.54,2.34,0.0
2023-08-08 21:10:00+00:00,2023-08-08 23:10:00+02:00,0.0,0.0,0.0,0.0,33.78,2.34,0.0
2023-08-08 22:10:00+00:00,2023-08-09 00:10:00+02:00,0.0,0.0,0.0,0.0,32.08,2.34,0.0
2023-08-08 23:10:00+00:00,2023-08-09 01:10:00+02:00,0.0,0.0,0.0,0.0,30.67,2.41,0.0
2023-08-09 00:10:00+00:00,2023-08-09 02:10:00+02:00,0.0,0.0,0.0,0.0,29.33,2.55,0.0
2023-08-09 01:10:00+00:00,2023-08-09 03:10:00+02:00,0.0,0.0,0.0,0.0,28.27,2.34,0.0
2023-08-09 02:10:00+00:00,2023-08-09 04:10:00+02:00,0.0,0.0,0.0,0.0,27.31,2.0,0.0
2023-08-09 03:10:00+00:00,2023-08-09 05:10:00+02:00,0.0,0.0,0.0,0.0,26.46,1.45,0.0
2023-08-09 04:10:00+00:00,2023-08-09 06:10:00+02:00,0.0,0.0,0.0,0.0,25.6,1.03,0.0
2023-08-09 05:10:00+00:00,2023-08-09 07:10:00+02:00,0.0,0.0,0.0,0.0,25.03,0.97,0.0
2023-08-09 06:10:00+00:00,2023-08-09 08:10:00+02:00,35.92,28.54,3.55,6.39,24.4,1.03,0.0
2023-08-09 07:10:00+00:00,2023-08-09 09:10:00+02:00,264.48,154.49,14.28,18.06,26.4,0.34,0.0
2023-08-09 08:10:00+00:00,2023-08-09 10:10:00+02:00,599.22,196.86,21.89,29.93,28.57,0.28,0.0
2023-08-09 09:10:00+00:00,2023-08-09 11:10:00+02:00,350.22,302.1,17.27,41.71,30.93,0.48,0.0
2023-08-09 10:10:00+00:00,2023-08-09 12:10:00+02:00,630.58,263.63,14.91,52.91,33.1,0.48,0.0
2023-08-09 11:10:00+00:00,2023-08-09 13:10:00+02:00,472.34,357.61,8.62,62.51,35.18,1.31,0.0
2023-08-09 12:10:00+00:00,2023-08-09 14:10:00+02:00,502.48,357.98,5.91,68.03,36.93,2.41,0.0
2023-08-09 13:10:00+00:00,2023-08-09 15:10:00+02:00,572.1,321.03,6.99,66.34,38.01,3.24,0.0
2023-08-09 14:10:00+00:00,2023-08-09 16:10:00+02:00,187.48,408.89,8.47,58.59,38.53,3.72,0.0
2023-08-09 15:10:00+00:00,2023-08-09 17:10:00+02:00,509.32,296.99,16.5,48.08,38.68,4.0,0.0
2023-08-09 16:10:00+00:00,2023-08-09 18:10:00+02:00,458.41,260.5,19.94,36.55,38.38,4.34,0.0
2023-08-09 17:10:00+00:00,2023-08-09 19:10:00+02:00,287.27,201.03,17.24,24.69,37.79,4.48,0.0
2023-08-09 18:10:00+00:00,2023-08-09 20:10:00+02:00,148.08,98.68,9.64,12.88,36.82,4.07,0.0
2023-08-09 19:10:00+00:00,2023-08-09 21:10:00+02:00,0.0,1.53,0.29,1.38,35.09,2.9,0.0
2023-08-09 20:10:00+00:00,2023-08-09 22:10:00+02:00,0.0,0.0,0.0,0.0,33.16,3.03,0.0
2023-08-09 21:10:00+00:00,2023-08-09 23:10:00+02:00,0.0,0.0,0.0,0.0,31.62,2.9,0.0
2023-08-09 22:10:00+00:00,2023-08-10 00:10:00+02:00,0.0,0.0,0.0,0.0,30.27,2.76,0.0
2023-08-09 23:10:00+00:00,2023-08-10 01:10:00+02:00,0.0,0.0,0.0,0.0,29.21,2.69,0.0
2023-08-10 00:10:00+00:00,2023-08-10 02:10:00+02:00,0.0,0.0,0.0,0.0,28.34,2.48,0.0
2023-08-10 01:10:00+00:00,2023-08-10 03:10:00+02:00,0.0,0.0,0.0,0.0,27.45,2.28,0.0
2023-08-10 02:10:00+00:00,2023-08-10 04:10:00+02:00,0.0,0.0,0.0,0.0,26.73,2.07,0.0
2023-08-10 03:10:00+00:00,2023-08-10 05:10:00+02:00,0.0,0.0,0.0,0.0,26.15,1.79,0.0
2023-08-10 04:10:00+00:00,2023-08-10 06:10:00+02:00,0.0,0.0,0.0,0.0,25.68,1.66,0.0
2023-08-10 05:10:00+00:00,2023-08-10 07:10:00+02:00,0.0,0.0,0.0,0.0,25.24,1.38,0.0
2023-08-10 06:10:00+00:00,2023-08-10 08:10:00+02:00,128.67,55.65,4.72,6.25,24.77,0.97,0.0
2023-08-10 07:10:00+00:00,2023-08-10 09:10:00+02:00,328.18,164.1,15.23,17.92,26.37,1.52,0.0
2023-08-10 08:10:00+00:00,2023-08-10 10:10:00+02:00,503.09,224.34,21.08,29.8,28.37,1.31,0.0
2023-08-10 09:10:00+00:00,2023-08-10 11:10:00+02:00,627.06,238.92,20.5,41.56,30.69,0.9,0.0
2023-08-10 10:10:00+00:00,2023-08-10 12:10:00+02:00,709.9,232.61,15.66,52.74,33.07,0.76,0.0
2023-08-10 11:10:00+00:00,2023-08-10 13:10:00+02:00,765.84,218.87,10.08,62.29,35.27,1.03,0.0
2023-08-10 12:10:00+00:00,2023-08-10 14:10:00+02:00,776.82,220.03,6.9,67.75,37.18,1.72,0.0
2023-08-10 13:10:00+00:00,2023-08-10 15:10:00+02:00,774.66,218.71,7.86,66.06,38.73,2.41,0.0
2023-08-10 14:10:00+00:00,2023-08-10 16:10:00+02:00,742.46,227.04,12.44,58.35,39.8,2.97,0.0
2023-08-10 15:10:00+00:00,2023-08-10 17:10:00+02:00,694.37,230.57,18.29,47.88,40.41,3.31,0.0
2023-08-10 16:10:00+00:00,2023-08-10 18:10:00+02:00,603.93,229.94,21.79,36.35,40.5,3.52,0.0
2023-08-10 17:10:00+00:00,2023-08-10 19:10:00+02:00,467.84,204.62,19.84,24.5,40.09,3.45,0.0
2023-08-10 18:10:00+00:00,2023-08-10 20:10:00+02:00,282.48,129.64,11.47,12.68,38.98,3.03,0.0
2023-08-10 19:10:00+00:00,2023-08-10 21:10:00+02:00,0.0,0.0,0.0,0.0,37.03,3.1,0.0
2023-08-10 20:10:00+00:00,2023-08-10 22:10:00+02:00,0.0,0.0,0.0,0.0,34.75,3.31,0.0
2023-08-10 21:10:00+00:00,2023-08-10 23:10:00+02:00,0.0,0.0,0.0,0.0,32.88,3.17,0.0
2023-08-10 22:10:00+00:00,2023-08-11 00:10:00+02:00,0.0,0.0,0.0,0.0,31.19,2.76,0.0
2023-08-10 23:10:00+00:00,2023-08-11 01:10:00+02:00,0.0,0.0,0.0,0.0,29.74,2.34,0.0
2023-08-11 00:10:00+00:00,2023-08-11 02:10:00+02:00,0.0,0.0,0.0,0.0,28.52,2.0,0.0
2023-08-11 01:10:00+00:00,2023-08-11 03:10:00+02:00,0.0,0.0,0.0,0.0,27.13,1.72,0.0
2023-08-11 02:10:00+00:00,2023-08-11 04:10:00+02:00,0.0,0.0,0.0,0.0,26.07,1.24,0.0
2023-08-11 03:10:00+00:00,2023-08-11 05:10:00+02:00,0.0,0.0,0.0,0.0,26.56,0.69,0.0
2023-08-11 04:10:00+00:00,2023-08-11 06:10:00+02:00,0.0,0.0,0.0,0.0,25.96,0.28,0.0
2023-08-11 05:10:00+00:00,2023-08-11 07:10:00+02:00,0.0,0.0,0.0,0.0,25.39,0.28,0.0
2023-08-11 06:10:00+00:00,2023-08-11 08:10:00+02:00,244.74,83.35,5.63,6.1,24.73,0.55,0.0
2023-08-11 07:10:00+00:00,2023-08-11 09:10:00+02:00,546.71,168.81,17.92,17.79,25.1,0.21,0.0
2023-08-11 08:10:00+00:00,2023-08-11 10:10:00+02:00,674.94,194.92,23.39,29.66,28.21,0.21,0.0
2023-08-11 09:10:00+00:00,2023-08-11 11:10:00+02:00,752.82,202.8,22.1,41.42,31.7,0.55,0.0
2023-08-11 10:10:00+00:00,2023-08-11 12:10:00+02:00,785.83,211.35,16.56,52.57,34.67,0.83,0.0
2023-08-11 11:10:00+00:00,2023-08-11 13:10:00+02:00,796.85,220.04,10.54,62.07,37.1,0.69,0.0
2023-08-11 12:10:00+00:00,2023-08-11 14:10:00+02:00,808.72,218.79,7.27,67.47,38.9,0.28,0.0
2023-08-11 13:10:00+00:00,2023-08-11 15:10:00+02:00,821.36,210.34,8.33,65.77,40.05,0.48,0.0
2023-08-11 14:10:00+00:00,2023-08-11 16:10:00+02:00,819.82,203.26,13.23,58.1,40.97,1.03,0.0
2023-08-11 15:10:00+00:00,2023-08-11 17:10:00+02:00,784.68,204.3,19.46,47.66,41.58,1.59,0.0
2023-08-11 16:10:00+00:00,2023-08-11 18:10:00+02:00,725.48,201.66,23.5,36.15,41.81,2.07,0.0
2023-08-11 17:10:00+00:00,2023-08-11 19:10:00+02:00,607.49,193.89,21.77,24.3,41.54,2.48,0.0
2023-08-11 18:10:00+00:00,2023-08-11 20:10:00+02:00,425.84,148.37,13.01,12.48,40.15,2.69,0.0
2023-08-11 19:10:00+00:00,2023-08-11 21:10:00+02:00,0.0,0.0,0.0,0.0,36.92,4.14,0.0
2023-08-11 20:10:00+00:00,2023-08-11 22:10:00+02:00,0.0,0.0,0.0,0.0,34.1,3.86,0.0
2023-08-11 21:10:00+00:00,2023-08-11 23:10:00+02:00,0.0,0.0,0.0,0.0,31.89,3.38,0.0
2023-08-11 22:10:00+00:00,2023-08-12 00:10:00+02:00,0.0,0.0,0.0,0.0,30.32,3.17,0.0
2023-08-11 23:10:00+00:00,2023-08-12 01:10:00+02:00,0.0,0.0,0.0,0.0,29.17,3.03,0.0
2023-08-12 00:10:00+00:00,2023-08-12 02:10:00+02:00,0.0,0.0,0.0,0.0,28.24,2.69,0.0
2023-08-12 01:10:00+00:00,2023-08-12 03:10:00+02:00,0.0,0.0,0.0,0.0,27.43,2.48,0.0
2023-08-12 02:10:00+00:00,2023-08-12 04:10:00+02:00,0.0,0.0,0.0,0.0,26.69,2.21,0.0
2023-08-12 03:10:00+00:00,2023-08-12 05:10:00+02:00,0.0,0.0,0.0,0.0,25.99,2.0,0.0
2023-08-12 04:10:00+00:00,2023-08-12 06:10:00+02:00,0.0,0.0,0.0,0.0,25.16,1.72,0.0
2023-08-12 05:10:00+00:00,2023-08-12 07:10:00+02:00,0.0,0.0,0.0,0.0,24.3,1.45,0.0
2023-08-12 06:10:00+00:00,2023-08-12 08:10:00+02:00,164.0,65.36,4.93,5.95,24.23,1.17,0.0
2023-08-12 07:10:00+00:00,2023-08-12 09:10:00+02:00,484.89,168.0,17.0,17.65,25.65,1.03,0.0
2023-08-12 08:10:00+00:00,2023-08-12 10:10:00+02:00,631.12,199.89,22.67,29.52,28.44,1.31,0.0
2023-08-12 09:10:00+00:00,2023-08-12 11:10:00+02:00,733.8,202.91,21.79,41.27,30.92,1.17,0.0
2023-08-12 10:10:00+00:00,2023-08-12 12:10:00+02:00,782.62,204.46,16.5,52.39,33.06,1.24,0.0
2023-08-12 11:10:00+00:00,2023-08-12 13:10:00+02:00,780.37,219.88,10.52,61.84,35.13,1.52,0.0
2023-08-12 12:10:00+00:00,2023-08-12 14:10:00+02:00,791.98,219.87,7.33,67.18,36.93,2.14,0.0
2023-08-12 13:10:00+00:00,2023-08-12 15:10:00+02:00,804.57,210.36,8.37,65.48,38.34,2.83,0.0
2023-08-12 14:10:00+00:00,2023-08-12 16:10:00+02:00,801.99,203.05,13.17,57.85,39.2,3.38,0.0
2023-08-12 15:10:00+00:00,2023-08-12 17:10:00+02:00,780.66,197.12,19.36,47.44,39.53,3.86,0.0
2023-08-12 16:10:00+00:00,2023-08-12 18:10:00+02:00,734.18,189.14,23.37,35.95,39.35,4.21,0.0
2023-08-12 17:10:00+00:00,2023-08-12 19:10:00+02:00,634.32,179.42,21.72,24.1,38.82,4.48,0.0
2023-08-12 18:10:00+00:00,2023-08-12 20:10:00+02:00,442.32,143.66,12.84,12.27,37.6,4.21,0.0
2023-08-12 19:10:00+00:00,2023-08-12 21:10:00+02:00,0.0,0.0,0.0,0.0,35.27,4.62,0.0
2023-08-12 20:10:00+00:00,2023-08-12 22:10:00+02:00,0.0,0.0,0.0,0.0,32.87,4.41,0.0
2023-08-12 21:10:00+00:00,2023-08-12 23:10:00+02:00,0.0,0.0,0.0,0.0,31.26,3.79,0.0
2023-08-12 22:10:00+00:00,2023-08-13 00:10:00+02:00,0.0,0.0,0.0,0.0,30.06,3.31,0.0
2023-08-12 23:10:00+00:00,2023-08-13 01:10:00+02:00,0.0,0.0,0.0,0.0,29.08,2.97,0.0
2023-08-13 00:10:00+00:00,2023-08-13 02:10:00+02:00,0.0,0.0,0.0,0.0,28.26,2.62,0.0
2023-08-13 01:10:00+00:00,2023-08-13 03:10:00+02:00,0.0,0.0,0.0,0.0,27.57,2.28,0.0
2023-08-13 02:10:00+00:00,2023-08-13 04:10:00+02:00,0.0,0.0,0.0,0.0,26.82,1.86,0.0
2023-08-13 03:10:00+00:00,2023-08-13 05:10:00+02:00,0.0,0.0,0.0,0.0,25.92,1.59,0.0
2023-08-13 04:10:00+00:00,2023-08-13 06:10:00+02:00,0.0,0.0,0.0,0.0,25.05,1.38,0.0
2023-08-13 05:10:00+00:00,2023-08-13 07:10:00+02:00,0.0,0.0,0.0,0.0,24.82,1.17,0.0
2023-08-13 06:10:00+00:00,2023-08-13 08:10:00+02:00,227.56,77.45,5.21,5.8,24.73,0.97,0.0
2023-08-13 07:10:00+00:00,2023-08-13 09:10:00+02:00,528.52,163.29,17.34,17.51,25.85,1.03,0.0
2023-08-13 08:10:00+00:00,2023-08-13 10:10:00+02:00,662.35,188.23,22.92,29.38,28.5,1.31,0.0
2023-08-13 09:10:00+00:00,2023-08-13 11:10:00+02:00,729.89,201.63,21.74,41.12,30.67,1.66,0.0
2023-08-13 10:10:00+00:00,2023-08-13 12:10:00+02:00,808.52,187.04,16.71,52.22,32.7,2.28,0.0
2023-08-13 11:10:00+00:00,2023-08-13 13:10:00+02:00,791.15,211.73,10.69,61.61,34.66,2.9,0.0
2023-08-13 12:10:00+00:00,2023-08-13 14:10:00+02:00,787.17,220.11,7.47,66.89,36.21,3.66,0.0
2023-08-13 13:10:00+00:00,2023-08-13 15:10:00+02:00,799.87,210.61,8.51,65.18,37.23,4.41,0.0
2023-08-13 14:10:00+00:00,2023-08-13 16:10:00+02:00,797.16,203.27,13.29,57.59,37.71,5.1,0.0
2023-08-13 15:10:00+00:00,2023-08-13 17:10:00+02:00,790.32,189.47,19.51,47.21,37.66,5.59,0.0
2023-08-13 16:10:00+00:00,2023-08-13 18:10:00+02:00,727.66,189.12,23.29,35.74,37.06,5.86,0.0
2023-08-13 17:10:00+00:00,2023-08-13 19:10:00+02:00,637.03,177.42,21.66,23.89,36.03,5.86,0.0
2023-08-13 18:10:00+00:00,2023-08-13 20:10:00+02:00,440.38,140.77,12.58,12.06,34.45,4.97,0.0
2023-08-13 19:10:00+00:00,2023-08-13 21:10:00+02:00,0.0,0.0,0.0,0.0,32.27,4.28,0.0
2023-08-13 20:10:00+00:00,2023-08-13 22:10:00+02:00,0.0,0.0,0.0,0.0,30.2,3.72,0.0
2023-08-13 21:10:00+00:00,2023-08-13 23:10:00+02:00,0.0,0.0,0.0,0.0,28.64,3.38,0.0
2023-08-13 22:10:00+00:00,2023-08-14 00:10:00+02:00,0.0,0.0,0.0,0.0,27.32,3.1,0.0
2023-08-13 23:10:00+00:00,2023-08-14 01:10:00+02:00,0.0,0.0,0.0,0.0,26.26,2.76,0.0
2023-08-14 00:10:00+00:00,2023-08-14 02:10:00+02:00,0.0,0.0,0.0,0.0,25.43,2.41,0.0
2023-08-14 01:10:00+00:00,2023-08-14 03:10:00+02:00,0.0,0.0,0.0,0.0,24.77,2.14,0.0
2023-08-14 02:10:00+00:00,2023-08-14 04:10:00+02:00,0.0,0.0,0.0,0.0,24.14,1.79,0.0
2023-08-14 03:10:00+00:00,2023-08-14 05:10:00+02:00,0.0,0.0,0.0,0.0,23.44,1.52,0.0
2023-08-14 04:10:00+00:00,2023-08-14 06:10:00+02:00,0.0,0.0,0.0,0.0,22.78,1.17,0.0
2023-08-14 05:10:00+00:00,2023-08-14 07:10:00+02:00,0.0,0.0,0.0,0.0,23.37,0.76,0.0
2023-08-14 06:10:00+00:00,2023-08-14 08:10:00+02:00,223.41,74.92,5.05,5.65,23.35,0.48,0.0
2023-08-14 07:10:00+00:00,2023-08-14 09:10:00+02:00,532.64,163.06,17.33,17.37,23.65,0.76,0.0
2023-08-14 08:10:00+00:00,2023-08-14 10:10:00+02:00,679.55,184.83,23.17,29.25,25.7,1.03,0.0
2023-08-14 09:10:00+00:00,2023-08-14 11:10:00+02:00,748.87,195.69,22.04,40.97,27.72,1.38,0.0
2023-08-14 10:10:00+00:00,2023-08-14 12:10:00+02:00,782.58,203.9,16.71,52.04,29.8,2.0,0.0
2023-08-14 11:10:00+00:00,2023-08-14 13:10:00+02:00,796.31,211.08,10.89,61.38,31.8,2.62,0.0
2023-08-14 12:10:00+00:00,2023-08-14 14:10:00+02:00,792.19,219.48,7.68,66.59,33.46,3.17,0.0
2023-08-14 13:10:00+00:00,2023-08-14 15:10:00+02:00,804.04,211.06,8.74,64.88,34.76,3.72,0.0
2023-08-14 14:10:00+00:00,2023-08-14 16:10:00+02:00,817.3,194.14,13.59,57.33,35.6,4.21,0.0
2023-08-14 15:10:00+00:00,2023-08-14 17:10:00+02:00,780.98,196.83,19.63,46.98,35.87,4.48,0.0
2023-08-14 16:10:00+00:00,2023-08-14 18:10:00+02:00,733.22,188.86,23.46,35.52,35.68,4.55,0.0
2023-08-14 17:10:00+00:00,2023-08-14 19:10:00+02:00,617.5,183.7,21.48,23.68,34.97,4.41,0.0
2023-08-14 18:10:00+00:00,2023-08-14 20:10:00+02:00,433.68,141.03,12.4,11.84,33.78,3.79,0.0
2023-08-14 19:10:00+00:00,2023-08-14 21:10:00+02:00,0.0,0.0,0.0,0.0,31.8,3.03,0.0
2023-08-14 20:10:00+00:00,2023-08-14 22:10:00+02:00,0.0,0.0,0.0,0.0,29.67,2.9,0.0
2023-08-14 21:10:00+00:00,2023-08-14 23:10:00+02:00,0.0,0.0,0.0,0.0,28.01,2.9,0.0
2023-08-14 22:10:00+00:00,2023-08-15 00:10:00+02:00,0.0,0.0,0.0,0.0,26.58,2.76,0.0
2023-08-14 23:10:00+00:00,2023-08-15 01:10:00+02:00,0.0,0.0,0.0,0.0,25.45,2.55,0.0
2023-08-15 00:10:00+00:00,2023-08-15 02:10:00+02:00,0.0,0.0,0.0,0.0,24.48,2.34,0.0
2023-08-15 01:10:00+00:00,2023-08-15 03:10:00+02:00,0.0,0.0,0.0,0.0,23.62,2.07,0.0
2023-08-15 02:10:00+00:00,2023-08-15 04:10:00+02:00,0.0,0.0,0.0,0.0,22.83,1.72,0.0
2023-08-15 03:10:00+00:00,2023-08-15 05:10:00+02:00,0.0,0.0,0.0,0.0,21.86,1.31,0.0
2023-08-15 04:10:00+00:00,2023-08-15 06:10:00+02:00,0.0,0.0,0.0,0.0,22.67,0.83,0.0
2023-08-15 05:10:00+00:00,2023-08-15 07:10:00+02:00,0.0,0.0,0.0,0.0,22.82,0.34,0.0
2023-08-15 06:10:00+00:00,2023-08-15 08:10:00+02:00,0.0,5.46,0.9,5.5,22.64,0.41,0.0
2023-08-15 07:10:00+00:00,2023-08-15 09:10:00+02:00,601.0,158.89,18.09,17.23,22.06,0.62,0.0
2023-08-15 08:10:00+00:00,2023-08-15 10:10:00+02:00,633.19,200.2,22.75,29.11,25.41,0.83,0.0
2023-08-15 09:10:00+00:00,2023-08-15 11:10:00+02:00,723.62,209.63,21.96,40.82,28.21,0.62,0.0
2023-08-15 10:10:00+00:00,2023-08-15 12:10:00+02:00,787.06,204.43,16.91,51.86,30.92,0.97,0.0
2023-08-15 11:10:00+00:00,2023-08-15 13:10:00+02:00,800.39,211.52,11.09,61.14,33.29,2.07,0.0
2023-08-15 12:10:00+00:00,2023-08-15 14:10:00+02:00,796.18,219.91,7.89,66.29,34.98,2.97,0.0
2023-08-15 13:10:00+00:00,2023-08-15 15:10:00+02:00,809.39,210.46,8.97,64.58,36.03,3.45,0.0
2023-08-15 14:10:00+00:00,2023-08-15 16:10:00+02:00,806.66,203.27,13.76,57.06,36.69,3.79,0.0
2023-08-15 15:10:00+00:00,2023-08-15 17:10:00+02:00,755.17,211.74,19.62,46.75,36.85,4.0,0.0
2023-08-15 16:10:00+00:00,2023-08-15 18:10:00+02:00,681.82,210.56,23.09,35.3,36.53,4.14,0.0
2023-08-15 17:10:00+00:00,2023-08-15 19:10:00+02:00,472.17,205.58,19.86,23.46,35.73,4.28,0.0
2023-08-15 18:10:00+00:00,2023-08-15 20:10:00+02:00,302.8,128.98,11.02,11.62,34.47,3.66,0.0
2023-08-15 19:10:00+00:00,2023-08-15 21:10:00+02:00,0.0,0.0,0.0,0.0,32.23,3.1,0.0
2023-08-15 20:10:00+00:00,2023-08-15 22:10:00+02:00,0.0,0.0,0.0,0.0,30.19,3.1,0.0
2023-08-15 21:10:00+00:00,2023-08-15 23:10:00+02:00,0.0,0.0,0.0,0.0,28.71,3.1,0.0
2023-08-15 22:10:00+00:00,2023-08-16 00:10:00+02:00,0.0,0.0,0.0,0.0,27.52,2.97,0.0
2023-08-15 23:10:00+00:00,2023-08-16 01:10:00+02:00,0.0,0.0,0.0,0.0,26.51,2.62,0.0
2023-08-16 00:10:00+00:00,2023-08-16 02:10:00+02:00,0.0,0.0,0.0,0.0,25.66,2.21,0.0
2023-08-16 01:10:00+00:00,2023-08-16 03:10:00+02:00,0.0,0.0,0.0,0.0,24.87,2.0,0.0
2023-08-16 02:10:00+00:00,2023-08-16 04:10:00+02:00,0.0,0.0,0.0,0.0,24.14,1.93,0.0
2023-08-16 03:10:00+00:00,2023-08-16 05:10:00+02:00,0.0,0.0,0.0,0.0,23.36,1.93,0.0
2023-08-16 04:10:00+00:00,2023-08-16 06:10:00+02:00,0.0,0.0,0.0,0.0,22.61,2.0,0.0
2023-08-16 05:10:00+00:00,2023-08-16 07:10:00+02:00,0.0,0.0,0.0,0.0,21.9,1.93,0.0
2023-08-16 06:10:00+00:00,2023-08-16 08:10:00+02:00,139.4,52.1,4.17,5.35,21.29,1.79,0.0
2023-08-16 07:10:00+00:00,2023-08-16 09:10:00+02:00,258.66,152.55,13.98,17.09,22.5,1.17,0.0
2023-08-16 08:10:00+00:00,2023-08-16 10:10:00+02:00,522.43,222.56,21.45,28.96,24.74,1.38,0.0
2023-08-16 09:10:00+00:00,2023-08-16 11:10:00+02:00,484.94,284.44,19.54,40.66,27.02,1.38,0.0
2023-08-16 10:10:00+00:00,2023-08-16 12:10:00+02:00,602.94,288.39,15.71,51.67,29.3,1.52,0.0
2023-08-16 11:10:00+00:00,2023-08-16 13:10:00+02:00,651.17,288.05,10.55,60.9,31.4,2.07,0.0
2023-08-16 12:10:00+00:00,2023-08-16 14:10:00+02:00,789.29,220.12,8.02,65.99,33.17,2.62,0.0
2023-08-16 13:10:00+00:00,2023-08-16 15:10:00+02:00,818.15,201.3,9.15,64.27,34.43,3.17,0.0
2023-08-16 14:10:00+00:00,2023-08-16 16:10:00+02:00,830.67,185.1,14.0,56.79,35.15,3.66,0.0
2023-08-16 15:10:00+00:00,2023-08-16 17:10:00+02:00,792.64,188.52,19.93,46.5,35.39,4.0,0.0
2023-08-16 16:10:00+00:00,2023-08-16 18:10:00+02:00,727.41,189.59,23.48,35.07,35.07,4.21,0.0
2023-08-16 17:10:00+00:00,2023-08-16 19:10:00+02:00,623.39,180.0,21.37,23.24,34.26,4.28,0.0
2023-08-16 18:10:00+00:00,2023-08-16 20:10:00+02:00,430.14,137.61,11.96,11.4,32.98,3.93,0.0
2023-08-16 19:10:00+00:00,2023-08-16 21:10:00+02:00,0.0,0.0,0.0,0.0,30.43,3.72,0.0
2023-08-16 20:10:00+00:00,2023-08-16 22:10:00+02:00,0.0,0.0,0.0,0.0,28.35,3.52,0.0
2023-08-16 21:10:00+00:00,2023-08-16 23:10:00+02:00,0.0,0.0,0.0,0.0,26.72,3.31,0.0
2023-08-16 22:10:00+00:00,2023-08-17 00:10:00+02:00,0.0,0.0,0.0,0.0,25.44,3.03,0.0
2023-08-16 23:10:00+00:00,2023-08-17 01:10:00+02:00,0.0,0.0,0.0,0.0,24.41,2.69,0.0
2023-08-17 00:10:00+00:00,2023-08-17 02:10:00+02:00,0.0,0.0,0.0,0.0,23.56,2.48,0.0
2023-08-17 01:10:00+00:00,2023-08-17 03:10:00+02:00,0.0,0.0,0.0,0.0,22.85,2.28,0.0
2023-08-17 02:10:00+00:00,2023-08-17 04:10:00+02:00,0.0,0.0,0.0,0.0,22.29,2.0,0.0
2023-08-17 03:10:00+00:00,2023-08-17 05:10:00+02:00,0.0,0.0,0.0,0.0,21.8,1.86,0.0
2023-08-17 04:10:00+00:00,2023-08-17 06:10:00+02:00,0.0,0.0,0.0,0.0,21.28,1.72,0.0
2023-08-17 05:10:00+00:00,2023-08-17 07:10:00+02:00,0.0,0.0,0.0,0.0,20.72,1.66,0.0
2023-08-17 06:10:00+00:00,2023-08-17 08:10:00+02:00,187.56,61.88,4.46,5.2,20.21,1.66,0.0
2023-08-17 07:10:00+00:00,2023-08-17 09:10:00+02:00,518.09,162.79,16.93,16.95,21.69,0.9,0.0
2023-08-17 08:10:00+00:00,2023-08-17 10:10:00+02:00,672.06,183.85,22.99,28.82,23.78,1.03,0.0
2023-08-17 09:10:00+00:00,2023-08-17 11:10:00+02:00,742.01,196.23,22.11,40.51,26.04,1.03,0.0
2023-08-17 10:10:00+00:00,2023-08-17 12:10:00+02:00,792.35,195.85,17.08,51.49,28.39,1.1,0.0
2023-08-17 11:10:00+00:00,2023-08-17 13:10:00+02:00,790.37,211.89,11.3,60.66,30.67,1.52,0.0
2023-08-17 12:10:00+00:00,2023-08-17 14:10:00+02:00,802.16,211.11,8.23,65.68,32.61,2.14,0.0
2023-08-17 13:10:00+00:00,2023-08-17 15:10:00+02:00,814.77,202.69,9.34,63.95,33.93,2.62,0.0
2023-08-17 14:10:00+00:00,2023-08-17 16:10:00+02:00,811.74,195.18,14.08,56.51,34.82,3.03,0.0
2023-08-17 15:10:00+00:00,2023-08-17 17:10:00+02:00,788.98,188.81,20.01,46.26,35.18,3.45,0.0
2023-08-17 16:10:00+00:00,2023-08-17 18:10:00+02:00,710.6,194.21,23.32,34.84,34.99,3.72,0.0
2023-08-17 17:10:00+00:00,2023-08-17 19:10:00+02:00,606.14,181.65,21.07,23.02,34.41,4.0,0.0
2023-08-17 18:10:00+00:00,2023-08-17 20:10:00+02:00,423.36,135.88,11.69,11.17,33.2,3.66,0.0
2023-08-17 19:10:00+00:00,2023-08-17 21:10:00+02:00,0.0,0.0,0.0,0.0,30.9,3.59,0.0
2023-08-17 20:10:00+00:00,2023-08-17 22:10:00+02:00,0.0,0.0,0.0,0.0,28.7,3.59,0.0
2023-08-17 21:10:00+00:00,2023-08-17 23:10:00+02:00,0.0,0.0,0.0,0.0,26.93,3.45,0.0
2023-08-17 22:10:00+00:00,2023-08-18 00:10:00+02:00,0.0,0.0,0.0,0.0,25.59,3.17,0.0
2023-08-17 23:10:00+00:00,2023-08-18 01:10:00+02:00,0.0,0.0,0.0,0.0,24.53,2.83,0.0
2023-08-18 00:10:00+00:00,2023-08-18 02:10:00+02:00,0.0,0.0,0.0,0.0,23.7,2.41,0.0
2023-08-18 01:10:00+00:00,2023-08-18 03:10:00+02:00,0.0,0.0,0.0,0.0,23.09,2.14,0.0
2023-08-18 02:10:00+00:00,2023-08-18 04:10:00+02:00,0.0,0.0,0.0,0.0,22.52,1.93,0.0
2023-08-18 03:10:00+00:00,2023-08-18 05:10:00+02:00,0.0,0.0,0.0,0.0,21.81,1.79,0.0
2023-08-18 04:10:00+00:00,2023-08-18 06:10:00+02:00,0.0,0.0,0.0,0.0,20.97,1.66,0.0
2023-08-18 05:10:00+00:00,2023-08-18 07:10:00+02:00,0.0,0.0,0.0,0.0,20.23,1.59,0.0
2023-08-18 06:10:00+00:00,2023-08-18 08:10:00+02:00,181.8,56.68,4.2,5.05,19.81,1.45,0.0
2023-08-18 07:10:00+00:00,2023-08-18 09:10:00+02:00,501.59,162.19,16.64,16.8,21.93,0.28,0.0
2023-08-18 08:10:00+00:00,2023-08-18 10:10:00+02:00,660.53,188.97,22.94,28.68,24.77,0.62,0.0
2023-08-18 09:10:00+00:00,2023-08-18 11:10:00+02:00,623.93,243.96,21.11,40.35,27.18,0.55,0.0
2023-08-18 10:10:00+00:00,2023-08-18 12:10:00+02:00,779.05,203.84,17.13,51.3,29.38,0.48,0.0
2023-08-18 11:10:00+00:00,2023-08-18 13:10:00+02:00,747.43,237.26,11.29,60.42,31.49,0.97,0.0
2023-08-18 12:10:00+00:00,2023-08-18 14:10:00+02:00,788.74,220.84,8.4,65.37,33.22,1.66,0.0
2023-08-18 13:10:00+00:00,2023-08-18 15:10:00+02:00,755.61,237.31,9.33,63.63,34.41,2.21,0.0
2023-08-18 14:10:00+00:00,2023-08-18 16:10:00+02:00,710.95,250.2,13.73,56.23,35.23,2.62,0.0
2023-08-18 15:10:00+00:00,2023-08-18 17:10:00+02:00,325.27,341.12,15.8,46.01,35.56,2.97,0.0
2023-08-18 16:10:00+00:00,2023-08-18 18:10:00+02:00,366.21,271.99,19.44,34.61,35.45,3.31,0.0
2023-08-18 17:10:00+00:00,2023-08-18 19:10:00+02:00,0.0,56.08,4.96,22.79,34.75,3.45,0.0
2023-08-18 18:10:00+00:00,2023-08-18 20:10:00+02:00,0.0,18.99,2.59,10.93,33.48,3.1,0.0
2023-08-18 19:10:00+00:00,2023-08-18 21:10:00+02:00,0.0,0.0,0.0,0.0,31.67,3.1,0.0
2023-08-18 20:10:00+00:00,2023-08-18 22:10:00+02:00,0.0,0.0,0.0,0.0,29.71,3.17,0.0
2023-08-18 21:10:00+00:00,2023-08-18 23:10:00+02:00,0.0,0.0,0.0,0.0,28.13,3.03,0.0
2023-08-18 22:10:00+00:00,2023-08-19 00:10:00+02:00,0.0,0.0,0.0,0.0,26.79,2.9,0.0
2023-08-18 23:10:00+00:00,2023-08-19 01:10:00+02:00,0.0,0.0,0.0,0.0,25.78,2.76,0.0
2023-08-19 00:10:00+00:00,2023-08-19 02:10:00+02:00,0.0,0.0,0.0,0.0,24.9,2.34,0.0
2023-08-19 01:10:00+00:00,2023-08-19 03:10:00+02:00,0.0,0.0,0.0,0.0,24.16,2.07,0.0
2023-08-19 02:10:00+00:00,2023-08-19 04:10:00+02:00,0.0,0.0,0.0,0.0,23.53,1.72,0.0
2023-08-19 03:10:00+00:00,2023-08-19 05:10:00+02:00,0.0,0.0,0.0,0.0,22.81,1.31,0.0
2023-08-19 04:10:00+00:00,2023-08-19 06:10:00+02:00,0.0,0.0,0.0,0.0,22.64,0.83,0.0
2023-08-19 05:10:00+00:00,2023-08-19 07:10:00+02:00,0.0,0.0,0.0,0.0,23.05,0.62,0.0
2023-08-19 06:10:00+00:00,2023-08-19 08:10:00+02:00,140.56,47.48,3.84,4.9,22.77,0.48,0.0
2023-08-19 07:10:00+00:00,2023-08-19 09:10:00+02:00,491.81,157.44,16.26,16.66,23.35,0.34,0.0
2023-08-19 08:10:00+00:00,2023-08-19 10:10:00+02:00,646.83,183.11,22.46,28.54,26.6,0.41,0.0
2023-08-19 09:10:00+00:00,2023-08-19 11:10:00+02:00,720.47,195.18,21.77,40.2,29.49,1.31,0.0
2023-08-19 10:10:00+00:00,2023-08-19 12:10:00+02:00,772.14,196.72,17.0,51.11,31.86,1.45,0.0
2023-08-19 11:10:00+00:00,2023-08-19 13:10:00+02:00,787.32,202.52,11.47,60.17,33.95,0.9,0.0
2023-08-19 12:10:00+00:00,2023-08-19 14:10:00+02:00,784.12,211.46,8.47,65.06,35.62,0.76,0.0
2023-08-19 13:10:00+00:00,2023-08-19 15:10:00+02:00,864.07,165.17,9.84,63.31,36.88,1.17,0.0
2023-08-19 14:10:00+00:00,2023-08-19 16:10:00+02:00,791.81,195.33,14.18,55.94,37.72,1.45,0.0
2023-08-19 15:10:00+00:00,2023-08-19 17:10:00+02:00,766.44,189.73,19.89,45.75,38.2,1.72,0.0
2023-08-19 16:10:00+00:00,2023-08-19 18:10:00+02:00,699.7,188.83,23.04,34.37,38.31,1.93,0.0
2023-08-19 17:10:00+00:00,2023-08-19 19:10:00+02:00,568.41,180.8,20.28,22.55,38.04,2.14,0.0
2023-08-19 18:10:00+00:00,2023-08-19 20:10:00+02:00,301.69,121.41,10.18,10.7,36.94,2.34,0.0
2023-08-19 19:10:00+00:00,2023-08-19 21:10:00+02:00,0.0,0.0,0.0,0.0,34.77,2.83,0.0
2023-08-19 20:10:00+00:00,2023-08-19 22:10:00+02:00,0.0,0.0,0.0,0.0,32.85,3.1,0.0
2023-08-19 21:10:00+00:00,2023-08-19 23:10:00+02:00,0.0,0.0,0.0,0.0,31.35,2.83,0.0
2023-08-19 22:10:00+00:00,2023-08-20 00:10:00+02:00,0.0,0.0,0.0,0.0,30.06,2.34,0.0
2023-08-19 23:10:00+00:00,2023-08-20 01:10:00+02:00,0.0,0.0,0.0,0.0,29.01,2.0,0.0
2023-08-20 00:10:00+00:00,2023-08-20 02:10:00+02:00,0.0,0.0,0.0,0.0,28.09,1.72,0.0
2023-08-20 01:10:00+00:00,2023-08-20 03:10:00+02:00,0.0,0.0,0.0,0.0,26.98,1.38,0.0
2023-08-20 02:10:00+00:00,2023-08-20 04:10:00+02:00,0.0,0.0,0.0,0.0,26.35,0.9,0.0
2023-08-20 03:10:00+00:00,2023-08-20 05:10:00+02:00,0.0,0.0,0.0,0.0,26.26,0.69,0.0
2023-08-20 04:10:00+00:00,2023-08-20 06:10:00+02:00,0.0,0.0,0.0,0.0,25.13,0.9,0.0
2023-08-20 05:10:00+00:00,2023-08-20 07:10:00+02:00,0.0,0.0,0.0,0.0,23.75,1.24,0.0
2023-08-20 06:10:00+00:00,2023-08-20 08:10:00+02:00,120.87,41.63,3.58,4.75,22.94,1.38,0.0
2023-08-20 07:10:00+00:00,2023-08-20 09:10:00+02:00,464.29,159.75,15.96,16.52,24.92,0.9,0.0
2023-08-20 08:10:00+00:00,2023-08-20 10:10:00+02:00,607.79,197.57,22.19,28.39,29.03,0.9,0.0
2023-08-20 09:10:00+00:00,2023-08-20 11:10:00+02:00,701.08,208.2,21.79,40.04,32.41,1.1,0.0
2023-08-20 10:10:00+00:00,2023-08-20 12:10:00+02:00,751.05,212.52,17.07,50.92,34.83,0.97,0.0
2023-08-20 11:10:00+00:00,2023-08-20 13:10:00+02:00,780.07,211.5,11.66,59.92,36.81,0.48,0.0
2023-08-20 12:10:00+00:00,2023-08-20 14:10:00+02:00,791.69,212.0,8.73,64.74,38.34,0.21,0.0
2023-08-20 13:10:00+00:00,2023-08-20 15:10:00+02:00,788.0,211.95,9.79,62.98,39.4,0.76,0.0
2023-08-20 14:10:00+00:00,2023-08-20 16:10:00+02:00,769.12,213.16,14.33,55.65,40.1,1.31,0.0
2023-08-20 15:10:00+00:00,2023-08-20 17:10:00+02:00,760.05,197.35,20.08,45.49,40.32,1.86,0.0
2023-08-20 16:10:00+00:00,2023-08-20 18:10:00+02:00,695.18,194.71,23.18,34.13,40.21,2.41,0.0
2023-08-20 17:10:00+00:00,2023-08-20 19:10:00+02:00,555.74,184.57,20.16,22.31,39.71,2.69,0.0
2023-08-20 18:10:00+00:00,2023-08-20 20:10:00+02:00,308.58,121.43,10.07,10.46,38.26,2.69,0.0
2023-08-20 19:10:00+00:00,2023-08-20 21:10:00+02:00,0.0,0.0,0.0,0.0,35.96,3.1,0.0
2023-08-20 20:10:00+00:00,2023-08-20 22:10:00+02:00,0.0,0.0,0.0,0.0,33.89,3.38,0.0
2023-08-20 21:10:00+00:00,2023-08-20 23:10:00+02:00,0.0,0.0,0.0,0.0,32.19,3.17,0.0
2023-08-20 22:10:00+00:00,2023-08-21 00:10:00+02:00,0.0,0.0,0.0,0.0,30.72,2.97,0.0
2023-08-20 23:10:00+00:00,2023-08-21 01:10:00+02:00,0.0,0.0,0.0,0.0,29.54,2.97,0.0
2023-08-21 00:10:00+00:00,2023-08-21 02:10:00+02:00,0.0,0.0,0.0,0.0,28.68,2.97,0.0
2023-08-21 01:10:00+00:00,2023-08-21 03:10:00+02:00,0.0,0.0,0.0,0.0,27.93,2.55,0.0
2023-08-21 02:10:00+00:00,2023-08-21 04:10:00+02:00,0.0,0.0,0.0,0.0,27.31,2.0,0.0
2023-08-21 03:10:00+00:00,2023-08-21 05:10:00+02:00,0.0,0.0,0.0,0.0,26.38,1.24,0.0
2023-08-21 04:10:00+00:00,2023-08-21 06:10:00+02:00,0.0,0.0,0.0,0.0,26.88,0.55,0.0
2023-08-21 05:10:00+00:00,2023-08-21 07:10:00+02:00,0.0,0.0,0.0,0.0,26.45,0.41,0.0
2023-08-21 06:10:00+00:00,2023-08-21 08:10:00+02:00,87.4,32.02,3.13,4.59,24.76,1.03,0.0
2023-08-21 07:10:00+00:00,2023-08-21 09:10:00+02:00,436.33,161.39,15.65,16.37,25.65,0.9,0.0
2023-08-21 08:10:00+00:00,2023-08-21 10:10:00+02:00,608.54,198.21,22.23,28.25,29.23,1.03,0.0
2023-08-21 09:10:00+00:00,2023-08-21 11:10:00+02:00,717.47,200.92,22.0,39.88,32.19,1.1,0.0
2023-08-21 10:10:00+00:00,2023-08-21 12:10:00+02:00,782.85,196.73,17.42,50.72,34.6,0.97,0.0
2023-08-21 11:10:00+00:00,2023-08-21 13:10:00+02:00,797.15,203.5,11.93,59.66,36.73,0.76,0.0
2023-08-21 12:10:00+00:00,2023-08-21 14:10:00+02:00,809.32,201.97,8.99,64.42,38.39,0.62,0.0
2023-08-21 13:10:00+00:00,2023-08-21 15:10:00+02:00,806.11,201.92,10.07,62.65,39.65,0.41,0.0
2023-08-21 14:10:00+00:00,2023-08-21 16:10:00+02:00,801.04,196.58,14.72,55.35,40.47,0.62,0.0
2023-08-21 15:10:00+00:00,2023-08-21 17:10:00+02:00,762.13,196.79,20.25,45.22,40.92,1.1,0.0
2023-08-21 16:10:00+00:00,2023-08-21 18:10:00+02:00,696.08,194.14,23.24,33.88,40.98,1.66,0.0
2023-08-21 17:10:00+00:00,2023-08-21 19:10:00+02:00,566.86,181.18,20.16,22.07,40.57,2.07,0.0
2023-08-21 18:10:00+00:00,2023-08-21 20:10:00+02:00,338.49,123.55,10.12,10.21,39.1,2.41,0.0
2023-08-21 19:10:00+00:00,2023-08-21 21:10:00+02:00,0.0,0.0,0.0,0.0,36.97,2.9,0.0
2023-08-21 20:10:00+00:00,2023-08-21 22:10:00+02:00,0.0,0.0,0.0,0.0,34.75,2.41,0.0
2023-08-21 21:10:00+00:00,2023-08-21 23:10:00+02:00,0.0,0.0,0.0,0.0,33.08,2.41,0.0
2023-08-21 22:10:00+00:00,2023-08-22 00:10:00+02:00,0.0,0.0,0.0,0.0,31.62,2.41,0.0
2023-08-21 23:10:00+00:00,2023-08-22 01:10:00+02:00,0.0,0.0,0.0,0.0,30.55,1.79,0.0
2023-08-22 00:10:00+00:00,2023-08-22 02:10:00+02:00,0.0,0.0,0.0,0.0,29.21,0.9,0.0
2023-08-22 01:10:00+00:00,2023-08-22 03:10:00+02:00,0.0,0.0,0.0,0.0,29.15,0.0,0.0
2023-08-22 02:10:00+00:00,2023-08-22 04:10:00+02:00,0.0,0.0,0.0,0.0,27.95,0.69,0.0
2023-08-22 03:10:00+00:00,2023-08-22 05:10:00+02:00,0.0,0.0,0.0,0.0,26.3,1.24,0.0
2023-08-22 04:10:00+00:00,2023-08-22 06:10:00+02:00,0.0,0.0,0.0,0.0,25.52,1.66,0.0
2023-08-22 05:10:00+00:00,2023-08-22 07:10:00+02:00,0.0,0.0,0.0,0.0,25.35,2.0,0.0
2023-08-22 06:10:00+00:00,2023-08-22 08:10:00+02:00,116.22,36.34,3.23,4.44,25.38,2.21,0.0
2023-08-22 07:10:00+00:00,2023-08-22 09:10:00+02:00,450.84,156.81,15.56,16.23,26.83,2.0,0.0
2023-08-22 08:10:00+00:00,2023-08-22 10:10:00+02:00,622.07,190.29,22.22,28.1,29.39,2.69,0.0
2023-08-22 09:10:00+00:00,2023-08-22 11:10:00+02:00,719.91,196.26,21.99,39.71,31.92,3.1,0.0
2023-08-22 10:10:00+00:00,2023-08-22 12:10:00+02:00,757.85,204.12,17.27,50.53,34.41,3.17,0.0
2023-08-22 11:10:00+00:00,2023-08-22 13:10:00+02:00,772.54,211.97,11.92,59.41,36.56,2.97,0.0
2023-08-22 12:10:00+00:00,2023-08-22 14:10:00+02:00,784.84,211.53,9.06,64.1,38.13,2.55,0.0
2023-08-22 13:10:00+00:00,2023-08-22 15:10:00+02:00,796.14,203.19,10.2,62.32,39.32,2.28,0.0
2023-08-22 14:10:00+00:00,2023-08-22 16:10:00+02:00,791.77,195.54,14.77,55.05,40.11,2.48,0.0
2023-08-22 15:10:00+00:00,2023-08-22 17:10:00+02:00,765.73,190.05,20.31,44.95,40.31,2.76,0.0
2023-08-22 16:10:00+00:00,2023-08-22 18:10:00+02:00,671.79,197.81,22.89,33.62,39.92,3.38,0.0
2023-08-22 17:10:00+00:00,2023-08-22 19:10:00+02:00,551.43,181.26,19.85,21.82,38.67,4.28,0.0
2023-08-22 18:10:00+00:00,2023-08-22 20:10:00+02:00,312.19,118.81,9.68,9.96,36.64,4.0,0.0
2023-08-22 19:10:00+00:00,2023-08-22 21:10:00+02:00,0.0,0.0,0.0,0.0,34.59,3.59,0.0
2023-08-22 20:10:00+00:00,2023-08-22 22:10:00+02:00,0.0,0.0,0.0,0.0,32.5,3.1,0.0
2023-08-22 21:10:00+00:00,2023-08-22 23:10:00+02:00,0.0,0.0,0.0,0.0,31.22,2.55,0.0
2023-08-22 22:10:00+00:00,2023-08-23 00:10:00+02:00,0.0,0.0,0.0,0.0,30.35,1.86,0.0
2023-08-22 23:10:00+00:00,2023-08-23 01:10:00+02:00,0.0,0.0,0.0,0.0,29.39,1.86,0.0
2023-08-23 00:10:00+00:00,2023-08-23 02:10:00+02:00,0.0,0.0,0.0,0.0,28.53,2.34,0.0
2023-08-23 01:10:00+00:00,2023-08-23 03:10:00+02:00,0.0,0.0,0.0,0.0,27.94,2.41,0.0
2023-08-23 02:10:00+00:00,2023-08-23 04:10:00+02:00,0.0,0.0,0.0,0.0,27.5,2.28,0.0
2023-08-23 03:10:00+00:00,2023-08-23 05:10:00+02:00,0.0,0.0,0.0,0.0,27.1,2.21,0.0
2023-08-23 04:10:00+00:00,2023-08-23 06:10:00+02:00,0.0,0.0,0.0,0.0,26.65,2.21,0.0
2023-08-23 05:10:00+00:00,2023-08-23 07:10:00+02:00,0.0,0.0,0.0,0.0,26.18,2.14,0.0
2023-08-23 06:10:00+00:00,2023-08-23 08:10:00+02:00,106.98,34.52,3.15,4.29,25.74,2.28,0.0
2023-08-23 07:10:00+00:00,2023-08-23 09:10:00+02:00,480.06,156.68,15.83,16.08,26.89,2.21,0.0
2023-08-23 08:10:00+00:00,2023-08-23 10:10:00+02:00,637.89,187.0,22.42,27.95,29.46,2.97,0.0
2023-08-23 09:10:00+00:00,2023-08-23 11:10:00+02:00,723.97,197.01,22.16,39.55,32.13,3.38,0.0
2023-08-23 10:10:00+00:00,2023-08-23 12:10:00+02:00,776.93,197.13,17.57,50.33,34.64,3.45,0.0
2023-08-23 11:10:00+00:00,2023-08-23 13:10:00+02:00,776.96,212.48,12.14,59.15,36.79,3.24,0.0
2023-08-23 12:10:00+00:00,2023-08-23 14:10:00+02:00,789.27,210.95,9.3,63.77,38.42,2.97,0.0
2023-08-23 13:10:00+00:00,2023-08-23 15:10:00+02:00,800.9,202.64,10.46,61.98,39.53,2.83,0.0
2023-08-23 14:10:00+00:00,2023-08-23 16:10:00+02:00,795.97,196.18,15.04,54.75,40.18,2.9,0.0
2023-08-23 15:10:00+00:00,2023-08-23 17:10:00+02:00,770.85,189.69,20.54,44.68,40.36,3.17,0.0
2023-08-23 16:10:00+00:00,2023-08-23 18:10:00+02:00,676.37,197.72,23.04,33.37,40.13,3.17,0.0
2023-08-23 17:10:00+00:00,2023-08-23 19:10:00+02:00,543.94,182.74,19.73,21.57,39.4,3.24,0.0
2023-08-23 18:10:00+00:00,2023-08-23 20:10:00+02:00,284.67,113.5,9.23,9.71,37.92,3.03,0.0
2023-08-23 19:10:00+00:00,2023-08-23 21:10:00+02:00,0.0,0.0,0.0,0.0,35.89,3.03,0.0
2023-08-23 20:10:00+00:00,2023-08-23 22:10:00+02:00,0.0,0.0,0.0,0.0,33.63,2.9,0.0
2023-08-23 21:10:00+00:00,2023-08-23 23:10:00+02:00,0.0,0.0,0.0,0.0,31.98,2.41,0.0
2023-08-23 22:10:00+00:00,2023-08-24 00:10:00+02:00,0.0,0.0,0.0,0.0,30.73,1.93,0.0
2023-08-23 23:10:00+00:00,2023-08-24 01:10:00+02:00,0.0,0.0,0.0,0.0,29.35,1.66,0.0
2023-08-24 00:10:00+00:00,2023-08-24 02:10:00+02:00,0.0,0.0,0.0,0.0,28.07,1.24,0.0
2023-08-24 01:10:00+00:00,2023-08-24 03:10:00+02:00,0.0,0.0,0.0,0.0,27.27,1.24,0.0
2023-08-24 02:10:00+00:00,2023-08-24 04:10:00+02:00,0.0,0.0,0.0,0.0,25.76,1.59,0.0
2023-08-24 03:10:00+00:00,2023-08-24 05:10:00+02:00,0.0,0.0,0.0,0.0,24.84,1.72,0.0
2023-08-24 04:10:00+00:00,2023-08-24 06:10:00+02:00,0.0,0.0,0.0,0.0,24.14,1.79,0.0
2023-08-24 05:10:00+00:00,2023-08-24 07:10:00+02:00,0.0,0.0,0.0,0.0,23.7,1.86,0.0
2023-08-24 06:10:00+00:00,2023-08-24 08:10:00+02:00,97.06,30.07,2.88,4.14,23.51,2.0,0.0
2023-08-24 07:10:00+00:00,2023-08-24 09:10:00+02:00,466.11,158.27,15.67,15.94,25.37,1.66,0.0
2023-08-24 08:10:00+00:00,2023-08-24 10:10:00+02:00,630.3,189.52,22.36,27.8,29.0,1.72,0.0
2023-08-24 09:10:00+00:00,2023-08-24 11:10:00+02:00,713.9,201.8,22.15,39.39,32.23,1.59,0.0
2023-08-24 10:10:00+00:00,2023-08-24 12:10:00+02:00,766.18,204.1,17.65,50.12,34.85,1.31,0.0
2023-08-24 11:10:00+00:00,2023-08-24 13:10:00+02:00,780.28,211.86,12.35,58.88,36.9,1.1,0.0
2023-08-24 12:10:00+00:00,2023-08-24 14:10:00+02:00,777.0,220.8,9.49,63.44,38.37,0.83,0.0
2023-08-24 13:10:00+00:00,2023-08-24 15:10:00+02:00,803.47,203.15,10.71,61.63,39.45,0.76,0.0
2023-08-24 14:10:00+00:00,2023-08-24 16:10:00+02:00,799.03,195.64,15.28,54.44,40.21,1.24,0.0
2023-08-24 15:10:00+00:00,2023-08-24 17:10:00+02:00,758.95,197.07,20.63,44.4,40.66,1.93,0.0
2023-08-24 16:10:00+00:00,2023-08-24 18:10:00+02:00,677.43,198.66,23.14,33.11,40.56,2.48,0.0
2023-08-24 17:10:00+00:00,2023-08-24 19:10:00+02:00,536.38,182.59,19.54,21.32,40.09,2.83,0.0
2023-08-24 18:10:00+00:00,2023-08-24 20:10:00+02:00,274.06,110.8,8.94,9.45,38.93,2.69,0.0
2023-08-24 19:10:00+00:00,2023-08-24 21:10:00+02:00,0.0,0.0,0.0,0.0,37.1,3.24,0.0
2023-08-24 20:10:00+00:00,2023-08-24 22:10:00+02:00,0.0,0.0,0.0,0.0,34.92,3.72,0.0
2023-08-24 21:10:00+00:00,2023-08-24 23:10:00+02:00,0.0,0.0,0.0,0.0,32.97,3.66,0.0
2023-08-24 22:10:00+00:00,2023-08-25 00:10:00+02:00,0.0,0.0,0.0,0.0,31.37,3.38,0.0
2023-08-24 23:10:00+00:00,2023-08-25 01:10:00+02:00,0.0,0.0,0.0,0.0,30.09,3.17,0.0
2023-08-25 00:10:00+00:00,2023-08-25 02:10:00+02:00,0.0,0.0,0.0,0.0,29.06,3.17,0.0
2023-08-25 01:10:00+00:00,2023-08-25 03:10:00+02:00,0.0,0.0,0.0,0.0,28.24,2.83,0.0
2023-08-25 02:10:00+00:00,2023-08-25 04:10:00+02:00,0.0,0.0,0.0,0.0,27.5,2.41,0.0
2023-08-25 03:10:00+00:00,2023-08-25 05:10:00+02:00,0.0,0.0,0.0,0.0,26.85,2.07,0.0
2023-08-25 04:10:00+00:00,2023-08-25 06:10:00+02:00,0.0,0.0,0.0,0.0,26.22,1.79,0.0
2023-08-25 05:10:00+00:00,2023-08-25 07:10:00+02:00,0.0,0.0,0.0,0.0,25.4,1.38,0.0
2023-08-25 06:10:00+00:00,2023-08-25 08:10:00+02:00,71.99,23.45,2.51,3.98,25.31,0.97,0.0
2023-08-25 07:10:00+00:00,2023-08-25 09:10:00+02:00,407.84,154.88,14.85,15.79,26.22,0.76,0.0
2023-08-25 08:10:00+00:00,2023-08-25 10:10:00+02:00,581.73,197.69,21.7,27.65,29.32,0.69,0.0
2023-08-25 09:10:00+00:00,2023-08-25 11:10:00+02:00,689.56,206.49,21.84,39.22,32.03,0.55,0.0
2023-08-25 10:10:00+00:00,2023-08-25 12:10:00+02:00,739.72,212.5,17.5,49.92,34.6,0.55,0.0
2023-08-25 11:10:00+00:00,2023-08-25 13:10:00+02:00,784.83,203.46,12.47,58.61,36.95,0.28,0.0
2023-08-25 12:10:00+00:00,2023-08-25 14:10:00+02:00,797.22,203.28,9.71,63.11,38.81,0.55,0.0
2023-08-25 13:10:00+00:00,2023-08-25 15:10:00+02:00,747.96,229.37,10.65,61.29,40.22,1.38,0.0
2023-08-25 14:10:00+00:00,2023-08-25 16:10:00+02:00,647.92,268.02,14.49,54.12,41.03,2.14,0.0
2023-08-25 15:10:00+00:00,2023-08-25 17:10:00+02:00,614.85,252.98,19.42,44.12,41.44,2.69,0.0
2023-08-25 16:10:00+00:00,2023-08-25 18:10:00+02:00,614.05,213.72,22.38,32.84,41.24,3.03,0.0
2023-08-25 17:10:00+00:00,2023-08-25 19:10:00+02:00,436.91,186.64,18.19,21.06,40.78,3.1,0.0
2023-08-25 18:10:00+00:00,2023-08-25 20:10:00+02:00,237.93,101.07,8.32,9.19,39.56,2.83,0.0
2023-08-25 19:10:00+00:00,2023-08-25 21:10:00+02:00,0.0,0.0,0.0,0.0,37.38,1.24,0.0
2023-08-25 20:10:00+00:00,2023-08-25 22:10:00+02:00,0.0,0.0,0.0,0.0,35.61,2.48,0.0
2023-08-25 21:10:00+00:00,2023-08-25 23:10:00+02:00,0.0,0.0,0.0,0.0,33.67,3.1,0.0
2023-08-25 22:10:00+00:00,2023-08-26 00:10:00+02:00,0.0,0.0,0.0,0.0,32.13,2.83,0.0
2023-08-25 23:10:00+00:00,2023-08-26 01:10:00+02:00,0.0,0.0,0.0,0.0,30.93,2.34,0.0
2023-08-26 00:10:00+00:00,2023-08-26 02:10:00+02:00,0.0,0.0,0.0,0.0,29.95,1.79,0.0
2023-08-26 01:10:00+00:00,2023-08-26 03:10:00+02:00,0.0,0.0,0.0,0.0,28.79,1.38,0.0
2023-08-26 02:10:00+00:00,2023-08-26 04:10:00+02:00,0.0,0.0,0.0,0.0,28.05,1.03,0.0
2023-08-26 03:10:00+00:00,2023-08-26 05:10:00+02:00,0.0,0.0,0.0,0.0,27.81,0.83,0.0
2023-08-26 04:10:00+00:00,2023-08-26 06:10:00+02:00,0.0,0.0,0.0,0.0,27.55,0.9,0.0
2023-08-26 05:10:00+00:00,2023-08-26 07:10:00+02:00,0.0,0.0,0.0,0.0,28.09,0.48,0.0
2023-08-26 06:10:00+00:00,2023-08-26 08:10:00+02:00,44.92,17.28,2.15,3.83,27.68,0.97,0.0
2023-08-26 07:10:00+00:00,2023-08-26 09:10:00+02:00,441.23,154.66,15.12,15.65,26.69,0.76,0.0
2023-08-26 08:10:00+00:00,2023-08-26 10:10:00+02:00,558.68,203.2,21.47,27.5,30.28,0.83,0.0
2023-08-26 09:10:00+00:00,2023-08-26 11:10:00+02:00,434.92,280.47,19.24,39.05,32.84,1.66,0.0
2023-08-26 10:10:00+00:00,2023-08-26 12:10:00+02:00,583.36,282.23,16.46,49.71,34.97,1.45,0.0
2023-08-26 11:10:00+00:00,2023-08-26 13:10:00+02:00,326.59,395.9,9.94,58.35,36.53,1.17,0.0
2023-08-26 12:10:00+00:00,2023-08-26 14:10:00+02:00,115.84,429.93,6.06,62.77,37.15,2.34,0.0
2023-08-26 13:10:00+00:00,2023-08-26 15:10:00+02:00,151.01,425.87,7.18,60.94,38.17,3.1,0.0
2023-08-26 14:10:00+00:00,2023-08-26 16:10:00+02:00,2.48,254.88,5.48,53.81,38.03,3.52,0.0
2023-08-26 15:10:00+00:00,2023-08-26 17:10:00+02:00,2.89,199.09,7.29,43.83,38.21,4.76,0.0
2023-08-26 16:10:00+00:00,2023-08-26 18:10:00+02:00,0.0,118.28,7.11,32.57,37.62,5.38,0.0
2023-08-26 17:10:00+00:00,2023-08-26 19:10:00+02:00,0.0,66.27,6.32,20.8,36.76,5.1,0.0
2023-08-26 18:10:00+00:00,2023-08-26 20:10:00+02:00,38.67,41.64,5.15,8.93,35.4,4.62,0.0
2023-08-26 19:10:00+00:00,2023-08-26 21:10:00+02:00,0.0,0.0,0.0,0.0,32.63,5.45,0.0
2023-08-26 20:10:00+00:00,2023-08-26 22:10:00+02:00,0.0,0.0,0.0,0.0,31.23,4.07,0.0
2023-08-26 21:10:00+00:00,2023-08-26 23:10:00+02:00,0.0,0.0,0.0,0.0,30.23,2.9,0.0
2023-08-26 22:10:00+00:00,2023-08-27 00:10:00+02:00,0.0,0.0,0.0,0.0,29.15,2.97,0.0
2023-08-26 23:10:00+00:00,2023-08-27 01:10:00+02:00,0.0,0.0,0.0,0.0,28.2,3.59,0.0
2023-08-27 00:10:00+00:00,2023-08-27 02:10:00+02:00,0.0,0.0,0.0,0.0,26.88,4.34,0.0
2023-08-27 01:10:00+00:00,2023-08-27 03:10:00+02:00,0.0,0.0,0.0,0.0,24.97,4.21,0.0
2023-08-27 02:10:00+00:00,2023-08-27 04:10:00+02:00,0.0,0.0,0.0,0.0,23.37,3.52,0.0
2023-08-27 03:10:00+00:00,2023-08-27 05:10:00+02:00,0.0,0.0,0.0,0.0,22.15,3.24,0.0
2023-08-27 04:10:00+00:00,2023-08-27 06:10:00+02:00,0.0,0.0,0.0,0.0,21.27,2.9,0.0
2023-08-27 05:10:00+00:00,2023-08-27 07:10:00+02:00,0.0,0.0,0.0,0.0,20.7,2.48,0.0
2023-08-27 06:10:00+00:00,2023-08-27 08:10:00+02:00,124.8,29.06,2.62,3.68,20.26,2.62,0.0
2023-08-27 07:10:00+00:00,2023-08-27 09:10:00+02:00,493.96,159.55,15.83,15.5,20.36,2.97,0.0
2023-08-27 08:10:00+00:00,2023-08-27 10:10:00+02:00,661.65,187.88,22.92,27.35,21.85,4.07,0.0
2023-08-27 09:10:00+00:00,2023-08-27 11:10:00+02:00,732.85,203.47,22.79,38.88,23.78,4.28,0.0
2023-08-27 10:10:00+00:00,2023-08-27 12:10:00+02:00,785.05,205.07,18.37,49.5,25.79,4.07,0.0
2023-08-27 11:10:00+00:00,2023-08-27 13:10:00+02:00,783.53,221.01,13.04,58.07,27.52,3.79,0.0
2023-08-27 12:10:00+00:00,2023-08-27 14:10:00+02:00,779.51,229.8,10.24,62.43,28.96,3.72,0.0
2023-08-27 13:10:00+00:00,2023-08-27 15:10:00+02:00,821.96,203.95,11.6,60.59,30.07,3.66,0.0
2023-08-27 14:10:00+00:00,2023-08-27 16:10:00+02:00,817.49,196.79,16.2,53.48,30.88,3.59,0.0
2023-08-27 15:10:00+00:00,2023-08-27 17:10:00+02:00,792.67,189.73,21.57,43.54,31.32,3.59,0.0
2023-08-27 16:10:00+00:00,2023-08-27 18:10:00+02:00,722.41,190.47,23.98,32.3,31.39,3.45,0.0
2023-08-27 17:10:00+00:00,2023-08-27 19:10:00+02:00,404.87,193.17,17.98,20.53,31.18,3.24,0.0
2023-08-27 18:10:00+00:00,2023-08-27 20:10:00+02:00,325.48,117.65,8.83,8.66,30.49,2.97,0.0
2023-08-27 19:10:00+00:00,2023-08-27 21:10:00+02:00,0.0,0.0,0.0,0.0,28.75,2.69,0.0
2023-08-27 20:10:00+00:00,2023-08-27 22:10:00+02:00,0.0,0.0,0.0,0.0,27.38,2.62,0.0
2023-08-27 21:10:00+00:00,2023-08-27 23:10:00+02:00,0.0,0.0,0.0,0.0,26.37,2.69,0.0
2023-08-27 22:10:00+00:00,2023-08-28 00:10:00+02:00,0.0,0.0,0.0,0.0,25.51,2.55,0.0
2023-08-27 23:10:00+00:00,2023-08-28 01:10:00+02:00,0.0,0.0,0.0,0.0,24.8,2.55,0.0
2023-08-28 00:10:00+00:00,2023-08-28 02:10:00+02:00,0.0,0.0,0.0,0.0,24.11,2.41,0.0
2023-08-28 01:10:00+00:00,2023-08-28 03:10:00+02:00,0.0,0.0,0.0,0.0,23.32,2.41,0.0
2023-08-28 02:10:00+00:00,2023-08-28 04:10:00+02:00,0.0,0.0,0.0,0.0,22.54,2.34,0.0
2023-08-28 03:10:00+00:00,2023-08-28 05:10:00+02:00,0.0,0.0,0.0,0.0,21.88,2.41,0.0
2023-08-28 04:10:00+00:00,2023-08-28 06:10:00+02:00,0.0,0.0,0.0,0.0,21.28,2.48,0.0
2023-08-28 05:10:00+00:00,2023-08-28 07:10:00+02:00,0.0,0.0,0.0,0.0,20.8,2.55,0.0
2023-08-28 06:10:00+00:00,2023-08-28 08:10:00+02:00,113.96,26.06,2.44,3.52,20.45,2.55,0.0
2023-08-28 07:10:00+00:00,2023-08-28 09:10:00+02:00,506.14,159.22,15.88,15.35,21.02,2.14,0.0
2023-08-28 08:10:00+00:00,2023-08-28 10:10:00+02:00,678.2,184.39,23.13,27.2,24.09,2.83,0.0
2023-08-28 09:10:00+00:00,2023-08-28 11:10:00+02:00,751.58,196.17,23.04,38.71,26.61,3.66,0.0
2023-08-28 10:10:00+00:00,2023-08-28 12:10:00+02:00,773.03,213.24,18.46,49.29,28.22,3.72,0.0
2023-08-28 11:10:00+00:00,2023-08-28 13:10:00+02:00,770.53,231.04,13.2,57.8,29.51,3.38,0.0
2023-08-28 12:10:00+00:00,2023-08-28 14:10:00+02:00,781.96,230.35,10.49,62.09,30.53,2.69,0.0
2023-08-28 13:10:00+00:00,2023-08-28 15:10:00+02:00,809.89,212.98,11.81,60.23,31.33,2.0,0.0
2023-08-28 14:10:00+00:00,2023-08-28 16:10:00+02:00,835.95,188.67,16.56,53.16,31.89,1.45,0.0
2023-08-28 15:10:00+00:00,2023-08-28 17:10:00+02:00,795.54,190.59,21.79,43.24,32.24,1.45,0.0
2023-08-28 16:10:00+00:00,2023-08-28 18:10:00+02:00,737.42,185.58,24.19,32.02,32.36,1.59,0.0
2023-08-28 17:10:00+00:00,2023-08-28 19:10:00+02:00,597.71,177.07,20.0,20.26,32.16,1.66,0.0
2023-08-28 18:10:00+00:00,2023-08-28 20:10:00+02:00,349.61,119.98,8.8,8.39,31.63,1.38,0.0
2023-08-28 19:10:00+00:00,2023-08-28 21:10:00+02:00,0.0,0.0,0.0,0.0,30.43,1.93,0.0
2023-08-28 20:10:00+00:00,2023-08-28 22:10:00+02:00,0.0,0.0,0.0,0.0,28.4,2.14,0.0
2023-08-28 21:10:00+00:00,2023-08-28 23:10:00+02:00,0.0,0.0,0.0,0.0,26.89,1.86,0.0
2023-08-28 22:10:00+00:00,2023-08-29 00:10:00+02:00,0.0,0.0,0.0,0.0,25.57,1.72,0.0
2023-08-28 23:10:00+00:00,2023-08-29 01:10:00+02:00,0.0,0.0,0.0,0.0,24.26,1.52,0.0
2023-08-29 00:10:00+00:00,2023-08-29 02:10:00+02:00,0.0,0.0,0.0,0.0,23.74,1.38,0.0
2023-08-29 01:10:00+00:00,2023-08-29 03:10:00+02:00,0.0,0.0,0.0,0.0,23.72,1.17,0.0
2023-08-29 02:10:00+00:00,2023-08-29 04:10:00+02:00,0.0,0.0,0.0,0.0,23.42,1.17,0.0
2023-08-29 03:10:00+00:00,2023-08-29 05:10:00+02:00,0.0,0.0,0.0,0.0,22.45,1.31,0.0
2023-08-29 04:10:00+00:00,2023-08-29 06:10:00+02:00,0.0,0.0,0.0,0.0,21.76,1.45,0.0
2023-08-29 05:10:00+00:00,2023-08-29 07:10:00+02:00,0.0,0.0,0.0,0.0,21.46,1.31,0.0
2023-08-29 06:10:00+00:00,2023-08-29 08:10:00+02:00,102.15,24.37,2.35,3.37,20.96,1.31,0.0
2023-08-29 07:10:00+00:00,2023-08-29 09:10:00+02:00,491.89,157.27,15.57,15.2,21.19,0.69,0.0
2023-08-29 08:10:00+00:00,2023-08-29 10:10:00+02:00,666.36,184.98,22.9,27.05,24.52,0.9,0.0
2023-08-29 09:10:00+00:00,2023-08-29 11:10:00+02:00,756.04,190.21,23.04,38.53,27.23,1.72,0.0
2023-08-29 10:10:00+00:00,2023-08-29 12:10:00+02:00,779.5,205.58,18.55,49.08,29.35,1.45,0.0
2023-08-29 11:10:00+00:00,2023-08-29 13:10:00+02:00,763.43,230.07,13.28,57.52,31.1,0.76,0.0
2023-08-29 12:10:00+00:00,2023-08-29 14:10:00+02:00,790.16,221.23,10.7,61.74,32.41,0.9,0.0
2023-08-29 13:10:00+00:00,2023-08-29 15:10:00+02:00,848.66,185.58,12.16,59.87,33.37,1.52,0.0
2023-08-29 14:10:00+00:00,2023-08-29 16:10:00+02:00,827.04,188.87,16.64,52.83,34.06,2.14,0.0
2023-08-29 15:10:00+00:00,2023-08-29 17:10:00+02:00,785.32,190.59,21.74,42.94,34.39,2.69,0.0
2023-08-29 16:10:00+00:00,2023-08-29 18:10:00+02:00,714.73,188.51,23.84,31.74,34.42,3.03,0.0
2023-08-29 17:10:00+00:00,2023-08-29 19:10:00+02:00,593.82,174.32,19.74,19.99,34.16,3.31,0.0
2023-08-29 18:10:00+00:00,2023-08-29 20:10:00+02:00,311.73,110.75,8.16,8.11,33.2,2.69,0.0
2023-08-29 19:10:00+00:00,2023-08-29 21:10:00+02:00,0.0,0.0,0.0,0.0,31.48,2.62,0.0
2023-08-29 20:10:00+00:00,2023-08-29 22:10:00+02:00,0.0,0.0,0.0,0.0,29.6,2.34,0.0
2023-08-29 21:10:00+00:00,2023-08-29 23:10:00+02:00,0.0,0.0,0.0,0.0,28.31,2.34,0.0
2023-08-29 22:10:00+00:00,2023-08-30 00:10:00+02:00,0.0,0.0,0.0,0.0,27.48,2.34,0.0
2023-08-29 23:10:00+00:00,2023-08-30 01:10:00+02:00,0.0,0.0,0.0,0.0,26.63,2.41,0.0
2023-08-30 00:10:00+00:00,2023-08-30 02:10:00+02:00,0.0,0.0,0.0,0.0,25.79,2.34,0.0
2023-08-30 01:10:00+00:00,2023-08-30 03:10:00+02:00,0.0,0.0,0.0,0.0,24.79,2.14,0.0
2023-08-30 02:10:00+00:00,2023-08-30 04:10:00+02:00,0.0,0.0,0.0,0.0,23.87,2.28,0.0
2023-08-30 03:10:00+00:00,2023-08-30 05:10:00+02:00,0.0,0.0,0.0,0.0,23.03,2.28,0.0
2023-08-30 04:10:00+00:00,2023-08-30 06:10:00+02:00,0.0,0.0,0.0,0.0,22.15,2.07,0.0
2023-08-30 05:10:00+00:00,2023-08-30 07:10:00+02:00,0.0,0.0,0.0,0.0,21.21,1.79,0.0
2023-08-30 06:10:00+00:00,2023-08-30 08:10:00+02:00,0.0,6.32,1.13,3.21,20.48,1.66,0.0
2023-08-30 07:10:00+00:00,2023-08-30 09:10:00+02:00,481.24,154.12,15.25,15.05,21.65,0.83,0.0
2023-08-30 08:10:00+00:00,2023-08-30 10:10:00+02:00,656.64,182.67,22.62,26.89,24.58,0.69,0.0
2023-08-30 09:10:00+00:00,2023-08-30 11:10:00+02:00,746.07,191.16,22.92,38.36,26.62,0.34,0.0
2023-08-30 10:10:00+00:00,2023-08-30 12:10:00+02:00,786.05,197.87,18.64,48.86,28.46,0.55,0.0
2023-08-30 11:10:00+00:00,2023-08-30 13:10:00+02:00,755.13,230.18,13.36,57.24,30.12,1.1,0.0
2023-08-30 12:10:00+00:00,2023-08-30 14:10:00+02:00,781.37,222.55,10.85,61.4,31.39,1.45,0.0
2023-08-30 13:10:00+00:00,2023-08-30 15:10:00+02:00,808.86,203.97,12.17,59.51,32.31,1.17,0.0
2023-08-30 14:10:00+00:00,2023-08-30 16:10:00+02:00,802.98,196.69,16.62,52.49,32.97,0.97,0.0
2023-08-30 15:10:00+00:00,2023-08-30 17:10:00+02:00,704.19,223.31,21.1,42.64,33.33,1.1,0.0
2023-08-30 16:10:00+00:00,2023-08-30 18:10:00+02:00,714.76,184.99,23.76,31.46,33.5,1.52,0.0
2023-08-30 17:10:00+00:00,2023-08-30 19:10:00+02:00,527.68,180.99,18.89,19.71,33.24,2.14,0.0
2023-08-30 18:10:00+00:00,2023-08-30 20:10:00+02:00,256.67,98.68,7.43,7.84,32.33,2.9,0.0
2023-08-30 19:10:00+00:00,2023-08-30 21:10:00+02:00,0.0,0.0,0.0,0.0,30.25,4.41,0.0
2023-08-30 20:10:00+00:00,2023-08-30 22:10:00+02:00,0.0,0.0,0.0,0.0,27.4,5.45,0.0
2023-08-30 21:10:00+00:00,2023-08-30 23:10:00+02:00,0.0,0.0,0.0,0.0,25.41,4.28,0.0
2023-08-30 22:10:00+00:00,2023-08-31 00:10:00+02:00,0.0,0.0,0.0,0.0,24.26,3.03,0.0
2023-08-30 23:10:00+00:00,2023-08-31 01:10:00+02:00,0.0,0.0,0.0,0.0,23.55,2.28,0.0
2023-08-31 00:10:00+00:00,2023-08-31 02:10:00+02:00,0.0,0.0,0.0,0.0,22.97,2.14,0.0
2023-08-31 01:10:00+00:00,2023-08-31 03:10:00+02:00,0.0,0.0,0.0,0.0,22.49,1.93,0.0
2023-08-31 02:10:00+00:00,2023-08-31 04:10:00+02:00,0.0,0.0,0.0,0.0,22.0,1.59,0.0
2023-08-31 03:10:00+00:00,2023-08-31 05:10:00+02:00,0.0,0.0,0.0,0.0,21.21,1.24,0.0
2023-08-31 04:10:00+00:00,2023-08-31 06:10:00+02:00,0.0,0.0,0.0,0.0,21.23,0.9,0.0
2023-08-31 05:10:00+00:00,2023-08-31 07:10:00+02:00,0.0,0.0,0.0,0.0,21.62,0.62,0.0
2023-08-31 06:10:00+00:00,2023-08-31 08:10:00+02:00,74.97,17.26,1.89,3.06,21.43,0.34,0.0
2023-08-31 07:10:00+00:00,2023-08-31 09:10:00+02:00,474.29,151.75,15.0,14.91,21.53,0.21,0.0
2023-08-31 08:10:00+00:00,2023-08-31 10:10:00+02:00,653.52,179.69,22.45,26.74,23.64,0.41,0.0
2023-08-31 09:10:00+00:00,2023-08-31 11:10:00+02:00,747.38,184.93,22.83,38.18,25.82,0.76,0.0
2023-08-31 10:10:00+00:00,2023-08-31 12:10:00+02:00,775.36,197.7,18.58,48.64,27.79,1.03,0.0
2023-08-31 11:10:00+00:00,2023-08-31 13:10:00+02:00,775.45,213.42,13.57,56.95,29.6,1.24,0.0
2023-08-31 12:10:00+00:00,2023-08-31 14:10:00+02:00,771.43,221.63,10.96,61.05,31.15,1.59,0.0
2023-08-31 13:10:00+00:00,2023-08-31 15:10:00+02:00,813.09,195.68,12.36,59.14,32.34,1.72,0.0
2023-08-31 14:10:00+00:00,2023-08-31 16:10:00+02:00,806.63,189.16,16.76,52.16,33.22,1.79,0.0
2023-08-31 15:10:00+00:00,2023-08-31 17:10:00+02:00,776.62,184.87,21.72,42.33,33.7,2.0,0.0
2023-08-31 16:10:00+00:00,2023-08-31 18:10:00+02:00,701.36,184.44,23.49,31.17,33.76,2.28,0.0
2023-08-31 17:10:00+00:00,2023-08-31 19:10:00+02:00,553.0,173.62,18.88,19.43,33.31,2.62,0.0
2023-08-31 18:10:00+00:00,2023-08-31 20:10:00+02:00,281.32,101.75,7.38,7.56,32.35,2.55,0.0
2023-08-31 19:10:00+00:00,2023-08-31 21:10:00+02:00,0.0,0.0,0.0,0.0,30.06,3.38,0.0
2023-08-31 20:10:00+00:00,2023-08-31 22:10:00+02:00,0.0,0.0,0.0,0.0,28.32,3.1,0.0
2023-08-31 21:10:00+00:00,2023-08-31 23:10:00+02:00,0.0,0.0,0.0,0.0,26.99,2.83,0.0
2023-08-31 22:10:00+00:00,2023-09-01 00:10:00+02:00,0.0,0.0,0.0,0.0,25.93,2.55,0.0
2023-08-31 23:10:00+00:00,2023-09-01 01:10:00+02:00,0.0,0.0,0.0,0.0,25.12,2.34,0.0
2023-09-01 00:10:00+00:00,2023-09-01 02:10:00+02:00,0.0,0.0,0.0,0.0,24.46,2.14,0.0
2023-09-01 01:10:00+00:00,2023-09-01 03:10:00+02:00,0.0,0.0,0.0,0.0,23.76,2.0,0.0
2023-09-01 02:10:00+00:00,2023-09-01 04:10:00+02:00,0.0,0.0,0.0,0.0,23.18,1.79,0.0
2023-09-01 03:10:00+00:00,2023-09-01 05:10:00+02:00,0.0,0.0,0.0,0.0,22.62,1.52,0.0
2023-09-01 04:10:00+00:00,2023-09-01 06:10:00+02:00,0.0,0.0,0.0,0.0,21.9,1.03,0.0
2023-09-01 05:10:00+00:00,2023-09-01 07:10:00+02:00,0.0,0.0,0.0,0.0,22.6,0.55,0.0
2023-09-01 06:10:00+00:00,2023-09-01 08:10:00+02:00,0.0,3.14,0.57,2.9,22.29,0.55,0.0
2023-09-01 07:10:00+00:00,2023-09-01 09:10:00+02:00,204.17,125.56,11.78,14.76,22.25,0.69,0.0
2023-09-01 08:10:00+00:00,2023-09-01 10:10:00+02:00,80.46,166.61,13.04,26.58,24.6,0.55,0.0
2023-09-01 09:10:00+00:00,2023-09-01 11:10:00+02:00,430.4,277.08,19.48,38.0,26.65,0.34,0.0
2023-09-01 10:10:00+00:00,2023-09-01 12:10:00+02:00,185.81,352.8,12.72,48.42,28.35,0.48,0.0
2023-09-01 11:10:00+00:00,2023-09-01 13:10:00+02:00,706.18,245.64,13.33,56.67,30.1,1.03,0.0
2023-09-01 12:10:00+00:00,2023-09-01 14:10:00+02:00,788.99,207.24,11.21,60.69,31.58,1.79,0.0
2023-09-01 13:10:00+00:00,2023-09-01 15:10:00+02:00,816.24,189.55,12.56,58.78,32.54,2.34,0.0
2023-09-01 14:10:00+00:00,2023-09-01 16:10:00+02:00,809.11,182.72,16.9,51.82,33.14,2.76,0.0
2023-09-01 15:10:00+00:00,2023-09-01 17:10:00+02:00,766.33,184.85,21.65,42.02,33.3,3.17,0.0
2023-09-01 16:10:00+00:00,2023-09-01 18:10:00+02:00,703.4,179.66,23.41,30.88,33.05,3.31,0.0
2023-09-01 17:10:00+00:00,2023-09-01 19:10:00+02:00,557.78,167.21,18.61,19.15,32.39,3.52,0.0
2023-09-01 18:10:00+00:00,2023-09-01 20:10:00+02:00,252.7,92.68,6.81,7.27,31.27,3.52,0.0
2023-09-01 19:10:00+00:00,2023-09-01 21:10:00+02:00,0.0,0.0,0.0,0.0,28.75,4.62,0.0
2023-09-01 20:10:00+00:00,2023-09-01 22:10:00+02:00,0.0,0.0,0.0,0.0,26.48,4.9,0.0
2023-09-01 21:10:00+00:00,2023-09-01 23:10:00+02:00,0.0,0.0,0.0,0.0,24.81,4.41,0.0
2023-09-01 22:10:00+00:00,2023-09-02 00:10:00+02:00,0.0,0.0,0.0,0.0,23.74,3.45,0.0
2023-09-01 23:10:00+00:00,2023-09-02 01:10:00+02:00,0.0,0.0,0.0,0.0,22.95,3.17,0.0
2023-09-02 00:10:00+00:00,2023-09-02 02:10:00+02:00,0.0,0.0,0.0,0.0,22.34,2.83,0.0
2023-09-02 01:10:00+00:00,2023-09-02 03:10:00+02:00,0.0,0.0,0.0,0.0,21.9,2.83,0.0
2023-09-02 02:10:00+00:00,2023-09-02 04:10:00+02:00,0.0,0.0,0.0,0.0,21.39,2.76,0.0
2023-09-02 03:10:00+00:00,2023-09-02 05:10:00+02:00,0.0,0.0,0.0,0.0,21.07,3.38,0.0
2023-09-02 04:10:00+00:00,2023-09-02 06:10:00+02:00,0.0,0.0,0.0,0.0,20.69,3.38,0.0
2023-09-02 05:10:00+00:00,2023-09-02 07:10:00+02:00,0.0,0.0,0.0,0.0,20.29,2.97,0.0
2023-09-02 06:10:00+00:00,2023-09-02 08:10:00+02:00,20.86,8.12,1.24,2.75,20.15,3.03,0.0
2023-09-02 07:10:00+00:00,2023-09-02 09:10:00+02:00,333.13,144.95,13.31,14.6,20.82,3.31,0.0
2023-09-02 08:10:00+00:00,2023-09-02 10:10:00+02:00,400.04,216.47,19.37,26.42,21.76,3.52,0.0
2023-09-02 09:10:00+00:00,2023-09-02 11:10:00+02:00,746.89,178.95,22.78,37.82,23.18,3.86,0.0
2023-09-02 10:10:00+00:00,2023-09-02 12:10:00+02:00,716.34,220.21,18.28,48.2,24.47,3.86,0.0
2023-09-02 11:10:00+00:00,2023-09-02 13:10:00+02:00,311.04,390.83,10.79,56.38,25.57,4.21,0.0
2023-09-02 12:10:00+00:00,2023-09-02 14:10:00+02:00,273.89,416.21,8.57,60.34,26.86,4.41,0.0
2023-09-02 13:10:00+00:00,2023-09-02 15:10:00+02:00,39.92,365.27,6.28,58.41,27.42,4.62,0.0
2023-09-02 14:10:00+00:00,2023-09-02 16:10:00+02:00,1.28,232.57,5.7,51.47,25.83,4.83,0.0
2023-09-02 15:10:00+00:00,2023-09-02 17:10:00+02:00,1.5,176.55,7.13,41.71,25.56,3.72,0.0
2023-09-02 16:10:00+00:00,2023-09-02 18:10:00+02:00,448.1,237.38,20.53,30.58,26.16,3.93,0.0
2023-09-02 17:10:00+00:00,2023-09-02 19:10:00+02:00,231.92,158.7,14.48,18.87,25.75,4.28,0.0
2023-09-02 18:10:00+00:00,2023-09-02 20:10:00+02:00,0.0,17.9,2.81,6.99,24.84,3.93,0.0
2023-09-02 19:10:00+00:00,2023-09-02 21:10:00+02:00,0.0,0.0,0.0,0.0,23.54,3.79,0.0
2023-09-02 20:10:00+00:00,2023-09-02 22:10:00+02:00,0.0,0.0,0.0,0.0,22.27,3.86,0.0
2023-09-02 21:10:00+00:00,2023-09-02 23:10:00+02:00,0.0,0.0,0.0,0.0,21.27,3.24,0.0
2023-09-02 22:10:00+00:00,2023-09-03 00:10:00+02:00,0.0,0.0,0.0,0.0,20.47,2.76,0.0
2023-09-02 23:10:00+00:00,2023-09-03 01:10:00+02:00,0.0,0.0,0.0,0.0,19.99,1.59,0.0
2023-09-03 00:10:00+00:00,2023-09-03 02:10:00+02:00,0.0,0.0,0.0,0.0,19.72,0.69,0.0
2023-09-03 01:10:00+00:00,2023-09-03 03:10:00+02:00,0.0,0.0,0.0,0.0,19.58,0.14,0.0
2023-09-03 02:10:00+00:00,2023-09-03 04:10:00+02:00,0.0,0.0,0.0,0.0,19.36,0.48,0.0
2023-09-03 03:10:00+00:00,2023-09-03 05:10:00+02:00,0.0,0.0,0.0,0.0,19.15,1.1,0.0
2023-09-03 04:10:00+00:00,2023-09-03 06:10:00+02:00,0.0,0.0,0.0,0.0,19.39,1.66,0.0
2023-09-03 05:10:00+00:00,2023-09-03 07:10:00+02:00,0.0,0.0,0.0,0.0,19.47,2.07,0.0
2023-09-03 06:10:00+00:00,2023-09-03 08:10:00+02:00,0.0,1.04,0.19,2.59,19.32,2.41,0.0
2023-09-03 07:10:00+00:00,2023-09-03 09:10:00+02:00,0.0,41.14,4.95,14.45,19.58,2.55,0.0
2023-09-03 08:10:00+00:00,2023-09-03 10:10:00+02:00,2.26,96.18,7.47,26.26,20.78,2.48,0.0
2023-09-03 09:10:00+00:00,2023-09-03 11:10:00+02:00,0.0,98.94,4.79,37.64,21.66,2.41,0.0
2023-09-03 10:10:00+00:00,2023-09-03 12:10:00+02:00,0.0,141.92,4.19,47.97,22.92,2.55,0.0
2023-09-03 11:10:00+00:00,2023-09-03 13:10:00+02:00,0.0,69.49,1.29,56.08,23.36,2.41,0.0
2023-09-03 12:10:00+00:00,2023-09-03 14:10:00+02:00,93.55,407.28,6.8,59.98,24.41,2.14,0.0
2023-09-03 13:10:00+00:00,2023-09-03 15:10:00+02:00,150.88,408.9,8.36,58.03,26.13,1.38,0.0
2023-09-03 14:10:00+00:00,2023-09-03 16:10:00+02:00,0.0,120.85,3.01,51.13,26.58,1.38,0.0
2023-09-03 15:10:00+00:00,2023-09-03 17:10:00+02:00,0.0,70.53,2.88,41.39,24.55,1.45,0.0
2023-09-03 16:10:00+00:00,2023-09-03 18:10:00+02:00,0.0,31.54,2.08,30.29,22.85,2.14,0.0
2023-09-03 17:10:00+00:00,2023-09-03 19:10:00+02:00,0.0,18.42,1.91,18.58,22.71,3.03,0.0
2023-09-03 18:10:00+00:00,2023-09-03 20:10:00+02:00,8.57,19.54,2.91,6.7,21.84,3.1,0.0
2023-09-03 19:10:00+00:00,2023-09-03 21:10:00+02:00,0.0,0.0,0.0,0.0,22.35,0.14,0.0
2023-09-03 20:10:00+00:00,2023-09-03 22:10:00+02:00,0.0,0.0,0.0,0.0,21.99,0.28,0.0
2023-09-03 21:10:00+00:00,2023-09-03 23:10:00+02:00,0.0,0.0,0.0,0.0,21.31,0.62,0.0
2023-09-03 22:10:00+00:00,2023-09-04 00:10:00+02:00,0.0,0.0,0.0,0.0,20.59,1.31,0.0
2023-09-03 23:10:00+00:00,2023-09-04 01:10:00+02:00,0.0,0.0,0.0,0.0,20.27,1.86,0.0
2023-09-04 00:10:00+00:00,2023-09-04 02:10:00+02:00,0.0,0.0,0.0,0.0,19.29,1.79,0.0
2023-09-04 01:10:00+00:00,2023-09-04 03:10:00+02:00,0.0,0.0,0.0,0.0,18.85,1.38,0.0
2023-09-04 02:10:00+00:00,2023-09-04 04:10:00+02:00,0.0,0.0,0.0,0.0,18.5,1.17,0.0
2023-09-04 03:10:00+00:00,2023-09-04 05:10:00+02:00,0.0,0.0,0.0,0.0,18.49,1.03,0.0
2023-09-04 04:10:00+00:00,2023-09-04 06:10:00+02:00,0.0,0.0,0.0,0.0,18.49,0.83,0.0
2023-09-04 05:10:00+00:00,2023-09-04 07:10:00+02:00,0.0,0.0,0.0,0.0,18.59,1.03,0.0
2023-09-04 06:10:00+00:00,2023-09-04 08:10:00+02:00,0.0,2.6,0.48,2.44,18.5,0.69,0.0
2023-09-04 07:10:00+00:00,2023-09-04 09:10:00+02:00,522.22,147.56,15.06,14.3,18.58,0.41,0.0
2023-09-04 08:10:00+00:00,2023-09-04 10:10:00+02:00,711.45,161.78,22.96,26.1,19.85,0.62,0.0
2023-09-04 09:10:00+00:00,2023-09-04 11:10:00+02:00,835.33,148.46,23.98,37.46,21.39,0.97,0.0
2023-09-04 10:10:00+00:00,2023-09-04 12:10:00+02:00,884.96,143.66,19.98,47.74,23.01,1.17,0.0
2023-09-04 11:10:00+00:00,2023-09-04 13:10:00+02:00,908.14,139.86,15.07,55.79,24.41,1.52,0.0
2023-09-04 12:10:00+00:00,2023-09-04 14:10:00+02:00,872.86,160.63,12.3,59.62,25.91,2.34,0.0
2023-09-04 13:10:00+00:00,2023-09-04 15:10:00+02:00,830.91,180.23,13.36,57.66,26.77,3.45,0.0
2023-09-04 14:10:00+00:00,2023-09-04 16:10:00+02:00,600.22,283.76,16.13,50.78,27.06,4.28,0.0
2023-09-04 15:10:00+00:00,2023-09-04 17:10:00+02:00,237.43,309.55,16.05,41.07,26.68,4.55,0.0
2023-09-04 16:10:00+00:00,2023-09-04 18:10:00+02:00,578.2,213.67,22.11,29.99,26.07,4.55,0.0
2023-09-04 17:10:00+00:00,2023-09-04 19:10:00+02:00,583.15,161.9,18.46,18.29,25.29,4.28,0.0
2023-09-04 18:10:00+00:00,2023-09-04 20:10:00+02:00,268.65,92.38,6.22,6.41,24.43,3.38,0.0
2023-09-04 19:10:00+00:00,2023-09-04 21:10:00+02:00,0.0,0.0,0.0,0.0,23.5,2.48,0.0
2023-09-04 20:10:00+00:00,2023-09-04 22:10:00+02:00,0.0,0.0,0.0,0.0,22.44,2.28,0.0
2023-09-04 21:10:00+00:00,2023-09-04 23:10:00+02:00,0.0,0.0,0.0,0.0,21.56,2.21,0.0
2023-09-04 22:10:00+00:00,2023-09-05 00:10:00+02:00,0.0,0.0,0.0,0.0,20.73,2.14,0.0
2023-09-04 23:10:00+00:00,2023-09-05 01:10:00+02:00,0.0,0.0,0.0,0.0,20.01,1.93,0.0
2023-09-05 00:10:00+00:00,2023-09-05 02:10:00+02:00,0.0,0.0,0.0,0.0,19.3,1.59,0.0
2023-09-05 01:10:00+00:00,2023-09-05 03:10:00+02:00,0.0,0.0,0.0,0.0,18.52,1.1,0.0
2023-09-05 02:10:00+00:00,2023-09-05 04:10:00+02:00,0.0,0.0,0.0,0.0,19.15,0.55,0.0
2023-09-05 03:10:00+00:00,2023-09-05 05:10:00+02:00,0.0,0.0,0.0,0.0,18.98,0.21,0.0
2023-09-05 04:10:00+00:00,2023-09-05 06:10:00+02:00,0.0,0.0,0.0,0.0,18.83,0.14,0.0
2023-09-05 05:10:00+00:00,2023-09-05 07:10:00+02:00,0.0,0.0,0.0,0.0,18.73,0.34,0.0
2023-09-05 06:10:00+00:00,2023-09-05 08:10:00+02:00,0.0,5.7,1.06,2.28,17.9,0.9,0.0
2023-09-05 07:10:00+00:00,2023-09-05 09:10:00+02:00,511.37,146.54,14.81,14.15,18.61,1.1,0.0
2023-09-05 08:10:00+00:00,2023-09-05 10:10:00+02:00,685.86,169.23,22.67,25.94,20.61,0.9,0.0
2023-09-05 09:10:00+00:00,2023-09-05 11:10:00+02:00,753.03,179.45,23.11,37.27,22.39,0.62,0.0
2023-09-05 10:10:00+00:00,2023-09-05 12:10:00+02:00,854.33,159.2,19.88,47.51,24.13,0.62,0.0
2023-09-05 11:10:00+00:00,2023-09-05 13:10:00+02:00,723.28,238.29,14.2,55.49,25.75,0.9,0.0
2023-09-05 12:10:00+00:00,2023-09-05 14:10:00+02:00,413.05,380.78,10.16,59.26,27.03,1.38,0.0
2023-09-05 13:10:00+00:00,2023-09-05 15:10:00+02:00,834.41,180.85,13.66,57.28,27.65,1.66,0.0
2023-09-05 14:10:00+00:00,2023-09-05 16:10:00+02:00,325.63,362.09,13.84,50.43,28.05,1.86,0.0
2023-09-05 15:10:00+00:00,2023-09-05 17:10:00+02:00,790.46,176.22,22.5,40.75,28.11,2.07,0.0
2023-09-05 16:10:00+00:00,2023-09-05 18:10:00+02:00,720.85,174.94,23.72,29.69,28.01,2.21,0.0
2023-09-05 17:10:00+00:00,2023-09-05 19:10:00+02:00,576.13,162.4,18.24,18.0,27.72,2.21,0.0
2023-09-05 18:10:00+00:00,2023-09-05 20:10:00+02:00,272.06,89.36,5.9,6.12,26.97,2.07,0.0
2023-09-05 19:10:00+00:00,2023-09-05 21:10:00+02:00,0.0,0.0,0.0,0.0,25.73,2.07,0.0
2023-09-05 20:10:00+00:00,2023-09-05 22:10:00+02:00,0.0,0.0,0.0,0.0,24.46,2.21,0.0
2023-09-05 21:10:00+00:00,2023-09-05 23:10:00+02:00,0.0,0.0,0.0,0.0,23.38,2.34,0.0
2023-09-05 22:10:00+00:00,2023-09-06 00:10:00+02:00,0.0,0.0,0.0,0.0,22.4,2.41,0.0
2023-09-05 23:10:00+00:00,2023-09-06 01:10:00+02:00,0.0,0.0,0.0,0.0,21.52,2.34,0.0
2023-09-06 00:10:00+00:00,2023-09-06 02:10:00+02:00,0.0,0.0,0.0,0.0,20.83,2.21,0.0
2023-09-06 01:10:00+00:00,2023-09-06 03:10:00+02:00,0.0,0.0,0.0,0.0,20.17,2.07,0.0
2023-09-06 02:10:00+00:00,2023-09-06 04:10:00+02:00,0.0,0.0,0.0,0.0,19.7,1.86,0.0
2023-09-06 03:10:00+00:00,2023-09-06 05:10:00+02:00,0.0,0.0,0.0,0.0,19.29,1.59,0.0
2023-09-06 04:10:00+00:00,2023-09-06 06:10:00+02:00,0.0,0.0,0.0,0.0,18.83,1.38,0.0
2023-09-06 05:10:00+00:00,2023-09-06 07:10:00+02:00,0.0,0.0,0.0,0.0,18.34,0.97,0.0
2023-09-06 06:10:00+00:00,2023-09-06 08:10:00+02:00,0.0,5.17,0.96,2.12,18.64,0.69,0.0
2023-09-06 07:10:00+00:00,2023-09-06 09:10:00+02:00,471.39,143.67,14.18,14.0,19.58,0.34,0.0
2023-09-06 08:10:00+00:00,2023-09-06 10:10:00+02:00,648.51,174.7,22.1,25.78,21.86,0.62,0.0
2023-09-06 09:10:00+00:00,2023-09-06 11:10:00+02:00,744.69,179.22,22.99,37.08,24.19,0.83,0.0
2023-09-06 10:10:00+00:00,2023-09-06 12:10:00+02:00,758.17,199.28,19.1,47.28,26.33,1.03,0.0
2023-09-06 11:10:00+00:00,2023-09-06 13:10:00+02:00,742.96,223.88,14.44,55.19,28.18,0.9,0.0
2023-09-06 12:10:00+00:00,2023-09-06 14:10:00+02:00,769.69,215.77,12.27,58.89,29.69,0.76,0.0
2023-09-06 13:10:00+00:00,2023-09-06 15:10:00+02:00,551.5,320.03,12.32,56.9,30.74,0.55,0.0
2023-09-06 14:10:00+00:00,2023-09-06 16:10:00+02:00,757.63,207.04,17.6,50.07,31.25,0.34,0.0
2023-09-06 15:10:00+00:00,2023-09-06 17:10:00+02:00,319.21,305.41,17.51,40.43,31.66,0.97,0.0
2023-09-06 16:10:00+00:00,2023-09-06 18:10:00+02:00,505.48,225.12,21.24,29.38,31.65,1.52,0.0
2023-09-06 17:10:00+00:00,2023-09-06 19:10:00+02:00,276.27,159.41,14.61,17.7,31.13,2.0,0.0
2023-09-06 18:10:00+00:00,2023-09-06 20:10:00+02:00,19.71,21.43,2.97,5.82,29.63,1.93,0.0
2023-09-06 19:10:00+00:00,2023-09-06 21:10:00+02:00,0.0,0.0,0.0,0.0,28.64,2.0,0.0
2023-09-06 20:10:00+00:00,2023-09-06 22:10:00+02:00,0.0,0.0,0.0,0.0,27.25,2.14,0.0
2023-09-06 21:10:00+00:00,2023-09-06 23:10:00+02:00,0.0,0.0,0.0,0.0,26.07,2.28,0.0
2023-09-06 22:10:00+00:00,2023-09-07 00:10:00+02:00,0.0,0.0,0.0,0.0,25.15,1.93,0.0
2023-09-06 23:10:00+00:00,2023-09-07 01:10:00+02:00,0.0,0.0,0.0,0.0,24.41,1.93,0.0
2023-09-07 00:10:00+00:00,2023-09-07 02:10:00+02:00,0.0,0.0,0.0,0.0,23.75,1.93,0.0
2023-09-07 01:10:00+00:00,2023-09-07 03:10:00+02:00,0.0,0.0,0.0,0.0,23.09,1.66,0.0
2023-09-07 02:10:00+00:00,2023-09-07 04:10:00+02:00,0.0,0.0,0.0,0.0,22.27,1.24,0.0
2023-09-07 03:10:00+00:00,2023-09-07 05:10:00+02:00,0.0,0.0,0.0,0.0,21.7,0.97,0.0
2023-09-07 04:10:00+00:00,2023-09-07 06:10:00+02:00,0.0,0.0,0.0,0.0,20.95,1.24,0.0
2023-09-07 05:10:00+00:00,2023-09-07 07:10:00+02:00,0.0,0.0,0.0,0.0,20.76,1.38,0.0
2023-09-07 06:10:00+00:00,2023-09-07 08:10:00+02:00,0.0,4.13,0.77,1.97,20.57,1.45,0.0
2023-09-07 07:10:00+00:00,2023-09-07 09:10:00+02:00,401.29,142.69,13.39,13.84,21.93,1.03,0.0
2023-09-07 08:10:00+00:00,2023-09-07 10:10:00+02:00,483.5,202.11,20.1,25.61,24.71,1.17,0.0
2023-09-07 09:10:00+00:00,2023-09-07 11:10:00+02:00,653.02,209.86,22.02,36.89,26.45,1.38,0.0
2023-09-07 10:10:00+00:00,2023-09-07 12:10:00+02:00,638.1,249.59,18.21,47.04,27.83,1.59,0.0
2023-09-07 11:10:00+00:00,2023-09-07 13:10:00+02:00,562.34,304.42,13.45,54.89,29.29,1.79,0.0
2023-09-07 12:10:00+00:00,2023-09-07 14:10:00+02:00,716.41,238.63,12.17,58.52,30.58,2.21,0.0
2023-09-07 13:10:00+00:00,2023-09-07 15:10:00+02:00,567.11,307.69,12.56,56.52,31.02,2.69,0.0
2023-09-07 14:10:00+00:00,2023-09-07 16:10:00+02:00,191.39,360.01,12.28,49.72,31.49,2.9,0.0
2023-09-07 15:10:00+00:00,2023-09-07 17:10:00+02:00,305.85,299.91,17.26,40.1,31.53,2.97,0.0
2023-09-07 16:10:00+00:00,2023-09-07 18:10:00+02:00,318.97,232.82,18.61,29.07,31.16,3.1,0.0
2023-09-07 17:10:00+00:00,2023-09-07 19:10:00+02:00,351.06,164.28,15.35,17.4,30.4,3.31,0.0
2023-09-07 18:10:00+00:00,2023-09-07 20:10:00+02:00,249.16,80.68,5.24,5.53,29.41,2.9,0.0
2023-09-07 19:10:00+00:00,2023-09-07 21:10:00+02:00,0.0,0.0,0.0,0.0,27.4,2.55,0.0
2023-09-07 20:10:00+00:00,2023-09-07 22:10:00+02:00,0.0,0.0,0.0,0.0,26.1,2.48,0.0
2023-09-07 21:10:00+00:00,2023-09-07 23:10:00+02:00,0.0,0.0,0.0,0.0,24.96,2.41,0.0
2023-09-07 22:10:00+00:00,2023-09-08 00:10:00+02:00,0.0,0.0,0.0,0.0,23.99,2.07,0.0
2023-09-07 23:10:00+00:00,2023-09-08 01:10:00+02:00,0.0,0.0,0.0,0.0,23.26,1.66,0.0
2023-09-08 00:10:00+00:00,2023-09-08 02:10:00+02:00,0.0,0.0,0.0,0.0,22.7,1.52,0.0
2023-09-08 01:10:00+00:00,2023-09-08 03:10:00+02:00,0.0,0.0,0.0,0.0,21.95,1.17,0.0
2023-09-08 02:10:00+00:00,2023-09-08 04:10:00+02:00,0.0,0.0,0.0,0.0,21.93,0.55,0.0
2023-09-08 03:10:00+00:00,2023-09-08 05:10:00+02:00,0.0,0.0,0.0,0.0,21.67,0.28,0.0
2023-09-08 04:10:00+00:00,2023-09-08 06:10:00+02:00,0.0,0.0,0.0,0.0,20.64,0.83,0.0
2023-09-08 05:10:00+00:00,2023-09-08 07:10:00+02:00,0.0,0.0,0.0,0.0,19.74,1.17,0.0
2023-09-08 06:10:00+00:00,2023-09-08 08:10:00+02:00,0.0,3.09,0.58,1.81,19.26,1.38,0.0
2023-09-08 07:10:00+00:00,2023-09-08 09:10:00+02:00,477.6,143.07,14.05,13.69,20.48,1.03,0.0
2023-09-08 08:10:00+00:00,2023-09-08 10:10:00+02:00,654.02,171.89,22.07,25.45,23.33,1.17,0.0
2023-09-08 09:10:00+00:00,2023-09-08 11:10:00+02:00,761.37,174.63,23.34,36.7,25.67,1.66,0.0
2023-09-08 10:10:00+00:00,2023-09-08 12:10:00+02:00,799.71,177.87,19.67,46.8,27.69,2.07,0.0
2023-09-08 11:10:00+00:00,2023-09-08 13:10:00+02:00,830.75,175.47,15.32,54.58,29.46,2.07,0.0
2023-09-08 12:10:00+00:00,2023-09-08 14:10:00+02:00,813.43,190.25,12.94,58.16,30.92,2.14,0.0
2023-09-08 13:10:00+00:00,2023-09-08 15:10:00+02:00,838.21,173.42,14.37,56.13,32.01,2.41,0.0
2023-09-08 14:10:00+00:00,2023-09-08 16:10:00+02:00,57.99,323.34,9.67,49.36,32.6,2.83,0.0
2023-09-08 15:10:00+00:00,2023-09-08 17:10:00+02:00,711.27,204.02,22.01,39.77,32.62,3.03,0.0
2023-09-08 16:10:00+00:00,2023-09-08 18:10:00+02:00,723.18,170.6,23.66,28.76,32.37,3.03,0.0
2023-09-08 17:10:00+00:00,2023-09-08 19:10:00+02:00,258.42,152.88,14.05,17.1,31.6,2.9,0.0
2023-09-08 18:10:00+00:00,2023-09-08 20:10:00+02:00,98.76,43.14,3.91,5.23,30.27,2.34,0.0
2023-09-08 19:10:00+00:00,2023-09-08 21:10:00+02:00,0.0,0.0,0.0,0.0,28.37,2.76,0.0
2023-09-08 20:10:00+00:00,2023-09-08 22:10:00+02:00,0.0,0.0,0.0,0.0,26.56,2.76,0.0
2023-09-08 21:10:00+00:00,2023-09-08 23:10:00+02:00,0.0,0.0,0.0,0.0,25.09,2.62,0.0
2023-09-08 22:10:00+00:00,2023-09-09 00:10:00+02:00,0.0,0.0,0.0,0.0,23.86,2.41,0.0
2023-09-08 23:10:00+00:00,2023-09-09 01:10:00+02:00,0.0,0.0,0.0,0.0,22.89,2.21,0.0
2023-09-09 00:10:00+00:00,2023-09-09 02:10:00+02:00,0.0,0.0,0.0,0.0,22.1,1.86,0.0
2023-09-09 01:10:00+00:00,2023-09-09 03:10:00+02:00,0.0,0.0,0.0,0.0,21.48,1.59,0.0
2023-09-09 02:10:00+00:00,2023-09-09 04:10:00+02:00,0.0,0.0,0.0,0.0,20.83,1.31,0.0
2023-09-09 03:10:00+00:00,2023-09-09 05:10:00+02:00,0.0,0.0,0.0,0.0,20.11,1.03,0.0
2023-09-09 04:10:00+00:00,2023-09-09 06:10:00+02:00,0.0,0.0,0.0,0.0,20.16,0.69,0.0
2023-09-09 05:10:00+00:00,2023-09-09 07:10:00+02:00,0.0,0.0,0.0,0.0,20.5,0.28,0.0
2023-09-09 06:10:00+00:00,2023-09-09 08:10:00+02:00,0.0,2.05,0.39,1.65,20.36,0.14,0.0
2023-09-09 07:10:00+00:00,2023-09-09 09:10:00+02:00,64.12,75.94,8.35,13.53,20.43,0.62,0.0
2023-09-09 08:10:00+00:00,2023-09-09 10:10:00+02:00,217.79,195.48,16.22,25.28,22.21,0.69,0.0
2023-09-09 09:10:00+00:00,2023-09-09 11:10:00+02:00,373.18,274.51,19.0,36.5,23.83,0.41,0.0
2023-09-09 10:10:00+00:00,2023-09-09 12:10:00+02:00,355.31,332.48,15.75,46.56,25.51,0.83,0.0
2023-09-09 11:10:00+00:00,2023-09-09 13:10:00+02:00,315.35,378.89,11.84,54.27,26.81,1.66,0.0
2023-09-09 12:10:00+00:00,2023-09-09 14:10:00+02:00,548.43,320.59,11.75,57.79,28.1,2.34,0.0
2023-09-09 13:10:00+00:00,2023-09-09 15:10:00+02:00,644.84,272.51,13.51,55.75,29.57,3.1,0.0
2023-09-09 14:10:00+00:00,2023-09-09 16:10:00+02:00,693.03,233.42,17.69,49.0,30.31,3.38,0.0
2023-09-09 15:10:00+00:00,2023-09-09 17:10:00+02:00,217.24,295.64,16.05,39.44,30.25,3.79,0.0
2023-09-09 16:10:00+00:00,2023-09-09 18:10:00+02:00,113.34,194.15,14.4,28.45,30.04,4.0,0.0
2023-09-09 17:10:00+00:00,2023-09-09 19:10:00+02:00,297.51,155.81,14.36,16.8,28.92,4.21,0.0
2023-09-09 18:10:00+00:00,2023-09-09 20:10:00+02:00,209.52,62.32,4.39,4.93,27.53,4.0,0.0
2023-09-09 19:10:00+00:00,2023-09-09 21:10:00+02:00,0.0,0.0,0.0,0.0,26.15,3.66,0.0
2023-09-09 20:10:00+00:00,2023-09-09 22:10:00+02:00,0.0,0.0,0.0,0.0,24.66,2.9,0.0
2023-09-09 21:10:00+00:00,2023-09-09 23:10:00+02:00,0.0,0.0,0.0,0.0,23.55,2.48,0.0
2023-09-09 22:10:00+00:00,2023-09-10 00:10:00+02:00,0.0,0.0,0.0,0.0,22.68,2.14,0.0
2023-09-09 23:10:00+00:00,2023-09-10 01:10:00+02:00,0.0,0.0,0.0,0.0,21.96,1.93,0.0
2023-09-10 00:10:00+00:00,2023-09-10 02:10:00+02:00,0.0,0.0,0.0,0.0,21.35,1.79,0.0
2023-09-10 01:10:00+00:00,2023-09-10 03:10:00+02:00,0.0,0.0,0.0,0.0,20.79,1.66,0.0
2023-09-10 02:10:00+00:00,2023-09-10 04:10:00+02:00,0.0,0.0,0.0,0.0,20.21,1.45,0.0
2023-09-10 03:10:00+00:00,2023-09-10 05:10:00+02:00,0.0,0.0,0.0,0.0,19.5,1.1,0.0
2023-09-10 04:10:00+00:00,2023-09-10 06:10:00+02:00,0.0,0.0,0.0,0.0,19.53,0.69,0.0
2023-09-10 05:10:00+00:00,2023-09-10 07:10:00+02:00,0.0,0.0,0.0,0.0,19.56,0.28,0.0
2023-09-10 06:10:00+00:00,2023-09-10 08:10:00+02:00,0.0,1.53,0.29,1.5,19.19,0.48,0.0
2023-09-10 07:10:00+00:00,2023-09-10 09:10:00+02:00,441.0,143.5,13.53,13.37,19.85,0.55,0.0
2023-09-10 08:10:00+00:00,2023-09-10 10:10:00+02:00,662.18,171.03,22.16,25.11,22.19,0.62,0.0
2023-09-10 09:10:00+00:00,2023-09-10 11:10:00+02:00,751.51,177.59,23.33,36.31,24.64,0.69,0.0
2023-09-10 10:10:00+00:00,2023-09-10 12:10:00+02:00,786.78,184.29,19.85,46.32,26.54,0.14,0.0
2023-09-10 11:10:00+00:00,2023-09-10 13:10:00+02:00,831.04,175.23,15.73,53.96,28.15,0.97,0.0
2023-09-10 12:10:00+00:00,2023-09-10 14:10:00+02:00,814.17,190.19,13.44,57.41,29.2,1.86,0.0
2023-09-10 13:10:00+00:00,2023-09-10 15:10:00+02:00,837.44,174.49,14.89,55.36,29.57,2.69,0.0
2023-09-10 14:10:00+00:00,2023-09-10 16:10:00+02:00,823.47,174.32,18.96,48.63,30.22,3.03,0.0
2023-09-10 15:10:00+00:00,2023-09-10 17:10:00+02:00,737.26,193.45,22.53,39.1,30.34,3.31,0.0
2023-09-10 16:10:00+00:00,2023-09-10 18:10:00+02:00,587.36,204.71,22.09,28.14,30.09,3.59,0.0
2023-09-10 17:10:00+00:00,2023-09-10 19:10:00+02:00,454.25,163.64,16.04,16.5,29.55,3.38,0.0
2023-09-10 18:10:00+00:00,2023-09-10 20:10:00+02:00,198.37,55.8,4.05,4.63,28.6,3.31,0.0
2023-09-10 19:10:00+00:00,2023-09-10 21:10:00+02:00,0.0,0.0,0.0,0.0,25.91,4.34,0.0
2023-09-10 20:10:00+00:00,2023-09-10 22:10:00+02:00,0.0,0.0,0.0,0.0,24.41,4.0,0.0
2023-09-10 21:10:00+00:00,2023-09-10 23:10:00+02:00,0.0,0.0,0.0,0.0,23.26,3.24,0.0
2023-09-10 22:10:00+00:00,2023-09-11 00:10:00+02:00,0.0,0.0,0.0,0.0,22.37,2.97,0.0
2023-09-10 23:10:00+00:00,2023-09-11 01:10:00+02:00,0.0,0.0,0.0,0.0,21.6,2.83,0.0
2023-09-11 00:10:00+00:00,2023-09-11 02:10:00+02:00,0.0,0.0,0.0,0.0,20.98,2.83,0.0
2023-09-11 01:10:00+00:00,2023-09-11 03:10:00+02:00,0.0,0.0,0.0,0.0,20.48,2.69,0.0
2023-09-11 02:10:00+00:00,2023-09-11 04:10:00+02:00,0.0,0.0,0.0,0.0,19.93,2.41,0.0
2023-09-11 03:10:00+00:00,2023-09-11 05:10:00+02:00,0.0,0.0,0.0,0.0,19.51,2.21,0.0
2023-09-11 04:10:00+00:00,2023-09-11 06:10:00+02:00,0.0,0.0,0.0,0.0,19.22,2.0,0.0
2023-09-11 05:10:00+00:00,2023-09-11 07:10:00+02:00,0.0,0.0,0.0,0.0,19.03,1.86,0.0
2023-09-11 06:10:00+00:00,2023-09-11 08:10:00+02:00,0.0,0.0,0.0,0.0,19.12,2.0,0.0
2023-09-11 07:10:00+00:00,2023-09-11 09:10:00+02:00,398.05,140.59,12.96,13.22,19.41,1.31,0.0
2023-09-11 08:10:00+00:00,2023-09-11 10:10:00+02:00,320.16,207.67,17.99,24.94,21.04,1.45,0.0
2023-09-11 09:10:00+00:00,2023-09-11 11:10:00+02:00,269.79,276.37,17.58,36.11,22.85,1.31,0.0
2023-09-11 10:10:00+00:00,2023-09-11 12:10:00+02:00,595.64,269.69,18.46,46.07,24.83,1.45,0.0
2023-09-11 11:10:00+00:00,2023-09-11 13:10:00+02:00,756.15,216.74,15.51,53.65,26.57,1.86,0.0
2023-09-11 12:10:00+00:00,2023-09-11 14:10:00+02:00,669.81,267.37,12.94,57.04,27.85,2.41,0.0
2023-09-11 13:10:00+00:00,2023-09-11 15:10:00+02:00,692.42,252.07,14.33,54.97,29.0,3.03,0.0
2023-09-11 14:10:00+00:00,2023-09-11 16:10:00+02:00,739.7,214.19,18.52,48.27,29.37,3.52,0.0
2023-09-11 15:10:00+00:00,2023-09-11 17:10:00+02:00,736.25,192.88,22.62,38.77,29.44,3.72,0.0
2023-09-11 16:10:00+00:00,2023-09-11 18:10:00+02:00,668.48,181.56,22.88,27.82,29.11,3.86,0.0
2023-09-11 17:10:00+00:00,2023-09-11 19:10:00+02:00,516.36,158.63,16.44,16.19,28.38,3.79,0.0
2023-09-11 18:10:00+00:00,2023-09-11 20:10:00+02:00,185.73,51.23,3.79,4.32,27.18,3.52,0.0
2023-09-11 19:10:00+00:00,2023-09-11 21:10:00+02:00,0.0,0.0,0.0,0.0,25.75,3.1,0.0
2023-09-11 20:10:00+00:00,2023-09-11 22:10:00+02:00,0.0,0.0,0.0,0.0,24.47,3.1,0.0
2023-09-11 21:10:00+00:00,2023-09-11 23:10:00+02:00,0.0,0.0,0.0,0.0,23.35,3.03,0.0
2023-09-11 22:10:00+00:00,2023-09-12 00:10:00+02:00,0.0,0.0,0.0,0.0,22.45,2.9,0.0
2023-09-11 23:10:00+00:00,2023-09-12 01:10:00+02:00,0.0,0.0,0.0,0.0,21.86,2.76,0.0
2023-09-12 00:10:00+00:00,2023-09-12 02:10:00+02:00,0.0,0.0,0.0,0.0,21.35,2.62,0.0
2023-09-12 01:10:00+00:00,2023-09-12 03:10:00+02:00,0.0,0.0,0.0,0.0,20.92,2.41,0.0
2023-09-12 02:10:00+00:00,2023-09-12 04:10:00+02:00,0.0,0.0,0.0,0.0,20.68,2.21,0.0
2023-09-12 03:10:00+00:00,2023-09-12 05:10:00+02:00,0.0,0.0,0.0,0.0,20.4,2.0,0.0
2023-09-12 04:10:00+00:00,2023-09-12 06:10:00+02:00,0.0,0.0,0.0,0.0,20.08,1.79,0.0
2023-09-12 05:10:00+00:00,2023-09-12 07:10:00+02:00,0.0,0.0,0.0,0.0,19.52,1.79,0.0
2023-09-12 06:10:00+00:00,2023-09-12 08:10:00+02:00,0.0,0.0,0.0,0.0,19.29,1.72,0.0
2023-09-12 07:10:00+00:00,2023-09-12 09:10:00+02:00,473.62,140.62,13.55,13.06,20.02,1.45,0.0
2023-09-12 08:10:00+00:00,2023-09-12 10:10:00+02:00,654.0,171.29,21.96,24.77,22.03,1.52,0.0
2023-09-12 09:10:00+00:00,2023-09-12 11:10:00+02:00,753.58,177.4,23.49,35.91,24.02,1.24,0.0
2023-09-12 10:10:00+00:00,2023-09-12 12:10:00+02:00,801.71,178.57,20.28,45.83,25.98,1.03,0.0
2023-09-12 11:10:00+00:00,2023-09-12 13:10:00+02:00,819.08,183.95,16.11,53.33,27.63,1.24,0.0
2023-09-12 12:10:00+00:00,2023-09-12 14:10:00+02:00,739.72,232.48,13.58,56.66,28.53,1.72,0.0
2023-09-12 13:10:00+00:00,2023-09-12 15:10:00+02:00,779.21,208.12,15.1,54.58,29.28,2.14,0.0
2023-09-12 14:10:00+00:00,2023-09-12 16:10:00+02:00,633.45,263.62,17.96,47.9,29.69,2.55,0.0
2023-09-12 15:10:00+00:00,2023-09-12 17:10:00+02:00,501.99,270.28,20.4,38.43,29.56,2.9,0.0
2023-09-12 16:10:00+00:00,2023-09-12 18:10:00+02:00,669.09,181.28,22.87,27.5,29.42,3.03,0.0
2023-09-12 17:10:00+00:00,2023-09-12 19:10:00+02:00,474.93,161.35,15.91,15.89,28.93,3.31,0.0
2023-09-12 18:10:00+00:00,2023-09-12 20:10:00+02:00,128.44,36.88,3.16,4.02,27.97,3.31,0.0
2023-09-12 19:10:00+00:00,2023-09-12 21:10:00+02:00,0.0,0.0,0.0,0.0,26.19,3.72,0.0
2023-09-12 20:10:00+00:00,2023-09-12 22:10:00+02:00,0.0,0.0,0.0,0.0,25.05,3.31,0.0
2023-09-12 21:10:00+00:00,2023-09-12 23:10:00+02:00,0.0,0.0,0.0,0.0,24.0,2.97,0.0
2023-09-12 22:10:00+00:00,2023-09-13 00:10:00+02:00,0.0,0.0,0.0,0.0,23.03,2.83,0.0
2023-09-12 23:10:00+00:00,2023-09-13 01:10:00+02:00,0.0,0.0,0.0,0.0,22.23,2.62,0.0
2023-09-13 00:10:00+00:00,2023-09-13 02:10:00+02:00,0.0,0.0,0.0,0.0,21.6,2.34,0.0
2023-09-13 01:10:00+00:00,2023-09-13 03:10:00+02:00,0.0,0.0,0.0,0.0,20.99,2.07,0.0
2023-09-13 02:10:00+00:00,2023-09-13 04:10:00+02:00,0.0,0.0,0.0,0.0,20.48,1.79,0.0
2023-09-13 03:10:00+00:00,2023-09-13 05:10:00+02:00,0.0,0.0,0.0,0.0,19.97,1.72,0.0
2023-09-13 04:10:00+00:00,2023-09-13 06:10:00+02:00,0.0,0.0,0.0,0.0,19.35,1.52,0.0
2023-09-13 05:10:00+00:00,2023-09-13 07:10:00+02:00,0.0,0.0,0.0,0.0,18.96,1.03,0.0
2023-09-13 06:10:00+00:00,2023-09-13 08:10:00+02:00,0.0,0.0,0.0,0.0,19.72,0.34,0.0
2023-09-13 07:10:00+00:00,2023-09-13 09:10:00+02:00,461.45,141.33,13.36,12.9,19.29,0.83,0.0
2023-09-13 08:10:00+00:00,2023-09-13 10:10:00+02:00,655.91,172.25,22.01,24.6,22.72,1.03,0.0
2023-09-13 09:10:00+00:00,2023-09-13 11:10:00+02:00,757.27,176.84,23.61,35.71,25.31,1.45,0.0
2023-09-13 10:10:00+00:00,2023-09-13 12:10:00+02:00,791.13,184.74,20.35,45.57,27.69,1.38,0.0
2023-09-13 11:10:00+00:00,2023-09-13 13:10:00+02:00,836.25,175.69,16.44,53.02,29.69,1.03,0.0
2023-09-13 12:10:00+00:00,2023-09-13 14:10:00+02:00,818.69,190.84,14.26,56.29,31.33,0.76,0.0
2023-09-13 13:10:00+00:00,2023-09-13 15:10:00+02:00,641.22,279.33,14.56,54.19,32.3,0.48,0.0
2023-09-13 14:10:00+00:00,2023-09-13 16:10:00+02:00,200.64,352.97,13.43,47.53,32.96,0.76,0.0
2023-09-13 15:10:00+00:00,2023-09-13 17:10:00+02:00,181.56,285.53,15.79,38.09,33.28,1.03,0.0
2023-09-13 16:10:00+00:00,2023-09-13 18:10:00+02:00,221.07,214.97,16.95,27.19,33.07,1.45,0.0
2023-09-13 17:10:00+00:00,2023-09-13 19:10:00+02:00,387.27,160.21,14.85,15.58,32.5,1.52,0.0
2023-09-13 18:10:00+00:00,2023-09-13 20:10:00+02:00,108.12,30.44,2.81,3.71,31.36,1.59,0.0
2023-09-13 19:10:00+00:00,2023-09-13 21:10:00+02:00,0.0,0.0,0.0,0.0,29.39,2.34,0.0
2023-09-13 20:10:00+00:00,2023-09-13 22:10:00+02:00,0.0,0.0,0.0,0.0,27.57,2.28,0.0
2023-09-13 21:10:00+00:00,2023-09-13 23:10:00+02:00,0.0,0.0,0.0,0.0,26.14,2.34,0.0
2023-09-13 22:10:00+00:00,2023-09-14 00:10:00+02:00,0.0,0.0,0.0,0.0,25.06,2.55,0.0
2023-09-13 23:10:00+00:00,2023-09-14 01:10:00+02:00,0.0,0.0,0.0,0.0,24.25,2.55,0.0
2023-09-14 00:10:00+00:00,2023-09-14 02:10:00+02:00,0.0,0.0,0.0,0.0,23.49,2.21,0.0
2023-09-14 01:10:00+00:00,2023-09-14 03:10:00+02:00,0.0,0.0,0.0,0.0,22.87,1.72,0.0
2023-09-14 02:10:00+00:00,2023-09-14 04:10:00+02:00,0.0,0.0,0.0,0.0,22.16,1.17,0.0
2023-09-14 03:10:00+00:00,2023-09-14 05:10:00+02:00,0.0,0.0,0.0,0.0,22.54,0.28,0.0
2023-09-14 04:10:00+00:00,2023-09-14 06:10:00+02:00,0.0,0.0,0.0,0.0,21.74,0.76,0.0
2023-09-14 05:10:00+00:00,2023-09-14 07:10:00+02:00,0.0,0.0,0.0,0.0,20.66,1.38,0.0
2023-09-14 06:10:00+00:00,2023-09-14 08:10:00+02:00,0.0,0.0,0.0,0.0,20.65,1.72,0.0
2023-09-14 07:10:00+00:00,2023-09-14 09:10:00+02:00,421.81,137.94,12.78,12.74,21.88,1.59,0.0
2023-09-14 08:10:00+00:00,2023-09-14 10:10:00+02:00,619.18,174.27,21.35,24.42,24.94,2.21,0.0
2023-09-14 09:10:00+00:00,2023-09-14 11:10:00+02:00,730.05,180.57,23.18,35.51,26.85,2.55,0.0
2023-09-14 10:10:00+00:00,2023-09-14 12:10:00+02:00,788.95,178.82,20.31,45.32,28.67,2.76,0.0
2023-09-14 11:10:00+00:00,2023-09-14 13:10:00+02:00,776.94,200.76,16.16,52.7,30.35,2.55,0.0
2023-09-14 12:10:00+00:00,2023-09-14 14:10:00+02:00,423.85,361.95,11.98,55.91,31.76,2.14,0.0
2023-09-14 13:10:00+00:00,2023-09-14 15:10:00+02:00,781.99,200.29,15.52,53.8,32.71,1.79,0.0
2023-09-14 14:10:00+00:00,2023-09-14 16:10:00+02:00,771.9,194.02,19.31,47.16,33.38,1.93,0.0
2023-09-14 15:10:00+00:00,2023-09-14 17:10:00+02:00,470.47,270.2,20.09,37.75,33.53,2.14,0.0
2023-09-14 16:10:00+00:00,2023-09-14 18:10:00+02:00,371.78,221.67,19.18,26.86,33.22,2.48,0.0
2023-09-14 17:10:00+00:00,2023-09-14 19:10:00+02:00,520.24,153.9,15.84,15.27,31.85,2.69,0.0
2023-09-14 18:10:00+00:00,2023-09-14 20:10:00+02:00,101.02,25.37,2.45,3.4,30.82,2.41,0.0
2023-09-14 19:10:00+00:00,2023-09-14 21:10:00+02:00,0.0,0.0,0.0,0.0,29.02,2.69,0.0
2023-09-14 20:10:00+00:00,2023-09-14 22:10:00+02:00,0.0,0.0,0.0,0.0,27.62,3.1,0.0
2023-09-14 21:10:00+00:00,2023-09-14 23:10:00+02:00,0.0,0.0,0.0,0.0,26.39,2.14,0.0
2023-09-14 22:10:00+00:00,2023-09-15 00:10:00+02:00,0.0,0.0,0.0,0.0,25.67,1.66,0.0
2023-09-14 23:10:00+00:00,2023-09-15 01:10:00+02:00,0.0,0.0,0.0,0.0,25.07,1.72,0.0
2023-09-15 00:10:00+00:00,2023-09-15 02:10:00+02:00,0.0,0.0,0.0,0.0,24.62,1.66,0.0
2023-09-15 01:10:00+00:00,2023-09-15 03:10:00+02:00,0.0,0.0,0.0,0.0,24.16,1.86,0.0
2023-09-15 02:10:00+00:00,2023-09-15 04:10:00+02:00,0.0,0.0,0.0,0.0,23.78,1.93,0.0
2023-09-15 03:10:00+00:00,2023-09-15 05:10:00+02:00,0.0,0.0,0.0,0.0,23.35,1.72,0.0
2023-09-15 04:10:00+00:00,2023-09-15 06:10:00+02:00,0.0,0.0,0.0,0.0,22.86,2.07,0.0
2023-09-15 05:10:00+00:00,2023-09-15 07:10:00+02:00,0.0,0.0,0.0,0.0,22.57,1.72,0.0
2023-09-15 06:10:00+00:00,2023-09-15 08:10:00+02:00,0.0,0.0,0.0,0.0,22.25,0.9,0.0
2023-09-15 07:10:00+00:00,2023-09-15 09:10:00+02:00,399.57,136.01,12.44,12.58,22.07,0.9,0.0
2023-09-15 08:10:00+00:00,2023-09-15 10:10:00+02:00,428.58,202.54,19.21,24.25,23.24,1.17,0.0
2023-09-15 09:10:00+00:00,2023-09-15 11:10:00+02:00,688.76,195.08,22.8,35.3,24.84,1.52,0.0
2023-09-15 10:10:00+00:00,2023-09-15 12:10:00+02:00,94.64,310.37,11.95,45.07,26.5,1.72,0.0
2023-09-15 11:10:00+00:00,2023-09-15 13:10:00+02:00,78.28,355.71,9.28,52.37,28.52,2.62,0.0
2023-09-15 12:10:00+00:00,2023-09-15 14:10:00+02:00,262.01,394.9,10.75,55.53,29.21,3.45,0.0
2023-09-15 13:10:00+00:00,2023-09-15 15:10:00+02:00,12.46,290.66,6.53,53.4,25.82,4.0,0.0
2023-09-15 14:10:00+00:00,2023-09-15 16:10:00+02:00,524.13,295.6,17.46,46.79,26.07,3.1,0.0
2023-09-15 15:10:00+00:00,2023-09-15 17:10:00+02:00,653.59,218.69,22.14,37.4,26.32,3.31,0.0
2023-09-15 16:10:00+00:00,2023-09-15 18:10:00+02:00,461.0,215.51,20.3,26.54,27.26,4.14,0.0
2023-09-15 17:10:00+00:00,2023-09-15 19:10:00+02:00,364.19,153.29,14.1,14.96,26.66,4.14,0.0
2023-09-15 18:10:00+00:00,2023-09-15 20:10:00+02:00,0.0,6.83,1.23,3.1,25.95,3.72,0.0
2023-09-15 19:10:00+00:00,2023-09-15 21:10:00+02:00,0.0,0.0,0.0,0.0,24.61,4.34,0.0
2023-09-15 20:10:00+00:00,2023-09-15 22:10:00+02:00,0.0,0.0,0.0,0.0,23.43,4.0,0.0
2023-09-15 21:10:00+00:00,2023-09-15 23:10:00+02:00,0.0,0.0,0.0,0.0,22.34,3.86,0.0
2023-09-15 22:10:00+00:00,2023-09-16 00:10:00+02:00,0.0,0.0,0.0,0.0,21.5,3.93,0.0
2023-09-15 23:10:00+00:00,2023-09-16 01:10:00+02:00,0.0,0.0,0.0,0.0,20.91,3.93,0.0
2023-09-16 00:10:00+00:00,2023-09-16 02:10:00+02:00,0.0,0.0,0.0,0.0,20.28,3.59,0.0
2023-09-16 01:10:00+00:00,2023-09-16 03:10:00+02:00,0.0,0.0,0.0,0.0,19.91,3.45,0.0
2023-09-16 02:10:00+00:00,2023-09-16 04:10:00+02:00,0.0,0.0,0.0,0.0,19.56,3.31,0.0
2023-09-16 03:10:00+00:00,2023-09-16 05:10:00+02:00,0.0,0.0,0.0,0.0,19.06,2.97,0.0
2023-09-16 04:10:00+00:00,2023-09-16 06:10:00+02:00,0.0,0.0,0.0,0.0,18.85,2.62,0.0
2023-09-16 05:10:00+00:00,2023-09-16 07:10:00+02:00,0.0,0.0,0.0,0.0,18.5,2.41,0.0
2023-09-16 06:10:00+00:00,2023-09-16 08:10:00+02:00,0.0,0.0,0.0,0.0,18.24,2.07,0.0
2023-09-16 07:10:00+00:00,2023-09-16 09:10:00+02:00,465.19,139.53,13.03,12.41,18.98,1.45,0.0
2023-09-16 08:10:00+00:00,2023-09-16 10:10:00+02:00,264.81,196.43,16.88,24.07,20.04,1.66,0.0
2023-09-16 09:10:00+00:00,2023-09-16 11:10:00+02:00,132.2,250.33,14.96,35.09,21.56,1.79,0.0
2023-09-16 10:10:00+00:00,2023-09-16 12:10:00+02:00,339.13,329.26,16.36,44.81,23.17,2.0,0.0
2023-09-16 11:10:00+00:00,2023-09-16 13:10:00+02:00,79.89,355.5,9.45,52.05,24.53,2.21,0.0
2023-09-16 12:10:00+00:00,2023-09-16 14:10:00+02:00,679.99,259.92,14.17,55.14,25.73,2.34,0.0
2023-09-16 13:10:00+00:00,2023-09-16 15:10:00+02:00,383.12,364.4,13.21,53.01,26.78,2.76,0.0
2023-09-16 14:10:00+00:00,2023-09-16 16:10:00+02:00,483.19,310.12,17.34,46.42,27.95,3.45,0.0
2023-09-16 15:10:00+00:00,2023-09-16 17:10:00+02:00,273.8,286.46,17.64,37.06,28.1,4.14,0.0
2023-09-16 16:10:00+00:00,2023-09-16 18:10:00+02:00,185.6,200.16,16.02,26.22,27.47,4.48,0.0
2023-09-16 17:10:00+00:00,2023-09-16 19:10:00+02:00,47.46,76.28,8.44,14.65,26.35,4.48,0.0
2023-09-16 18:10:00+00:00,2023-09-16 20:10:00+02:00,61.67,15.59,1.81,2.79,25.05,3.93,0.0
2023-09-16 19:10:00+00:00,2023-09-16 21:10:00+02:00,0.0,0.0,0.0,0.0,24.32,3.31,0.0
2023-09-16 20:10:00+00:00,2023-09-16 22:10:00+02:00,0.0,0.0,0.0,0.0,23.43,3.66,0.0
2023-09-16 21:10:00+00:00,2023-09-16 23:10:00+02:00,0.0,0.0,0.0,0.0,22.59,3.72,0.0
2023-09-16 22:10:00+00:00,2023-09-17 00:10:00+02:00,0.0,0.0,0.0,0.0,21.91,3.66,0.0
2023-09-16 23:10:00+00:00,2023-09-17 01:10:00+02:00,0.0,0.0,0.0,0.0,21.42,3.59,0.0
2023-09-17 00:10:00+00:00,2023-09-17 02:10:00+02:00,0.0,0.0,0.0,0.0,21.07,3.31,0.0
2023-09-17 01:10:00+00:00,2023-09-17 03:10:00+02:00,0.0,0.0,0.0,0.0,20.72,2.9,0.0
2023-09-17 02:10:00+00:00,2023-09-17 04:10:00+02:00,0.0,0.0,0.0,0.0,20.61,2.55,0.0
2023-09-17 03:10:00+00:00,2023-09-17 05:10:00+02:00,0.0,0.0,0.0,0.0,20.5,2.76,0.0
2023-09-17 04:10:00+00:00,2023-09-17 06:10:00+02:00,0.0,0.0,0.0,0.0,20.13,2.76,0.0
2023-09-17 05:10:00+00:00,2023-09-17 07:10:00+02:00,0.0,0.0,0.0,0.0,19.89,2.34,0.0
2023-09-17 06:10:00+00:00,2023-09-17 08:10:00+02:00,0.0,0.0,0.0,0.0,19.58,2.34,0.0
2023-09-17 07:10:00+00:00,2023-09-17 09:10:00+02:00,14.14,45.61,5.75,12.25,19.5,1.66,0.0
2023-09-17 08:10:00+00:00,2023-09-17 10:10:00+02:00,419.77,201.88,19.04,23.89,19.47,2.76,0.0
2023-09-17 09:10:00+00:00,2023-09-17 11:10:00+02:00,1.75,146.29,8.01,34.88,19.48,3.31,0.0
2023-09-17 10:10:00+00:00,2023-09-17 12:10:00+02:00,0.0,68.84,2.42,44.55,18.95,2.83,0.0
2023-09-17 11:10:00+00:00,2023-09-17 13:10:00+02:00,5.1,254.78,6.21,51.72,19.25,2.62,0.0
2023-09-17 12:10:00+00:00,2023-09-17 14:10:00+02:00,0.0,68.09,1.37,54.76,20.93,3.66,0.0
2023-09-17 13:10:00+00:00,2023-09-17 15:10:00+02:00,1.26,231.46,5.32,52.61,23.64,4.48,0.0
2023-09-17 14:10:00+00:00,2023-09-17 16:10:00+02:00,266.73,341.2,14.9,46.04,24.97,4.62,0.0
2023-09-17 15:10:00+00:00,2023-09-17 17:10:00+02:00,172.3,271.73,15.73,36.71,25.36,4.97,0.0
2023-09-17 16:10:00+00:00,2023-09-17 18:10:00+02:00,68.7,159.53,12.73,25.89,25.17,5.1,0.0
2023-09-17 17:10:00+00:00,2023-09-17 19:10:00+02:00,375.65,150.13,13.77,14.33,24.32,4.76,0.0
2023-09-17 18:10:00+00:00,2023-09-17 20:10:00+02:00,0.0,5.2,0.96,2.48,23.2,3.72,0.0
2023-09-17 19:10:00+00:00,2023-09-17 21:10:00+02:00,0.0,0.0,0.0,0.0,21.38,3.1,0.0
2023-09-17 20:10:00+00:00,2023-09-17 22:10:00+02:00,0.0,0.0,0.0,0.0,20.59,2.97,0.0
2023-09-17 21:10:00+00:00,2023-09-17 23:10:00+02:00,0.0,0.0,0.0,0.0,19.59,2.76,0.0
2023-09-17 22:10:00+00:00,2023-09-18 00:10:00+02:00,0.0,0.0,0.0,0.0,18.79,2.69,0.0
2023-09-17 23:10:00+00:00,2023-09-18 01:10:00+02:00,0.0,0.0,0.0,0.0,18.15,2.55,0.0
2023-09-18 00:10:00+00:00,2023-09-18 02:10:00+02:00,0.0,0.0,0.0,0.0,17.63,2.14,0.0
2023-09-18 01:10:00+00:00,2023-09-18 03:10:00+02:00,0.0,0.0,0.0,0.0,17.16,1.86,0.0
2023-09-18 02:10:00+00:00,2023-09-18 04:10:00+02:00,0.0,0.0,0.0,0.0,16.54,1.66,0.0
2023-09-18 03:10:00+00:00,2023-09-18 05:10:00+02:00,0.0,0.0,0.0,0.0,16.14,1.45,0.0
2023-09-18 04:10:00+00:00,2023-09-18 06:10:00+02:00,0.0,0.0,0.0,0.0,15.7,1.38,0.0
2023-09-18 05:10:00+00:00,2023-09-18 07:10:00+02:00,0.0,0.0,0.0,0.0,15.96,1.17,0.0
2023-09-18 06:10:00+00:00,2023-09-18 08:10:00+02:00,0.0,0.0,0.0,0.0,15.98,1.1,0.0
2023-09-18 07:10:00+00:00,2023-09-18 09:10:00+02:00,520.6,140.02,13.36,12.09,16.37,1.17,0.0
2023-09-18 08:10:00+00:00,2023-09-18 10:10:00+02:00,688.88,166.87,22.3,23.71,18.8,1.31,0.0
2023-09-18 09:10:00+00:00,2023-09-18 11:10:00+02:00,826.23,156.09,24.79,34.67,20.0,1.1,0.0
2023-09-18 10:10:00+00:00,2023-09-18 12:10:00+02:00,568.56,282.01,19.25,44.29,21.2,0.9,0.0
2023-09-18 11:10:00+00:00,2023-09-18 13:10:00+02:00,314.78,374.93,13.42,51.4,22.77,1.03,0.0
2023-09-18 12:10:00+00:00,2023-09-18 14:10:00+02:00,638.47,286.48,14.52,54.38,23.81,1.03,0.0
2023-09-18 13:10:00+00:00,2023-09-18 15:10:00+02:00,607.36,294.77,15.58,52.21,24.58,1.1,0.0
2023-09-18 14:10:00+00:00,2023-09-18 16:10:00+02:00,359.3,339.07,16.49,45.67,25.11,1.17,0.0
2023-09-18 15:10:00+00:00,2023-09-18 17:10:00+02:00,715.09,204.15,23.32,36.37,25.07,1.45,0.0
2023-09-18 16:10:00+00:00,2023-09-18 18:10:00+02:00,305.84,217.06,18.25,25.57,25.01,1.66,0.0
2023-09-18 17:10:00+00:00,2023-09-18 19:10:00+02:00,194.0,123.47,11.52,14.02,24.77,1.72,0.0
2023-09-18 18:10:00+00:00,2023-09-18 20:10:00+02:00,0.0,3.1,0.58,2.17,24.06,1.59,0.0
2023-09-18 19:10:00+00:00,2023-09-18 21:10:00+02:00,0.0,0.0,0.0,0.0,22.76,1.93,0.0
2023-09-18 20:10:00+00:00,2023-09-18 22:10:00+02:00,0.0,0.0,0.0,0.0,21.78,2.0,0.0
2023-09-18 21:10:00+00:00,2023-09-18 23:10:00+02:00,0.0,0.0,0.0,0.0,20.71,2.14,0.0
2023-09-18 22:10:00+00:00,2023-09-19 00:10:00+02:00,0.0,0.0,0.0,0.0,19.76,2.14,0.0
2023-09-18 23:10:00+00:00,2023-09-19 01:10:00+02:00,0.0,0.0,0.0,0.0,18.95,2.07,0.0
2023-09-19 00:10:00+00:00,2023-09-19 02:10:00+02:00,0.0,0.0,0.0,0.0,18.18,1.93,0.0
2023-09-19 01:10:00+00:00,2023-09-19 03:10:00+02:00,0.0,0.0,0.0,0.0,17.43,1.79,0.0
2023-09-19 02:10:00+00:00,2023-09-19 04:10:00+02:00,0.0,0.0,0.0,0.0,16.66,1.52,0.0
2023-09-19 03:10:00+00:00,2023-09-19 05:10:00+02:00,0.0,0.0,0.0,0.0,16.03,1.24,0.0
2023-09-19 04:10:00+00:00,2023-09-19 06:10:00+02:00,0.0,0.0,0.0,0.0,16.31,0.83,0.0
2023-09-19 05:10:00+00:00,2023-09-19 07:10:00+02:00,0.0,0.0,0.0,0.0,16.48,0.69,0.0
2023-09-19 06:10:00+00:00,2023-09-19 08:10:00+02:00,0.0,0.0,0.0,0.0,16.34,0.62,0.0
2023-09-19 07:10:00+00:00,2023-09-19 09:10:00+02:00,489.0,139.68,12.93,11.92,16.28,0.48,0.0
2023-09-19 08:10:00+00:00,2023-09-19 10:10:00+02:00,686.38,167.34,22.23,23.53,18.52,0.28,0.0
2023-09-19 09:10:00+00:00,2023-09-19 11:10:00+02:00,782.99,170.95,24.32,34.46,20.91,0.34,0.0
2023-09-19 10:10:00+00:00,2023-09-19 12:10:00+02:00,833.16,171.09,21.69,44.02,23.06,0.69,0.0
2023-09-19 11:10:00+00:00,2023-09-19 13:10:00+02:00,866.45,166.76,18.04,51.07,24.85,0.55,0.0
2023-09-19 12:10:00+00:00,2023-09-19 14:10:00+02:00,854.19,175.83,16.07,53.99,26.27,0.76,0.0
2023-09-19 13:10:00+00:00,2023-09-19 15:10:00+02:00,870.19,166.85,17.61,51.82,27.27,1.24,0.0
2023-09-19 14:10:00+00:00,2023-09-19 16:10:00+02:00,842.85,170.24,21.18,45.29,27.9,1.79,0.0
2023-09-19 15:10:00+00:00,2023-09-19 17:10:00+02:00,789.07,175.58,24.18,36.02,28.08,2.14,0.0
2023-09-19 16:10:00+00:00,2023-09-19 18:10:00+02:00,677.68,178.7,22.77,25.24,27.99,2.41,0.0
2023-09-19 17:10:00+00:00,2023-09-19 19:10:00+02:00,506.43,152.3,14.73,13.71,27.26,2.62,0.0
2023-09-19 18:10:00+00:00,2023-09-19 20:10:00+02:00,0.0,4.63,0.87,1.86,26.05,2.28,0.0
2023-09-19 19:10:00+00:00,2023-09-19 21:10:00+02:00,0.0,0.0,0.0,0.0,24.77,2.76,0.0
2023-09-19 20:10:00+00:00,2023-09-19 22:10:00+02:00,0.0,0.0,0.0,0.0,23.12,3.1,0.0
2023-09-19 21:10:00+00:00,2023-09-19 23:10:00+02:00,0.0,0.0,0.0,0.0,21.81,2.9,0.0
2023-09-19 22:10:00+00:00,2023-09-20 00:10:00+02:00,0.0,0.0,0.0,0.0,20.73,2.69,0.0
2023-09-19 23:10:00+00:00,2023-09-20 01:10:00+02:00,0.0,0.0,0.0,0.0,19.92,2.69,0.0
2023-09-20 00:10:00+00:00,2023-09-20 02:10:00+02:00,0.0,0.0,0.0,0.0,19.26,2.62,0.0
2023-09-20 01:10:00+00:00,2023-09-20 03:10:00+02:00,0.0,0.0,0.0,0.0,18.74,2.34,0.0
2023-09-20 02:10:00+00:00,2023-09-20 04:10:00+02:00,0.0,0.0,0.0,0.0,18.27,2.07,0.0
2023-09-20 03:10:00+00:00,2023-09-20 05:10:00+02:00,0.0,0.0,0.0,0.0,17.83,1.93,0.0
2023-09-20 04:10:00+00:00,2023-09-20 06:10:00+02:00,0.0,0.0,0.0,0.0,17.28,1.66,0.0
2023-09-20 05:10:00+00:00,2023-09-20 07:10:00+02:00,0.0,0.0,0.0,0.0,16.56,1.45,0.0
2023-09-20 06:10:00+00:00,2023-09-20 08:10:00+02:00,0.0,0.0,0.0,0.0,16.09,1.38,0.0
2023-09-20 07:10:00+00:00,2023-09-20 09:10:00+02:00,451.65,135.47,12.34,11.75,17.21,0.69,0.0
2023-09-20 08:10:00+00:00,2023-09-20 10:10:00+02:00,653.62,170.52,21.67,23.34,19.56,1.1,0.0
2023-09-20 09:10:00+00:00,2023-09-20 11:10:00+02:00,750.0,178.78,23.88,34.24,21.68,1.52,0.0
2023-09-20 10:10:00+00:00,2023-09-20 12:10:00+02:00,811.18,175.57,21.5,43.76,23.7,1.79,0.0
2023-09-20 11:10:00+00:00,2023-09-20 13:10:00+02:00,843.41,172.46,17.97,50.74,25.48,2.21,0.0
2023-09-20 12:10:00+00:00,2023-09-20 14:10:00+02:00,813.69,192.5,15.99,53.61,26.96,2.76,0.0
2023-09-20 13:10:00+00:00,2023-09-20 15:10:00+02:00,836.62,177.03,17.51,51.42,27.94,3.24,0.0
2023-09-20 14:10:00+00:00,2023-09-20 16:10:00+02:00,708.17,227.44,20.14,44.91,28.31,3.52,0.0
2023-09-20 15:10:00+00:00,2023-09-20 17:10:00+02:00,742.57,186.64,23.6,35.67,28.38,3.79,0.0
2023-09-20 16:10:00+00:00,2023-09-20 18:10:00+02:00,602.91,191.54,21.76,24.92,28.07,4.0,0.0
2023-09-20 17:10:00+00:00,2023-09-20 19:10:00+02:00,513.76,149.91,14.52,13.39,27.35,4.28,0.0
2023-09-20 18:10:00+00:00,2023-09-20 20:10:00+02:00,0.0,3.07,0.58,1.55,26.02,4.0,0.0
2023-09-20 19:10:00+00:00,2023-09-20 21:10:00+02:00,0.0,0.0,0.0,0.0,24.38,4.41,0.0
2023-09-20 20:10:00+00:00,2023-09-20 22:10:00+02:00,0.0,0.0,0.0,0.0,22.96,4.0,0.0
2023-09-20 21:10:00+00:00,2023-09-20 23:10:00+02:00,0.0,0.0,0.0,0.0,21.76,3.59,0.0
2023-09-20 22:10:00+00:00,2023-09-21 00:10:00+02:00,0.0,0.0,0.0,0.0,20.7,3.31,0.0
2023-09-20 23:10:00+00:00,2023-09-21 01:10:00+02:00,0.0,0.0,0.0,0.0,19.77,3.17,0.0
2023-09-21 00:10:00+00:00,2023-09-21 02:10:00+02:00,0.0,0.0,0.0,0.0,19.01,3.03,0.0
2023-09-21 01:10:00+00:00,2023-09-21 03:10:00+02:00,0.0,0.0,0.0,0.0,18.36,2.83,0.0
2023-09-21 02:10:00+00:00,2023-09-21 04:10:00+02:00,0.0,0.0,0.0,0.0,17.73,2.69,0.0
2023-09-21 03:10:00+00:00,2023-09-21 05:10:00+02:00,0.0,0.0,0.0,0.0,17.21,2.55,0.0
2023-09-21 04:10:00+00:00,2023-09-21 06:10:00+02:00,0.0,0.0,0.0,0.0,16.7,2.48,0.0
2023-09-21 05:10:00+00:00,2023-09-21 07:10:00+02:00,0.0,0.0,0.0,0.0,16.28,2.48,0.0
2023-09-21 06:10:00+00:00,2023-09-21 08:10:00+02:00,0.0,0.0,0.0,0.0,15.9,2.55,0.0
2023-09-21 07:10:00+00:00,2023-09-21 09:10:00+02:00,358.51,131.48,11.43,11.59,16.36,2.62,0.0
2023-09-21 08:10:00+00:00,2023-09-21 10:10:00+02:00,531.42,191.74,20.26,23.16,18.06,3.24,0.0
2023-09-21 09:10:00+00:00,2023-09-21 11:10:00+02:00,722.05,185.29,23.52,34.02,19.93,3.59,0.0
2023-09-21 10:10:00+00:00,2023-09-21 12:10:00+02:00,617.56,257.41,19.92,43.49,21.76,4.28,0.0
2023-09-21 11:10:00+00:00,2023-09-21 13:10:00+02:00,362.08,358.67,14.32,50.4,23.41,5.45,0.0
2023-09-21 12:10:00+00:00,2023-09-21 14:10:00+02:00,526.87,324.31,14.33,53.22,24.7,5.66,0.0
2023-09-21 13:10:00+00:00,2023-09-21 15:10:00+02:00,109.34,362.51,10.53,51.02,25.43,5.93,0.0
2023-09-21 14:10:00+00:00,2023-09-21 16:10:00+02:00,0.0,163.17,5.73,44.54,25.63,6.41,0.0
2023-09-21 15:10:00+00:00,2023-09-21 17:10:00+02:00,0.0,130.02,6.96,35.32,24.59,6.83,0.0
2023-09-21 16:10:00+00:00,2023-09-21 18:10:00+02:00,7.21,104.06,8.64,24.59,23.61,6.83,0.0
2023-09-21 17:10:00+00:00,2023-09-21 19:10:00+02:00,70.71,78.04,8.51,13.08,22.76,6.69,0.0
2023-09-21 18:10:00+00:00,2023-09-21 20:10:00+02:00,0.0,0.51,0.1,1.24,21.72,5.72,0.0
2023-09-21 19:10:00+00:00,2023-09-21 21:10:00+02:00,0.0,0.0,0.0,0.0,21.08,5.66,0.0
2023-09-21 20:10:00+00:00,2023-09-21 22:10:00+02:00,0.0,0.0,0.0,0.0,20.1,5.38,0.0
2023-09-21 21:10:00+00:00,2023-09-21 23:10:00+02:00,0.0,0.0,0.0,0.0,19.88,4.48,0.0
2023-09-21 22:10:00+00:00,2023-09-22 00:10:00+02:00,0.0,0.0,0.0,0.0,19.88,3.59,0.0
2023-09-21 23:10:00+00:00,2023-09-22 01:10:00+02:00,0.0,0.0,0.0,0.0,19.84,3.03,0.0
2023-09-22 00:10:00+00:00,2023-09-22 02:10:00+02:00,0.0,0.0,0.0,0.0,19.66,2.9,0.0
2023-09-22 01:10:00+00:00,2023-09-22 03:10:00+02:00,0.0,0.0,0.0,0.0,19.03,2.69,0.0
2023-09-22 02:10:00+00:00,2023-09-22 04:10:00+02:00,0.0,0.0,0.0,0.0,18.42,2.41,0.0
2023-09-22 03:10:00+00:00,2023-09-22 05:10:00+02:00,0.0,0.0,0.0,0.0,17.31,2.14,0.0
2023-09-22 04:10:00+00:00,2023-09-22 06:10:00+02:00,0.0,0.0,0.0,0.0,16.22,2.14,0.0
2023-09-22 05:10:00+00:00,2023-09-22 07:10:00+02:00,0.0,0.0,0.0,0.0,15.31,1.86,0.0
2023-09-22 06:10:00+00:00,2023-09-22 08:10:00+02:00,0.0,0.0,0.0,0.0,14.68,1.72,0.0
2023-09-22 07:10:00+00:00,2023-09-22 09:10:00+02:00,252.6,118.21,10.35,11.42,15.13,1.45,0.0
2023-09-22 08:10:00+00:00,2023-09-22 10:10:00+02:00,248.53,191.0,16.52,22.97,16.82,2.07,0.0
2023-09-22 09:10:00+00:00,2023-09-22 11:10:00+02:00,559.02,242.43,22.09,33.8,18.67,2.34,0.0
2023-09-22 10:10:00+00:00,2023-09-22 12:10:00+02:00,668.85,243.91,20.68,43.22,20.74,2.41,0.0
2023-09-22 11:10:00+00:00,2023-09-22 13:10:00+02:00,889.4,157.02,18.89,50.07,22.49,2.34,0.0
2023-09-22 12:10:00+00:00,2023-09-22 14:10:00+02:00,808.13,201.75,16.57,52.83,23.83,2.28,0.0
2023-09-22 13:10:00+00:00,2023-09-22 15:10:00+02:00,699.9,252.5,17.21,50.62,24.88,2.41,0.0
2023-09-22 14:10:00+00:00,2023-09-22 16:10:00+02:00,773.69,201.64,21.17,44.16,25.66,2.62,0.0
2023-09-22 15:10:00+00:00,2023-09-22 17:10:00+02:00,369.87,278.48,19.68,34.97,26.03,2.76,0.0
2023-09-22 16:10:00+00:00,2023-09-22 18:10:00+02:00,250.67,202.84,17.08,24.26,26.04,2.69,0.0
2023-09-22 17:10:00+00:00,2023-09-22 19:10:00+02:00,181.05,112.3,10.52,12.76,25.69,2.48,0.0
2023-09-22 18:10:00+00:00,2023-09-22 20:10:00+02:00,0.0,0.0,0.0,0.0,24.53,2.0,0.0
2023-09-22 19:10:00+00:00,2023-09-22 21:10:00+02:00,0.0,0.0,0.0,0.0,22.82,1.79,0.0
2023-09-22 20:10:00+00:00,2023-09-22 22:10:00+02:00,0.0,0.0,0.0,0.0,21.53,1.72,0.0
2023-09-22 21:10:00+00:00,2023-09-22 23:10:00+02:00,0.0,0.0,0.0,0.0,19.83,1.52,0.0
2023-09-22 22:10:00+00:00,2023-09-23 00:10:00+02:00,0.0,0.0,0.0,0.0,18.36,1.31,0.0
2023-09-22 23:10:00+00:00,2023-09-23 01:10:00+02:00,0.0,0.0,0.0,0.0,17.53,1.31,0.0
2023-09-23 00:10:00+00:00,2023-09-23 02:10:00+02:00,0.0,0.0,0.0,0.0,16.51,1.52,0.0
2023-09-23 01:10:00+00:00,2023-09-23 03:10:00+02:00,0.0,0.0,0.0,0.0,16.05,1.66,0.0
2023-09-23 02:10:00+00:00,2023-09-23 04:10:00+02:00,0.0,0.0,0.0,0.0,15.85,1.52,0.0
2023-09-23 03:10:00+00:00,2023-09-23 05:10:00+02:00,0.0,0.0,0.0,0.0,15.66,1.38,0.0
2023-09-23 04:10:00+00:00,2023-09-23 06:10:00+02:00,0.0,0.0,0.0,0.0,14.72,1.52,0.0
2023-09-23 05:10:00+00:00,2023-09-23 07:10:00+02:00,0.0,0.0,0.0,0.0,14.13,1.52,0.0
2023-09-23 06:10:00+00:00,2023-09-23 08:10:00+02:00,0.0,0.0,0.0,0.0,13.75,1.52,0.0
2023-09-23 07:10:00+00:00,2023-09-23 09:10:00+02:00,461.47,137.39,12.16,11.25,13.38,1.52,0.0
2023-09-23 08:10:00+00:00,2023-09-23 10:10:00+02:00,661.06,174.13,21.81,22.78,17.9,1.59,0.0
2023-09-23 09:10:00+00:00,2023-09-23 11:10:00+02:00,773.81,178.53,24.53,33.58,21.14,2.62,0.0
2023-09-23 10:10:00+00:00,2023-09-23 12:10:00+02:00,835.19,174.77,22.37,42.94,23.57,3.1,0.0
2023-09-23 11:10:00+00:00,2023-09-23 13:10:00+02:00,855.8,177.12,18.91,49.73,25.65,2.9,0.0
2023-09-23 12:10:00+00:00,2023-09-23 14:10:00+02:00,866.56,176.36,17.3,52.45,27.13,2.41,0.0
2023-09-23 13:10:00+00:00,2023-09-23 15:10:00+02:00,882.2,167.5,18.86,50.22,28.23,2.0,0.0
2023-09-23 14:10:00+00:00,2023-09-23 16:10:00+02:00,877.27,160.71,22.46,43.78,29.02,1.79,0.0
2023-09-23 15:10:00+00:00,2023-09-23 17:10:00+02:00,820.2,168.95,25.05,34.62,29.4,1.52,0.0
2023-09-23 16:10:00+00:00,2023-09-23 18:10:00+02:00,702.51,174.34,22.88,23.93,29.37,1.45,0.0
2023-09-23 17:10:00+00:00,2023-09-23 19:10:00+02:00,500.97,150.71,13.81,12.45,28.94,1.38,0.0
2023-09-23 18:10:00+00:00,2023-09-23 20:10:00+02:00,0.0,0.0,0.0,0.0,27.67,1.59,0.0
2023-09-23 19:10:00+00:00,2023-09-23 21:10:00+02:00,0.0,0.0,0.0,0.0,26.05,1.93,0.0
2023-09-23 20:10:00+00:00,2023-09-23 22:10:00+02:00,0.0,0.0,0.0,0.0,24.21,2.0,0.0
2023-09-23 21:10:00+00:00,2023-09-23 23:10:00+02:00,0.0,0.0,0.0,0.0,22.62,2.48,0.0
2023-09-23 22:10:00+00:00,2023-09-24 00:10:00+02:00,0.0,0.0,0.0,0.0,21.5,2.9,0.0
2023-09-23 23:10:00+00:00,2023-09-24 01:10:00+02:00,0.0,0.0,0.0,0.0,20.6,2.76,0.0
2023-09-24 00:10:00+00:00,2023-09-24 02:10:00+02:00,0.0,0.0,0.0,0.0,19.91,2.41,0.0
2023-09-24 01:10:00+00:00,2023-09-24 03:10:00+02:00,0.0,0.0,0.0,0.0,19.27,2.14,0.0
2023-09-24 02:10:00+00:00,2023-09-24 04:10:00+02:00,0.0,0.0,0.0,0.0,18.52,2.07,0.0
2023-09-24 03:10:00+00:00,2023-09-24 05:10:00+02:00,0.0,0.0,0.0,0.0,17.85,2.14,0.0
2023-09-24 04:10:00+00:00,2023-09-24 06:10:00+02:00,0.0,0.0,0.0,0.0,17.39,2.21,0.0
2023-09-24 05:10:00+00:00,2023-09-24 07:10:00+02:00,0.0,0.0,0.0,0.0,17.07,2.28,0.0
2023-09-24 06:10:00+00:00,2023-09-24 08:10:00+02:00,0.0,0.0,0.0,0.0,16.92,2.41,0.0
2023-09-24 07:10:00+00:00,2023-09-24 09:10:00+02:00,458.11,135.91,11.96,11.07,17.36,2.41,0.0
2023-09-24 08:10:00+00:00,2023-09-24 10:10:00+02:00,663.72,171.92,21.74,22.59,20.18,2.76,0.0
2023-09-24 09:10:00+00:00,2023-09-24 11:10:00+02:00,767.48,178.61,24.44,33.36,23.0,3.17,0.0
2023-09-24 10:10:00+00:00,2023-09-24 12:10:00+02:00,817.4,179.55,22.27,42.67,25.52,3.38,0.0
2023-09-24 11:10:00+00:00,2023-09-24 13:10:00+02:00,835.08,185.37,18.93,49.39,27.67,3.31,0.0
2023-09-24 12:10:00+00:00,2023-09-24 14:10:00+02:00,845.75,184.56,17.37,52.06,29.37,2.97,0.0
2023-09-24 13:10:00+00:00,2023-09-24 15:10:00+02:00,863.8,172.38,18.9,49.82,30.7,2.62,0.0
2023-09-24 14:10:00+00:00,2023-09-24 16:10:00+02:00,858.63,165.82,22.4,43.4,31.57,2.21,0.0
2023-09-24 15:10:00+00:00,2023-09-24 17:10:00+02:00,790.23,176.33,24.68,34.27,31.92,2.0,0.0
2023-09-24 16:10:00+00:00,2023-09-24 18:10:00+02:00,674.23,177.13,22.36,23.61,31.81,1.86,0.0
2023-09-24 17:10:00+00:00,2023-09-24 19:10:00+02:00,480.44,146.82,13.27,12.14,31.23,1.79,0.0
2023-09-24 18:10:00+00:00,2023-09-24 20:10:00+02:00,0.0,0.0,0.0,0.0,29.74,1.72,0.0
2023-09-24 19:10:00+00:00,2023-09-24 21:10:00+02:00,0.0,0.0,0.0,0.0,27.77,2.14,0.0
2023-09-24 20:10:00+00:00,2023-09-24 22:10:00+02:00,0.0,0.0,0.0,0.0,25.71,2.9,0.0
2023-09-24 21:10:00+00:00,2023-09-24 23:10:00+02:00,0.0,0.0,0.0,0.0,23.89,3.03,0.0
2023-09-24 22:10:00+00:00,2023-09-25 00:10:00+02:00,0.0,0.0,0.0,0.0,22.5,2.48,0.0
2023-09-24 23:10:00+00:00,2023-09-25 01:10:00+02:00,0.0,0.0,0.0,0.0,21.45,1.86,0.0
2023-09-25 00:10:00+00:00,2023-09-25 02:10:00+02:00,0.0,0.0,0.0,0.0,20.2,1.17,0.0
2023-09-25 01:10:00+00:00,2023-09-25 03:10:00+02:00,0.0,0.0,0.0,0.0,19.62,1.1,0.0
2023-09-25 02:10:00+00:00,2023-09-25 04:10:00+02:00,0.0,0.0,0.0,0.0,18.27,1.38,0.0
2023-09-25 03:10:00+00:00,2023-09-25 05:10:00+02:00,0.0,0.0,0.0,0.0,17.3,1.59,0.0
2023-09-25 04:10:00+00:00,2023-09-25 06:10:00+02:00,0.0,0.0,0.0,0.0,16.71,1.66,0.0
2023-09-25 05:10:00+00:00,2023-09-25 07:10:00+02:00,0.0,0.0,0.0,0.0,16.27,1.72,0.0
2023-09-25 06:10:00+00:00,2023-09-25 08:10:00+02:00,0.0,0.0,0.0,0.0,15.89,1.72,0.0
2023-09-25 07:10:00+00:00,2023-09-25 09:10:00+02:00,433.55,134.27,11.6,10.9,16.36,1.66,0.0
2023-09-25 08:10:00+00:00,2023-09-25 10:10:00+02:00,648.11,174.01,21.48,22.4,20.37,1.72,0.0
2023-09-25 09:10:00+00:00,2023-09-25 11:10:00+02:00,751.98,182.22,24.26,33.13,23.89,1.79,0.0
2023-09-25 10:10:00+00:00,2023-09-25 12:10:00+02:00,812.82,181.19,22.35,42.39,26.82,1.59,0.0
2023-09-25 11:10:00+00:00,2023-09-25 13:10:00+02:00,815.52,193.58,18.96,49.06,29.2,1.38,0.0
2023-09-25 12:10:00+00:00,2023-09-25 14:10:00+02:00,826.05,193.94,17.48,51.67,30.96,1.1,0.0
2023-09-25 13:10:00+00:00,2023-09-25 15:10:00+02:00,859.71,172.91,19.09,49.43,32.29,0.97,0.0
2023-09-25 14:10:00+00:00,2023-09-25 16:10:00+02:00,852.94,167.63,22.52,43.03,33.13,0.97,0.0
2023-09-25 15:10:00+00:00,2023-09-25 17:10:00+02:00,774.1,180.34,24.53,33.92,33.47,1.1,0.0
2023-09-25 16:10:00+00:00,2023-09-25 18:10:00+02:00,675.59,175.42,22.26,23.28,33.31,1.31,0.0
2023-09-25 17:10:00+00:00,2023-09-25 19:10:00+02:00,468.6,144.77,12.88,11.82,32.61,1.66,0.0
2023-09-25 18:10:00+00:00,2023-09-25 20:10:00+02:00,0.0,0.0,0.0,0.0,30.82,1.86,0.0
2023-09-25 19:10:00+00:00,2023-09-25 21:10:00+02:00,0.0,0.0,0.0,0.0,28.12,2.21,0.0
2023-09-25 20:10:00+00:00,2023-09-25 22:10:00+02:00,0.0,0.0,0.0,0.0,26.32,2.07,0.0
2023-09-25 21:10:00+00:00,2023-09-25 23:10:00+02:00,0.0,0.0,0.0,0.0,24.66,2.21,0.0
2023-09-25 22:10:00+00:00,2023-09-26 00:10:00+02:00,0.0,0.0,0.0,0.0,23.15,2.34,0.0
2023-09-25 23:10:00+00:00,2023-09-26 01:10:00+02:00,0.0,0.0,0.0,0.0,21.89,2.21,0.0
2023-09-26 00:10:00+00:00,2023-09-26 02:10:00+02:00,0.0,0.0,0.0,0.0,20.73,2.0,0.0
2023-09-26 01:10:00+00:00,2023-09-26 03:10:00+02:00,0.0,0.0,0.0,0.0,19.49,1.79,0.0
2023-09-26 02:10:00+00:00,2023-09-26 04:10:00+02:00,0.0,0.0,0.0,0.0,18.41,1.66,0.0
2023-09-26 03:10:00+00:00,2023-09-26 05:10:00+02:00,0.0,0.0,0.0,0.0,17.56,1.52,0.0
2023-09-26 04:10:00+00:00,2023-09-26 06:10:00+02:00,0.0,0.0,0.0,0.0,16.99,1.45,0.0
2023-09-26 05:10:00+00:00,2023-09-26 07:10:00+02:00,0.0,0.0,0.0,0.0,16.35,1.52,0.0
2023-09-26 06:10:00+00:00,2023-09-26 08:10:00+02:00,0.0,0.0,0.0,0.0,15.79,1.72,0.0
2023-09-26 07:10:00+00:00,2023-09-26 09:10:00+02:00,440.49,135.13,11.56,10.73,16.72,1.45,0.0
2023-09-26 08:10:00+00:00,2023-09-26 10:10:00+02:00,637.59,175.07,21.27,22.21,20.7,1.45,0.0
2023-09-26 09:10:00+00:00,2023-09-26 11:10:00+02:00,752.92,181.54,24.3,32.9,23.42,1.38,0.0
2023-09-26 10:10:00+00:00,2023-09-26 12:10:00+02:00,800.78,186.28,22.37,42.11,26.19,1.31,0.0
2023-09-26 11:10:00+00:00,2023-09-26 13:10:00+02:00,817.1,193.09,19.19,48.72,28.38,1.17,0.0
2023-09-26 12:10:00+00:00,2023-09-26 14:10:00+02:00,827.96,193.53,17.76,51.28,30.12,1.03,0.0
2023-09-26 13:10:00+00:00,2023-09-26 15:10:00+02:00,848.99,179.31,19.28,49.03,31.38,0.9,0.0
2023-09-26 14:10:00+00:00,2023-09-26 16:10:00+02:00,854.6,167.21,22.74,42.65,32.2,0.83,0.0
2023-09-26 15:10:00+00:00,2023-09-26 17:10:00+02:00,773.96,179.92,24.59,33.57,32.54,0.83,0.0
2023-09-26 16:10:00+00:00,2023-09-26 18:10:00+02:00,666.73,175.7,22.02,22.95,32.42,0.9,0.0
2023-09-26 17:10:00+00:00,2023-09-26 19:10:00+02:00,456.11,144.76,12.57,11.51,31.87,0.97,0.0
2023-09-26 18:10:00+00:00,2023-09-26 20:10:00+02:00,0.0,0.0,0.0,0.0,30.65,1.1,0.0
2023-09-26 19:10:00+00:00,2023-09-26 21:10:00+02:00,0.0,0.0,0.0,0.0,28.45,1.59,0.0
2023-09-26 20:10:00+00:00,2023-09-26 22:10:00+02:00,0.0,0.0,0.0,0.0,26.08,1.59,0.0
2023-09-26 21:10:00+00:00,2023-09-26 23:10:00+02:00,0.0,0.0,0.0,0.0,24.14,2.28,0.0
2023-09-26 22:10:00+00:00,2023-09-27 00:10:00+02:00,0.0,0.0,0.0,0.0,22.8,2.76,0.0
2023-09-26 23:10:00+00:00,2023-09-27 01:10:00+02:00,0.0,0.0,0.0,0.0,21.79,2.55,0.0
2023-09-27 00:10:00+00:00,2023-09-27 02:10:00+02:00,0.0,0.0,0.0,0.0,20.87,2.0,0.0
2023-09-27 01:10:00+00:00,2023-09-27 03:10:00+02:00,0.0,0.0,0.0,0.0,19.8,1.38,0.0
2023-09-27 02:10:00+00:00,2023-09-27 04:10:00+02:00,0.0,0.0,0.0,0.0,19.37,1.17,0.0
2023-09-27 03:10:00+00:00,2023-09-27 05:10:00+02:00,0.0,0.0,0.0,0.0,18.13,1.66,0.0
2023-09-27 04:10:00+00:00,2023-09-27 06:10:00+02:00,0.0,0.0,0.0,0.0,17.79,1.93,0.0
2023-09-27 05:10:00+00:00,2023-09-27 07:10:00+02:00,0.0,0.0,0.0,0.0,17.43,1.86,0.0
2023-09-27 06:10:00+00:00,2023-09-27 08:10:00+02:00,0.0,0.0,0.0,0.0,16.96,1.72,0.0
2023-09-27 07:10:00+00:00,2023-09-27 09:10:00+02:00,436.79,131.36,11.27,10.55,17.58,1.66,0.0
2023-09-27 08:10:00+00:00,2023-09-27 10:10:00+02:00,632.28,175.19,21.13,22.01,21.12,2.0,0.0
2023-09-27 09:10:00+00:00,2023-09-27 11:10:00+02:00,750.21,181.98,24.3,32.67,23.73,2.21,0.0
2023-09-27 10:10:00+00:00,2023-09-27 12:10:00+02:00,797.65,186.7,22.45,41.83,26.35,2.0,0.0
2023-09-27 11:10:00+00:00,2023-09-27 13:10:00+02:00,797.33,202.47,19.24,48.37,28.69,1.66,0.0
2023-09-27 12:10:00+00:00,2023-09-27 14:10:00+02:00,824.77,192.89,17.94,50.89,30.51,1.24,0.0
2023-09-27 13:10:00+00:00,2023-09-27 15:10:00+02:00,846.16,178.69,19.47,48.63,31.91,0.9,0.0
2023-09-27 14:10:00+00:00,2023-09-27 16:10:00+02:00,850.36,167.79,22.85,42.27,32.81,0.83,0.0
2023-09-27 15:10:00+00:00,2023-09-27 17:10:00+02:00,746.47,187.15,24.28,33.22,33.23,0.83,0.0
2023-09-27 16:10:00+00:00,2023-09-27 18:10:00+02:00,613.45,186.06,21.35,22.63,33.19,0.9,0.0
2023-09-27 17:10:00+00:00,2023-09-27 19:10:00+02:00,329.62,132.25,11.12,11.2,32.67,0.97,0.0
2023-09-27 18:10:00+00:00,2023-09-27 20:10:00+02:00,0.0,0.0,0.0,0.0,31.36,1.24,0.0
2023-09-27 19:10:00+00:00,2023-09-27 21:10:00+02:00,0.0,0.0,0.0,0.0,29.19,1.79,0.0
2023-09-27 20:10:00+00:00,2023-09-27 22:10:00+02:00,0.0,0.0,0.0,0.0,27.01,1.79,0.0
2023-09-27 21:10:00+00:00,2023-09-27 23:10:00+02:00,0.0,0.0,0.0,0.0,24.95,2.07,0.0
2023-09-27 22:10:00+00:00,2023-09-28 00:10:00+02:00,0.0,0.0,0.0,0.0,23.36,2.28,0.0
2023-09-27 23:10:00+00:00,2023-09-28 01:10:00+02:00,0.0,0.0,0.0,0.0,22.14,2.21,0.0
2023-09-28 00:10:00+00:00,2023-09-28 02:10:00+02:00,0.0,0.0,0.0,0.0,21.02,2.07,0.0
2023-09-28 01:10:00+00:00,2023-09-28 03:10:00+02:00,0.0,0.0,0.0,0.0,19.98,1.93,0.0
2023-09-28 02:10:00+00:00,2023-09-28 04:10:00+02:00,0.0,0.0,0.0,0.0,19.06,1.66,0.0
2023-09-28 03:10:00+00:00,2023-09-28 05:10:00+02:00,0.0,0.0,0.0,0.0,18.56,1.38,0.0
2023-09-28 04:10:00+00:00,2023-09-28 06:10:00+02:00,0.0,0.0,0.0,0.0,17.47,1.66,0.0
2023-09-28 05:10:00+00:00,2023-09-28 07:10:00+02:00,0.0,0.0,0.0,0.0,16.99,1.86,0.0
2023-09-28 06:10:00+00:00,2023-09-28 08:10:00+02:00,0.0,0.0,0.0,0.0,16.66,1.93,0.0
2023-09-28 07:10:00+00:00,2023-09-28 09:10:00+02:00,377.51,127.97,10.66,10.38,17.07,1.72,0.0
2023-09-28 08:10:00+00:00,2023-09-28 10:10:00+02:00,629.62,175.73,21.05,21.82,21.15,1.66,0.0
2023-09-28 09:10:00+00:00,2023-09-28 11:10:00+02:00,736.33,185.71,24.15,32.44,24.92,1.72,0.0
2023-09-28 10:10:00+00:00,2023-09-28 12:10:00+02:00,796.04,187.25,22.56,41.55,28.09,1.72,0.0
2023-09-28 11:10:00+00:00,2023-09-28 13:10:00+02:00,812.36,194.17,19.54,48.03,30.57,1.66,0.0
2023-09-28 12:10:00+00:00,2023-09-28 14:10:00+02:00,807.34,202.36,18.08,50.5,32.35,1.52,0.0
2023-09-28 13:10:00+00:00,2023-09-28 15:10:00+02:00,844.68,179.36,19.7,48.23,33.6,1.24,0.0
2023-09-28 14:10:00+00:00,2023-09-28 16:10:00+02:00,814.64,181.07,22.62,41.9,34.36,0.9,0.0
2023-09-28 15:10:00+00:00,2023-09-28 17:10:00+02:00,766.38,179.9,24.55,32.88,34.7,0.83,0.0
2023-09-28 16:10:00+00:00,2023-09-28 18:10:00+02:00,656.22,175.59,21.66,22.3,34.68,0.97,0.0
2023-09-28 17:10:00+00:00,2023-09-28 19:10:00+02:00,434.27,138.84,11.76,10.88,34.26,1.03,0.0
2023-09-28 18:10:00+00:00,2023-09-28 20:10:00+02:00,0.0,0.0,0.0,0.0,33.26,0.9,0.0
2023-09-28 19:10:00+00:00,2023-09-28 21:10:00+02:00,0.0,0.0,0.0,0.0,30.77,1.1,0.0
2023-09-28 20:10:00+00:00,2023-09-28 22:10:00+02:00,0.0,0.0,0.0,0.0,27.7,1.66,0.0
2023-09-28 21:10:00+00:00,2023-09-28 23:10:00+02:00,0.0,0.0,0.0,0.0,25.63,1.93,0.0
2023-09-28 22:10:00+00:00,2023-09-29 00:10:00+02:00,0.0,0.0,0.0,0.0,23.94,2.14,0.0
2023-09-28 23:10:00+00:00,2023-09-29 01:10:00+02:00,0.0,0.0,0.0,0.0,22.61,2.14,0.0
2023-09-29 00:10:00+00:00,2023-09-29 02:10:00+02:00,0.0,0.0,0.0,0.0,21.49,2.0,0.0
2023-09-29 01:10:00+00:00,2023-09-29 03:10:00+02:00,0.0,0.0,0.0,0.0,20.68,1.66,0.0
2023-09-29 02:10:00+00:00,2023-09-29 04:10:00+02:00,0.0,0.0,0.0,0.0,20.42,1.45,0.0
2023-09-29 03:10:00+00:00,2023-09-29 05:10:00+02:00,0.0,0.0,0.0,0.0,19.71,1.45,0.0
2023-09-29 04:10:00+00:00,2023-09-29 06:10:00+02:00,0.0,0.0,0.0,0.0,18.58,1.66,0.0
2023-09-29 05:10:00+00:00,2023-09-29 07:10:00+02:00,0.0,0.0,0.0,0.0,17.94,1.72,0.0
2023-09-29 06:10:00+00:00,2023-09-29 08:10:00+02:00,0.0,0.0,0.0,0.0,17.53,1.79,0.0
2023-09-29 07:10:00+00:00,2023-09-29 09:10:00+02:00,406.61,127.77,10.7,10.2,18.05,1.93,0.0
2023-09-29 08:10:00+00:00,2023-09-29 10:10:00+02:00,610.69,177.11,20.72,21.62,22.07,2.07,0.0
2023-09-29 09:10:00+00:00,2023-09-29 11:10:00+02:00,741.09,182.5,24.19,32.21,26.21,2.28,0.0
2023-09-29 10:10:00+00:00,2023-09-29 12:10:00+02:00,789.92,187.48,22.57,41.27,29.57,2.55,0.0
2023-09-29 11:10:00+00:00,2023-09-29 13:10:00+02:00,805.96,194.5,19.64,47.69,31.97,2.41,0.0
2023-09-29 12:10:00+00:00,2023-09-29 14:10:00+02:00,817.11,193.95,18.33,50.12,33.83,2.07,0.0
2023-09-29 13:10:00+00:00,2023-09-29 15:10:00+02:00,849.96,174.14,19.93,47.83,35.16,1.79,0.0
2023-09-29 14:10:00+00:00,2023-09-29 16:10:00+02:00,829.71,173.58,22.92,41.52,35.97,1.66,0.0
2023-09-29 15:10:00+00:00,2023-09-29 17:10:00+02:00,758.79,180.26,24.46,32.53,36.26,1.66,0.0
2023-09-29 16:10:00+00:00,2023-09-29 18:10:00+02:00,646.73,174.02,21.34,21.97,36.1,1.79,0.0
2023-09-29 17:10:00+00:00,2023-09-29 19:10:00+02:00,425.08,137.37,11.43,10.57,35.35,2.21,0.0
2023-09-29 18:10:00+00:00,2023-09-29 20:10:00+02:00,0.0,0.0,0.0,0.0,33.05,2.9,0.0
2023-09-29 19:10:00+00:00,2023-09-29 21:10:00+02:00,0.0,0.0,0.0,0.0,31.02,3.24,0.0
2023-09-29 20:10:00+00:00,2023-09-29 22:10:00+02:00,0.0,0.0,0.0,0.0,28.52,3.52,0.0
2023-09-29 21:10:00+00:00,2023-09-29 23:10:00+02:00,0.0,0.0,0.0,0.0,26.67,2.83,0.0
2023-09-29 22:10:00+00:00,2023-09-30 00:10:00+02:00,0.0,0.0,0.0,0.0,25.55,1.86,0.0
2023-09-29 23:10:00+00:00,2023-09-30 01:10:00+02:00,0.0,0.0,0.0,0.0,24.33,1.1,0.0
2023-09-30 00:10:00+00:00,2023-09-30 02:10:00+02:00,0.0,0.0,0.0,0.0,22.83,1.45,0.0
2023-09-30 01:10:00+00:00,2023-09-30 03:10:00+02:00,0.0,0.0,0.0,0.0,21.86,1.79,0.0
2023-09-30 02:10:00+00:00,2023-09-30 04:10:00+02:00,0.0,0.0,0.0,0.0,21.25,2.0,0.0
2023-09-30 03:10:00+00:00,2023-09-30 05:10:00+02:00,0.0,0.0,0.0,0.0,20.9,2.07,0.0
2023-09-30 04:10:00+00:00,2023-09-30 06:10:00+02:00,0.0,0.0,0.0,0.0,20.66,2.21,0.0
2023-09-30 05:10:00+00:00,2023-09-30 07:10:00+02:00,0.0,0.0,0.0,0.0,20.51,2.34,0.0
2023-09-30 06:10:00+00:00,2023-09-30 08:10:00+02:00,0.0,0.0,0.0,0.0,20.4,2.48,0.0
2023-09-30 07:10:00+00:00,2023-09-30 09:10:00+02:00,390.8,125.72,10.41,10.02,20.9,2.55,0.0
2023-09-30 08:10:00+00:00,2023-09-30 10:10:00+02:00,616.12,173.79,20.63,21.42,23.33,3.1,0.0
2023-09-30 09:10:00+00:00,2023-09-30 11:10:00+02:00,736.51,181.29,24.09,31.97,26.21,3.17,0.0
2023-09-30 10:10:00+00:00,2023-09-30 12:10:00+02:00,770.05,194.59,22.48,40.98,29.09,3.24,0.0
2023-09-30 11:10:00+00:00,2023-09-30 13:10:00+02:00,787.3,202.73,19.68,47.34,31.58,3.31,0.0
2023-09-30 12:10:00+00:00,2023-09-30 14:10:00+02:00,798.2,202.15,18.42,49.73,33.45,3.52,0.0
2023-09-30 13:10:00+00:00,2023-09-30 15:10:00+02:00,833.62,180.33,20.0,47.44,34.58,3.66,0.0
2023-09-30 14:10:00+00:00,2023-09-30 16:10:00+02:00,825.27,174.16,23.02,41.14,35.08,3.79,0.0
2023-09-30 15:10:00+00:00,2023-09-30 17:10:00+02:00,752.94,180.79,24.4,32.18,34.97,3.86,0.0
2023-09-30 16:10:00+00:00,2023-09-30 18:10:00+02:00,628.84,176.36,21.01,21.65,34.32,3.79,0.0
2023-09-30 17:10:00+00:00,2023-09-30 19:10:00+02:00,398.48,131.78,10.85,10.26,33.03,3.52,0.0
2023-09-30 18:10:00+00:00,2023-09-30 20:10:00+02:00,0.0,0.0,0.0,0.0,30.8,2.9,0.0
2023-09-30 19:10:00+00:00,2023-09-30 21:10:00+02:00,0.0,0.0,0.0,0.0,28.76,3.03,0.0
2023-09-30 20:10:00+00:00,2023-09-30 22:10:00+02:00,0.0,0.0,0.0,0.0,26.73,3.03,0.0
2023-09-30 21:10:00+00:00,2023-09-30 23:10:00+02:00,0.0,0.0,0.0,0.0,25.28,2.69,0.0
2023-09-30 22:10:00+00:00,2023-10-01 00:10:00+02:00,0.0,0.0,0.0,0.0,24.31,2.0,0.0
2023-09-30 23:10:00+00:00,2023-10-01 01:10:00+02:00,0.0,0.0,0.0,0.0,23.13,1.52,0.0
2023-10-01 00:10:00+00:00,2023-10-01 02:10:00+02:00,0.0,0.0,0.0,0.0,21.97,1.86,0.0
2023-10-01 01:10:00+00:00,2023-10-01 03:10:00+02:00,0.0,0.0,0.0,0.0,21.26,2.14,0.0
2023-10-01 02:10:00+00:00,2023-10-01 04:10:00+02:00,0.0,0.0,0.0,0.0,20.84,2.28,0.0
2023-10-01 03:10:00+00:00,2023-10-01 05:10:00+02:00,0.0,0.0,0.0,0.0,20.56,2.34,0.0
2023-10-01 04:10:00+00:00,2023-10-01 06:10:00+02:00,0.0,0.0,0.0,0.0,20.28,2.34,0.0
2023-10-01 05:10:00+00:00,2023-10-01 07:10:00+02:00,0.0,0.0,0.0,0.0,20.0,2.34,0.0
2023-10-01 06:10:00+00:00,2023-10-01 08:10:00+02:00,0.0,0.0,0.0,0.0,19.67,2.34,0.0
2023-10-01 07:10:00+00:00,2023-10-01 09:10:00+02:00,409.59,127.23,10.45,9.84,19.78,2.14,0.0
2023-10-01 08:10:00+00:00,2023-10-01 10:10:00+02:00,618.94,175.25,20.67,21.22,22.77,2.28,0.0
2023-10-01 09:10:00+00:00,2023-10-01 11:10:00+02:00,724.32,188.16,24.08,31.74,26.05,2.41,0.0
2023-10-01 10:10:00+00:00,2023-10-01 12:10:00+02:00,782.19,192.24,22.79,40.69,29.07,2.62,0.0
2023-10-01 11:10:00+00:00,2023-10-01 13:10:00+02:00,783.5,206.9,19.91,47.0,31.62,2.69,0.0
2023-10-01 12:10:00+00:00,2023-10-01 14:10:00+02:00,793.6,207.47,18.69,49.34,33.58,2.76,0.0
2023-10-01 13:10:00+00:00,2023-10-01 15:10:00+02:00,832.12,182.27,20.24,47.04,34.92,2.55,0.0
2023-10-01 14:10:00+00:00,2023-10-01 16:10:00+02:00,826.91,173.79,23.21,40.77,35.68,2.28,0.0
2023-10-01 15:10:00+00:00,2023-10-01 17:10:00+02:00,765.95,177.19,24.62,31.83,35.94,2.07,0.0
2023-10-01 16:10:00+00:00,2023-10-01 18:10:00+02:00,651.67,172.73,21.19,21.33,35.77,2.14,0.0
2023-10-01 17:10:00+00:00,2023-10-01 19:10:00+02:00,416.48,132.26,10.75,9.96,35.05,2.21,0.0
2023-10-01 18:10:00+00:00,2023-10-01 20:10:00+02:00,0.0,0.0,0.0,0.0,32.93,2.48,0.0
2023-10-01 19:10:00+00:00,2023-10-01 21:10:00+02:00,0.0,0.0,0.0,0.0,31.29,2.48,0.0
2023-10-01 20:10:00+00:00,2023-10-01 22:10:00+02:00,0.0,0.0,0.0,0.0,28.88,3.03,0.0
2023-10-01 21:10:00+00:00,2023-10-01 23:10:00+02:00,0.0,0.0,0.0,0.0,26.79,3.17,0.0
2023-10-01 22:10:00+00:00,2023-10-02 00:10:00+02:00,0.0,0.0,0.0,0.0,25.15,2.69,0.0
2023-10-01 23:10:00+00:00,2023-10-02 01:10:00+02:00,0.0,0.0,0.0,0.0,24.01,2.28,0.0
2023-10-02 00:10:00+00:00,2023-10-02 02:10:00+02:00,0.0,0.0,0.0,0.0,22.68,1.72,0.0
2023-10-02 01:10:00+00:00,2023-10-02 03:10:00+02:00,0.0,0.0,0.0,0.0,21.43,1.52,0.0
2023-10-02 02:10:00+00:00,2023-10-02 04:10:00+02:00,0.0,0.0,0.0,0.0,20.18,1.93,0.0
2023-10-02 03:10:00+00:00,2023-10-02 05:10:00+02:00,0.0,0.0,0.0,0.0,19.44,2.0,0.0
2023-10-02 04:10:00+00:00,2023-10-02 06:10:00+02:00,0.0,0.0,0.0,0.0,19.0,2.07,0.0
2023-10-02 05:10:00+00:00,2023-10-02 07:10:00+02:00,0.0,0.0,0.0,0.0,18.71,2.21,0.0
2023-10-02 06:10:00+00:00,2023-10-02 08:10:00+02:00,0.0,0.0,0.0,0.0,18.53,2.28,0.0
2023-10-02 07:10:00+00:00,2023-10-02 09:10:00+02:00,357.61,123.12,9.9,9.66,18.7,2.07,0.0
2023-10-02 08:10:00+00:00,2023-10-02 10:10:00+02:00,582.82,180.54,20.2,21.01,22.23,2.07,0.0
2023-10-02 09:10:00+00:00,2023-10-02 11:10:00+02:00,683.31,201.73,23.69,31.5,26.04,2.14,0.0
2023-10-02 10:10:00+00:00,2023-10-02 12:10:00+02:00,738.99,211.8,22.55,40.4,29.39,2.14,0.0
2023-10-02 11:10:00+00:00,2023-10-02 13:10:00+02:00,783.82,207.65,20.13,46.65,32.14,2.07,0.0
2023-10-02 12:10:00+00:00,2023-10-02 14:10:00+02:00,779.7,214.69,18.83,48.95,34.18,1.93,0.0
2023-10-02 13:10:00+00:00,2023-10-02 15:10:00+02:00,816.88,190.99,20.38,46.65,35.42,1.59,0.0
2023-10-02 14:10:00+00:00,2023-10-02 16:10:00+02:00,712.87,223.7,22.35,40.4,36.05,1.31,0.0
2023-10-02 15:10:00+00:00,2023-10-02 17:10:00+02:00,775.38,174.67,24.79,31.49,36.23,1.17,0.0
2023-10-02 16:10:00+00:00,2023-10-02 18:10:00+02:00,569.14,186.58,20.21,21.0,35.97,1.17,0.0
2023-10-02 17:10:00+00:00,2023-10-02 19:10:00+02:00,107.4,71.53,7.24,9.65,35.25,1.17,0.0
2023-10-02 18:10:00+00:00,2023-10-02 20:10:00+02:00,0.0,0.0,0.0,0.0,33.57,1.66,0.0
2023-10-02 19:10:00+00:00,2023-10-02 21:10:00+02:00,0.0,0.0,0.0,0.0,31.43,2.14,0.0
2023-10-02 20:10:00+00:00,2023-10-02 22:10:00+02:00,0.0,0.0,0.0,0.0,29.16,2.48,0.0
2023-10-02 21:10:00+00:00,2023-10-02 23:10:00+02:00,0.0,0.0,0.0,0.0,27.28,2.69,0.0
2023-10-02 22:10:00+00:00,2023-10-03 00:10:00+02:00,0.0,0.0,0.0,0.0,25.7,2.41,0.0
2023-10-02 23:10:00+00:00,2023-10-03 01:10:00+02:00,0.0,0.0,0.0,0.0,24.41,2.28,0.0
2023-10-03 00:10:00+00:00,2023-10-03 02:10:00+02:00,0.0,0.0,0.0,0.0,23.37,2.28,0.0
2023-10-03 01:10:00+00:00,2023-10-03 03:10:00+02:00,0.0,0.0,0.0,0.0,22.6,2.21,0.0
2023-10-03 02:10:00+00:00,2023-10-03 04:10:00+02:00,0.0,0.0,0.0,0.0,21.89,1.93,0.0
2023-10-03 03:10:00+00:00,2023-10-03 05:10:00+02:00,0.0,0.0,0.0,0.0,21.02,1.66,0.0
2023-10-03 04:10:00+00:00,2023-10-03 06:10:00+02:00,0.0,0.0,0.0,0.0,20.37,1.45,0.0
2023-10-03 05:10:00+00:00,2023-10-03 07:10:00+02:00,0.0,0.0,0.0,0.0,19.95,1.38,0.0
2023-10-03 06:10:00+00:00,2023-10-03 08:10:00+02:00,0.0,0.0,0.0,0.0,19.42,1.31,0.0
2023-10-03 07:10:00+00:00,2023-10-03 09:10:00+02:00,382.67,122.15,9.86,9.48,18.95,1.45,0.0
2023-10-03 08:10:00+00:00,2023-10-03 10:10:00+02:00,489.78,189.66,19.08,20.81,22.79,0.9,0.0
2023-10-03 09:10:00+00:00,2023-10-03 11:10:00+02:00,803.66,160.98,25.02,31.26,26.23,0.76,0.0
2023-10-03 10:10:00+00:00,2023-10-03 12:10:00+02:00,746.53,204.01,22.62,40.11,28.71,0.41,0.0
2023-10-03 11:10:00+00:00,2023-10-03 13:10:00+02:00,792.49,198.99,20.3,46.31,31.04,0.07,0.0
2023-10-03 12:10:00+00:00,2023-10-03 14:10:00+02:00,803.01,198.59,19.15,48.56,32.83,0.21,0.0
2023-10-03 13:10:00+00:00,2023-10-03 15:10:00+02:00,793.16,200.39,20.37,46.25,34.19,0.34,0.0
2023-10-03 14:10:00+00:00,2023-10-03 16:10:00+02:00,793.0,185.34,23.13,40.03,35.06,0.41,0.0
2023-10-03 15:10:00+00:00,2023-10-03 17:10:00+02:00,719.27,189.58,24.09,31.14,35.56,0.62,0.0
2023-10-03 16:10:00+00:00,2023-10-03 18:10:00+02:00,591.73,180.42,20.24,20.68,35.53,0.76,0.0
2023-10-03 17:10:00+00:00,2023-10-03 19:10:00+02:00,351.12,124.39,9.72,9.34,35.05,1.03,0.0
2023-10-03 18:10:00+00:00,2023-10-03 20:10:00+02:00,0.0,0.0,0.0,0.0,33.69,1.52,0.0
2023-10-03 19:10:00+00:00,2023-10-03 21:10:00+02:00,0.0,0.0,0.0,0.0,31.25,2.34,0.0
2023-10-03 20:10:00+00:00,2023-10-03 22:10:00+02:00,0.0,0.0,0.0,0.0,29.47,2.55,0.0
2023-10-03 21:10:00+00:00,2023-10-03 23:10:00+02:00,0.0,0.0,0.0,0.0,27.91,2.48,0.0
2023-10-03 22:10:00+00:00,2023-10-04 00:10:00+02:00,0.0,0.0,0.0,0.0,26.65,2.48,0.0
2023-10-03 23:10:00+00:00,2023-10-04 01:10:00+02:00,0.0,0.0,0.0,0.0,25.56,2.62,0.0
2023-10-04 00:10:00+00:00,2023-10-04 02:10:00+02:00,0.0,0.0,0.0,0.0,24.67,2.62,0.0
2023-10-04 01:10:00+00:00,2023-10-04 03:10:00+02:00,0.0,0.0,0.0,0.0,23.84,2.41,0.0
2023-10-04 02:10:00+00:00,2023-10-04 04:10:00+02:00,0.0,0.0,0.0,0.0,23.08,2.0,0.0
2023-10-04 03:10:00+00:00,2023-10-04 05:10:00+02:00,0.0,0.0,0.0,0.0,22.1,1.45,0.0
2023-10-04 04:10:00+00:00,2023-10-04 06:10:00+02:00,0.0,0.0,0.0,0.0,21.75,0.97,0.0
2023-10-04 05:10:00+00:00,2023-10-04 07:10:00+02:00,0.0,0.0,0.0,0.0,21.45,0.83,0.0
2023-10-04 06:10:00+00:00,2023-10-04 08:10:00+02:00,0.0,0.0,0.0,0.0,20.19,1.17,0.0
2023-10-04 07:10:00+00:00,2023-10-04 09:10:00+02:00,253.93,103.26,8.55,9.29,19.73,1.59,0.0
2023-10-04 08:10:00+00:00,2023-10-04 10:10:00+02:00,633.71,166.47,20.42,20.6,23.14,1.86,0.0
2023-10-04 09:10:00+00:00,2023-10-04 11:10:00+02:00,626.87,211.57,22.93,31.01,25.75,2.14,0.0
2023-10-04 10:10:00+00:00,2023-10-04 12:10:00+02:00,735.46,203.79,22.51,39.82,28.19,2.14,0.0
2023-10-04 11:10:00+00:00,2023-10-04 13:10:00+02:00,603.75,275.81,18.84,45.96,30.4,2.21,0.0
2023-10-04 12:10:00+00:00,2023-10-04 14:10:00+02:00,822.6,183.2,19.42,48.18,32.05,2.28,0.0
2023-10-04 13:10:00+00:00,2023-10-04 15:10:00+02:00,797.02,192.7,20.5,45.86,33.19,2.28,0.0
2023-10-04 14:10:00+00:00,2023-10-04 16:10:00+02:00,794.48,179.62,23.16,39.65,33.87,2.21,0.0
2023-10-04 15:10:00+00:00,2023-10-04 17:10:00+02:00,665.93,201.92,23.42,30.8,34.12,2.21,0.0
2023-10-04 16:10:00+00:00,2023-10-04 18:10:00+02:00,600.6,173.16,20.02,20.36,33.88,2.28,0.0
2023-10-04 17:10:00+00:00,2023-10-04 19:10:00+02:00,362.82,121.58,9.44,9.04,33.06,2.48,0.0
2023-10-04 18:10:00+00:00,2023-10-04 20:10:00+02:00,0.0,0.0,0.0,0.0,31.06,2.76,0.0
2023-10-04 19:10:00+00:00,2023-10-04 21:10:00+02:00,0.0,0.0,0.0,0.0,29.51,2.76,0.0
2023-10-04 20:10:00+00:00,2023-10-04 22:10:00+02:00,0.0,0.0,0.0,0.0,27.34,3.24,0.0
2023-10-04 21:10:00+00:00,2023-10-04 23:10:00+02:00,0.0,0.0,0.0,0.0,25.61,3.03,0.0
2023-10-04 22:10:00+00:00,2023-10-05 00:10:00+02:00,0.0,0.0,0.0,0.0,24.48,2.34,0.0
2023-10-04 23:10:00+00:00,2023-10-05 01:10:00+02:00,0.0,0.0,0.0,0.0,23.69,1.72,0.0
2023-10-05 00:10:00+00:00,2023-10-05 02:10:00+02:00,0.0,0.0,0.0,0.0,22.72,1.31,0.0
2023-10-05 01:10:00+00:00,2023-10-05 03:10:00+02:00,0.0,0.0,0.0,0.0,21.82,1.31,0.0
2023-10-05 02:10:00+00:00,2023-10-05 04:10:00+02:00,0.0,0.0,0.0,0.0,21.03,1.52,0.0
2023-10-05 03:10:00+00:00,2023-10-05 05:10:00+02:00,0.0,0.0,0.0,0.0,20.42,1.52,0.0
2023-10-05 04:10:00+00:00,2023-10-05 06:10:00+02:00,0.0,0.0,0.0,0.0,19.93,1.59,0.0
2023-10-05 05:10:00+00:00,2023-10-05 07:10:00+02:00,0.0,0.0,0.0,0.0,19.57,1.72,0.0
2023-10-05 06:10:00+00:00,2023-10-05 08:10:00+02:00,0.0,0.0,0.0,0.0,19.29,1.86,0.0
2023-10-05 07:10:00+00:00,2023-10-05 09:10:00+02:00,353.83,116.52,9.26,9.11,19.21,1.72,0.0
2023-10-05 08:10:00+00:00,2023-10-05 10:10:00+02:00,588.24,174.33,19.87,20.4,21.94,1.93,0.0
2023-10-05 09:10:00+00:00,2023-10-05 11:10:00+02:00,709.53,186.7,23.83,30.77,24.94,2.07,0.0
2023-10-05 10:10:00+00:00,2023-10-05 12:10:00+02:00,784.0,185.87,23.16,39.53,27.75,2.28,0.0
2023-10-05 11:10:00+00:00,2023-10-05 13:10:00+02:00,786.44,200.07,20.6,45.61,30.1,2.34,0.0
2023-10-05 12:10:00+00:00,2023-10-05 14:10:00+02:00,812.76,190.82,19.63,47.79,31.93,2.41,0.0
2023-10-05 13:10:00+00:00,2023-10-05 15:10:00+02:00,817.78,184.65,20.93,45.47,33.37,2.41,0.0
2023-10-05 14:10:00+00:00,2023-10-05 16:10:00+02:00,810.2,176.21,23.55,39.29,34.29,2.34,0.0
2023-10-05 15:10:00+00:00,2023-10-05 17:10:00+02:00,723.96,184.94,24.11,30.46,34.67,2.28,0.0
2023-10-05 16:10:00+00:00,2023-10-05 18:10:00+02:00,615.56,172.01,20.11,20.05,34.59,2.28,0.0
2023-10-05 17:10:00+00:00,2023-10-05 19:10:00+02:00,368.68,121.52,9.24,8.74,33.93,2.07,0.0
2023-10-05 18:10:00+00:00,2023-10-05 20:10:00+02:00,0.0,0.0,0.0,0.0,32.12,2.21,0.0
2023-10-05 19:10:00+00:00,2023-10-05 21:10:00+02:00,0.0,0.0,0.0,0.0,30.1,2.69,0.0
2023-10-05 20:10:00+00:00,2023-10-05 22:10:00+02:00,0.0,0.0,0.0,0.0,27.88,3.24,0.0
2023-10-05 21:10:00+00:00,2023-10-05 23:10:00+02:00,0.0,0.0,0.0,0.0,26.07,3.17,0.0
2023-10-05 22:10:00+00:00,2023-10-06 00:10:00+02:00,0.0,0.0,0.0,0.0,24.87,2.55,0.0
2023-10-05 23:10:00+00:00,2023-10-06 01:10:00+02:00,0.0,0.0,0.0,0.0,23.98,1.86,0.0
2023-10-06 00:10:00+00:00,2023-10-06 02:10:00+02:00,0.0,0.0,0.0,0.0,22.68,1.31,0.0
2023-10-06 01:10:00+00:00,2023-10-06 03:10:00+02:00,0.0,0.0,0.0,0.0,21.47,1.52,0.0
2023-10-06 02:10:00+00:00,2023-10-06 04:10:00+02:00,0.0,0.0,0.0,0.0,20.56,2.0,0.0
2023-10-06 03:10:00+00:00,2023-10-06 05:10:00+02:00,0.0,0.0,0.0,0.0,20.08,2.14,0.0
2023-10-06 04:10:00+00:00,2023-10-06 06:10:00+02:00,0.0,0.0,0.0,0.0,19.9,2.28,0.0
2023-10-06 05:10:00+00:00,2023-10-06 07:10:00+02:00,0.0,0.0,0.0,0.0,19.79,2.41,0.0
2023-10-06 06:10:00+00:00,2023-10-06 08:10:00+02:00,0.0,0.0,0.0,0.0,19.71,2.48,0.0
2023-10-06 07:10:00+00:00,2023-10-06 09:10:00+02:00,116.09,68.67,6.76,8.92,20.02,2.21,0.0
2023-10-06 08:10:00+00:00,2023-10-06 10:10:00+02:00,168.08,155.19,14.08,20.19,22.97,2.34,0.0
2023-10-06 09:10:00+00:00,2023-10-06 11:10:00+02:00,594.58,221.02,22.68,30.53,26.4,2.69,0.0
2023-10-06 10:10:00+00:00,2023-10-06 12:10:00+02:00,632.4,246.1,21.87,39.24,29.24,3.17,0.0
2023-10-06 11:10:00+00:00,2023-10-06 13:10:00+02:00,686.98,245.01,19.99,45.26,31.64,3.59,0.0
2023-10-06 12:10:00+00:00,2023-10-06 14:10:00+02:00,751.21,222.11,19.42,47.4,33.53,3.79,0.0
2023-10-06 13:10:00+00:00,2023-10-06 15:10:00+02:00,741.39,221.75,20.55,45.08,34.82,3.86,0.0
2023-10-06 14:10:00+00:00,2023-10-06 16:10:00+02:00,888.25,144.34,24.54,38.92,35.59,4.07,0.0
2023-10-06 15:10:00+00:00,2023-10-06 17:10:00+02:00,193.3,233.45,16.84,30.12,35.54,4.21,0.0
2023-10-06 16:10:00+00:00,2023-10-06 18:10:00+02:00,47.39,109.37,10.6,19.73,34.69,4.28,0.0
2023-10-06 17:10:00+00:00,2023-10-06 19:10:00+02:00,299.9,109.22,8.36,8.44,33.22,3.52,0.0
2023-10-06 18:10:00+00:00,2023-10-06 20:10:00+02:00,0.0,0.0,0.0,0.0,30.95,2.83,0.0
2023-10-06 19:10:00+00:00,2023-10-06 21:10:00+02:00,0.0,0.0,0.0,0.0,28.86,3.03,0.0
2023-10-06 20:10:00+00:00,2023-10-06 22:10:00+02:00,0.0,0.0,0.0,0.0,27.01,2.83,0.0
2023-10-06 21:10:00+00:00,2023-10-06 23:10:00+02:00,0.0,0.0,0.0,0.0,25.7,2.69,0.0
2023-10-06 22:10:00+00:00,2023-10-07 00:10:00+02:00,0.0,0.0,0.0,0.0,24.67,2.28,0.0
2023-10-06 23:10:00+00:00,2023-10-07 01:10:00+02:00,0.0,0.0,0.0,0.0,23.6,1.93,0.0
2023-10-07 00:10:00+00:00,2023-10-07 02:10:00+02:00,0.0,0.0,0.0,0.0,22.26,1.86,0.0
2023-10-07 01:10:00+00:00,2023-10-07 03:10:00+02:00,0.0,0.0,0.0,0.0,21.3,2.21,0.0
2023-10-07 02:10:00+00:00,2023-10-07 04:10:00+02:00,0.0,0.0,0.0,0.0,20.75,2.48,0.0
2023-10-07 03:10:00+00:00,2023-10-07 05:10:00+02:00,0.0,0.0,0.0,0.0,20.54,2.62,0.0
2023-10-07 04:10:00+00:00,2023-10-07 06:10:00+02:00,0.0,0.0,0.0,0.0,20.38,2.69,0.0
2023-10-07 05:10:00+00:00,2023-10-07 07:10:00+02:00,0.0,0.0,0.0,0.0,20.15,2.62,0.0
2023-10-07 06:10:00+00:00,2023-10-07 08:10:00+02:00,0.0,0.0,0.0,0.0,19.83,2.55,0.0
2023-10-07 07:10:00+00:00,2023-10-07 09:10:00+02:00,204.21,91.73,7.72,8.73,19.89,2.62,0.0
2023-10-07 08:10:00+00:00,2023-10-07 10:10:00+02:00,506.43,186.26,18.96,19.97,22.92,2.48,0.0
2023-10-07 09:10:00+00:00,2023-10-07 11:10:00+02:00,495.83,240.87,21.62,30.28,26.88,2.97,0.0
2023-10-07 10:10:00+00:00,2023-10-07 12:10:00+02:00,599.83,257.76,21.69,38.94,30.18,3.45,0.0
2023-10-07 11:10:00+00:00,2023-10-07 13:10:00+02:00,436.22,326.12,17.81,44.92,32.7,3.79,0.0
2023-10-07 12:10:00+00:00,2023-10-07 14:10:00+02:00,421.0,340.04,16.75,47.02,34.47,3.86,0.0
2023-10-07 13:10:00+00:00,2023-10-07 15:10:00+02:00,145.02,333.6,13.62,44.69,35.48,3.79,0.0
2023-10-07 14:10:00+00:00,2023-10-07 16:10:00+02:00,128.37,283.74,14.77,38.55,35.86,3.72,0.0
2023-10-07 15:10:00+00:00,2023-10-07 17:10:00+02:00,267.76,244.51,18.37,29.78,35.67,3.72,0.0
2023-10-07 16:10:00+00:00,2023-10-07 18:10:00+02:00,303.83,180.41,16.29,19.42,34.93,3.93,0.0
2023-10-07 17:10:00+00:00,2023-10-07 19:10:00+02:00,317.86,112.51,8.33,8.14,33.47,3.52,0.0
2023-10-07 18:10:00+00:00,2023-10-07 20:10:00+02:00,0.0,0.0,0.0,0.0,30.83,3.17,0.0
2023-10-07 19:10:00+00:00,2023-10-07 21:10:00+02:00,0.0,0.0,0.0,0.0,28.97,3.31,0.0
2023-10-07 20:10:00+00:00,2023-10-07 22:10:00+02:00,0.0,0.0,0.0,0.0,27.11,3.17,0.0
2023-10-07 21:10:00+00:00,2023-10-07 23:10:00+02:00,0.0,0.0,0.0,0.0,25.73,2.76,0.0
2023-10-07 22:10:00+00:00,2023-10-08 00:10:00+02:00,0.0,0.0,0.0,0.0,24.73,2.34,0.0
2023-10-07 23:10:00+00:00,2023-10-08 01:10:00+02:00,0.0,0.0,0.0,0.0,23.41,1.59,0.0
2023-10-08 00:10:00+00:00,2023-10-08 02:10:00+02:00,0.0,0.0,0.0,0.0,22.0,1.52,0.0
2023-10-08 01:10:00+00:00,2023-10-08 03:10:00+02:00,0.0,0.0,0.0,0.0,20.76,2.07,0.0
2023-10-08 02:10:00+00:00,2023-10-08 04:10:00+02:00,0.0,0.0,0.0,0.0,20.09,2.28,0.0
2023-10-08 03:10:00+00:00,2023-10-08 05:10:00+02:00,0.0,0.0,0.0,0.0,19.6,2.34,0.0
2023-10-08 04:10:00+00:00,2023-10-08 06:10:00+02:00,0.0,0.0,0.0,0.0,19.26,2.34,0.0
2023-10-08 05:10:00+00:00,2023-10-08 07:10:00+02:00,0.0,0.0,0.0,0.0,18.92,2.34,0.0
2023-10-08 06:10:00+00:00,2023-10-08 08:10:00+02:00,0.0,0.0,0.0,0.0,18.65,2.34,0.0
2023-10-08 07:10:00+00:00,2023-10-08 09:10:00+02:00,383.73,117.59,9.03,8.54,18.44,2.34,0.0
2023-10-08 08:10:00+00:00,2023-10-08 10:10:00+02:00,573.77,178.64,19.59,19.76,21.74,2.21,0.0
2023-10-08 09:10:00+00:00,2023-10-08 11:10:00+02:00,689.38,197.29,23.83,30.03,25.65,2.34,0.0
2023-10-08 10:10:00+00:00,2023-10-08 12:10:00+02:00,735.01,210.79,23.17,38.64,28.81,2.34,0.0
2023-10-08 11:10:00+00:00,2023-10-08 13:10:00+02:00,780.89,207.01,21.23,44.57,31.32,2.34,0.0
2023-10-08 12:10:00+00:00,2023-10-08 14:10:00+02:00,789.53,207.87,20.26,46.64,33.0,2.28,0.0
2023-10-08 13:10:00+00:00,2023-10-08 15:10:00+02:00,826.03,185.03,21.74,44.31,33.95,2.14,0.0
2023-10-08 14:10:00+00:00,2023-10-08 16:10:00+02:00,807.14,180.14,24.01,38.19,34.4,2.07,0.0
2023-10-08 15:10:00+00:00,2023-10-08 17:10:00+02:00,718.05,187.88,24.15,29.45,34.42,2.14,0.0
2023-10-08 16:10:00+00:00,2023-10-08 18:10:00+02:00,629.42,168.52,19.85,19.1,33.97,2.41,0.0
2023-10-08 17:10:00+00:00,2023-10-08 19:10:00+02:00,329.77,111.91,8.12,7.84,32.92,2.97,0.0
2023-10-08 18:10:00+00:00,2023-10-08 20:10:00+02:00,0.0,0.0,0.0,0.0,30.44,3.45,0.0
2023-10-08 19:10:00+00:00,2023-10-08 21:10:00+02:00,0.0,0.0,0.0,0.0,28.51,3.38,0.0
2023-10-08 20:10:00+00:00,2023-10-08 22:10:00+02:00,0.0,0.0,0.0,0.0,26.69,2.97,0.0
2023-10-08 21:10:00+00:00,2023-10-08 23:10:00+02:00,0.0,0.0,0.0,0.0,25.41,2.14,0.0
2023-10-08 22:10:00+00:00,2023-10-09 00:10:00+02:00,0.0,0.0,0.0,0.0,24.12,1.24,0.0
2023-10-08 23:10:00+00:00,2023-10-09 01:10:00+02:00,0.0,0.0,0.0,0.0,22.72,1.38,0.0
2023-10-09 00:10:00+00:00,2023-10-09 02:10:00+02:00,0.0,0.0,0.0,0.0,21.35,2.0,0.0
2023-10-09 01:10:00+00:00,2023-10-09 03:10:00+02:00,0.0,0.0,0.0,0.0,20.54,2.14,0.0
2023-10-09 02:10:00+00:00,2023-10-09 04:10:00+02:00,0.0,0.0,0.0,0.0,19.89,2.0,0.0
2023-10-09 03:10:00+00:00,2023-10-09 05:10:00+02:00,0.0,0.0,0.0,0.0,19.14,1.72,0.0
2023-10-09 04:10:00+00:00,2023-10-09 06:10:00+02:00,0.0,0.0,0.0,0.0,18.63,1.86,0.0
2023-10-09 05:10:00+00:00,2023-10-09 07:10:00+02:00,0.0,0.0,0.0,0.0,18.29,2.07,0.0
2023-10-09 06:10:00+00:00,2023-10-09 08:10:00+02:00,0.0,0.0,0.0,0.0,18.02,2.14,0.0
2023-10-09 07:10:00+00:00,2023-10-09 09:10:00+02:00,344.23,112.47,8.55,8.35,17.92,2.0,0.0
2023-10-09 08:10:00+00:00,2023-10-09 10:10:00+02:00,573.82,174.56,19.36,19.55,21.05,2.21,0.0
2023-10-09 09:10:00+00:00,2023-10-09 11:10:00+02:00,692.61,192.59,23.76,29.78,23.82,2.41,0.0
2023-10-09 10:10:00+00:00,2023-10-09 12:10:00+02:00,754.32,198.6,23.34,38.35,26.57,2.55,0.0
2023-10-09 11:10:00+00:00,2023-10-09 13:10:00+02:00,755.64,214.79,21.12,44.22,28.83,2.62,0.0
2023-10-09 12:10:00+00:00,2023-10-09 14:10:00+02:00,795.94,200.39,20.43,46.25,30.38,2.48,0.0
2023-10-09 13:10:00+00:00,2023-10-09 15:10:00+02:00,815.91,185.26,21.75,43.92,31.34,2.34,0.0
2023-10-09 14:10:00+00:00,2023-10-09 16:10:00+02:00,768.04,191.73,23.63,37.82,31.89,2.14,0.0
2023-10-09 15:10:00+00:00,2023-10-09 17:10:00+02:00,692.67,192.12,23.77,29.11,32.02,2.07,0.0
2023-10-09 16:10:00+00:00,2023-10-09 18:10:00+02:00,580.44,173.04,19.11,18.79,31.71,2.14,0.0
2023-10-09 17:10:00+00:00,2023-10-09 19:10:00+02:00,281.61,102.4,7.47,7.55,30.81,2.48,0.0
2023-10-09 18:10:00+00:00,2023-10-09 20:10:00+02:00,0.0,0.0,0.0,0.0,28.85,2.9,0.0
2023-10-09 19:10:00+00:00,2023-10-09 21:10:00+02:00,0.0,0.0,0.0,0.0,27.48,3.1,0.0
2023-10-09 20:10:00+00:00,2023-10-09 22:10:00+02:00,0.0,0.0,0.0,0.0,25.81,3.03,0.0
2023-10-09 21:10:00+00:00,2023-10-09 23:10:00+02:00,0.0,0.0,0.0,0.0,24.38,2.41,0.0
2023-10-09 22:10:00+00:00,2023-10-10 00:10:00+02:00,0.0,0.0,0.0,0.0,23.23,1.93,0.0
2023-10-09 23:10:00+00:00,2023-10-10 01:10:00+02:00,0.0,0.0,0.0,0.0,22.1,1.66,0.0
2023-10-10 00:10:00+00:00,2023-10-10 02:10:00+02:00,0.0,0.0,0.0,0.0,21.06,1.66,0.0
2023-10-10 01:10:00+00:00,2023-10-10 03:10:00+02:00,0.0,0.0,0.0,0.0,20.18,1.45,0.0
2023-10-10 02:10:00+00:00,2023-10-10 04:10:00+02:00,0.0,0.0,0.0,0.0,19.55,1.31,0.0
2023-10-10 03:10:00+00:00,2023-10-10 05:10:00+02:00,0.0,0.0,0.0,0.0,19.06,1.24,0.0
2023-10-10 04:10:00+00:00,2023-10-10 06:10:00+02:00,0.0,0.0,0.0,0.0,18.46,1.31,0.0
2023-10-10 05:10:00+00:00,2023-10-10 07:10:00+02:00,0.0,0.0,0.0,0.0,17.84,1.45,0.0
2023-10-10 06:10:00+00:00,2023-10-10 08:10:00+02:00,0.0,0.0,0.0,0.0,17.43,1.52,0.0
2023-10-10 07:10:00+00:00,2023-10-10 09:10:00+02:00,352.27,111.72,8.41,8.16,17.23,1.59,0.0
2023-10-10 08:10:00+00:00,2023-10-10 10:10:00+02:00,582.99,173.83,19.4,19.33,20.31,1.59,0.0
2023-10-10 09:10:00+00:00,2023-10-10 11:10:00+02:00,693.9,192.14,23.78,29.53,22.81,1.66,0.0
2023-10-10 10:10:00+00:00,2023-10-10 12:10:00+02:00,754.46,198.05,23.44,38.05,25.27,1.79,0.0
2023-10-10 11:10:00+00:00,2023-10-10 13:10:00+02:00,771.94,206.7,21.42,43.87,27.4,1.93,0.0
2023-10-10 12:10:00+00:00,2023-10-10 14:10:00+02:00,827.52,184.21,20.88,45.87,29.0,1.79,0.0
2023-10-10 13:10:00+00:00,2023-10-10 15:10:00+02:00,830.33,179.2,22.09,43.54,30.18,1.59,0.0
2023-10-10 14:10:00+00:00,2023-10-10 16:10:00+02:00,784.19,185.79,23.93,37.46,30.91,1.24,0.0
2023-10-10 15:10:00+00:00,2023-10-10 17:10:00+02:00,718.65,182.66,24.01,28.78,31.23,1.1,0.0
2023-10-10 16:10:00+00:00,2023-10-10 18:10:00+02:00,589.75,171.02,19.05,18.49,31.08,1.1,0.0
2023-10-10 17:10:00+00:00,2023-10-10 19:10:00+02:00,308.66,103.54,7.34,7.26,30.53,1.31,0.0
2023-10-10 18:10:00+00:00,2023-10-10 20:10:00+02:00,0.0,0.0,0.0,0.0,29.18,1.93,0.0
2023-10-10 19:10:00+00:00,2023-10-10 21:10:00+02:00,0.0,0.0,0.0,0.0,27.5,2.48,0.0
2023-10-10 20:10:00+00:00,2023-10-10 22:10:00+02:00,0.0,0.0,0.0,0.0,25.76,2.97,0.0
2023-10-10 21:10:00+00:00,2023-10-10 23:10:00+02:00,0.0,0.0,0.0,0.0,24.24,2.83,0.0
2023-10-10 22:10:00+00:00,2023-10-11 00:10:00+02:00,0.0,0.0,0.0,0.0,23.01,2.41,0.0
2023-10-10 23:10:00+00:00,2023-10-11 01:10:00+02:00,0.0,0.0,0.0,0.0,22.0,2.07,0.0
2023-10-11 00:10:00+00:00,2023-10-11 02:10:00+02:00,0.0,0.0,0.0,0.0,21.12,1.93,0.0
2023-10-11 01:10:00+00:00,2023-10-11 03:10:00+02:00,0.0,0.0,0.0,0.0,20.29,1.86,0.0
2023-10-11 02:10:00+00:00,2023-10-11 04:10:00+02:00,0.0,0.0,0.0,0.0,19.43,1.72,0.0
2023-10-11 03:10:00+00:00,2023-10-11 05:10:00+02:00,0.0,0.0,0.0,0.0,18.62,1.52,0.0
2023-10-11 04:10:00+00:00,2023-10-11 06:10:00+02:00,0.0,0.0,0.0,0.0,18.18,1.31,0.0
2023-10-11 05:10:00+00:00,2023-10-11 07:10:00+02:00,0.0,0.0,0.0,0.0,18.43,0.97,0.0
2023-10-11 06:10:00+00:00,2023-10-11 08:10:00+02:00,0.0,0.0,0.0,0.0,18.58,0.76,0.0
2023-10-11 07:10:00+00:00,2023-10-11 09:10:00+02:00,331.89,108.74,8.1,7.97,16.6,1.31,0.0
2023-10-11 08:10:00+00:00,2023-10-11 10:10:00+02:00,571.03,172.9,19.1,19.12,19.9,1.03,0.0
2023-10-11 09:10:00+00:00,2023-10-11 11:10:00+02:00,691.17,191.2,23.71,29.28,22.86,1.03,0.0
2023-10-11 10:10:00+00:00,2023-10-11 12:10:00+02:00,753.0,198.73,23.54,37.75,25.38,0.9,0.0
2023-10-11 11:10:00+00:00,2023-10-11 13:10:00+02:00,769.59,207.32,21.57,43.53,27.7,0.83,0.0
2023-10-11 12:10:00+00:00,2023-10-11 14:10:00+02:00,810.46,192.85,20.97,45.49,29.49,0.69,0.0
2023-10-11 13:10:00+00:00,2023-10-11 15:10:00+02:00,799.64,192.36,21.99,43.16,30.86,0.34,0.0
2023-10-11 14:10:00+00:00,2023-10-11 16:10:00+02:00,780.71,186.47,24.0,37.11,31.67,0.14,0.0
2023-10-11 15:10:00+00:00,2023-10-11 17:10:00+02:00,701.08,187.98,23.82,28.45,32.0,0.41,0.0
2023-10-11 16:10:00+00:00,2023-10-11 18:10:00+02:00,573.67,171.8,18.71,18.18,31.91,0.48,0.0
2023-10-11 17:10:00+00:00,2023-10-11 19:10:00+02:00,288.39,99.13,6.94,6.97,31.35,0.41,0.0
2023-10-11 18:10:00+00:00,2023-10-11 20:10:00+02:00,0.0,0.0,0.0,0.0,30.32,0.14,0.0
2023-10-11 19:10:00+00:00,2023-10-11 21:10:00+02:00,0.0,0.0,0.0,0.0,28.39,0.83,0.0
2023-10-11 20:10:00+00:00,2023-10-11 22:10:00+02:00,0.0,0.0,0.0,0.0,25.37,1.59,0.0
2023-10-11 21:10:00+00:00,2023-10-11 23:10:00+02:00,0.0,0.0,0.0,0.0,23.77,2.28,0.0
2023-10-11 22:10:00+00:00,2023-10-12 00:10:00+02:00,0.0,0.0,0.0,0.0,22.83,2.48,0.0
2023-10-11 23:10:00+00:00,2023-10-12 01:10:00+02:00,0.0,0.0,0.0,0.0,22.01,2.34,0.0
2023-10-12 00:10:00+00:00,2023-10-12 02:10:00+02:00,0.0,0.0,0.0,0.0,21.33,2.34,0.0
2023-10-12 01:10:00+00:00,2023-10-12 03:10:00+02:00,0.0,0.0,0.0,0.0,20.66,2.14,0.0
2023-10-12 02:10:00+00:00,2023-10-12 04:10:00+02:00,0.0,0.0,0.0,0.0,19.94,1.93,0.0
2023-10-12 03:10:00+00:00,2023-10-12 05:10:00+02:00,0.0,0.0,0.0,0.0,19.13,1.52,0.0
2023-10-12 04:10:00+00:00,2023-10-12 06:10:00+02:00,0.0,0.0,0.0,0.0,18.85,1.1,0.0
2023-10-12 05:10:00+00:00,2023-10-12 07:10:00+02:00,0.0,0.0,0.0,0.0,18.17,1.1,0.0
2023-10-12 06:10:00+00:00,2023-10-12 08:10:00+02:00,0.0,0.0,0.0,0.0,17.13,1.52,0.0
2023-10-12 07:10:00+00:00,2023-10-12 09:10:00+02:00,332.74,108.62,7.96,7.77,16.84,1.72,0.0
2023-10-12 08:10:00+00:00,2023-10-12 10:10:00+02:00,561.93,172.46,18.86,18.9,19.96,1.72,0.0
2023-10-12 09:10:00+00:00,2023-10-12 11:10:00+02:00,686.37,189.99,23.58,29.02,23.42,1.86,0.0
2023-10-12 10:10:00+00:00,2023-10-12 12:10:00+02:00,761.41,192.09,23.63,37.45,26.48,1.93,0.0
2023-10-12 11:10:00+00:00,2023-10-12 13:10:00+02:00,764.32,207.74,21.66,43.18,28.91,1.86,0.0
2023-10-12 12:10:00+00:00,2023-10-12 14:10:00+02:00,805.88,192.12,21.07,45.12,30.68,1.79,0.0
2023-10-12 13:10:00+00:00,2023-10-12 15:10:00+02:00,809.74,184.8,22.2,42.78,31.9,1.66,0.0
2023-10-12 14:10:00+00:00,2023-10-12 16:10:00+02:00,760.44,192.63,23.86,36.75,32.63,1.52,0.0
2023-10-12 15:10:00+00:00,2023-10-12 17:10:00+02:00,695.83,187.01,23.68,28.12,32.87,1.45,0.0
2023-10-12 16:10:00+00:00,2023-10-12 18:10:00+02:00,556.99,170.53,18.3,17.88,32.67,1.45,0.0
2023-10-12 17:10:00+00:00,2023-10-12 19:10:00+02:00,257.69,91.86,6.45,6.69,32.01,1.45,0.0
2023-10-12 18:10:00+00:00,2023-10-12 20:10:00+02:00,0.0,0.0,0.0,0.0,30.4,1.79,0.0
2023-10-12 19:10:00+00:00,2023-10-12 21:10:00+02:00,0.0,0.0,0.0,0.0,28.56,1.59,0.0
2023-10-12 20:10:00+00:00,2023-10-12 22:10:00+02:00,0.0,0.0,0.0,0.0,26.5,2.07,0.0
2023-10-12 21:10:00+00:00,2023-10-12 23:10:00+02:00,0.0,0.0,0.0,0.0,24.98,2.55,0.0
2023-10-12 22:10:00+00:00,2023-10-13 00:10:00+02:00,0.0,0.0,0.0,0.0,23.76,2.76,0.0
2023-10-12 23:10:00+00:00,2023-10-13 01:10:00+02:00,0.0,0.0,0.0,0.0,22.75,2.69,0.0
2023-10-13 00:10:00+00:00,2023-10-13 02:10:00+02:00,0.0,0.0,0.0,0.0,21.85,2.28,0.0
2023-10-13 01:10:00+00:00,2023-10-13 03:10:00+02:00,0.0,0.0,0.0,0.0,21.05,1.79,0.0
2023-10-13 02:10:00+00:00,2023-10-13 04:10:00+02:00,0.0,0.0,0.0,0.0,20.04,1.59,0.0
2023-10-13 03:10:00+00:00,2023-10-13 05:10:00+02:00,0.0,0.0,0.0,0.0,19.0,1.52,0.0
2023-10-13 04:10:00+00:00,2023-10-13 06:10:00+02:00,0.0,0.0,0.0,0.0,18.19,1.38,0.0
2023-10-13 05:10:00+00:00,2023-10-13 07:10:00+02:00,0.0,0.0,0.0,0.0,17.66,1.38,0.0
2023-10-13 06:10:00+00:00,2023-10-13 08:10:00+02:00,0.0,0.0,0.0,0.0,17.0,1.59,0.0
2023-10-13 07:10:00+00:00,2023-10-13 09:10:00+02:00,310.94,100.71,7.47,7.58,16.93,1.38,0.0
2023-10-13 08:10:00+00:00,2023-10-13 10:10:00+02:00,499.6,177.02,18.08,18.68,19.74,1.03,0.0
2023-10-13 09:10:00+00:00,2023-10-13 11:10:00+02:00,448.82,234.91,20.8,28.77,22.81,0.83,0.0
2023-10-13 10:10:00+00:00,2023-10-13 12:10:00+02:00,582.86,251.45,21.86,37.15,25.45,0.76,0.0
2023-10-13 11:10:00+00:00,2023-10-13 13:10:00+02:00,375.08,323.23,17.83,42.83,27.5,1.24,0.0
2023-10-13 12:10:00+00:00,2023-10-13 14:10:00+02:00,380.74,332.32,17.17,44.74,28.88,1.79,0.0
2023-10-13 13:10:00+00:00,2023-10-13 15:10:00+02:00,646.5,251.42,20.87,42.41,29.77,2.21,0.0
2023-10-13 14:10:00+00:00,2023-10-13 16:10:00+02:00,230.88,284.16,17.24,36.4,30.19,2.69,0.0
2023-10-13 15:10:00+00:00,2023-10-13 17:10:00+02:00,162.96,210.02,16.01,27.8,30.13,3.1,0.0
2023-10-13 16:10:00+00:00,2023-10-13 18:10:00+02:00,29.8,86.57,9.07,17.58,29.71,3.38,0.0
2023-10-13 17:10:00+00:00,2023-10-13 19:10:00+02:00,107.6,53.5,4.89,6.4,28.66,3.17,0.0
2023-10-13 18:10:00+00:00,2023-10-13 20:10:00+02:00,0.0,0.0,0.0,0.0,26.96,2.62,0.0
2023-10-13 19:10:00+00:00,2023-10-13 21:10:00+02:00,0.0,0.0,0.0,0.0,25.57,2.62,0.0
2023-10-13 20:10:00+00:00,2023-10-13 22:10:00+02:00,0.0,0.0,0.0,0.0,24.53,2.83,0.0
2023-10-13 21:10:00+00:00,2023-10-13 23:10:00+02:00,0.0,0.0,0.0,0.0,23.52,2.97,0.0
2023-10-13 22:10:00+00:00,2023-10-14 00:10:00+02:00,0.0,0.0,0.0,0.0,22.71,3.17,0.0
2023-10-13 23:10:00+00:00,2023-10-14 01:10:00+02:00,0.0,0.0,0.0,0.0,21.95,3.38,0.0
2023-10-14 00:10:00+00:00,2023-10-14 02:10:00+02:00,0.0,0.0,0.0,0.0,21.68,3.24,0.0
2023-10-14 01:10:00+00:00,2023-10-14 03:10:00+02:00,0.0,0.0,0.0,0.0,21.51,2.34,0.0
2023-10-14 02:10:00+00:00,2023-10-14 04:10:00+02:00,0.0,0.0,0.0,0.0,21.22,1.24,0.0
2023-10-14 03:10:00+00:00,2023-10-14 05:10:00+02:00,0.0,0.0,0.0,0.0,20.94,1.31,0.0
2023-10-14 04:10:00+00:00,2023-10-14 06:10:00+02:00,0.0,0.0,0.0,0.0,20.54,1.17,0.0
2023-10-14 05:10:00+00:00,2023-10-14 07:10:00+02:00,0.0,0.0,0.0,0.0,20.34,1.31,0.0
2023-10-14 06:10:00+00:00,2023-10-14 08:10:00+02:00,0.0,0.0,0.0,0.0,19.95,1.59,0.0
2023-10-14 07:10:00+00:00,2023-10-14 09:10:00+02:00,46.71,37.8,4.53,7.38,19.26,1.45,0.0
2023-10-14 08:10:00+00:00,2023-10-14 10:10:00+02:00,565.38,164.79,18.45,18.46,20.4,1.45,0.0
2023-10-14 09:10:00+00:00,2023-10-14 11:10:00+02:00,8.38,127.86,9.15,28.51,22.1,1.59,0.0
2023-10-14 10:10:00+00:00,2023-10-14 12:10:00+02:00,710.32,202.52,23.06,36.85,23.86,1.86,0.0
2023-10-14 11:10:00+00:00,2023-10-14 13:10:00+02:00,756.58,199.81,21.65,42.49,25.76,2.48,0.0
2023-10-14 12:10:00+00:00,2023-10-14 14:10:00+02:00,643.56,253.59,19.88,44.37,27.18,3.38,0.0
2023-10-14 13:10:00+00:00,2023-10-14 15:10:00+02:00,698.95,224.03,21.35,42.03,27.94,4.14,0.0
2023-10-14 14:10:00+00:00,2023-10-14 16:10:00+02:00,175.04,270.75,16.05,36.05,28.04,4.34,0.0
2023-10-14 15:10:00+00:00,2023-10-14 17:10:00+02:00,143.04,199.91,15.35,27.48,27.31,4.55,0.0
2023-10-14 16:10:00+00:00,2023-10-14 18:10:00+02:00,474.63,169.87,16.94,17.28,26.42,4.48,0.0
2023-10-14 17:10:00+00:00,2023-10-14 19:10:00+02:00,74.99,41.14,4.2,6.12,24.8,3.59,0.0
2023-10-14 18:10:00+00:00,2023-10-14 20:10:00+02:00,0.0,0.0,0.0,0.0,24.17,3.17,0.0
2023-10-14 19:10:00+00:00,2023-10-14 21:10:00+02:00,0.0,0.0,0.0,0.0,23.84,2.34,0.0
2023-10-14 20:10:00+00:00,2023-10-14 22:10:00+02:00,0.0,0.0,0.0,0.0,23.0,2.21,0.0
2023-10-14 21:10:00+00:00,2023-10-14 23:10:00+02:00,0.0,0.0,0.0,0.0,22.3,2.0,0.0
2023-10-14 22:10:00+00:00,2023-10-15 00:10:00+02:00,0.0,0.0,0.0,0.0,21.69,2.0,0.0
2023-10-14 23:10:00+00:00,2023-10-15 01:10:00+02:00,0.0,0.0,0.0,0.0,21.09,1.93,0.0
2023-10-15 00:10:00+00:00,2023-10-15 02:10:00+02:00,0.0,0.0,0.0,0.0,20.3,1.79,0.0
2023-10-15 01:10:00+00:00,2023-10-15 03:10:00+02:00,0.0,0.0,0.0,0.0,19.61,1.52,0.0
2023-10-15 02:10:00+00:00,2023-10-15 04:10:00+02:00,0.0,0.0,0.0,0.0,18.77,1.31,0.0
2023-10-15 03:10:00+00:00,2023-10-15 05:10:00+02:00,0.0,0.0,0.0,0.0,18.41,1.17,0.0
2023-10-15 04:10:00+00:00,2023-10-15 06:10:00+02:00,0.0,0.0,0.0,0.0,19.03,0.76,0.0
2023-10-15 05:10:00+00:00,2023-10-15 07:10:00+02:00,0.0,0.0,0.0,0.0,19.21,0.55,0.0
2023-10-15 06:10:00+00:00,2023-10-15 08:10:00+02:00,0.0,0.0,0.0,0.0,18.7,0.76,0.0
2023-10-15 07:10:00+00:00,2023-10-15 09:10:00+02:00,39.99,34.71,4.29,7.18,18.71,0.48,0.0
2023-10-15 08:10:00+00:00,2023-10-15 10:10:00+02:00,242.87,157.51,14.5,18.24,19.68,0.34,0.0
2023-10-15 09:10:00+00:00,2023-10-15 11:10:00+02:00,259.82,226.7,17.8,28.26,21.15,0.48,0.0
2023-10-15 10:10:00+00:00,2023-10-15 12:10:00+02:00,30.23,211.3,11.12,36.55,22.6,0.97,0.0
2023-10-15 11:10:00+00:00,2023-10-15 13:10:00+02:00,128.18,305.6,13.79,42.14,23.95,1.52,0.0
2023-10-15 12:10:00+00:00,2023-10-15 14:10:00+02:00,191.49,331.13,14.6,43.99,25.38,2.21,0.0
2023-10-15 13:10:00+00:00,2023-10-15 15:10:00+02:00,488.91,292.02,19.44,41.66,25.57,2.83,0.0
2023-10-15 14:10:00+00:00,2023-10-15 16:10:00+02:00,676.91,213.08,23.03,35.7,26.33,3.24,0.0
2023-10-15 15:10:00+00:00,2023-10-15 17:10:00+02:00,674.77,181.75,23.05,27.16,26.7,3.45,0.0
2023-10-15 16:10:00+00:00,2023-10-15 18:10:00+02:00,619.5,156.24,18.26,16.99,26.52,3.59,0.0
2023-10-15 17:10:00+00:00,2023-10-15 19:10:00+02:00,196.31,73.25,5.21,5.85,25.76,3.72,0.0
2023-10-15 18:10:00+00:00,2023-10-15 20:10:00+02:00,0.0,0.0,0.0,0.0,24.48,3.03,0.0
2023-10-15 19:10:00+00:00,2023-10-15 21:10:00+02:00,0.0,0.0,0.0,0.0,23.61,3.79,0.0
2023-10-15 20:10:00+00:00,2023-10-15 22:10:00+02:00,0.0,0.0,0.0,0.0,22.68,3.1,0.0
2023-10-15 21:10:00+00:00,2023-10-15 23:10:00+02:00,0.0,0.0,0.0,0.0,21.95,2.69,0.0
2023-10-15 22:10:00+00:00,2023-10-16 00:10:00+02:00,0.0,0.0,0.0,0.0,21.26,2.69,0.0
2023-10-15 23:10:00+00:00,2023-10-16 01:10:00+02:00,0.0,0.0,0.0,0.0,20.77,2.69,0.0
2023-10-16 00:10:00+00:00,2023-10-16 02:10:00+02:00,0.0,0.0,0.0,0.0,20.35,2.48,0.0
2023-10-16 01:10:00+00:00,2023-10-16 03:10:00+02:00,0.0,0.0,0.0,0.0,20.01,2.28,0.0
2023-10-16 02:10:00+00:00,2023-10-16 04:10:00+02:00,0.0,0.0,0.0,0.0,19.72,2.0,0.0
2023-10-16 03:10:00+00:00,2023-10-16 05:10:00+02:00,0.0,0.0,0.0,0.0,19.37,1.79,0.0
2023-10-16 04:10:00+00:00,2023-10-16 06:10:00+02:00,0.0,0.0,0.0,0.0,19.44,1.72,0.0
2023-10-16 05:10:00+00:00,2023-10-16 07:10:00+02:00,0.0,0.0,0.0,0.0,19.22,1.59,0.0
2023-10-16 06:10:00+00:00,2023-10-16 08:10:00+02:00,0.0,0.0,0.0,0.0,19.26,1.45,0.0
2023-10-16 07:10:00+00:00,2023-10-16 09:10:00+02:00,0.0,17.9,2.81,6.98,19.3,1.52,0.0
2023-10-16 08:10:00+00:00,2023-10-16 10:10:00+02:00,216.67,150.7,13.95,18.01,19.85,2.07,0.0
2023-10-16 09:10:00+00:00,2023-10-16 11:10:00+02:00,472.91,224.25,20.85,28.0,20.73,2.07,0.0
2023-10-16 10:10:00+00:00,2023-10-16 12:10:00+02:00,87.94,246.08,13.69,36.25,21.99,2.14,0.0
2023-10-16 11:10:00+00:00,2023-10-16 13:10:00+02:00,228.06,318.09,15.88,41.8,23.23,2.21,0.0
2023-10-16 12:10:00+00:00,2023-10-16 14:10:00+02:00,237.72,331.57,15.51,43.62,24.44,2.41,0.0
2023-10-16 13:10:00+00:00,2023-10-16 15:10:00+02:00,207.6,312.82,15.64,41.29,25.66,2.28,0.0
2023-10-16 14:10:00+00:00,2023-10-16 16:10:00+02:00,375.02,275.49,19.55,35.35,26.42,2.28,0.0
2023-10-16 15:10:00+00:00,2023-10-16 17:10:00+02:00,112.95,186.13,14.48,26.84,26.64,2.55,0.0
2023-10-16 16:10:00+00:00,2023-10-16 18:10:00+02:00,187.95,137.17,12.9,16.7,26.51,2.62,0.0
2023-10-16 17:10:00+00:00,2023-10-16 19:10:00+02:00,51.47,31.17,3.52,5.57,26.07,2.76,0.0
2023-10-16 18:10:00+00:00,2023-10-16 20:10:00+02:00,0.0,0.0,0.0,0.0,24.83,2.21,0.0
2023-10-16 19:10:00+00:00,2023-10-16 21:10:00+02:00,0.0,0.0,0.0,0.0,24.03,1.86,0.0
2023-10-16 20:10:00+00:00,2023-10-16 22:10:00+02:00,0.0,0.0,0.0,0.0,23.24,2.0,0.0
2023-10-16 21:10:00+00:00,2023-10-16 23:10:00+02:00,0.0,0.0,0.0,0.0,22.68,2.34,0.0
2023-10-16 22:10:00+00:00,2023-10-17 00:10:00+02:00,0.0,0.0,0.0,0.0,22.24,2.0,0.0
2023-10-16 23:10:00+00:00,2023-10-17 01:10:00+02:00,0.0,0.0,0.0,0.0,21.9,1.72,0.0
2023-10-17 00:10:00+00:00,2023-10-17 02:10:00+02:00,0.0,0.0,0.0,0.0,21.46,1.24,0.0
2023-10-17 01:10:00+00:00,2023-10-17 03:10:00+02:00,0.0,0.0,0.0,0.0,20.58,1.03,0.0
2023-10-17 02:10:00+00:00,2023-10-17 04:10:00+02:00,0.0,0.0,0.0,0.0,19.88,1.17,0.0
2023-10-17 03:10:00+00:00,2023-10-17 05:10:00+02:00,0.0,0.0,0.0,0.0,20.63,0.69,0.0
2023-10-17 04:10:00+00:00,2023-10-17 06:10:00+02:00,0.0,0.0,0.0,0.0,20.31,0.76,0.0
2023-10-17 05:10:00+00:00,2023-10-17 07:10:00+02:00,0.0,0.0,0.0,0.0,19.16,1.17,0.0
2023-10-17 06:10:00+00:00,2023-10-17 08:10:00+02:00,0.0,0.0,0.0,0.0,18.65,1.52,0.0
2023-10-17 07:10:00+00:00,2023-10-17 09:10:00+02:00,279.37,91.81,6.53,6.78,19.57,2.34,0.0
2023-10-17 08:10:00+00:00,2023-10-17 10:10:00+02:00,451.71,168.43,16.81,17.79,22.01,2.62,0.0
2023-10-17 09:10:00+00:00,2023-10-17 11:10:00+02:00,575.79,205.33,21.97,27.74,24.86,4.07,0.0
2023-10-17 10:10:00+00:00,2023-10-17 12:10:00+02:00,451.42,268.44,20.4,35.95,27.13,5.79,0.0
2023-10-17 11:10:00+00:00,2023-10-17 13:10:00+02:00,277.94,315.46,16.73,41.45,28.45,7.1,0.0
2023-10-17 12:10:00+00:00,2023-10-17 14:10:00+02:00,785.14,185.87,21.5,43.25,28.54,8.76,0.0
2023-10-17 13:10:00+00:00,2023-10-17 15:10:00+02:00,0.0,48.77,2.03,40.93,26.97,8.28,0.0
2023-10-17 14:10:00+00:00,2023-10-17 16:10:00+02:00,0.0,119.44,6.48,35.01,25.23,6.48,0.0
2023-10-17 15:10:00+00:00,2023-10-17 17:10:00+02:00,0.0,26.72,2.05,26.53,24.44,6.41,0.0
2023-10-17 16:10:00+00:00,2023-10-17 18:10:00+02:00,0.0,17.92,2.01,16.41,23.7,5.79,0.0
2023-10-17 17:10:00+00:00,2023-10-17 19:10:00+02:00,21.63,19.6,2.72,5.3,23.04,5.17,0.0
2023-10-17 18:10:00+00:00,2023-10-17 20:10:00+02:00,0.0,0.0,0.0,0.0,21.93,4.9,0.0
2023-10-17 19:10:00+00:00,2023-10-17 21:10:00+02:00,0.0,0.0,0.0,0.0,21.49,5.31,0.0
2023-10-17 20:10:00+00:00,2023-10-17 22:10:00+02:00,0.0,0.0,0.0,0.0,20.9,5.24,0.0
2023-10-17 21:10:00+00:00,2023-10-17 23:10:00+02:00,0.0,0.0,0.0,0.0,20.41,4.97,0.0
2023-10-17 22:10:00+00:00,2023-10-18 00:10:00+02:00,0.0,0.0,0.0,0.0,20.01,5.03,0.0
2023-10-17 23:10:00+00:00,2023-10-18 01:10:00+02:00,0.0,0.0,0.0,0.0,19.66,5.17,0.0
2023-10-18 00:10:00+00:00,2023-10-18 02:10:00+02:00,0.0,0.0,0.0,0.0,19.4,5.66,0.0
2023-10-18 01:10:00+00:00,2023-10-18 03:10:00+02:00,0.0,0.0,0.0,0.0,19.09,5.31,0.0
2023-10-18 02:10:00+00:00,2023-10-18 04:10:00+02:00,0.0,0.0,0.0,0.0,18.81,4.76,0.0
2023-10-18 03:10:00+00:00,2023-10-18 05:10:00+02:00,0.0,0.0,0.0,0.0,18.43,4.34,0.0
2023-10-18 04:10:00+00:00,2023-10-18 06:10:00+02:00,0.0,0.0,0.0,0.0,18.63,4.62,0.0
2023-10-18 05:10:00+00:00,2023-10-18 07:10:00+02:00,0.0,0.0,0.0,0.0,18.16,4.34,0.0
2023-10-18 06:10:00+00:00,2023-10-18 08:10:00+02:00,0.0,0.0,0.0,0.0,18.29,4.0,0.0
2023-10-18 07:10:00+00:00,2023-10-18 09:10:00+02:00,43.62,33.08,3.98,6.58,18.26,3.86,0.0
2023-10-18 08:10:00+00:00,2023-10-18 10:10:00+02:00,155.75,133.95,12.71,17.56,18.63,4.14,0.0
2023-10-18 09:10:00+00:00,2023-10-18 11:10:00+02:00,452.93,225.8,20.63,27.48,19.6,4.14,0.0
2023-10-18 10:10:00+00:00,2023-10-18 12:10:00+02:00,691.52,207.99,23.2,35.65,21.01,4.9,0.0
2023-10-18 11:10:00+00:00,2023-10-18 13:10:00+02:00,25.86,239.27,10.27,41.11,21.68,5.17,0.0
2023-10-18 12:10:00+00:00,2023-10-18 14:10:00+02:00,8.82,224.75,8.69,42.89,22.87,5.79,0.0
2023-10-18 13:10:00+00:00,2023-10-18 15:10:00+02:00,365.97,308.5,18.36,40.57,23.88,6.55,0.0
2023-10-18 14:10:00+00:00,2023-10-18 16:10:00+02:00,223.24,269.29,17.24,34.67,23.74,6.34,0.0
2023-10-18 15:10:00+00:00,2023-10-18 17:10:00+02:00,9.05,120.05,9.38,26.22,24.07,6.41,0.0
2023-10-18 16:10:00+00:00,2023-10-18 18:10:00+02:00,244.84,146.22,13.51,16.12,23.63,6.41,0.0
2023-10-18 17:10:00+00:00,2023-10-18 19:10:00+02:00,113.85,43.5,3.83,5.04,22.79,5.93,0.0
2023-10-18 18:10:00+00:00,2023-10-18 20:10:00+02:00,0.0,0.0,0.0,0.0,21.6,5.03,0.0
2023-10-18 19:10:00+00:00,2023-10-18 21:10:00+02:00,0.0,0.0,0.0,0.0,21.09,4.97,0.0
2023-10-18 20:10:00+00:00,2023-10-18 22:10:00+02:00,0.0,0.0,0.0,0.0,20.45,4.55,0.0
2023-10-18 21:10:00+00:00,2023-10-18 23:10:00+02:00,0.0,0.0,0.0,0.0,20.21,4.28,0.0
2023-10-18 22:10:00+00:00,2023-10-19 00:10:00+02:00,0.0,0.0,0.0,0.0,19.82,4.14,0.0
2023-10-18 23:10:00+00:00,2023-10-19 01:10:00+02:00,0.0,0.0,0.0,0.0,19.44,4.14,0.0
2023-10-19 00:10:00+00:00,2023-10-19 02:10:00+02:00,0.0,0.0,0.0,0.0,19.24,4.28,0.0
2023-10-19 01:10:00+00:00,2023-10-19 03:10:00+02:00,0.0,0.0,0.0,0.0,19.1,4.0,0.0
2023-10-19 02:10:00+00:00,2023-10-19 04:10:00+02:00,0.0,0.0,0.0,0.0,18.91,4.0,0.0
2023-10-19 03:10:00+00:00,2023-10-19 05:10:00+02:00,0.0,0.0,0.0,0.0,18.93,4.07,0.0
2023-10-19 04:10:00+00:00,2023-10-19 06:10:00+02:00,0.0,0.0,0.0,0.0,18.7,4.83,0.0
2023-10-19 05:10:00+00:00,2023-10-19 07:10:00+02:00,0.0,0.0,0.0,0.0,18.66,4.76,0.0
2023-10-19 06:10:00+00:00,2023-10-19 08:10:00+02:00,0.0,0.0,0.0,0.0,18.67,5.17,0.0
2023-10-19 07:10:00+00:00,2023-10-19 09:10:00+02:00,125.97,55.84,4.89,6.38,18.85,6.28,0.0
2023-10-19 08:10:00+00:00,2023-10-19 10:10:00+02:00,218.12,143.96,13.48,17.34,19.53,6.76,0.0
2023-10-19 09:10:00+00:00,2023-10-19 11:10:00+02:00,0.0,56.02,4.18,27.22,20.2,7.52,0.0
2023-10-19 10:10:00+00:00,2023-10-19 12:10:00+02:00,27.66,198.31,10.96,35.34,20.74,7.24,0.0
2023-10-19 11:10:00+00:00,2023-10-19 13:10:00+02:00,3.06,183.75,7.77,40.77,21.39,8.28,0.0
2023-10-19 12:10:00+00:00,2023-10-19 14:10:00+02:00,0.0,92.91,3.6,42.52,21.9,9.38,0.0
2023-10-19 13:10:00+00:00,2023-10-19 15:10:00+02:00,0.0,47.67,2.06,40.21,21.32,9.03,0.0
2023-10-19 14:10:00+00:00,2023-10-19 16:10:00+02:00,0.0,51.54,2.88,34.34,20.73,9.93,0.0
2023-10-19 15:10:00+00:00,2023-10-19 17:10:00+02:00,0.0,35.15,2.76,25.91,20.35,10.28,0.0
2023-10-19 16:10:00+00:00,2023-10-19 18:10:00+02:00,14.65,63.77,7.2,15.84,20.3,10.28,0.0
2023-10-19 17:10:00+00:00,2023-10-19 19:10:00+02:00,0.0,2.16,0.37,4.78,19.73,10.83,0.0
2023-10-19 18:10:00+00:00,2023-10-19 20:10:00+02:00,0.0,0.0,0.0,0.0,19.58,9.93,0.0
2023-10-19 19:10:00+00:00,2023-10-19 21:10:00+02:00,0.0,0.0,0.0,0.0,18.29,4.55,0.0
2023-10-19 20:10:00+00:00,2023-10-19 22:10:00+02:00,0.0,0.0,0.0,0.0,17.28,3.79,0.0
2023-10-19 21:10:00+00:00,2023-10-19 23:10:00+02:00,0.0,0.0,0.0,0.0,16.5,4.48,0.0
2023-10-19 22:10:00+00:00,2023-10-20 00:10:00+02:00,0.0,0.0,0.0,0.0,15.89,4.76,0.0
2023-10-19 23:10:00+00:00,2023-10-20 01:10:00+02:00,0.0,0.0,0.0,0.0,15.53,4.76,0.0
2023-10-20 00:10:00+00:00,2023-10-20 02:10:00+02:00,0.0,0.0,0.0,0.0,15.26,4.83,0.0
2023-10-20 01:10:00+00:00,2023-10-20 03:10:00+02:00,0.0,0.0,0.0,0.0,15.03,4.55,0.0
2023-10-20 02:10:00+00:00,2023-10-20 04:10:00+02:00,0.0,0.0,0.0,0.0,14.55,4.14,0.0
2023-10-20 03:10:00+00:00,2023-10-20 05:10:00+02:00,0.0,0.0,0.0,0.0,14.07,4.0,0.0
2023-10-20 04:10:00+00:00,2023-10-20 06:10:00+02:00,0.0,0.0,0.0,0.0,13.77,4.07,0.0
2023-10-20 05:10:00+00:00,2023-10-20 07:10:00+02:00,0.0,0.0,0.0,0.0,13.6,4.07,0.0
2023-10-20 06:10:00+00:00,2023-10-20 08:10:00+02:00,0.0,0.0,0.0,0.0,13.53,4.14,0.0
2023-10-20 07:10:00+00:00,2023-10-20 09:10:00+02:00,306.65,92.86,6.16,6.18,13.93,4.07,0.0
2023-10-20 08:10:00+00:00,2023-10-20 10:10:00+02:00,537.02,169.3,17.64,17.11,15.01,3.86,0.0
2023-10-20 09:10:00+00:00,2023-10-20 11:10:00+02:00,330.86,231.0,19.13,26.96,16.3,5.1,0.0
2023-10-20 10:10:00+00:00,2023-10-20 12:10:00+02:00,503.31,268.08,21.63,35.04,17.57,5.52,0.0
2023-10-20 11:10:00+00:00,2023-10-20 13:10:00+02:00,717.03,225.9,22.5,40.43,18.7,5.59,0.0
2023-10-20 12:10:00+00:00,2023-10-20 14:10:00+02:00,619.77,268.26,20.94,42.16,19.29,5.79,0.0
2023-10-20 13:10:00+00:00,2023-10-20 15:10:00+02:00,1.56,174.78,7.69,39.85,19.84,6.21,0.0
2023-10-20 14:10:00+00:00,2023-10-20 16:10:00+02:00,724.16,202.8,24.15,34.01,20.6,6.28,0.0
2023-10-20 15:10:00+00:00,2023-10-20 17:10:00+02:00,11.57,122.1,9.77,25.61,20.77,6.14,0.0
2023-10-20 16:10:00+00:00,2023-10-20 18:10:00+02:00,160.24,125.3,12.0,15.57,20.39,5.66,0.0
2023-10-20 17:10:00+00:00,2023-10-20 19:10:00+02:00,76.17,30.36,3.13,4.52,19.88,4.41,0.0
2023-10-20 18:10:00+00:00,2023-10-20 20:10:00+02:00,0.0,0.0,0.0,0.0,18.85,3.86,0.0
2023-10-20 19:10:00+00:00,2023-10-20 21:10:00+02:00,0.0,0.0,0.0,0.0,17.89,3.17,0.0
2023-10-20 20:10:00+00:00,2023-10-20 22:10:00+02:00,0.0,0.0,0.0,0.0,17.31,2.97,0.0
2023-10-20 21:10:00+00:00,2023-10-20 23:10:00+02:00,0.0,0.0,0.0,0.0,16.56,2.9,0.0
2023-10-20 22:10:00+00:00,2023-10-21 00:10:00+02:00,0.0,0.0,0.0,0.0,15.66,2.69,0.0
2023-10-20 23:10:00+00:00,2023-10-21 01:10:00+02:00,0.0,0.0,0.0,0.0,14.93,2.55,0.0
2023-10-21 00:10:00+00:00,2023-10-21 02:10:00+02:00,0.0,0.0,0.0,0.0,14.27,2.34,0.0
2023-10-21 01:10:00+00:00,2023-10-21 03:10:00+02:00,0.0,0.0,0.0,0.0,13.69,2.14,0.0
2023-10-21 02:10:00+00:00,2023-10-21 04:10:00+02:00,0.0,0.0,0.0,0.0,13.28,1.93,0.0
2023-10-21 03:10:00+00:00,2023-10-21 05:10:00+02:00,0.0,0.0,0.0,0.0,12.92,1.86,0.0
2023-10-21 04:10:00+00:00,2023-10-21 06:10:00+02:00,0.0,0.0,0.0,0.0,12.82,1.72,0.0
2023-10-21 05:10:00+00:00,2023-10-21 07:10:00+02:00,0.0,0.0,0.0,0.0,12.52,1.45,0.0
2023-10-21 06:10:00+00:00,2023-10-21 08:10:00+02:00,0.0,0.0,0.0,0.0,12.18,1.1,0.0
2023-10-21 07:10:00+00:00,2023-10-21 09:10:00+02:00,240.2,83.38,5.64,5.97,11.38,1.1,0.0
2023-10-21 08:10:00+00:00,2023-10-21 10:10:00+02:00,278.91,158.97,14.55,16.88,13.34,0.28,0.0
2023-10-21 09:10:00+00:00,2023-10-21 11:10:00+02:00,674.39,189.6,23.29,26.7,15.57,0.48,0.0
2023-10-21 10:10:00+00:00,2023-10-21 12:10:00+02:00,826.47,166.58,25.12,34.74,17.1,1.03,0.0
2023-10-21 11:10:00+00:00,2023-10-21 13:10:00+02:00,610.25,262.75,21.57,40.09,18.26,0.83,0.0
2023-10-21 12:10:00+00:00,2023-10-21 14:10:00+02:00,828.13,180.15,22.94,41.8,19.26,0.34,0.0
2023-10-21 13:10:00+00:00,2023-10-21 15:10:00+02:00,672.92,240.57,22.42,39.5,20.08,0.0,0.0
2023-10-21 14:10:00+00:00,2023-10-21 16:10:00+02:00,692.52,212.9,23.88,33.68,20.53,0.48,0.0
2023-10-21 15:10:00+00:00,2023-10-21 17:10:00+02:00,678.33,185.01,23.07,25.31,20.65,0.9,0.0
2023-10-21 16:10:00+00:00,2023-10-21 18:10:00+02:00,151.66,121.27,11.71,15.29,20.31,0.83,0.0
2023-10-21 17:10:00+00:00,2023-10-21 19:10:00+02:00,13.45,12.64,1.94,4.26,19.87,0.83,0.0
2023-10-21 18:10:00+00:00,2023-10-21 20:10:00+02:00,0.0,0.0,0.0,0.0,18.83,1.17,0.0
2023-10-21 19:10:00+00:00,2023-10-21 21:10:00+02:00,0.0,0.0,0.0,0.0,17.71,1.79,0.0
2023-10-21 20:10:00+00:00,2023-10-21 22:10:00+02:00,0.0,0.0,0.0,0.0,16.57,2.0,0.0
2023-10-21 21:10:00+00:00,2023-10-21 23:10:00+02:00,0.0,0.0,0.0,0.0,15.64,2.34,0.0
2023-10-21 22:10:00+00:00,2023-10-22 00:10:00+02:00,0.0,0.0,0.0,0.0,15.02,2.48,0.0
2023-10-21 23:10:00+00:00,2023-10-22 01:10:00+02:00,0.0,0.0,0.0,0.0,14.48,2.48,0.0
2023-10-22 00:10:00+00:00,2023-10-22 02:10:00+02:00,0.0,0.0,0.0,0.0,14.08,2.07,0.0
2023-10-22 01:10:00+00:00,2023-10-22 03:10:00+02:00,0.0,0.0,0.0,0.0,13.7,2.0,0.0
2023-10-22 02:10:00+00:00,2023-10-22 04:10:00+02:00,0.0,0.0,0.0,0.0,13.19,2.55,0.0
2023-10-22 03:10:00+00:00,2023-10-22 05:10:00+02:00,0.0,0.0,0.0,0.0,13.39,2.76,0.0
2023-10-22 04:10:00+00:00,2023-10-22 06:10:00+02:00,0.0,0.0,0.0,0.0,13.38,2.62,0.0
2023-10-22 05:10:00+00:00,2023-10-22 07:10:00+02:00,0.0,0.0,0.0,0.0,13.76,2.76,0.0
2023-10-22 06:10:00+00:00,2023-10-22 08:10:00+02:00,0.0,0.0,0.0,0.0,14.19,2.76,0.0
2023-10-22 07:10:00+00:00,2023-10-22 09:10:00+02:00,29.84,25.1,3.24,5.77,13.89,2.55,0.0
2023-10-22 08:10:00+00:00,2023-10-22 10:10:00+02:00,0.0,21.18,2.35,16.65,14.65,2.83,0.0
2023-10-22 09:10:00+00:00,2023-10-22 11:10:00+02:00,0.0,42.56,3.27,26.44,16.1,3.38,0.0
2023-10-22 10:10:00+00:00,2023-10-22 12:10:00+02:00,0.0,93.03,5.17,34.44,17.89,3.24,0.0
2023-10-22 11:10:00+00:00,2023-10-22 13:10:00+02:00,365.92,305.24,18.64,39.75,18.68,3.31,0.0
2023-10-22 12:10:00+00:00,2023-10-22 14:10:00+02:00,54.39,269.46,11.73,41.45,17.78,3.45,0.0
2023-10-22 13:10:00+00:00,2023-10-22 15:10:00+02:00,0.0,70.06,3.17,39.15,17.04,3.93,0.0
2023-10-22 14:10:00+00:00,2023-10-22 16:10:00+02:00,0.0,37.14,2.16,33.35,16.65,4.41,0.0
2023-10-22 15:10:00+00:00,2023-10-22 17:10:00+02:00,0.0,31.96,2.6,25.01,16.72,4.55,0.0
2023-10-22 16:10:00+00:00,2023-10-22 18:10:00+02:00,0.0,11.94,1.41,15.02,17.0,4.62,0.0
2023-10-22 17:10:00+00:00,2023-10-22 19:10:00+02:00,0.0,8.54,1.49,4.01,17.36,5.24,0.0
2023-10-22 18:10:00+00:00,2023-10-22 20:10:00+02:00,0.0,0.0,0.0,0.0,17.68,5.93,0.0
2023-10-22 19:10:00+00:00,2023-10-22 21:10:00+02:00,0.0,0.0,0.0,0.0,18.77,9.1,0.0
2023-10-22 20:10:00+00:00,2023-10-22 22:10:00+02:00,0.0,0.0,0.0,0.0,17.7,9.79,0.0
2023-10-22 21:10:00+00:00,2023-10-22 23:10:00+02:00,0.0,0.0,0.0,0.0,16.4,8.14,0.0
2023-10-22 22:10:00+00:00,2023-10-23 00:10:00+02:00,0.0,0.0,0.0,0.0,15.3,6.0,0.0
2023-10-22 23:10:00+00:00,2023-10-23 01:10:00+02:00,0.0,0.0,0.0,0.0,14.42,4.41,0.0
2023-10-23 00:10:00+00:00,2023-10-23 02:10:00+02:00,0.0,0.0,0.0,0.0,13.71,3.38,0.0
2023-10-23 01:10:00+00:00,2023-10-23 03:10:00+02:00,0.0,0.0,0.0,0.0,13.34,2.48,0.0
2023-10-23 02:10:00+00:00,2023-10-23 04:10:00+02:00,0.0,0.0,0.0,0.0,12.99,1.93,0.0
2023-10-23 03:10:00+00:00,2023-10-23 05:10:00+02:00,0.0,0.0,0.0,0.0,12.6,1.45,0.0
2023-10-23 04:10:00+00:00,2023-10-23 06:10:00+02:00,0.0,0.0,0.0,0.0,13.26,0.69,0.0
2023-10-23 05:10:00+00:00,2023-10-23 07:10:00+02:00,0.0,0.0,0.0,0.0,12.84,0.9,0.0
2023-10-23 06:10:00+00:00,2023-10-23 08:10:00+02:00,0.0,0.0,0.0,0.0,12.95,1.38,0.0
2023-10-23 07:10:00+00:00,2023-10-23 09:10:00+02:00,257.84,78.83,5.24,5.56,14.06,0.69,0.0
2023-10-23 08:10:00+00:00,2023-10-23 10:10:00+02:00,0.0,39.04,4.38,16.42,15.41,0.83,0.0
2023-10-23 09:10:00+00:00,2023-10-23 11:10:00+02:00,13.6,124.7,9.78,26.18,16.61,2.21,0.0
2023-10-23 10:10:00+00:00,2023-10-23 12:10:00+02:00,90.87,234.27,14.13,34.14,17.04,2.55,0.0
2023-10-23 11:10:00+00:00,2023-10-23 13:10:00+02:00,1.57,174.99,7.85,39.42,18.11,2.41,0.0
2023-10-23 12:10:00+00:00,2023-10-23 14:10:00+02:00,0.0,77.81,3.22,41.09,18.55,2.07,0.0
2023-10-23 13:10:00+00:00,2023-10-23 15:10:00+02:00,0.0,49.55,2.28,38.8,18.65,2.83,0.0
2023-10-23 14:10:00+00:00,2023-10-23 16:10:00+02:00,0.0,116.49,6.87,33.03,18.41,3.03,0.0
2023-10-23 15:10:00+00:00,2023-10-23 17:10:00+02:00,0.0,43.89,3.61,24.72,19.13,3.17,0.0
2023-10-23 16:10:00+00:00,2023-10-23 18:10:00+02:00,475.06,157.56,15.28,14.76,19.32,3.66,0.0
2023-10-23 17:10:00+00:00,2023-10-23 19:10:00+02:00,0.0,6.38,1.12,3.77,17.71,3.59,0.0
2023-10-23 18:10:00+00:00,2023-10-23 20:10:00+02:00,0.0,0.0,0.0,0.0,16.3,3.72,0.0
2023-10-23 19:10:00+00:00,2023-10-23 21:10:00+02:00,0.0,0.0,0.0,0.0,15.72,2.9,0.0
2023-10-23 20:10:00+00:00,2023-10-23 22:10:00+02:00,0.0,0.0,0.0,0.0,15.27,2.48,0.0
2023-10-23 21:10:00+00:00,2023-10-23 23:10:00+02:00,0.0,0.0,0.0,0.0,14.93,2.41,0.0
2023-10-23 22:10:00+00:00,2023-10-24 00:10:00+02:00,0.0,0.0,0.0,0.0,14.72,2.62,0.0
2023-10-23 23:10:00+00:00,2023-10-24 01:10:00+02:00,0.0,0.0,0.0,0.0,14.44,2.83,0.0
2023-10-24 00:10:00+00:00,2023-10-24 02:10:00+02:00,0.0,0.0,0.0,0.0,14.36,2.83,0.0
2023-10-24 01:10:00+00:00,2023-10-24 03:10:00+02:00,0.0,0.0,0.0,0.0,13.66,2.62,0.0
2023-10-24 02:10:00+00:00,2023-10-24 04:10:00+02:00,0.0,0.0,0.0,0.0,13.43,2.41,0.0
2023-10-24 03:10:00+00:00,2023-10-24 05:10:00+02:00,0.0,0.0,0.0,0.0,13.47,2.28,0.0
2023-10-24 04:10:00+00:00,2023-10-24 06:10:00+02:00,0.0,0.0,0.0,0.0,12.9,2.14,0.0
2023-10-24 05:10:00+00:00,2023-10-24 07:10:00+02:00,0.0,0.0,0.0,0.0,12.58,2.07,0.0
2023-10-24 06:10:00+00:00,2023-10-24 08:10:00+02:00,0.0,0.0,0.0,0.0,12.64,2.14,0.0
2023-10-24 07:10:00+00:00,2023-10-24 09:10:00+02:00,182.06,62.78,4.62,5.36,11.72,1.59,0.0
2023-10-24 08:10:00+00:00,2023-10-24 10:10:00+02:00,347.79,162.95,15.0,16.19,12.68,2.07,0.0
2023-10-24 09:10:00+00:00,2023-10-24 11:10:00+02:00,498.84,219.46,21.17,25.91,13.94,2.41,0.0
2023-10-24 10:10:00+00:00,2023-10-24 12:10:00+02:00,845.71,155.62,25.43,33.84,15.68,2.83,0.0
2023-10-24 11:10:00+00:00,2023-10-24 13:10:00+02:00,904.08,142.9,24.79,39.09,17.11,2.9,0.0
2023-10-24 12:10:00+00:00,2023-10-24 14:10:00+02:00,916.27,139.88,24.28,40.74,18.29,3.24,0.0
2023-10-24 13:10:00+00:00,2023-10-24 15:10:00+02:00,802.35,181.27,23.86,38.46,19.18,3.45,0.0
2023-10-24 14:10:00+00:00,2023-10-24 16:10:00+02:00,605.1,233.09,22.98,32.71,19.42,3.66,0.0
2023-10-24 15:10:00+00:00,2023-10-24 17:10:00+02:00,190.99,193.75,16.12,24.43,19.66,4.41,0.0
2023-10-24 16:10:00+00:00,2023-10-24 18:10:00+02:00,339.62,152.46,13.79,14.49,19.26,4.21,0.0
2023-10-24 17:10:00+00:00,2023-10-24 19:10:00+02:00,48.82,16.7,2.06,3.52,18.6,3.72,0.0
2023-10-24 18:10:00+00:00,2023-10-24 20:10:00+02:00,0.0,0.0,0.0,0.0,17.47,3.1,0.0
2023-10-24 19:10:00+00:00,2023-10-24 21:10:00+02:00,0.0,0.0,0.0,0.0,17.01,3.66,0.0
2023-10-24 20:10:00+00:00,2023-10-24 22:10:00+02:00,0.0,0.0,0.0,0.0,16.3,3.93,0.0
2023-10-24 21:10:00+00:00,2023-10-24 23:10:00+02:00,0.0,0.0,0.0,0.0,15.95,3.66,0.0
2023-10-24 22:10:00+00:00,2023-10-25 00:10:00+02:00,0.0,0.0,0.0,0.0,15.96,3.79,0.0
2023-10-24 23:10:00+00:00,2023-10-25 01:10:00+02:00,0.0,0.0,0.0,0.0,16.0,4.0,0.0
2023-10-25 00:10:00+00:00,2023-10-25 02:10:00+02:00,0.0,0.0,0.0,0.0,16.0,3.86,0.0
2023-10-25 01:10:00+00:00,2023-10-25 03:10:00+02:00,0.0,0.0,0.0,0.0,16.26,3.86,0.0
2023-10-25 02:10:00+00:00,2023-10-25 04:10:00+02:00,0.0,0.0,0.0,0.0,16.48,4.07,0.0
2023-10-25 03:10:00+00:00,2023-10-25 05:10:00+02:00,0.0,0.0,0.0,0.0,16.69,4.07,0.0
2023-10-25 04:10:00+00:00,2023-10-25 06:10:00+02:00,0.0,0.0,0.0,0.0,16.89,4.07,0.0
2023-10-25 05:10:00+00:00,2023-10-25 07:10:00+02:00,0.0,0.0,0.0,0.0,17.15,4.14,0.0
2023-10-25 06:10:00+00:00,2023-10-25 08:10:00+02:00,0.0,0.0,0.0,0.0,17.3,3.79,0.0
2023-10-25 07:10:00+00:00,2023-10-25 09:10:00+02:00,0.0,5.43,0.91,5.15,17.31,3.24,0.0
2023-10-25 08:10:00+00:00,2023-10-25 10:10:00+02:00,589.0,155.36,17.25,15.96,17.67,3.66,0.0
2023-10-25 09:10:00+00:00,2023-10-25 11:10:00+02:00,198.66,200.31,16.33,25.65,18.43,3.38,0.0
2023-10-25 10:10:00+00:00,2023-10-25 12:10:00+02:00,653.28,213.83,23.13,33.55,19.89,3.72,0.0
2023-10-25 11:10:00+00:00,2023-10-25 13:10:00+02:00,300.33,301.58,17.92,38.75,20.98,3.93,0.0
2023-10-25 12:10:00+00:00,2023-10-25 14:10:00+02:00,765.39,193.55,22.63,40.39,21.93,4.28,0.0
2023-10-25 13:10:00+00:00,2023-10-25 15:10:00+02:00,223.56,294.18,16.76,38.12,22.07,4.41,0.0
2023-10-25 14:10:00+00:00,2023-10-25 16:10:00+02:00,597.26,226.2,22.65,32.4,22.1,4.41,0.0
2023-10-25 15:10:00+00:00,2023-10-25 17:10:00+02:00,513.3,202.8,20.62,24.15,22.19,4.28,0.0
2023-10-25 16:10:00+00:00,2023-10-25 18:10:00+02:00,553.03,151.0,15.61,14.24,21.88,3.72,0.0
2023-10-25 17:10:00+00:00,2023-10-25 19:10:00+02:00,69.82,18.49,2.07,3.28,21.19,2.97,0.0
2023-10-25 18:10:00+00:00,2023-10-25 20:10:00+02:00,0.0,0.0,0.0,0.0,20.29,2.97,0.0
2023-10-25 19:10:00+00:00,2023-10-25 21:10:00+02:00,0.0,0.0,0.0,0.0,19.77,3.45,0.0
2023-10-25 20:10:00+00:00,2023-10-25 22:10:00+02:00,0.0,0.0,0.0,0.0,19.16,3.38,0.0
2023-10-25 21:10:00+00:00,2023-10-25 23:10:00+02:00,0.0,0.0,0.0,0.0,18.33,3.1,0.0
2023-10-25 22:10:00+00:00,2023-10-26 00:10:00+02:00,0.0,0.0,0.0,0.0,17.68,2.83,0.0
2023-10-25 23:10:00+00:00,2023-10-26 01:10:00+02:00,0.0,0.0,0.0,0.0,17.23,2.69,0.0
2023-10-26 00:10:00+00:00,2023-10-26 02:10:00+02:00,0.0,0.0,0.0,0.0,16.69,2.62,0.0
2023-10-26 01:10:00+00:00,2023-10-26 03:10:00+02:00,0.0,0.0,0.0,0.0,16.35,2.48,0.0
2023-10-26 02:10:00+00:00,2023-10-26 04:10:00+02:00,0.0,0.0,0.0,0.0,16.14,2.41,0.0
2023-10-26 03:10:00+00:00,2023-10-26 05:10:00+02:00,0.0,0.0,0.0,0.0,15.99,2.41,0.0
2023-10-26 04:10:00+00:00,2023-10-26 06:10:00+02:00,0.0,0.0,0.0,0.0,16.17,2.48,0.0
2023-10-26 05:10:00+00:00,2023-10-26 07:10:00+02:00,0.0,0.0,0.0,0.0,16.17,2.76,0.0
2023-10-26 06:10:00+00:00,2023-10-26 08:10:00+02:00,0.0,0.0,0.0,0.0,16.21,2.69,0.0
2023-10-26 07:10:00+00:00,2023-10-26 09:10:00+02:00,0.0,11.37,1.92,4.94,16.81,3.17,0.0
2023-10-26 08:10:00+00:00,2023-10-26 10:10:00+02:00,0.0,25.37,2.92,15.73,17.6,4.48,0.0
2023-10-26 09:10:00+00:00,2023-10-26 11:10:00+02:00,0.0,33.52,2.68,25.39,18.34,4.76,0.0
2023-10-26 10:10:00+00:00,2023-10-26 12:10:00+02:00,0.0,92.76,5.42,33.25,19.43,5.59,0.0
2023-10-26 11:10:00+00:00,2023-10-26 13:10:00+02:00,61.14,251.01,12.53,38.42,20.35,6.48,0.0
2023-10-26 12:10:00+00:00,2023-10-26 14:10:00+02:00,0.0,96.85,4.21,40.05,21.93,7.45,0.0
2023-10-26 13:10:00+00:00,2023-10-26 15:10:00+02:00,403.17,288.22,19.56,37.78,22.2,7.38,0.0
2023-10-26 14:10:00+00:00,2023-10-26 16:10:00+02:00,178.84,243.47,16.5,32.09,22.53,7.59,0.0
2023-10-26 15:10:00+00:00,2023-10-26 17:10:00+02:00,9.89,105.99,9.05,23.87,21.95,7.52,0.0
2023-10-26 16:10:00+00:00,2023-10-26 18:10:00+02:00,95.19,92.33,9.63,13.98,20.78,6.9,0.0
2023-10-26 17:10:00+00:00,2023-10-26 19:10:00+02:00,0.0,6.83,1.23,3.05,20.18,6.0,0.0
2023-10-26 18:10:00+00:00,2023-10-26 20:10:00+02:00,0.0,0.0,0.0,0.0,19.71,5.31,0.0
2023-10-26 19:10:00+00:00,2023-10-26 21:10:00+02:00,0.0,0.0,0.0,0.0,19.19,5.38,0.0
2023-10-26 20:10:00+00:00,2023-10-26 22:10:00+02:00,0.0,0.0,0.0,0.0,18.84,5.52,0.0
2023-10-26 21:10:00+00:00,2023-10-26 23:10:00+02:00,0.0,0.0,0.0,0.0,18.69,4.21,0.0
2023-10-26 22:10:00+00:00,2023-10-27 00:10:00+02:00,0.0,0.0,0.0,0.0,18.44,3.72,0.0
2023-10-26 23:10:00+00:00,2023-10-27 01:10:00+02:00,0.0,0.0,0.0,0.0,18.06,3.66,0.0
2023-10-27 00:10:00+00:00,2023-10-27 02:10:00+02:00,0.0,0.0,0.0,0.0,17.84,3.45,0.0
2023-10-27 01:10:00+00:00,2023-10-27 03:10:00+02:00,0.0,0.0,0.0,0.0,17.22,3.1,0.0
2023-10-27 02:10:00+00:00,2023-10-27 04:10:00+02:00,0.0,0.0,0.0,0.0,16.65,2.76,0.0
2023-10-27 03:10:00+00:00,2023-10-27 05:10:00+02:00,0.0,0.0,0.0,0.0,16.26,2.48,0.0
2023-10-27 04:10:00+00:00,2023-10-27 06:10:00+02:00,0.0,0.0,0.0,0.0,15.63,2.07,0.0
2023-10-27 05:10:00+00:00,2023-10-27 07:10:00+02:00,0.0,0.0,0.0,0.0,15.19,1.79,0.0
2023-10-27 06:10:00+00:00,2023-10-27 08:10:00+02:00,0.0,0.0,0.0,0.0,14.66,1.72,0.0
2023-10-27 07:10:00+00:00,2023-10-27 09:10:00+02:00,84.79,33.22,3.3,4.74,14.44,1.66,0.0
2023-10-27 08:10:00+00:00,2023-10-27 10:10:00+02:00,344.2,159.78,14.58,15.5,14.99,1.38,0.0
2023-10-27 09:10:00+00:00,2023-10-27 11:10:00+02:00,499.23,215.69,21.0,25.13,16.1,1.72,0.0
2023-10-27 10:10:00+00:00,2023-10-27 12:10:00+02:00,864.08,150.27,25.86,32.95,17.64,2.34,0.0
2023-10-27 11:10:00+00:00,2023-10-27 13:10:00+02:00,904.38,143.69,25.2,38.1,18.7,2.9,0.0
2023-10-27 12:10:00+00:00,2023-10-27 14:10:00+02:00,802.98,187.46,23.55,39.71,19.42,3.45,0.0
2023-10-27 13:10:00+00:00,2023-10-27 15:10:00+02:00,789.39,187.04,24.1,37.45,20.03,3.59,0.0
2023-10-27 14:10:00+00:00,2023-10-27 16:10:00+02:00,387.34,262.91,20.4,31.78,20.19,3.52,0.0
2023-10-27 15:10:00+00:00,2023-10-27 17:10:00+02:00,672.1,178.52,22.43,23.59,20.44,3.31,0.0
2023-10-27 16:10:00+00:00,2023-10-27 18:10:00+02:00,484.43,155.42,14.72,13.73,20.27,2.97,0.0
2023-10-27 17:10:00+00:00,2023-10-27 19:10:00+02:00,81.27,16.57,1.81,2.82,19.71,2.55,0.0
2023-10-27 18:10:00+00:00,2023-10-27 20:10:00+02:00,0.0,0.0,0.0,0.0,18.33,2.62,0.0
2023-10-27 19:10:00+00:00,2023-10-27 21:10:00+02:00,0.0,0.0,0.0,0.0,17.67,3.17,0.0
2023-10-27 20:10:00+00:00,2023-10-27 22:10:00+02:00,0.0,0.0,0.0,0.0,17.09,3.38,0.0
2023-10-27 21:10:00+00:00,2023-10-27 23:10:00+02:00,0.0,0.0,0.0,0.0,16.67,3.38,0.0
2023-10-27 22:10:00+00:00,2023-10-28 00:10:00+02:00,0.0,0.0,0.0,0.0,16.56,3.1,0.0
2023-10-27 23:10:00+00:00,2023-10-28 01:10:00+02:00,0.0,0.0,0.0,0.0,16.0,2.83,0.0
2023-10-28 00:10:00+00:00,2023-10-28 02:10:00+02:00,0.0,0.0,0.0,0.0,15.62,2.55,0.0
2023-10-28 01:10:00+00:00,2023-10-28 03:10:00+02:00,0.0,0.0,0.0,0.0,15.29,2.21,0.0
2023-10-28 02:10:00+00:00,2023-10-28 04:10:00+02:00,0.0,0.0,0.0,0.0,15.01,2.0,0.0
2023-10-28 03:10:00+00:00,2023-10-28 05:10:00+02:00,0.0,0.0,0.0,0.0,14.83,1.86,0.0
2023-10-28 04:10:00+00:00,2023-10-28 06:10:00+02:00,0.0,0.0,0.0,0.0,14.48,1.72,0.0
2023-10-28 05:10:00+00:00,2023-10-28 07:10:00+02:00,0.0,0.0,0.0,0.0,14.15,1.66,0.0
2023-10-28 06:10:00+00:00,2023-10-28 08:10:00+02:00,0.0,0.0,0.0,0.0,13.63,1.66,0.0
2023-10-28 07:10:00+00:00,2023-10-28 09:10:00+02:00,190.03,53.04,3.96,4.53,13.21,1.59,0.0
2023-10-28 08:10:00+00:00,2023-10-28 10:10:00+02:00,459.39,163.06,15.62,15.27,15.11,1.38,0.0
2023-10-28 09:10:00+00:00,2023-10-28 11:10:00+02:00,730.06,168.3,23.47,24.87,16.97,1.93,0.0
2023-10-28 10:10:00+00:00,2023-10-28 12:10:00+02:00,763.53,182.05,24.63,32.66,18.23,2.41,0.0
2023-10-28 11:10:00+00:00,2023-10-28 13:10:00+02:00,93.06,265.38,13.91,37.77,19.3,2.55,0.0
2023-10-28 12:10:00+00:00,2023-10-28 14:10:00+02:00,723.61,220.08,22.93,39.37,19.93,2.9,0.0
2023-10-28 13:10:00+00:00,2023-10-28 15:10:00+02:00,570.0,262.73,22.01,37.12,20.4,3.38,0.0
2023-10-28 14:10:00+00:00,2023-10-28 16:10:00+02:00,11.49,159.05,10.13,31.48,20.74,3.79,0.0
2023-10-28 15:10:00+00:00,2023-10-28 17:10:00+02:00,548.13,201.22,21.02,23.32,20.79,4.07,0.0
2023-10-28 16:10:00+00:00,2023-10-28 18:10:00+02:00,497.36,151.95,14.57,13.49,20.44,3.72,0.0
2023-10-28 17:10:00+00:00,2023-10-28 19:10:00+02:00,66.23,13.93,1.62,2.6,19.57,3.1,0.0
2023-10-28 18:10:00+00:00,2023-10-28 20:10:00+02:00,0.0,0.0,0.0,0.0,18.32,2.97,0.0
2023-10-28 19:10:00+00:00,2023-10-28 21:10:00+02:00,0.0,0.0,0.0,0.0,17.65,3.1,0.0
2023-10-28 20:10:00+00:00,2023-10-28 22:10:00+02:00,0.0,0.0,0.0,0.0,16.78,2.97,0.0
2023-10-28 21:10:00+00:00,2023-10-28 23:10:00+02:00,0.0,0.0,0.0,0.0,16.02,2.69,0.0
2023-10-28 22:10:00+00:00,2023-10-29 00:10:00+02:00,0.0,0.0,0.0,0.0,15.43,2.55,0.0
2023-10-28 23:10:00+00:00,2023-10-29 01:10:00+02:00,0.0,0.0,0.0,0.0,14.99,2.48,0.0
2023-10-29 00:10:00+00:00,2023-10-29 02:10:00+02:00,0.0,0.0,0.0,0.0,14.79,2.48,0.0
2023-10-29 01:10:00+00:00,2023-10-29 02:10:00+01:00,0.0,0.0,0.0,0.0,14.63,2.28,0.0
2023-10-29 02:10:00+00:00,2023-10-29 03:10:00+01:00,0.0,0.0,0.0,0.0,14.94,2.14,0.0
2023-10-29 03:10:00+00:00,2023-10-29 04:10:00+01:00,0.0,0.0,0.0,0.0,15.19,2.14,0.0
2023-10-29 04:10:00+00:00,2023-10-29 05:10:00+01:00,0.0,0.0,0.0,0.0,15.41,2.21,0.0
2023-10-29 05:10:00+00:00,2023-10-29 06:10:00+01:00,0.0,0.0,0.0,0.0,15.42,2.07,0.0
2023-10-29 06:10:00+00:00,2023-10-29 07:10:00+01:00,0.0,0.0,0.0,0.0,15.39,1.86,0.0
2023-10-29 07:10:00+00:00,2023-10-29 08:10:00+01:00,53.12,21.97,2.59,4.32,15.5,1.86,0.0
2023-10-29 08:10:00+00:00,2023-10-29 09:10:00+01:00,84.78,95.07,9.92,15.04,16.05,2.0,0.0
2023-10-29 09:10:00+00:00,2023-10-29 10:10:00+01:00,0.0,43.83,3.62,24.61,17.55,3.1,0.0
2023-10-29 10:10:00+00:00,2023-10-29 11:10:00+01:00,65.39,209.83,13.34,32.36,18.93,4.28,0.0
2023-10-29 11:10:00+00:00,2023-10-29 12:10:00+01:00,496.66,278.03,21.01,37.45,20.09,4.55,0.0
2023-10-29 12:10:00+00:00,2023-10-29 13:10:00+01:00,438.23,296.57,19.92,39.04,20.65,4.41,0.0
2023-10-29 13:10:00+00:00,2023-10-29 14:10:00+01:00,163.61,279.0,15.92,36.8,21.08,4.28,0.0
2023-10-29 14:10:00+00:00,2023-10-29 15:10:00+01:00,42.49,187.14,12.3,31.18,21.02,4.34,0.0
2023-10-29 15:10:00+00:00,2023-10-29 16:10:00+01:00,107.25,158.35,13.69,23.05,20.86,4.41,0.0
2023-10-29 16:10:00+00:00,2023-10-29 17:10:00+01:00,21.82,57.65,6.94,13.25,20.42,4.0,0.0
2023-10-29 17:10:00+00:00,2023-10-29 18:10:00+01:00,0.0,3.12,0.58,2.38,19.65,3.45,0.0
2023-10-29 18:10:00+00:00,2023-10-29 19:10:00+01:00,0.0,0.0,0.0,0.0,18.69,3.1,0.0
2023-10-29 19:10:00+00:00,2023-10-29 20:10:00+01:00,0.0,0.0,0.0,0.0,18.05,2.83,0.0
2023-10-29 20:10:00+00:00,2023-10-29 21:10:00+01:00,0.0,0.0,0.0,0.0,17.74,2.62,0.0
2023-10-29 21:10:00+00:00,2023-10-29 22:10:00+01:00,0.0,0.0,0.0,0.0,17.5,2.97,0.0
2023-10-29 22:10:00+00:00,2023-10-29 23:10:00+01:00,0.0,0.0,0.0,0.0,17.29,3.17,0.0
2023-10-29 23:10:00+00:00,2023-10-30 00:10:00+01:00,0.0,0.0,0.0,0.0,16.46,3.03,0.0
2023-10-30 00:10:00+00:00,2023-10-30 01:10:00+01:00,0.0,0.0,0.0,0.0,15.93,2.97,0.0
2023-10-30 01:10:00+00:00,2023-10-30 02:10:00+01:00,0.0,0.0,0.0,0.0,15.55,3.24,0.0
2023-10-30 02:10:00+00:00,2023-10-30 03:10:00+01:00,0.0,0.0,0.0,0.0,15.42,3.72,0.0
2023-10-30 03:10:00+00:00,2023-10-30 04:10:00+01:00,0.0,0.0,0.0,0.0,15.39,3.72,0.0
2023-10-30 04:10:00+00:00,2023-10-30 05:10:00+01:00,0.0,0.0,0.0,0.0,15.22,3.38,0.0
2023-10-30 05:10:00+00:00,2023-10-30 06:10:00+01:00,0.0,0.0,0.0,0.0,15.59,3.38,0.0
2023-10-30 06:10:00+00:00,2023-10-30 07:10:00+01:00,0.0,0.0,0.0,0.0,15.93,3.24,0.0
2023-10-30 07:10:00+00:00,2023-10-30 08:10:00+01:00,0.0,9.08,1.58,4.11,15.57,3.59,0.0
2023-10-30 08:10:00+00:00,2023-10-30 09:10:00+01:00,11.74,58.51,6.85,14.81,15.84,3.1,0.0
2023-10-30 09:10:00+00:00,2023-10-30 10:10:00+01:00,754.41,161.21,23.63,24.35,16.69,3.24,0.0
2023-10-30 10:10:00+00:00,2023-10-30 11:10:00+01:00,355.97,262.98,19.84,32.07,17.44,2.76,0.0
2023-10-30 11:10:00+00:00,2023-10-30 12:10:00+01:00,718.99,211.4,23.43,37.13,18.61,2.62,0.0
2023-10-30 12:10:00+00:00,2023-10-30 13:10:00+01:00,898.76,143.34,24.84,38.7,19.51,3.31,0.0
2023-10-30 13:10:00+00:00,2023-10-30 14:10:00+01:00,841.02,162.5,24.86,36.48,20.01,3.79,0.0
2023-10-30 14:10:00+00:00,2023-10-30 15:10:00+01:00,689.57,200.47,23.89,30.89,20.28,4.14,0.0
2023-10-30 15:10:00+00:00,2023-10-30 16:10:00+01:00,524.04,200.54,20.52,22.79,20.22,4.0,0.0
2023-10-30 16:10:00+00:00,2023-10-30 17:10:00+01:00,204.32,119.43,11.08,13.01,19.77,3.59,0.0
2023-10-30 17:10:00+00:00,2023-10-30 18:10:00+01:00,0.0,4.66,0.87,2.16,18.76,2.69,0.0
2023-10-30 18:10:00+00:00,2023-10-30 19:10:00+01:00,0.0,0.0,0.0,0.0,17.51,2.28,0.0
2023-10-30 19:10:00+00:00,2023-10-30 20:10:00+01:00,0.0,0.0,0.0,0.0,16.65,2.07,0.0
2023-10-30 20:10:00+00:00,2023-10-30 21:10:00+01:00,0.0,0.0,0.0,0.0,15.71,2.28,0.0
2023-10-30 21:10:00+00:00,2023-10-30 22:10:00+01:00,0.0,0.0,0.0,0.0,15.08,2.14,0.0
2023-10-30 22:10:00+00:00,2023-10-30 23:10:00+01:00,0.0,0.0,0.0,0.0,14.57,1.79,0.0
2023-10-30 23:10:00+00:00,2023-10-31 00:10:00+01:00,0.0,0.0,0.0,0.0,13.87,1.45,0.0
2023-10-31 00:10:00+00:00,2023-10-31 01:10:00+01:00,0.0,0.0,0.0,0.0,14.13,0.9,0.0
2023-10-31 01:10:00+00:00,2023-10-31 02:10:00+01:00,0.0,0.0,0.0,0.0,14.42,0.41,0.0
2023-10-31 02:10:00+00:00,2023-10-31 03:10:00+01:00,0.0,0.0,0.0,0.0,13.31,0.83,0.0
2023-10-31 03:10:00+00:00,2023-10-31 04:10:00+01:00,0.0,0.0,0.0,0.0,12.53,0.97,0.0
2023-10-31 04:10:00+00:00,2023-10-31 05:10:00+01:00,0.0,0.0,0.0,0.0,12.18,1.59,0.0
2023-10-31 05:10:00+00:00,2023-10-31 06:10:00+01:00,0.0,0.0,0.0,0.0,12.63,1.79,0.0
2023-10-31 06:10:00+00:00,2023-10-31 07:10:00+01:00,0.0,0.0,0.0,0.0,12.92,1.93,0.0
2023-10-31 07:10:00+00:00,2023-10-31 08:10:00+01:00,191.13,43.59,3.36,3.9,12.92,1.93,0.0
2023-10-31 08:10:00+00:00,2023-10-31 09:10:00+01:00,0.0,18.11,2.17,14.58,13.69,1.86,0.0
2023-10-31 09:10:00+00:00,2023-10-31 10:10:00+01:00,0.0,53.41,4.5,24.09,15.01,2.07,0.0
2023-10-31 10:10:00+00:00,2023-10-31 11:10:00+01:00,0.0,101.37,6.3,31.78,16.15,2.34,0.0
2023-10-31 11:10:00+00:00,2023-10-31 12:10:00+01:00,3.34,172.29,8.7,36.81,17.09,2.28,0.0
2023-10-31 12:10:00+00:00,2023-10-31 13:10:00+01:00,133.69,284.48,14.98,38.38,17.78,2.07,0.0
2023-10-31 13:10:00+00:00,2023-10-31 14:10:00+01:00,5.08,174.84,9.1,36.16,17.92,2.07,0.0
2023-10-31 14:10:00+00:00,2023-10-31 15:10:00+01:00,3.93,137.9,9.03,30.6,18.37,2.0,0.0
2023-10-31 15:10:00+00:00,2023-10-31 16:10:00+01:00,0.0,66.96,5.98,22.53,18.25,1.17,0.0
2023-10-31 16:10:00+00:00,2023-10-31 17:10:00+01:00,63.29,73.28,8.18,12.78,17.55,1.17,0.0
2023-10-31 17:10:00+00:00,2023-10-31 18:10:00+01:00,0.0,3.09,0.58,1.95,16.64,1.45,0.0
2023-10-31 18:10:00+00:00,2023-10-31 19:10:00+01:00,0.0,0.0,0.0,0.0,16.17,1.03,0.0
2023-10-31 19:10:00+00:00,2023-10-31 20:10:00+01:00,0.0,0.0,0.0,0.0,16.37,1.24,0.0
2023-10-31 20:10:00+00:00,2023-10-31 21:10:00+01:00,0.0,0.0,0.0,0.0,16.38,0.48,0.0
2023-10-31 21:10:00+00:00,2023-10-31 22:10:00+01:00,0.0,0.0,0.0,0.0,15.86,0.62,0.0
2023-10-31 22:10:00+00:00,2023-10-31 23:10:00+01:00,0.0,0.0,0.0,0.0,15.42,0.28,0.0
2023-10-31 23:10:00+00:00,2023-11-01 00:10:00+01:00,0.0,0.0,0.0,0.0,14.8,0.48,0.0
2023-11-01 00:10:00+00:00,2023-11-01 01:10:00+01:00,0.0,0.0,0.0,0.0,13.48,0.97,0.0
2023-11-01 01:10:00+00:00,2023-11-01 02:10:00+01:00,0.0,0.0,0.0,0.0,12.38,1.24,0.0
2023-11-01 02:10:00+00:00,2023-11-01 03:10:00+01:00,0.0,0.0,0.0,0.0,11.42,1.52,0.0
2023-11-01 03:10:00+00:00,2023-11-01 04:10:00+01:00,0.0,0.0,0.0,0.0,10.84,1.93,0.0
2023-11-01 04:10:00+00:00,2023-11-01 05:10:00+01:00,0.0,0.0,0.0,0.0,10.69,1.93,0.0
2023-11-01 05:10:00+00:00,2023-11-01 06:10:00+01:00,0.0,0.0,0.0,0.0,10.58,1.79,0.0
2023-11-01 06:10:00+00:00,2023-11-01 07:10:00+01:00,0.0,0.0,0.0,0.0,10.46,1.86,0.0
2023-11-01 07:10:00+00:00,2023-11-01 08:10:00+01:00,93.21,25.11,2.53,3.69,10.22,1.86,0.0
2023-11-01 08:10:00+00:00,2023-11-01 09:10:00+01:00,403.6,152.76,14.22,14.35,12.46,1.52,0.0
2023-11-01 09:10:00+00:00,2023-11-01 10:10:00+01:00,628.76,182.36,21.81,23.83,15.63,2.07,0.0
2023-11-01 10:10:00+00:00,2023-11-01 11:10:00+01:00,11.49,156.74,9.98,31.49,16.96,2.41,0.0
2023-11-01 11:10:00+00:00,2023-11-01 12:10:00+01:00,0.0,140.16,7.13,36.5,17.64,2.83,0.0
2023-11-01 12:10:00+00:00,2023-11-01 13:10:00+01:00,324.46,299.95,18.57,38.05,18.35,3.45,0.0
2023-11-01 13:10:00+00:00,2023-11-01 14:10:00+01:00,0.0,134.61,7.04,35.85,19.4,4.76,0.0
2023-11-01 14:10:00+00:00,2023-11-01 15:10:00+01:00,0.0,113.43,7.48,30.32,20.04,4.55,0.0
2023-11-01 15:10:00+00:00,2023-11-01 16:10:00+01:00,567.1,189.28,20.68,22.28,20.27,4.48,0.0
2023-11-01 16:10:00+00:00,2023-11-01 17:10:00+01:00,552.14,141.81,14.17,12.55,20.18,4.0,0.0
2023-11-01 17:10:00+00:00,2023-11-01 18:10:00+01:00,0.0,1.03,0.19,1.74,19.37,4.14,0.0
2023-11-01 18:10:00+00:00,2023-11-01 19:10:00+01:00,0.0,0.0,0.0,0.0,18.46,4.21,0.0
2023-11-01 19:10:00+00:00,2023-11-01 20:10:00+01:00,0.0,0.0,0.0,0.0,17.57,3.93,0.0
2023-11-01 20:10:00+00:00,2023-11-01 21:10:00+01:00,0.0,0.0,0.0,0.0,16.92,3.86,0.0
2023-11-01 21:10:00+00:00,2023-11-01 22:10:00+01:00,0.0,0.0,0.0,0.0,16.74,3.86,0.0
2023-11-01 22:10:00+00:00,2023-11-01 23:10:00+01:00,0.0,0.0,0.0,0.0,16.57,3.86,0.0
2023-11-01 23:10:00+00:00,2023-11-02 00:10:00+01:00,0.0,0.0,0.0,0.0,16.34,4.0,0.0
2023-11-02 00:10:00+00:00,2023-11-02 01:10:00+01:00,0.0,0.0,0.0,0.0,16.21,4.21,0.0
2023-11-02 01:10:00+00:00,2023-11-02 02:10:00+01:00,0.0,0.0,0.0,0.0,16.04,4.28,0.0
2023-11-02 02:10:00+00:00,2023-11-02 03:10:00+01:00,0.0,0.0,0.0,0.0,16.22,4.48,0.0
2023-11-02 03:10:00+00:00,2023-11-02 04:10:00+01:00,0.0,0.0,0.0,0.0,16.48,4.76,0.0
2023-11-02 04:10:00+00:00,2023-11-02 05:10:00+01:00,0.0,0.0,0.0,0.0,16.55,4.97,0.0
2023-11-02 05:10:00+00:00,2023-11-02 06:10:00+01:00,0.0,0.0,0.0,0.0,16.72,5.45,0.0
2023-11-02 06:10:00+00:00,2023-11-02 07:10:00+01:00,0.0,0.0,0.0,0.0,16.89,5.79,0.0
2023-11-02 07:10:00+00:00,2023-11-02 08:10:00+01:00,0.0,4.76,0.85,3.48,17.55,7.03,0.0
2023-11-02 08:10:00+00:00,2023-11-02 09:10:00+01:00,520.79,147.48,15.05,14.11,17.7,7.52,0.0
2023-11-02 09:10:00+00:00,2023-11-02 10:10:00+01:00,280.11,199.86,17.34,23.57,18.18,6.41,0.0
2023-11-02 10:10:00+00:00,2023-11-02 11:10:00+01:00,399.58,252.83,20.34,31.2,18.65,7.72,0.0
2023-11-02 11:10:00+00:00,2023-11-02 12:10:00+01:00,77.91,244.29,13.52,36.19,20.14,7.93,0.0
2023-11-02 12:10:00+00:00,2023-11-02 13:10:00+01:00,120.91,272.79,14.63,37.73,21.02,9.38,0.0
2023-11-02 13:10:00+00:00,2023-11-02 14:10:00+01:00,0.0,117.66,6.24,35.55,20.81,9.17,0.0
2023-11-02 14:10:00+00:00,2023-11-02 15:10:00+01:00,801.12,154.15,24.87,30.04,18.79,7.66,0.0
2023-11-02 15:10:00+00:00,2023-11-02 16:10:00+01:00,213.28,179.45,15.75,22.03,18.01,6.55,0.0
2023-11-02 16:10:00+00:00,2023-11-02 17:10:00+01:00,4.68,40.33,5.19,12.33,18.14,6.28,0.0
2023-11-02 17:10:00+00:00,2023-11-02 18:10:00+01:00,0.0,2.56,0.49,1.54,17.78,5.79,0.0
2023-11-02 18:10:00+00:00,2023-11-02 19:10:00+01:00,0.0,0.0,0.0,0.0,17.12,5.45,0.0
2023-11-02 19:10:00+00:00,2023-11-02 20:10:00+01:00,0.0,0.0,0.0,0.0,17.73,5.59,0.0
2023-11-02 20:10:00+00:00,2023-11-02 21:10:00+01:00,0.0,0.0,0.0,0.0,16.97,5.17,0.0
2023-11-02 21:10:00+00:00,2023-11-02 22:10:00+01:00,0.0,0.0,0.0,0.0,16.0,4.41,0.0
2023-11-02 22:10:00+00:00,2023-11-02 23:10:00+01:00,0.0,0.0,0.0,0.0,14.98,3.86,0.0
2023-11-02 23:10:00+00:00,2023-11-03 00:10:00+01:00,0.0,0.0,0.0,0.0,14.17,3.59,0.0
2023-11-03 00:10:00+00:00,2023-11-03 01:10:00+01:00,0.0,0.0,0.0,0.0,13.5,3.59,0.0
2023-11-03 01:10:00+00:00,2023-11-03 02:10:00+01:00,0.0,0.0,0.0,0.0,12.79,3.59,0.0
2023-11-03 02:10:00+00:00,2023-11-03 03:10:00+01:00,0.0,0.0,0.0,0.0,12.51,3.72,0.0
2023-11-03 03:10:00+00:00,2023-11-03 04:10:00+01:00,0.0,0.0,0.0,0.0,12.18,3.66,0.0
2023-11-03 04:10:00+00:00,2023-11-03 05:10:00+01:00,0.0,0.0,0.0,0.0,11.79,3.52,0.0
2023-11-03 05:10:00+00:00,2023-11-03 06:10:00+01:00,0.0,0.0,0.0,0.0,11.51,3.45,0.0
2023-11-03 06:10:00+00:00,2023-11-03 07:10:00+01:00,0.0,0.0,0.0,0.0,11.22,3.38,0.0
2023-11-03 07:10:00+00:00,2023-11-03 08:10:00+01:00,0.0,6.85,1.23,3.27,11.95,3.59,0.0
2023-11-03 08:10:00+00:00,2023-11-03 09:10:00+01:00,625.13,143.47,16.04,13.88,12.79,3.38,0.0
2023-11-03 09:10:00+00:00,2023-11-03 10:10:00+01:00,725.25,158.7,22.72,23.31,14.38,4.9,0.0
2023-11-03 10:10:00+00:00,2023-11-03 11:10:00+01:00,593.65,224.94,22.8,30.92,15.65,5.79,0.0
2023-11-03 11:10:00+00:00,2023-11-03 12:10:00+01:00,713.24,207.63,23.59,35.88,16.61,5.72,0.0
2023-11-03 12:10:00+00:00,2023-11-03 13:10:00+01:00,483.84,280.43,20.87,37.42,16.92,6.34,0.0
2023-11-03 13:10:00+00:00,2023-11-03 14:10:00+01:00,580.53,248.21,22.37,35.24,16.79,5.31,0.0
2023-11-03 14:10:00+00:00,2023-11-03 15:10:00+01:00,769.54,166.32,24.58,29.76,17.41,5.59,0.0
2023-11-03 15:10:00+00:00,2023-11-03 16:10:00+01:00,676.28,165.0,21.57,21.79,17.59,5.52,0.0
2023-11-03 16:10:00+00:00,2023-11-03 17:10:00+01:00,243.03,121.55,10.9,12.11,17.38,4.14,0.0
2023-11-03 17:10:00+00:00,2023-11-03 18:10:00+01:00,0.0,1.02,0.2,1.35,16.8,3.45,0.0
2023-11-03 18:10:00+00:00,2023-11-03 19:10:00+01:00,0.0,0.0,0.0,0.0,15.97,3.03,0.0
2023-11-03 19:10:00+00:00,2023-11-03 20:10:00+01:00,0.0,0.0,0.0,0.0,15.86,3.38,0.0
2023-11-03 20:10:00+00:00,2023-11-03 21:10:00+01:00,0.0,0.0,0.0,0.0,15.16,3.17,0.0
2023-11-03 21:10:00+00:00,2023-11-03 22:10:00+01:00,0.0,0.0,0.0,0.0,14.67,3.1,0.0
2023-11-03 22:10:00+00:00,2023-11-03 23:10:00+01:00,0.0,0.0,0.0,0.0,14.13,3.24,0.0
2023-11-03 23:10:00+00:00,2023-11-04 00:10:00+01:00,0.0,0.0,0.0,0.0,13.72,3.31,0.0
2023-11-04 00:10:00+00:00,2023-11-04 01:10:00+01:00,0.0,0.0,0.0,0.0,13.43,3.24,0.0
2023-11-04 01:10:00+00:00,2023-11-04 02:10:00+01:00,0.0,0.0,0.0,0.0,13.18,3.03,0.0
2023-11-04 02:10:00+00:00,2023-11-04 03:10:00+01:00,0.0,0.0,0.0,0.0,12.94,2.97,0.0
2023-11-04 03:10:00+00:00,2023-11-04 04:10:00+01:00,0.0,0.0,0.0,0.0,12.99,2.83,0.0
2023-11-04 04:10:00+00:00,2023-11-04 05:10:00+01:00,0.0,0.0,0.0,0.0,13.15,2.83,0.0
2023-11-04 05:10:00+00:00,2023-11-04 06:10:00+01:00,0.0,0.0,0.0,0.0,13.56,3.03,0.0
2023-11-04 06:10:00+00:00,2023-11-04 07:10:00+01:00,0.0,0.0,0.0,0.0,14.02,3.24,0.0
2023-11-04 07:10:00+00:00,2023-11-04 08:10:00+01:00,0.0,6.3,1.14,3.06,15.12,3.93,0.0
2023-11-04 08:10:00+00:00,2023-11-04 09:10:00+01:00,55.07,75.2,8.4,13.65,15.58,3.66,0.0
2023-11-04 09:10:00+00:00,2023-11-04 10:10:00+01:00,112.36,159.73,13.81,23.05,16.62,4.9,0.0
2023-11-04 10:10:00+00:00,2023-11-04 11:10:00+01:00,622.16,214.97,23.05,30.63,17.73,6.76,0.0
2023-11-04 11:10:00+00:00,2023-11-04 12:10:00+01:00,747.77,189.88,23.88,35.57,18.92,7.93,0.0
2023-11-04 12:10:00+00:00,2023-11-04 13:10:00+01:00,271.83,293.5,17.93,37.11,19.68,7.72,0.0
2023-11-04 13:10:00+00:00,2023-11-04 14:10:00+01:00,0.0,135.08,7.35,34.95,20.13,8.28,0.0
2023-11-04 14:10:00+00:00,2023-11-04 15:10:00+01:00,6.09,133.11,9.14,29.49,20.0,7.79,0.0
2023-11-04 15:10:00+00:00,2023-11-04 16:10:00+01:00,206.93,175.4,15.5,21.55,20.06,8.28,0.0
2023-11-04 16:10:00+00:00,2023-11-04 17:10:00+01:00,96.98,80.47,8.49,11.9,19.53,7.59,0.0
2023-11-04 17:10:00+00:00,2023-11-04 18:10:00+01:00,0.0,0.0,0.0,0.0,18.97,7.24,0.0
2023-11-04 18:10:00+00:00,2023-11-04 19:10:00+01:00,0.0,0.0,0.0,0.0,18.46,7.1,0.0
2023-11-04 19:10:00+00:00,2023-11-04 20:10:00+01:00,0.0,0.0,0.0,0.0,18.21,7.03,0.0
2023-11-04 20:10:00+00:00,2023-11-04 21:10:00+01:00,0.0,0.0,0.0,0.0,17.51,5.86,0.0
2023-11-04 21:10:00+00:00,2023-11-04 22:10:00+01:00,0.0,0.0,0.0,0.0,17.06,5.1,0.0
2023-11-04 22:10:00+00:00,2023-11-04 23:10:00+01:00,0.0,0.0,0.0,0.0,15.92,4.34,0.0
2023-11-04 23:10:00+00:00,2023-11-05 00:10:00+01:00,0.0,0.0,0.0,0.0,14.9,3.79,0.0
2023-11-05 00:10:00+00:00,2023-11-05 01:10:00+01:00,0.0,0.0,0.0,0.0,13.78,3.17,0.0
2023-11-05 01:10:00+00:00,2023-11-05 02:10:00+01:00,0.0,0.0,0.0,0.0,12.93,3.03,0.0
2023-11-05 02:10:00+00:00,2023-11-05 03:10:00+01:00,0.0,0.0,0.0,0.0,12.27,3.03,0.0
2023-11-05 03:10:00+00:00,2023-11-05 04:10:00+01:00,0.0,0.0,0.0,0.0,11.82,2.97,0.0
2023-11-05 04:10:00+00:00,2023-11-05 05:10:00+01:00,0.0,0.0,0.0,0.0,11.51,2.9,0.0
2023-11-05 05:10:00+00:00,2023-11-05 06:10:00+01:00,0.0,0.0,0.0,0.0,11.34,2.76,0.0
2023-11-05 06:10:00+00:00,2023-11-05 07:10:00+01:00,0.0,0.0,0.0,0.0,11.14,2.55,0.0
2023-11-05 07:10:00+00:00,2023-11-05 08:10:00+01:00,120.56,20.73,2.0,2.85,10.61,2.14,0.0
2023-11-05 08:10:00+00:00,2023-11-05 09:10:00+01:00,598.76,145.0,15.43,13.42,11.54,1.52,0.0
2023-11-05 09:10:00+00:00,2023-11-05 10:10:00+01:00,725.14,162.8,22.72,22.8,14.1,1.79,0.0
2023-11-05 10:10:00+00:00,2023-11-05 11:10:00+01:00,831.22,155.58,25.58,30.35,15.74,2.14,0.0
2023-11-05 11:10:00+00:00,2023-11-05 12:10:00+01:00,905.74,137.19,25.95,35.27,16.9,2.41,0.0
2023-11-05 12:10:00+00:00,2023-11-05 13:10:00+01:00,891.43,147.34,25.46,36.8,17.91,2.9,0.0
2023-11-05 13:10:00+00:00,2023-11-05 14:10:00+01:00,413.27,281.85,20.71,34.65,18.31,3.1,0.0
2023-11-05 14:10:00+00:00,2023-11-05 15:10:00+01:00,335.87,249.79,19.7,29.23,18.41,3.38,0.0
2023-11-05 15:10:00+00:00,2023-11-05 16:10:00+01:00,718.07,160.12,22.02,21.31,18.14,3.24,0.0
2023-11-05 16:10:00+00:00,2023-11-05 17:10:00+01:00,424.27,144.07,12.52,11.7,17.91,2.76,0.0
2023-11-05 17:10:00+00:00,2023-11-05 18:10:00+01:00,0.0,0.0,0.0,0.0,17.27,2.28,0.0
2023-11-05 18:10:00+00:00,2023-11-05 19:10:00+01:00,0.0,0.0,0.0,0.0,16.46,2.28,0.0
2023-11-05 19:10:00+00:00,2023-11-05 20:10:00+01:00,0.0,0.0,0.0,0.0,15.82,2.41,0.0
2023-11-05 20:10:00+00:00,2023-11-05 21:10:00+01:00,0.0,0.0,0.0,0.0,15.45,2.55,0.0
2023-11-05 21:10:00+00:00,2023-11-05 22:10:00+01:00,0.0,0.0,0.0,0.0,14.85,2.48,0.0
2023-11-05 22:10:00+00:00,2023-11-05 23:10:00+01:00,0.0,0.0,0.0,0.0,14.26,2.14,0.0
2023-11-05 23:10:00+00:00,2023-11-06 00:10:00+01:00,0.0,0.0,0.0,0.0,13.81,1.72,0.0
2023-11-06 00:10:00+00:00,2023-11-06 01:10:00+01:00,0.0,0.0,0.0,0.0,13.17,1.59,0.0
2023-11-06 01:10:00+00:00,2023-11-06 02:10:00+01:00,0.0,0.0,0.0,0.0,12.21,1.79,0.0
2023-11-06 02:10:00+00:00,2023-11-06 03:10:00+01:00,0.0,0.0,0.0,0.0,11.26,1.86,0.0
2023-11-06 03:10:00+00:00,2023-11-06 04:10:00+01:00,0.0,0.0,0.0,0.0,10.36,1.59,0.0
2023-11-06 04:10:00+00:00,2023-11-06 05:10:00+01:00,0.0,0.0,0.0,0.0,10.59,1.17,0.0
2023-11-06 05:10:00+00:00,2023-11-06 06:10:00+01:00,0.0,0.0,0.0,0.0,11.43,0.83,0.0
2023-11-06 06:10:00+00:00,2023-11-06 07:10:00+01:00,0.0,0.0,0.0,0.0,10.87,0.76,0.0
2023-11-06 07:10:00+00:00,2023-11-06 08:10:00+01:00,108.4,18.11,1.81,2.64,9.3,1.03,0.0
2023-11-06 08:10:00+00:00,2023-11-06 09:10:00+01:00,582.68,146.35,15.13,13.19,10.44,0.48,0.0
2023-11-06 09:10:00+00:00,2023-11-06 10:10:00+01:00,745.9,159.24,22.94,22.55,12.91,0.69,0.0
2023-11-06 10:10:00+00:00,2023-11-06 11:10:00+01:00,810.27,162.66,25.35,30.07,14.44,1.38,0.0
2023-11-06 11:10:00+00:00,2023-11-06 12:10:00+01:00,882.82,147.09,25.78,34.97,15.65,1.79,0.0
2023-11-06 12:10:00+00:00,2023-11-06 13:10:00+01:00,892.74,146.69,25.57,36.5,16.61,2.14,0.0
2023-11-06 13:10:00+00:00,2023-11-06 14:10:00+01:00,832.6,164.67,25.3,34.37,17.25,2.69,0.0
2023-11-06 14:10:00+00:00,2023-11-06 15:10:00+01:00,747.43,182.49,24.65,28.97,17.5,3.1,0.0
2023-11-06 15:10:00+00:00,2023-11-06 16:10:00+01:00,405.84,201.05,18.63,21.08,17.44,3.24,0.0
2023-11-06 16:10:00+00:00,2023-11-06 17:10:00+01:00,471.76,143.87,12.73,11.49,17.04,3.03,0.0
2023-11-06 17:10:00+00:00,2023-11-06 18:10:00+01:00,0.0,0.0,0.0,0.0,15.95,2.41,0.0
2023-11-06 18:10:00+00:00,2023-11-06 19:10:00+01:00,0.0,0.0,0.0,0.0,14.52,2.21,0.0
2023-11-06 19:10:00+00:00,2023-11-06 20:10:00+01:00,0.0,0.0,0.0,0.0,13.97,2.21,0.0
2023-11-06 20:10:00+00:00,2023-11-06 21:10:00+01:00,0.0,0.0,0.0,0.0,13.02,2.21,0.0
2023-11-06 21:10:00+00:00,2023-11-06 22:10:00+01:00,0.0,0.0,0.0,0.0,11.98,2.07,0.0
2023-11-06 22:10:00+00:00,2023-11-06 23:10:00+01:00,0.0,0.0,0.0,0.0,10.89,2.0,0.0
2023-11-06 23:10:00+00:00,2023-11-07 00:10:00+01:00,0.0,0.0,0.0,0.0,9.86,1.86,0.0
2023-11-07 00:10:00+00:00,2023-11-07 01:10:00+01:00,0.0,0.0,0.0,0.0,9.05,1.86,0.0
2023-11-07 01:10:00+00:00,2023-11-07 02:10:00+01:00,0.0,0.0,0.0,0.0,8.59,1.72,0.0
2023-11-07 02:10:00+00:00,2023-11-07 03:10:00+01:00,0.0,0.0,0.0,0.0,7.94,1.86,0.0
2023-11-07 03:10:00+00:00,2023-11-07 04:10:00+01:00,0.0,0.0,0.0,0.0,7.47,1.79,0.0
2023-11-07 04:10:00+00:00,2023-11-07 05:10:00+01:00,0.0,0.0,0.0,0.0,7.27,1.72,0.0
2023-11-07 05:10:00+00:00,2023-11-07 06:10:00+01:00,0.0,0.0,0.0,0.0,7.66,1.38,0.0
2023-11-07 06:10:00+00:00,2023-11-07 07:10:00+01:00,0.0,0.0,0.0,0.0,8.94,0.83,0.0
2023-11-07 07:10:00+00:00,2023-11-07 08:10:00+01:00,70.61,13.29,1.53,2.44,8.49,0.69,0.0
2023-11-07 08:10:00+00:00,2023-11-07 09:10:00+01:00,579.4,147.64,14.97,12.97,8.55,0.34,0.0
2023-11-07 09:10:00+00:00,2023-11-07 10:10:00+01:00,743.36,161.99,22.9,22.29,10.97,0.69,0.0
2023-11-07 10:10:00+00:00,2023-11-07 11:10:00+01:00,829.17,158.85,25.66,29.79,12.78,0.97,0.0
2023-11-07 11:10:00+00:00,2023-11-07 12:10:00+01:00,891.14,148.4,26.08,34.68,14.28,0.83,0.0
2023-11-07 12:10:00+00:00,2023-11-07 13:10:00+01:00,902.46,145.05,25.83,36.2,15.46,0.62,0.0
2023-11-07 13:10:00+00:00,2023-11-07 14:10:00+01:00,874.34,153.49,25.98,34.09,16.24,0.48,0.0
2023-11-07 14:10:00+00:00,2023-11-07 15:10:00+01:00,820.08,160.26,25.51,28.71,16.73,0.83,0.0
2023-11-07 15:10:00+00:00,2023-11-07 16:10:00+01:00,735.74,158.98,22.15,20.86,16.76,0.76,0.0
2023-11-07 16:10:00+00:00,2023-11-07 17:10:00+01:00,505.38,143.69,12.87,11.3,16.65,0.9,0.0
2023-11-07 17:10:00+00:00,2023-11-07 18:10:00+01:00,0.0,0.0,0.0,0.0,16.22,1.24,0.0
2023-11-07 18:10:00+00:00,2023-11-07 19:10:00+01:00,0.0,0.0,0.0,0.0,15.1,2.0,0.0
2023-11-07 19:10:00+00:00,2023-11-07 20:10:00+01:00,0.0,0.0,0.0,0.0,14.31,1.86,0.0
2023-11-07 20:10:00+00:00,2023-11-07 21:10:00+01:00,0.0,0.0,0.0,0.0,13.05,1.86,0.0
2023-11-07 21:10:00+00:00,2023-11-07 22:10:00+01:00,0.0,0.0,0.0,0.0,11.63,1.79,0.0
2023-11-07 22:10:00+00:00,2023-11-07 23:10:00+01:00,0.0,0.0,0.0,0.0,10.46,1.66,0.0
2023-11-07 23:10:00+00:00,2023-11-08 00:10:00+01:00,0.0,0.0,0.0,0.0,10.25,1.31,0.0
2023-11-08 00:10:00+00:00,2023-11-08 01:10:00+01:00,0.0,0.0,0.0,0.0,10.69,1.03,0.0
2023-11-08 01:10:00+00:00,2023-11-08 02:10:00+01:00,0.0,0.0,0.0,0.0,10.67,0.9,0.0
2023-11-08 02:10:00+00:00,2023-11-08 03:10:00+01:00,0.0,0.0,0.0,0.0,10.76,0.76,0.0
2023-11-08 03:10:00+00:00,2023-11-08 04:10:00+01:00,0.0,0.0,0.0,0.0,8.98,1.17,0.0
2023-11-08 04:10:00+00:00,2023-11-08 05:10:00+01:00,0.0,0.0,0.0,0.0,8.7,1.03,0.0
2023-11-08 05:10:00+00:00,2023-11-08 06:10:00+01:00,0.0,0.0,0.0,0.0,8.12,1.1,0.0
2023-11-08 06:10:00+00:00,2023-11-08 07:10:00+01:00,0.0,0.0,0.0,0.0,7.5,1.38,0.0
2023-11-08 07:10:00+00:00,2023-11-08 08:10:00+01:00,0.0,5.18,0.96,2.23,7.44,1.45,0.0
2023-11-08 08:10:00+00:00,2023-11-08 09:10:00+01:00,199.55,116.43,10.84,12.74,8.68,1.17,0.0
2023-11-08 09:10:00+00:00,2023-11-08 10:10:00+01:00,474.28,199.37,19.62,22.04,12.06,1.24,0.0
2023-11-08 10:10:00+00:00,2023-11-08 11:10:00+01:00,779.35,163.21,24.7,29.52,13.79,1.38,0.0
2023-11-08 11:10:00+00:00,2023-11-08 12:10:00+01:00,720.68,200.43,23.94,34.38,15.36,1.72,0.0
2023-11-08 12:10:00+00:00,2023-11-08 13:10:00+01:00,838.92,157.85,24.85,35.91,16.8,1.38,0.0
2023-11-08 13:10:00+00:00,2023-11-08 14:10:00+01:00,745.85,189.28,24.26,33.81,17.53,0.69,0.0
2023-11-08 14:10:00+00:00,2023-11-08 15:10:00+01:00,677.69,192.81,23.55,28.47,17.92,0.83,0.0
2023-11-08 15:10:00+00:00,2023-11-08 16:10:00+01:00,711.98,153.18,21.43,20.64,18.01,1.24,0.0
2023-11-08 16:10:00+00:00,2023-11-08 17:10:00+01:00,269.96,120.01,10.42,11.11,17.72,1.24,0.0
2023-11-08 17:10:00+00:00,2023-11-08 18:10:00+01:00,0.0,0.0,0.0,0.0,17.0,1.24,0.0
2023-11-08 18:10:00+00:00,2023-11-08 19:10:00+01:00,0.0,0.0,0.0,0.0,15.41,1.24,0.0
2023-11-08 19:10:00+00:00,2023-11-08 20:10:00+01:00,0.0,0.0,0.0,0.0,15.52,0.48,0.0
2023-11-08 20:10:00+00:00,2023-11-08 21:10:00+01:00,0.0,0.0,0.0,0.0,14.9,0.41,0.0
2023-11-08 21:10:00+00:00,2023-11-08 22:10:00+01:00,0.0,0.0,0.0,0.0,14.03,0.9,0.0
2023-11-08 22:10:00+00:00,2023-11-08 23:10:00+01:00,0.0,0.0,0.0,0.0,11.52,1.59,0.0
2023-11-08 23:10:00+00:00,2023-11-09 00:10:00+01:00,0.0,0.0,0.0,0.0,11.04,1.66,0.0
2023-11-09 00:10:00+00:00,2023-11-09 01:10:00+01:00,0.0,0.0,0.0,0.0,11.75,1.79,0.0
2023-11-09 01:10:00+00:00,2023-11-09 02:10:00+01:00,0.0,0.0,0.0,0.0,12.74,1.86,0.0
2023-11-09 02:10:00+00:00,2023-11-09 03:10:00+01:00,0.0,0.0,0.0,0.0,13.14,1.93,0.0
2023-11-09 03:10:00+00:00,2023-11-09 04:10:00+01:00,0.0,0.0,0.0,0.0,13.16,2.0,0.0
2023-11-09 04:10:00+00:00,2023-11-09 05:10:00+01:00,0.0,0.0,0.0,0.0,13.24,2.14,0.0
2023-11-09 05:10:00+00:00,2023-11-09 06:10:00+01:00,0.0,0.0,0.0,0.0,13.29,2.14,0.0
2023-11-09 06:10:00+00:00,2023-11-09 07:10:00+01:00,0.0,0.0,0.0,0.0,13.4,2.14,0.0
2023-11-09 07:10:00+00:00,2023-11-09 08:10:00+01:00,0.0,4.65,0.87,2.02,13.37,1.93,0.0
2023-11-09 08:10:00+00:00,2023-11-09 09:10:00+01:00,212.33,117.34,10.81,12.51,13.8,2.0,0.0
2023-11-09 09:10:00+00:00,2023-11-09 10:10:00+01:00,0.0,77.33,7.1,21.79,14.65,2.21,0.0
2023-11-09 10:10:00+00:00,2023-11-09 11:10:00+01:00,0.0,104.78,7.21,29.25,15.59,2.83,0.0
2023-11-09 11:10:00+00:00,2023-11-09 12:10:00+01:00,0.0,77.14,4.35,34.1,16.16,2.97,0.0
2023-11-09 12:10:00+00:00,2023-11-09 13:10:00+01:00,0.0,112.2,5.93,35.62,16.99,3.52,0.0
2023-11-09 13:10:00+00:00,2023-11-09 14:10:00+01:00,0.0,114.72,6.62,33.54,17.92,3.79,0.0
2023-11-09 14:10:00+00:00,2023-11-09 15:10:00+01:00,0.0,74.26,5.32,28.22,19.15,3.24,0.0
2023-11-09 15:10:00+00:00,2023-11-09 16:10:00+01:00,134.65,149.88,13.67,20.43,19.75,2.97,0.0
2023-11-09 16:10:00+00:00,2023-11-09 17:10:00+01:00,184.76,101.24,9.32,10.92,19.61,2.48,0.0
2023-11-09 17:10:00+00:00,2023-11-09 18:10:00+01:00,0.0,0.0,0.0,0.0,18.38,2.07,0.0
2023-11-09 18:10:00+00:00,2023-11-09 19:10:00+01:00,0.0,0.0,0.0,0.0,16.66,2.48,0.0
2023-11-09 19:10:00+00:00,2023-11-09 20:10:00+01:00,0.0,0.0,0.0,0.0,15.39,2.76,0.0
2023-11-09 20:10:00+00:00,2023-11-09 21:10:00+01:00,0.0,0.0,0.0,0.0,14.58,2.55,0.0
2023-11-09 21:10:00+00:00,2023-11-09 22:10:00+01:00,0.0,0.0,0.0,0.0,13.65,2.34,0.0
2023-11-09 22:10:00+00:00,2023-11-09 23:10:00+01:00,0.0,0.0,0.0,0.0,12.94,2.07,0.0
2023-11-09 23:10:00+00:00,2023-11-10 00:10:00+01:00,0.0,0.0,0.0,0.0,12.1,2.07,0.0
2023-11-10 00:10:00+00:00,2023-11-10 01:10:00+01:00,0.0,0.0,0.0,0.0,11.14,1.86,0.0
2023-11-10 01:10:00+00:00,2023-11-10 02:10:00+01:00,0.0,0.0,0.0,0.0,10.05,1.66,0.0
2023-11-10 02:10:00+00:00,2023-11-10 03:10:00+01:00,0.0,0.0,0.0,0.0,9.27,1.59,0.0
2023-11-10 03:10:00+00:00,2023-11-10 04:10:00+01:00,0.0,0.0,0.0,0.0,9.01,1.52,0.0
2023-11-10 04:10:00+00:00,2023-11-10 05:10:00+01:00,0.0,0.0,0.0,0.0,9.16,1.24,0.0
2023-11-10 05:10:00+00:00,2023-11-10 06:10:00+01:00,0.0,0.0,0.0,0.0,9.45,1.03,0.0
2023-11-10 06:10:00+00:00,2023-11-10 07:10:00+01:00,0.0,0.0,0.0,0.0,8.63,1.17,0.0
2023-11-10 07:10:00+00:00,2023-11-10 08:10:00+01:00,0.0,3.6,0.68,1.81,7.83,1.45,0.0
2023-11-10 08:10:00+00:00,2023-11-10 09:10:00+01:00,422.93,140.65,12.75,12.29,9.33,1.1,0.0
2023-11-10 09:10:00+00:00,2023-11-10 10:10:00+01:00,539.12,188.96,20.06,21.55,12.94,1.17,0.0
2023-11-10 10:10:00+00:00,2023-11-10 11:10:00+01:00,800.85,154.19,24.9,28.98,14.83,1.38,0.0
2023-11-10 11:10:00+00:00,2023-11-10 12:10:00+01:00,875.14,138.98,25.64,33.81,16.13,1.59,0.0
2023-11-10 12:10:00+00:00,2023-11-10 13:10:00+01:00,864.54,144.89,25.22,35.33,17.03,1.79,0.0
2023-11-10 13:10:00+00:00,2023-11-10 14:10:00+01:00,825.78,155.26,25.1,33.27,17.91,2.14,0.0
2023-11-10 14:10:00+00:00,2023-11-10 15:10:00+01:00,801.35,151.14,24.79,27.98,18.49,2.48,0.0
2023-11-10 15:10:00+00:00,2023-11-10 16:10:00+01:00,662.5,159.9,20.61,20.22,18.97,2.9,0.0
2023-11-10 16:10:00+00:00,2023-11-10 17:10:00+01:00,375.65,130.41,11.07,10.74,18.83,2.97,0.0
2023-11-10 17:10:00+00:00,2023-11-10 18:10:00+01:00,0.0,0.0,0.0,0.0,17.56,2.69,0.0
2023-11-10 18:10:00+00:00,2023-11-10 19:10:00+01:00,0.0,0.0,0.0,0.0,16.17,2.83,0.0
2023-11-10 19:10:00+00:00,2023-11-10 20:10:00+01:00,0.0,0.0,0.0,0.0,15.83,3.03,0.0
2023-11-10 20:10:00+00:00,2023-11-10 21:10:00+01:00,0.0,0.0,0.0,0.0,15.27,2.83,0.0
2023-11-10 21:10:00+00:00,2023-11-10 22:10:00+01:00,0.0,0.0,0.0,0.0,15.06,2.69,0.0
2023-11-10 22:10:00+00:00,2023-11-10 23:10:00+01:00,0.0,0.0,0.0,0.0,14.84,2.55,0.0
2023-11-10 23:10:00+00:00,2023-11-11 00:10:00+01:00,0.0,0.0,0.0,0.0,14.08,2.34,0.0
2023-11-11 00:10:00+00:00,2023-11-11 01:10:00+01:00,0.0,0.0,0.0,0.0,13.64,2.21,0.0
2023-11-11 01:10:00+00:00,2023-11-11 02:10:00+01:00,0.0,0.0,0.0,0.0,13.53,1.93,0.0
2023-11-11 02:10:00+00:00,2023-11-11 03:10:00+01:00,0.0,0.0,0.0,0.0,13.2,1.72,0.0
2023-11-11 03:10:00+00:00,2023-11-11 04:10:00+01:00,0.0,0.0,0.0,0.0,13.24,1.52,0.0
2023-11-11 04:10:00+00:00,2023-11-11 05:10:00+01:00,0.0,0.0,0.0,0.0,13.39,1.38,0.0
2023-11-11 05:10:00+00:00,2023-11-11 06:10:00+01:00,0.0,0.0,0.0,0.0,13.91,1.17,0.0
2023-11-11 06:10:00+00:00,2023-11-11 07:10:00+01:00,0.0,0.0,0.0,0.0,14.05,1.1,0.0
2023-11-11 07:10:00+00:00,2023-11-11 08:10:00+01:00,0.0,1.03,0.19,1.61,13.68,1.24,0.0
2023-11-11 08:10:00+00:00,2023-11-11 09:10:00+01:00,311.04,132.66,11.63,12.06,14.67,1.17,0.0
2023-11-11 09:10:00+00:00,2023-11-11 10:10:00+01:00,8.26,91.7,8.6,21.3,16.1,1.31,0.0
2023-11-11 10:10:00+00:00,2023-11-11 11:10:00+01:00,14.57,145.23,10.34,28.71,17.26,1.66,0.0
2023-11-11 11:10:00+00:00,2023-11-11 12:10:00+01:00,260.67,270.68,18.31,33.53,18.19,2.0,0.0
2023-11-11 12:10:00+00:00,2023-11-11 13:10:00+01:00,661.61,225.59,23.33,35.05,18.78,2.07,0.0
2023-11-11 13:10:00+00:00,2023-11-11 14:10:00+01:00,701.23,205.47,23.99,33.01,19.53,1.86,0.0
2023-11-11 14:10:00+00:00,2023-11-11 15:10:00+01:00,702.29,184.83,23.78,27.75,19.73,1.72,0.0
2023-11-11 15:10:00+00:00,2023-11-11 16:10:00+01:00,622.17,171.26,20.26,20.02,19.89,1.79,0.0
2023-11-11 16:10:00+00:00,2023-11-11 17:10:00+01:00,398.16,131.12,11.11,10.56,19.87,1.79,0.0
2023-11-11 17:10:00+00:00,2023-11-11 18:10:00+01:00,0.0,0.0,0.0,0.0,18.95,1.86,0.0
2023-11-11 18:10:00+00:00,2023-11-11 19:10:00+01:00,0.0,0.0,0.0,0.0,17.41,2.28,0.0
2023-11-11 19:10:00+00:00,2023-11-11 20:10:00+01:00,0.0,0.0,0.0,0.0,17.23,2.0,0.0
2023-11-11 20:10:00+00:00,2023-11-11 21:10:00+01:00,0.0,0.0,0.0,0.0,16.39,2.07,0.0
2023-11-11 21:10:00+00:00,2023-11-11 22:10:00+01:00,0.0,0.0,0.0,0.0,15.44,2.21,0.0
2023-11-11 22:10:00+00:00,2023-11-11 23:10:00+01:00,0.0,0.0,0.0,0.0,14.75,2.41,0.0
2023-11-11 23:10:00+00:00,2023-11-12 00:10:00+01:00,0.0,0.0,0.0,0.0,14.2,2.34,0.0
2023-11-12 00:10:00+00:00,2023-11-12 01:10:00+01:00,0.0,0.0,0.0,0.0,13.67,2.14,0.0
2023-11-12 01:10:00+00:00,2023-11-12 02:10:00+01:00,0.0,0.0,0.0,0.0,13.13,1.79,0.0
2023-11-12 02:10:00+00:00,2023-11-12 03:10:00+01:00,0.0,0.0,0.0,0.0,12.41,1.45,0.0
2023-11-12 03:10:00+00:00,2023-11-12 04:10:00+01:00,0.0,0.0,0.0,0.0,12.42,1.1,0.0
2023-11-12 04:10:00+00:00,2023-11-12 05:10:00+01:00,0.0,0.0,0.0,0.0,13.12,0.69,0.0
2023-11-12 05:10:00+00:00,2023-11-12 06:10:00+01:00,0.0,0.0,0.0,0.0,12.89,0.34,0.0
2023-11-12 06:10:00+00:00,2023-11-12 07:10:00+01:00,0.0,0.0,0.0,0.0,12.66,0.76,0.0
2023-11-12 07:10:00+00:00,2023-11-12 08:10:00+01:00,0.0,2.55,0.49,1.4,12.1,1.1,0.0
2023-11-12 08:10:00+00:00,2023-11-12 09:10:00+01:00,385.04,139.05,12.16,11.84,13.57,0.62,0.0
2023-11-12 09:10:00+00:00,2023-11-12 10:10:00+01:00,361.79,193.94,17.81,21.06,15.79,0.55,0.0
2023-11-12 10:10:00+00:00,2023-11-12 11:10:00+01:00,663.32,196.81,23.41,28.45,17.64,0.55,0.0
2023-11-12 11:10:00+00:00,2023-11-12 12:10:00+01:00,831.51,154.17,25.2,33.26,19.02,0.83,0.0
2023-11-12 12:10:00+00:00,2023-11-12 13:10:00+01:00,841.46,155.1,25.13,34.78,20.52,1.17,0.0
2023-11-12 13:10:00+00:00,2023-11-12 14:10:00+01:00,848.42,147.71,25.47,32.75,21.48,1.52,0.0
2023-11-12 14:10:00+00:00,2023-11-12 15:10:00+01:00,789.86,154.99,24.64,27.52,21.88,1.38,0.0
2023-11-12 15:10:00+00:00,2023-11-12 16:10:00+01:00,695.91,155.26,20.88,19.82,21.99,1.17,0.0
2023-11-12 16:10:00+00:00,2023-11-12 17:10:00+01:00,448.91,130.82,11.31,10.4,21.84,0.97,0.0
2023-11-12 17:10:00+00:00,2023-11-12 18:10:00+01:00,0.0,0.0,0.0,0.0,21.07,0.48,0.0
2023-11-12 18:10:00+00:00,2023-11-12 19:10:00+01:00,0.0,0.0,0.0,0.0,20.15,0.34,0.0
2023-11-12 19:10:00+00:00,2023-11-12 20:10:00+01:00,0.0,0.0,0.0,0.0,17.86,1.72,0.0
2023-11-12 20:10:00+00:00,2023-11-12 21:10:00+01:00,0.0,0.0,0.0,0.0,17.08,1.59,0.0
2023-11-12 21:10:00+00:00,2023-11-12 22:10:00+01:00,0.0,0.0,0.0,0.0,16.97,1.24,0.0
2023-11-12 22:10:00+00:00,2023-11-12 23:10:00+01:00,0.0,0.0,0.0,0.0,18.05,0.48,0.0
2023-11-12 23:10:00+00:00,2023-11-13 00:10:00+01:00,0.0,0.0,0.0,0.0,17.46,0.69,0.0
2023-11-13 00:10:00+00:00,2023-11-13 01:10:00+01:00,0.0,0.0,0.0,0.0,14.79,1.45,0.0
2023-11-13 01:10:00+00:00,2023-11-13 02:10:00+01:00,0.0,0.0,0.0,0.0,13.68,1.72,0.0
2023-11-13 02:10:00+00:00,2023-11-13 03:10:00+01:00,0.0,0.0,0.0,0.0,13.15,1.66,0.0
2023-11-13 03:10:00+00:00,2023-11-13 04:10:00+01:00,0.0,0.0,0.0,0.0,12.73,1.72,0.0
2023-11-13 04:10:00+00:00,2023-11-13 05:10:00+01:00,0.0,0.0,0.0,0.0,12.41,1.86,0.0
2023-11-13 05:10:00+00:00,2023-11-13 06:10:00+01:00,0.0,0.0,0.0,0.0,12.1,1.93,0.0
2023-11-13 06:10:00+00:00,2023-11-13 07:10:00+01:00,0.0,0.0,0.0,0.0,11.85,1.93,0.0
2023-11-13 07:10:00+00:00,2023-11-13 08:10:00+01:00,0.0,0.0,0.0,0.0,11.59,1.86,0.0
2023-11-13 08:10:00+00:00,2023-11-13 09:10:00+01:00,506.47,140.63,13.02,11.62,12.93,1.79,0.0
2023-11-13 09:10:00+00:00,2023-11-13 10:10:00+01:00,694.99,161.16,21.47,20.82,16.15,1.93,0.0
2023-11-13 10:10:00+00:00,2023-11-13 11:10:00+01:00,776.88,164.37,24.69,28.19,18.78,2.28,0.0
2023-11-13 11:10:00+00:00,2023-11-13 12:10:00+01:00,828.39,159.24,25.33,32.99,20.85,2.48,0.0
2023-11-13 12:10:00+00:00,2023-11-13 13:10:00+01:00,758.95,191.05,24.45,34.51,22.41,2.41,0.0
2023-11-13 13:10:00+00:00,2023-11-13 14:10:00+01:00,813.29,164.04,25.22,32.5,23.42,2.14,0.0
2023-11-13 14:10:00+00:00,2023-11-13 15:10:00+01:00,852.45,137.42,25.44,27.3,24.0,1.79,0.0
2023-11-13 15:10:00+00:00,2023-11-13 16:10:00+01:00,669.66,160.28,20.52,19.63,24.08,1.52,0.0
2023-11-13 16:10:00+00:00,2023-11-13 17:10:00+01:00,382.83,128.31,10.69,10.23,23.54,1.17,0.0
2023-11-13 17:10:00+00:00,2023-11-13 18:10:00+01:00,0.0,0.0,0.0,0.0,22.32,1.52,0.0
2023-11-13 18:10:00+00:00,2023-11-13 19:10:00+01:00,0.0,0.0,0.0,0.0,20.49,1.59,0.0
2023-11-13 19:10:00+00:00,2023-11-13 20:10:00+01:00,0.0,0.0,0.0,0.0,19.79,0.9,0.0
2023-11-13 20:10:00+00:00,2023-11-13 21:10:00+01:00,0.0,0.0,0.0,0.0,19.41,0.83,0.0
2023-11-13 21:10:00+00:00,2023-11-13 22:10:00+01:00,0.0,0.0,0.0,0.0,18.31,1.03,0.0
2023-11-13 22:10:00+00:00,2023-11-13 23:10:00+01:00,0.0,0.0,0.0,0.0,16.02,1.31,0.0
2023-11-13 23:10:00+00:00,2023-11-14 00:10:00+01:00,0.0,0.0,0.0,0.0,14.37,1.52,0.0
2023-11-14 00:10:00+00:00,2023-11-14 01:10:00+01:00,0.0,0.0,0.0,0.0,13.37,1.59,0.0
2023-11-14 01:10:00+00:00,2023-11-14 02:10:00+01:00,0.0,0.0,0.0,0.0,12.84,1.59,0.0
2023-11-14 02:10:00+00:00,2023-11-14 03:10:00+01:00,0.0,0.0,0.0,0.0,12.35,1.59,0.0
2023-11-14 03:10:00+00:00,2023-11-14 04:10:00+01:00,0.0,0.0,0.0,0.0,12.02,1.59,0.0
2023-11-14 04:10:00+00:00,2023-11-14 05:10:00+01:00,0.0,0.0,0.0,0.0,11.69,1.72,0.0
2023-11-14 05:10:00+00:00,2023-11-14 06:10:00+01:00,0.0,0.0,0.0,0.0,11.38,1.86,0.0
2023-11-14 06:10:00+00:00,2023-11-14 07:10:00+01:00,0.0,0.0,0.0,0.0,11.05,1.86,0.0
2023-11-14 07:10:00+00:00,2023-11-14 08:10:00+01:00,0.0,0.0,0.0,0.0,10.78,1.93,0.0
2023-11-14 08:10:00+00:00,2023-11-14 09:10:00+01:00,531.28,138.01,13.0,11.4,11.93,1.72,0.0
2023-11-14 09:10:00+00:00,2023-11-14 10:10:00+01:00,699.85,159.29,21.4,20.58,16.51,1.72,0.0
2023-11-14 10:10:00+00:00,2023-11-14 11:10:00+01:00,781.3,164.11,24.77,27.93,19.55,1.93,0.0
2023-11-14 11:10:00+00:00,2023-11-14 12:10:00+01:00,797.39,171.02,25.04,32.72,21.78,1.93,0.0
2023-11-14 12:10:00+00:00,2023-11-14 13:10:00+01:00,854.69,154.49,25.53,34.25,23.45,1.66,0.0
2023-11-14 13:10:00+00:00,2023-11-14 14:10:00+01:00,839.39,156.16,25.6,32.26,24.5,1.31,0.0
2023-11-14 14:10:00+00:00,2023-11-14 15:10:00+01:00,792.83,158.54,24.78,27.09,25.04,1.31,0.0
2023-11-14 15:10:00+00:00,2023-11-14 16:10:00+01:00,702.82,154.28,20.81,19.45,25.09,1.31,0.0
2023-11-14 16:10:00+00:00,2023-11-14 17:10:00+01:00,468.82,130.96,11.22,10.07,24.55,1.17,0.0
2023-11-14 17:10:00+00:00,2023-11-14 18:10:00+01:00,0.0,0.0,0.0,0.0,23.19,1.24,0.0
2023-11-14 18:10:00+00:00,2023-11-14 19:10:00+01:00,0.0,0.0,0.0,0.0,21.63,0.69,0.0
2023-11-14 19:10:00+00:00,2023-11-14 20:10:00+01:00,0.0,0.0,0.0,0.0,21.41,0.14,0.0
2023-11-14 20:10:00+00:00,2023-11-14 21:10:00+01:00,0.0,0.0,0.0,0.0,20.41,0.48,0.0
2023-11-14 21:10:00+00:00,2023-11-14 22:10:00+01:00,0.0,0.0,0.0,0.0,19.1,0.69,0.0
2023-11-14 22:10:00+00:00,2023-11-14 23:10:00+01:00,0.0,0.0,0.0,0.0,17.59,0.62,0.0
2023-11-14 23:10:00+00:00,2023-11-15 00:10:00+01:00,0.0,0.0,0.0,0.0,16.2,0.83,0.0
2023-11-15 00:10:00+00:00,2023-11-15 01:10:00+01:00,0.0,0.0,0.0,0.0,13.51,1.31,0.0
2023-11-15 01:10:00+00:00,2023-11-15 02:10:00+01:00,0.0,0.0,0.0,0.0,12.18,1.59,0.0
2023-11-15 02:10:00+00:00,2023-11-15 03:10:00+01:00,0.0,0.0,0.0,0.0,11.53,1.79,0.0
2023-11-15 03:10:00+00:00,2023-11-15 04:10:00+01:00,0.0,0.0,0.0,0.0,11.24,1.86,0.0
2023-11-15 04:10:00+00:00,2023-11-15 05:10:00+01:00,0.0,0.0,0.0,0.0,11.0,1.93,0.0
2023-11-15 05:10:00+00:00,2023-11-15 06:10:00+01:00,0.0,0.0,0.0,0.0,10.77,2.0,0.0
2023-11-15 06:10:00+00:00,2023-11-15 07:10:00+01:00,0.0,0.0,0.0,0.0,10.53,2.0,0.0
2023-11-15 07:10:00+00:00,2023-11-15 08:10:00+01:00,0.0,0.0,0.0,0.0,10.23,2.0,0.0
2023-11-15 08:10:00+00:00,2023-11-15 09:10:00+01:00,500.24,141.01,12.66,11.18,11.17,1.66,0.0
2023-11-15 09:10:00+00:00,2023-11-15 10:10:00+01:00,701.87,160.8,21.4,20.34,15.7,1.59,0.0
2023-11-15 10:10:00+00:00,2023-11-15 11:10:00+01:00,783.56,163.63,24.79,27.68,18.74,1.93,0.0
2023-11-15 11:10:00+00:00,2023-11-15 12:10:00+01:00,784.49,178.15,25.02,32.46,21.09,2.07,0.0
2023-11-15 12:10:00+00:00,2023-11-15 13:10:00+01:00,847.88,157.71,25.53,33.99,22.85,1.93,0.0
2023-11-15 13:10:00+00:00,2023-11-15 14:10:00+01:00,831.78,159.36,25.56,32.02,24.1,1.66,0.0
2023-11-15 14:10:00+00:00,2023-11-15 15:10:00+01:00,787.5,160.48,24.71,26.88,24.81,1.45,0.0
2023-11-15 15:10:00+00:00,2023-11-15 16:10:00+01:00,706.08,155.7,20.84,19.27,24.98,1.38,0.0
2023-11-15 16:10:00+00:00,2023-11-15 17:10:00+01:00,470.15,132.73,11.17,9.92,24.46,0.83,0.0
2023-11-15 17:10:00+00:00,2023-11-15 18:10:00+01:00,0.0,0.0,0.0,0.0,23.29,0.48,0.0
2023-11-15 18:10:00+00:00,2023-11-15 19:10:00+01:00,0.0,0.0,0.0,0.0,22.2,0.41,0.0
2023-11-15 19:10:00+00:00,2023-11-15 20:10:00+01:00,0.0,0.0,0.0,0.0,21.38,0.48,0.0
2023-11-15 20:10:00+00:00,2023-11-15 21:10:00+01:00,0.0,0.0,0.0,0.0,20.09,0.34,0.0
2023-11-15 21:10:00+00:00,2023-11-15 22:10:00+01:00,0.0,0.0,0.0,0.0,19.08,0.34,0.0
2023-11-15 22:10:00+00:00,2023-11-15 23:10:00+01:00,0.0,0.0,0.0,0.0,17.94,0.76,0.0
2023-11-15 23:10:00+00:00,2023-11-16 00:10:00+01:00,0.0,0.0,0.0,0.0,15.99,1.1,0.0
2023-11-16 00:10:00+00:00,2023-11-16 01:10:00+01:00,0.0,0.0,0.0,0.0,13.57,1.31,0.0
2023-11-16 01:10:00+00:00,2023-11-16 02:10:00+01:00,0.0,0.0,0.0,0.0,11.94,1.52,0.0
2023-11-16 02:10:00+00:00,2023-11-16 03:10:00+01:00,0.0,0.0,0.0,0.0,10.81,1.59,0.0
2023-11-16 03:10:00+00:00,2023-11-16 04:10:00+01:00,0.0,0.0,0.0,0.0,10.21,1.59,0.0
2023-11-16 04:10:00+00:00,2023-11-16 05:10:00+01:00,0.0,0.0,0.0,0.0,9.85,1.66,0.0
2023-11-16 05:10:00+00:00,2023-11-16 06:10:00+01:00,0.0,0.0,0.0,0.0,9.61,1.72,0.0
2023-11-16 06:10:00+00:00,2023-11-16 07:10:00+01:00,0.0,0.0,0.0,0.0,9.54,1.66,0.0
2023-11-16 07:10:00+00:00,2023-11-16 08:10:00+01:00,0.0,0.0,0.0,0.0,9.03,1.45,0.0
2023-11-16 08:10:00+00:00,2023-11-16 09:10:00+01:00,42.06,55.19,6.64,10.96,10.16,0.97,0.0
2023-11-16 09:10:00+00:00,2023-11-16 10:10:00+01:00,395.56,194.3,18.04,20.11,14.39,0.9,0.0
2023-11-16 10:10:00+00:00,2023-11-16 11:10:00+01:00,675.08,197.88,23.68,27.43,17.69,0.97,0.0
2023-11-16 11:10:00+00:00,2023-11-16 12:10:00+01:00,106.97,231.43,15.04,32.2,19.98,0.9,0.0
2023-11-16 12:10:00+00:00,2023-11-16 13:10:00+01:00,795.86,178.01,25.03,33.74,21.34,0.76,0.0
2023-11-16 13:10:00+00:00,2023-11-16 14:10:00+01:00,328.44,266.45,19.69,31.79,22.5,0.69,0.0
2023-11-16 14:10:00+00:00,2023-11-16 15:10:00+01:00,775.25,163.35,24.52,26.67,23.24,1.17,0.0
2023-11-16 15:10:00+00:00,2023-11-16 16:10:00+01:00,703.08,156.26,20.72,19.09,23.36,1.1,0.0
2023-11-16 16:10:00+00:00,2023-11-16 17:10:00+01:00,494.81,129.17,11.13,9.77,23.04,0.76,0.0
2023-11-16 17:10:00+00:00,2023-11-16 18:10:00+01:00,0.0,0.0,0.0,0.0,21.92,0.34,0.0
2023-11-16 18:10:00+00:00,2023-11-16 19:10:00+01:00,0.0,0.0,0.0,0.0,21.08,0.21,0.0
2023-11-16 19:10:00+00:00,2023-11-16 20:10:00+01:00,0.0,0.0,0.0,0.0,19.73,0.48,0.0
2023-11-16 20:10:00+00:00,2023-11-16 21:10:00+01:00,0.0,0.0,0.0,0.0,18.86,0.07,0.0
2023-11-16 21:10:00+00:00,2023-11-16 22:10:00+01:00,0.0,0.0,0.0,0.0,17.79,0.28,0.0
2023-11-16 22:10:00+00:00,2023-11-16 23:10:00+01:00,0.0,0.0,0.0,0.0,16.63,0.55,0.0
2023-11-16 23:10:00+00:00,2023-11-17 00:10:00+01:00,0.0,0.0,0.0,0.0,15.1,1.17,0.0
2023-11-17 00:10:00+00:00,2023-11-17 01:10:00+01:00,0.0,0.0,0.0,0.0,13.31,1.59,0.0
2023-11-17 01:10:00+00:00,2023-11-17 02:10:00+01:00,0.0,0.0,0.0,0.0,12.21,1.79,0.0
2023-11-17 02:10:00+00:00,2023-11-17 03:10:00+01:00,0.0,0.0,0.0,0.0,11.72,1.72,0.0
2023-11-17 03:10:00+00:00,2023-11-17 04:10:00+01:00,0.0,0.0,0.0,0.0,11.26,1.79,0.0
2023-11-17 04:10:00+00:00,2023-11-17 05:10:00+01:00,0.0,0.0,0.0,0.0,11.03,1.86,0.0
2023-11-17 05:10:00+00:00,2023-11-17 06:10:00+01:00,0.0,0.0,0.0,0.0,10.96,2.0,0.0
2023-11-17 06:10:00+00:00,2023-11-17 07:10:00+01:00,0.0,0.0,0.0,0.0,10.95,2.0,0.0
2023-11-17 07:10:00+00:00,2023-11-17 08:10:00+01:00,0.0,0.0,0.0,0.0,10.77,2.0,0.0
2023-11-17 08:10:00+00:00,2023-11-17 09:10:00+01:00,471.77,134.41,11.88,10.75,11.62,1.72,0.0
2023-11-17 09:10:00+00:00,2023-11-17 10:10:00+01:00,679.34,158.23,20.72,19.88,15.39,1.79,0.0
2023-11-17 10:10:00+00:00,2023-11-17 11:10:00+01:00,752.93,167.18,24.22,27.19,18.31,2.14,0.0
2023-11-17 11:10:00+00:00,2023-11-17 12:10:00+01:00,780.57,173.39,24.86,31.94,20.62,2.28,0.0
2023-11-17 12:10:00+00:00,2023-11-17 13:10:00+01:00,817.36,162.77,25.1,33.49,22.21,2.14,0.0
2023-11-17 13:10:00+00:00,2023-11-17 14:10:00+01:00,802.5,162.93,25.07,31.56,23.45,1.86,0.0
2023-11-17 14:10:00+00:00,2023-11-17 15:10:00+01:00,755.95,163.71,24.11,26.47,24.17,1.66,0.0
2023-11-17 15:10:00+00:00,2023-11-17 16:10:00+01:00,672.08,156.77,20.13,18.93,24.34,1.59,0.0
2023-11-17 16:10:00+00:00,2023-11-17 17:10:00+01:00,436.24,125.9,10.49,9.63,23.87,1.45,0.0
2023-11-17 17:10:00+00:00,2023-11-17 18:10:00+01:00,0.0,0.0,0.0,0.0,22.64,1.86,0.0
2023-11-17 18:10:00+00:00,2023-11-17 19:10:00+01:00,0.0,0.0,0.0,0.0,20.79,1.93,0.0
2023-11-17 19:10:00+00:00,2023-11-17 20:10:00+01:00,0.0,0.0,0.0,0.0,18.96,2.21,0.0
2023-11-17 20:10:00+00:00,2023-11-17 21:10:00+01:00,0.0,0.0,0.0,0.0,17.7,2.14,0.0
2023-11-17 21:10:00+00:00,2023-11-17 22:10:00+01:00,0.0,0.0,0.0,0.0,16.43,2.0,0.0
2023-11-17 22:10:00+00:00,2023-11-17 23:10:00+01:00,0.0,0.0,0.0,0.0,15.15,1.79,0.0
2023-11-17 23:10:00+00:00,2023-11-18 00:10:00+01:00,0.0,0.0,0.0,0.0,14.15,1.72,0.0
2023-11-18 00:10:00+00:00,2023-11-18 01:10:00+01:00,0.0,0.0,0.0,0.0,13.43,1.79,0.0
2023-11-18 01:10:00+00:00,2023-11-18 02:10:00+01:00,0.0,0.0,0.0,0.0,12.99,1.93,0.0
2023-11-18 02:10:00+00:00,2023-11-18 03:10:00+01:00,0.0,0.0,0.0,0.0,12.71,2.0,0.0
2023-11-18 03:10:00+00:00,2023-11-18 04:10:00+01:00,0.0,0.0,0.0,0.0,12.58,2.21,0.0
2023-11-18 04:10:00+00:00,2023-11-18 05:10:00+01:00,0.0,0.0,0.0,0.0,12.62,2.41,0.0
2023-11-18 05:10:00+00:00,2023-11-18 06:10:00+01:00,0.0,0.0,0.0,0.0,12.61,2.48,0.0
2023-11-18 06:10:00+00:00,2023-11-18 07:10:00+01:00,0.0,0.0,0.0,0.0,12.48,2.55,0.0
2023-11-18 07:10:00+00:00,2023-11-18 08:10:00+01:00,0.0,0.0,0.0,0.0,11.93,2.41,0.0
2023-11-18 08:10:00+00:00,2023-11-18 09:10:00+01:00,475.7,132.5,11.68,10.54,12.45,2.14,0.0
2023-11-18 09:10:00+00:00,2023-11-18 10:10:00+01:00,675.01,158.84,20.57,19.65,15.34,2.14,0.0
2023-11-18 10:10:00+00:00,2023-11-18 11:10:00+01:00,737.11,171.24,24.01,26.94,18.61,2.07,0.0
2023-11-18 11:10:00+00:00,2023-11-18 12:10:00+01:00,765.11,177.2,24.68,31.7,21.22,1.79,0.0
2023-11-18 12:10:00+00:00,2023-11-18 13:10:00+01:00,815.32,163.3,25.12,33.25,22.98,1.59,0.0
2023-11-18 13:10:00+00:00,2023-11-18 14:10:00+01:00,799.89,163.38,25.05,31.34,24.06,1.31,0.0
2023-11-18 14:10:00+00:00,2023-11-18 15:10:00+01:00,774.62,158.01,24.29,26.28,24.62,1.31,0.0
2023-11-18 15:10:00+00:00,2023-11-18 16:10:00+01:00,659.01,157.7,19.87,18.77,24.78,1.38,0.0
2023-11-18 16:10:00+00:00,2023-11-18 17:10:00+01:00,454.51,126.24,10.52,9.5,24.22,1.17,0.0
2023-11-18 17:10:00+00:00,2023-11-18 18:10:00+01:00,0.0,0.0,0.0,0.0,22.62,2.14,0.0
2023-11-18 18:10:00+00:00,2023-11-18 19:10:00+01:00,0.0,0.0,0.0,0.0,19.97,2.41,0.0
2023-11-18 19:10:00+00:00,2023-11-18 20:10:00+01:00,0.0,0.0,0.0,0.0,18.36,2.48,0.0
2023-11-18 20:10:00+00:00,2023-11-18 21:10:00+01:00,0.0,0.0,0.0,0.0,17.15,2.55,0.0
2023-11-18 21:10:00+00:00,2023-11-18 22:10:00+01:00,0.0,0.0,0.0,0.0,16.14,2.41,0.0
2023-11-18 22:10:00+00:00,2023-11-18 23:10:00+01:00,0.0,0.0,0.0,0.0,15.2,2.28,0.0
2023-11-18 23:10:00+00:00,2023-11-19 00:10:00+01:00,0.0,0.0,0.0,0.0,14.32,2.14,0.0
2023-11-19 00:10:00+00:00,2023-11-19 01:10:00+01:00,0.0,0.0,0.0,0.0,13.54,2.14,0.0
2023-11-19 01:10:00+00:00,2023-11-19 02:10:00+01:00,0.0,0.0,0.0,0.0,12.85,2.07,0.0
2023-11-19 02:10:00+00:00,2023-11-19 03:10:00+01:00,0.0,0.0,0.0,0.0,12.37,2.07,0.0
2023-11-19 03:10:00+00:00,2023-11-19 04:10:00+01:00,0.0,0.0,0.0,0.0,12.0,2.14,0.0
2023-11-19 04:10:00+00:00,2023-11-19 05:10:00+01:00,0.0,0.0,0.0,0.0,11.79,2.21,0.0
2023-11-19 05:10:00+00:00,2023-11-19 06:10:00+01:00,0.0,0.0,0.0,0.0,11.7,2.34,0.0
2023-11-19 06:10:00+00:00,2023-11-19 07:10:00+01:00,0.0,0.0,0.0,0.0,11.63,2.41,0.0
2023-11-19 07:10:00+00:00,2023-11-19 08:10:00+01:00,0.0,0.0,0.0,0.0,11.42,2.34,0.0
2023-11-19 08:10:00+00:00,2023-11-19 09:10:00+01:00,457.37,132.98,11.41,10.33,12.0,2.14,0.0
2023-11-19 09:10:00+00:00,2023-11-19 10:10:00+01:00,673.5,161.78,20.56,19.43,15.25,2.14,0.0
2023-11-19 10:10:00+00:00,2023-11-19 11:10:00+01:00,758.77,166.36,24.28,26.71,18.45,2.21,0.0
2023-11-19 11:10:00+00:00,2023-11-19 12:10:00+01:00,787.66,172.59,25.06,31.45,20.81,2.21,0.0
2023-11-19 12:10:00+00:00,2023-11-19 13:10:00+01:00,824.15,163.2,25.35,33.01,22.46,1.93,0.0
2023-11-19 13:10:00+00:00,2023-11-19 14:10:00+01:00,808.72,163.29,25.27,31.12,23.5,1.52,0.0
2023-11-19 14:10:00+00:00,2023-11-19 15:10:00+01:00,772.92,161.95,24.36,26.1,24.08,1.1,0.0
2023-11-19 15:10:00+00:00,2023-11-19 16:10:00+01:00,661.19,158.91,19.88,18.61,24.19,0.62,0.0
2023-11-19 16:10:00+00:00,2023-11-19 17:10:00+01:00,466.86,127.61,10.55,9.37,23.82,0.41,0.0
2023-11-19 17:10:00+00:00,2023-11-19 18:10:00+01:00,0.0,0.0,0.0,0.0,22.35,1.24,0.0
2023-11-19 18:10:00+00:00,2023-11-19 19:10:00+01:00,0.0,0.0,0.0,0.0,19.71,1.03,0.0
2023-11-19 19:10:00+00:00,2023-11-19 20:10:00+01:00,0.0,0.0,0.0,0.0,19.15,0.69,0.0
2023-11-19 20:10:00+00:00,2023-11-19 21:10:00+01:00,0.0,0.0,0.0,0.0,18.15,0.62,0.0
2023-11-19 21:10:00+00:00,2023-11-19 22:10:00+01:00,0.0,0.0,0.0,0.0,16.4,0.97,0.0
2023-11-19 22:10:00+00:00,2023-11-19 23:10:00+01:00,0.0,0.0,0.0,0.0,15.7,0.9,0.0
2023-11-19 23:10:00+00:00,2023-11-20 00:10:00+01:00,0.0,0.0,0.0,0.0,14.69,1.03,0.0
2023-11-20 00:10:00+00:00,2023-11-20 01:10:00+01:00,0.0,0.0,0.0,0.0,13.14,1.31,0.0
2023-11-20 01:10:00+00:00,2023-11-20 02:10:00+01:00,0.0,0.0,0.0,0.0,12.11,1.45,0.0
2023-11-20 02:10:00+00:00,2023-11-20 03:10:00+01:00,0.0,0.0,0.0,0.0,11.8,1.31,0.0
2023-11-20 03:10:00+00:00,2023-11-20 04:10:00+01:00,0.0,0.0,0.0,0.0,11.99,1.1,0.0
2023-11-20 04:10:00+00:00,2023-11-20 05:10:00+01:00,0.0,0.0,0.0,0.0,12.36,0.9,0.0
2023-11-20 05:10:00+00:00,2023-11-20 06:10:00+01:00,0.0,0.0,0.0,0.0,11.8,0.97,0.0
2023-11-20 06:10:00+00:00,2023-11-20 07:10:00+01:00,0.0,0.0,0.0,0.0,11.28,1.1,0.0
2023-11-20 07:10:00+00:00,2023-11-20 08:10:00+01:00,0.0,0.0,0.0,0.0,10.54,1.1,0.0
2023-11-20 08:10:00+00:00,2023-11-20 09:10:00+01:00,369.91,127.98,10.55,10.12,11.35,0.76,0.0
2023-11-20 09:10:00+00:00,2023-11-20 10:10:00+01:00,653.62,163.87,20.2,19.2,14.15,0.41,0.0
2023-11-20 10:10:00+00:00,2023-11-20 11:10:00+01:00,762.73,164.36,24.28,26.47,16.74,0.9,0.0
2023-11-20 11:10:00+00:00,2023-11-20 12:10:00+01:00,795.0,166.37,25.05,31.21,18.66,1.59,0.0
2023-11-20 12:10:00+00:00,2023-11-20 13:10:00+01:00,818.21,163.39,25.27,32.78,20.04,2.28,0.0
2023-11-20 13:10:00+00:00,2023-11-20 14:10:00+01:00,792.22,167.11,25.04,30.91,20.92,2.62,0.0
2023-11-20 14:10:00+00:00,2023-11-20 15:10:00+01:00,745.87,166.43,23.92,25.92,21.39,2.62,0.0
2023-11-20 15:10:00+00:00,2023-11-20 16:10:00+01:00,663.2,158.1,19.82,18.46,21.44,2.55,0.0
2023-11-20 16:10:00+00:00,2023-11-20 17:10:00+01:00,429.46,125.83,10.16,9.25,20.96,2.48,0.0
2023-11-20 17:10:00+00:00,2023-11-20 18:10:00+01:00,0.0,0.0,0.0,0.0,19.34,2.41,0.0
2023-11-20 18:10:00+00:00,2023-11-20 19:10:00+01:00,0.0,0.0,0.0,0.0,17.72,2.9,0.0
2023-11-20 19:10:00+00:00,2023-11-20 20:10:00+01:00,0.0,0.0,0.0,0.0,17.14,3.1,0.0
2023-11-20 20:10:00+00:00,2023-11-20 21:10:00+01:00,0.0,0.0,0.0,0.0,16.26,2.97,0.0
2023-11-20 21:10:00+00:00,2023-11-20 22:10:00+01:00,0.0,0.0,0.0,0.0,15.45,2.69,0.0
2023-11-20 22:10:00+00:00,2023-11-20 23:10:00+01:00,0.0,0.0,0.0,0.0,14.7,2.48,0.0
2023-11-20 23:10:00+00:00,2023-11-21 00:10:00+01:00,0.0,0.0,0.0,0.0,14.04,2.28,0.0
2023-11-21 00:10:00+00:00,2023-11-21 01:10:00+01:00,0.0,0.0,0.0,0.0,13.54,2.07,0.0
2023-11-21 01:10:00+00:00,2023-11-21 02:10:00+01:00,0.0,0.0,0.0,0.0,13.0,1.79,0.0
2023-11-21 02:10:00+00:00,2023-11-21 03:10:00+01:00,0.0,0.0,0.0,0.0,12.37,1.66,0.0
2023-11-21 03:10:00+00:00,2023-11-21 04:10:00+01:00,0.0,0.0,0.0,0.0,11.72,1.66,0.0
2023-11-21 04:10:00+00:00,2023-11-21 05:10:00+01:00,0.0,0.0,0.0,0.0,11.1,1.52,0.0
2023-11-21 05:10:00+00:00,2023-11-21 06:10:00+01:00,0.0,0.0,0.0,0.0,10.59,1.45,0.0
2023-11-21 06:10:00+00:00,2023-11-21 07:10:00+01:00,0.0,0.0,0.0,0.0,11.38,1.24,0.0
2023-11-21 07:10:00+00:00,2023-11-21 08:10:00+01:00,0.0,0.0,0.0,0.0,10.71,1.52,0.0
2023-11-21 08:10:00+00:00,2023-11-21 09:10:00+01:00,17.42,37.96,5.05,9.92,10.87,1.17,0.0
2023-11-21 09:10:00+00:00,2023-11-21 10:10:00+01:00,18.44,90.03,9.11,18.99,12.98,1.38,0.0
2023-11-21 10:10:00+00:00,2023-11-21 11:10:00+01:00,15.83,130.43,10.21,26.24,14.99,2.07,0.0
2023-11-21 11:10:00+00:00,2023-11-21 12:10:00+01:00,190.38,245.42,17.18,30.98,16.49,2.0,0.0
2023-11-21 12:10:00+00:00,2023-11-21 13:10:00+01:00,375.37,271.12,20.37,32.56,17.86,2.0,0.0
2023-11-21 13:10:00+00:00,2023-11-21 14:10:00+01:00,274.13,255.73,18.79,30.71,18.65,2.34,0.0
2023-11-21 14:10:00+00:00,2023-11-21 15:10:00+01:00,587.08,209.51,22.34,25.74,19.24,2.55,0.0
2023-11-21 15:10:00+00:00,2023-11-21 16:10:00+01:00,671.39,158.17,19.89,18.32,19.37,2.69,0.0
2023-11-21 16:10:00+00:00,2023-11-21 17:10:00+01:00,441.24,124.66,10.1,9.13,19.13,2.48,0.0
2023-11-21 17:10:00+00:00,2023-11-21 18:10:00+01:00,0.0,0.0,0.0,0.0,18.29,2.14,0.0
2023-11-21 18:10:00+00:00,2023-11-21 19:10:00+01:00,0.0,0.0,0.0,0.0,17.12,2.41,0.0
2023-11-21 19:10:00+00:00,2023-11-21 20:10:00+01:00,0.0,0.0,0.0,0.0,15.96,2.28,0.0
2023-11-21 20:10:00+00:00,2023-11-21 21:10:00+01:00,0.0,0.0,0.0,0.0,15.24,2.83,0.0
2023-11-21 21:10:00+00:00,2023-11-21 22:10:00+01:00,0.0,0.0,0.0,0.0,14.4,3.24,0.0
2023-11-21 22:10:00+00:00,2023-11-21 23:10:00+01:00,0.0,0.0,0.0,0.0,13.61,3.31,0.0
2023-11-21 23:10:00+00:00,2023-11-22 00:10:00+01:00,0.0,0.0,0.0,0.0,12.9,3.24,0.0
2023-11-22 00:10:00+00:00,2023-11-22 01:10:00+01:00,0.0,0.0,0.0,0.0,12.18,2.83,0.0
2023-11-22 01:10:00+00:00,2023-11-22 02:10:00+01:00,0.0,0.0,0.0,0.0,11.47,2.9,0.0
2023-11-22 02:10:00+00:00,2023-11-22 03:10:00+01:00,0.0,0.0,0.0,0.0,11.07,3.24,0.0
2023-11-22 03:10:00+00:00,2023-11-22 04:10:00+01:00,0.0,0.0,0.0,0.0,10.74,3.45,0.0
2023-11-22 04:10:00+00:00,2023-11-22 05:10:00+01:00,0.0,0.0,0.0,0.0,10.48,3.72,0.0
2023-11-22 05:10:00+00:00,2023-11-22 06:10:00+01:00,0.0,0.0,0.0,0.0,10.18,3.79,0.0
2023-11-22 06:10:00+00:00,2023-11-22 07:10:00+01:00,0.0,0.0,0.0,0.0,9.87,3.79,0.0
2023-11-22 07:10:00+00:00,2023-11-22 08:10:00+01:00,0.0,0.0,0.0,0.0,9.46,3.52,0.0
2023-11-22 08:10:00+00:00,2023-11-22 09:10:00+01:00,474.21,135.51,11.14,9.71,9.86,3.59,0.0
2023-11-22 09:10:00+00:00,2023-11-22 10:10:00+01:00,683.71,163.17,20.48,18.77,11.75,4.0,0.0
2023-11-22 10:10:00+00:00,2023-11-22 11:10:00+01:00,768.28,171.9,24.59,26.02,13.57,4.97,0.0
2023-11-22 11:10:00+00:00,2023-11-22 12:10:00+01:00,793.99,178.64,25.46,30.75,15.02,5.24,0.0
2023-11-22 12:10:00+00:00,2023-11-22 13:10:00+01:00,835.65,166.19,25.81,32.34,16.17,5.1,0.0
2023-11-22 13:10:00+00:00,2023-11-22 14:10:00+01:00,833.07,162.66,25.84,30.51,17.04,5.03,0.0
2023-11-22 14:10:00+00:00,2023-11-22 15:10:00+01:00,775.95,166.09,24.49,25.58,17.58,5.31,0.0
2023-11-22 15:10:00+00:00,2023-11-22 16:10:00+01:00,695.52,158.47,20.23,18.18,17.82,5.1,0.0
2023-11-22 16:10:00+00:00,2023-11-22 17:10:00+01:00,453.02,128.37,10.2,9.02,17.63,4.21,0.0
2023-11-22 17:10:00+00:00,2023-11-22 18:10:00+01:00,0.0,0.0,0.0,0.0,16.28,3.17,0.0
2023-11-22 18:10:00+00:00,2023-11-22 19:10:00+01:00,0.0,0.0,0.0,0.0,14.77,3.24,0.0
2023-11-22 19:10:00+00:00,2023-11-22 20:10:00+01:00,0.0,0.0,0.0,0.0,14.22,3.31,0.0
2023-11-22 20:10:00+00:00,2023-11-22 21:10:00+01:00,0.0,0.0,0.0,0.0,13.63,3.59,0.0
2023-11-22 21:10:00+00:00,2023-11-22 22:10:00+01:00,0.0,0.0,0.0,0.0,13.24,3.93,0.0
2023-11-22 22:10:00+00:00,2023-11-22 23:10:00+01:00,0.0,0.0,0.0,0.0,12.94,4.14,0.0
2023-11-22 23:10:00+00:00,2023-11-23 00:10:00+01:00,0.0,0.0,0.0,0.0,12.64,4.28,0.0
2023-11-23 00:10:00+00:00,2023-11-23 01:10:00+01:00,0.0,0.0,0.0,0.0,12.25,4.34,0.0
2023-11-23 01:10:00+00:00,2023-11-23 02:10:00+01:00,0.0,0.0,0.0,0.0,11.79,4.48,0.0
2023-11-23 02:10:00+00:00,2023-11-23 03:10:00+01:00,0.0,0.0,0.0,0.0,11.37,4.55,0.0
2023-11-23 03:10:00+00:00,2023-11-23 04:10:00+01:00,0.0,0.0,0.0,0.0,10.93,4.48,0.0
2023-11-23 04:10:00+00:00,2023-11-23 05:10:00+01:00,0.0,0.0,0.0,0.0,10.42,4.28,0.0
2023-11-23 05:10:00+00:00,2023-11-23 06:10:00+01:00,0.0,0.0,0.0,0.0,9.9,4.0,0.0
2023-11-23 06:10:00+00:00,2023-11-23 07:10:00+01:00,0.0,0.0,0.0,0.0,9.42,3.86,0.0
2023-11-23 07:10:00+00:00,2023-11-23 08:10:00+01:00,0.0,0.0,0.0,0.0,8.73,3.52,0.0
2023-11-23 08:10:00+00:00,2023-11-23 09:10:00+01:00,453.83,133.17,10.77,9.51,8.96,3.31,0.0
2023-11-23 09:10:00+00:00,2023-11-23 10:10:00+01:00,669.24,166.21,20.25,18.56,10.96,3.45,0.0
2023-11-23 10:10:00+00:00,2023-11-23 11:10:00+01:00,753.72,176.22,24.4,25.8,13.38,3.52,0.0
2023-11-23 11:10:00+00:00,2023-11-23 12:10:00+01:00,793.31,179.35,25.49,30.53,15.61,3.17,0.0
2023-11-23 12:10:00+00:00,2023-11-23 13:10:00+01:00,821.77,171.81,25.71,32.13,17.19,2.62,0.0
2023-11-23 13:10:00+00:00,2023-11-23 14:10:00+01:00,819.96,168.49,25.74,30.33,18.16,2.28,0.0
2023-11-23 14:10:00+00:00,2023-11-23 15:10:00+01:00,775.87,166.75,24.49,25.42,18.59,2.07,0.0
2023-11-23 15:10:00+00:00,2023-11-23 16:10:00+01:00,674.58,162.27,19.95,18.05,18.57,2.0,0.0
2023-11-23 16:10:00+00:00,2023-11-23 17:10:00+01:00,445.42,127.85,10.06,8.91,18.06,1.93,0.0
2023-11-23 17:10:00+00:00,2023-11-23 18:10:00+01:00,0.0,0.0,0.0,0.0,16.5,2.14,0.0
2023-11-23 18:10:00+00:00,2023-11-23 19:10:00+01:00,0.0,0.0,0.0,0.0,14.85,2.28,0.0
2023-11-23 19:10:00+00:00,2023-11-23 20:10:00+01:00,0.0,0.0,0.0,0.0,13.86,2.41,0.0
2023-11-23 20:10:00+00:00,2023-11-23 21:10:00+01:00,0.0,0.0,0.0,0.0,12.73,2.21,0.0
2023-11-23 21:10:00+00:00,2023-11-23 22:10:00+01:00,0.0,0.0,0.0,0.0,11.13,1.72,0.0
2023-11-23 22:10:00+00:00,2023-11-23 23:10:00+01:00,0.0,0.0,0.0,0.0,10.17,1.31,0.0
2023-11-23 23:10:00+00:00,2023-11-24 00:10:00+01:00,0.0,0.0,0.0,0.0,9.38,1.17,0.0
2023-11-24 00:10:00+00:00,2023-11-24 01:10:00+01:00,0.0,0.0,0.0,0.0,8.56,1.17,0.0
2023-11-24 01:10:00+00:00,2023-11-24 02:10:00+01:00,0.0,0.0,0.0,0.0,7.76,1.24,0.0
2023-11-24 02:10:00+00:00,2023-11-24 03:10:00+01:00,0.0,0.0,0.0,0.0,6.91,1.38,0.0
2023-11-24 03:10:00+00:00,2023-11-24 04:10:00+01:00,0.0,0.0,0.0,0.0,6.1,1.45,0.0
2023-11-24 04:10:00+00:00,2023-11-24 05:10:00+01:00,0.0,0.0,0.0,0.0,5.5,1.52,0.0
2023-11-24 05:10:00+00:00,2023-11-24 06:10:00+01:00,0.0,0.0,0.0,0.0,5.0,1.59,0.0
2023-11-24 06:10:00+00:00,2023-11-24 07:10:00+01:00,0.0,0.0,0.0,0.0,4.71,1.59,0.0
2023-11-24 07:10:00+00:00,2023-11-24 08:10:00+01:00,0.0,0.0,0.0,0.0,4.18,1.79,0.0
2023-11-24 08:10:00+00:00,2023-11-24 09:10:00+01:00,451.0,132.16,10.56,9.32,4.91,1.52,0.0
2023-11-24 09:10:00+00:00,2023-11-24 10:10:00+01:00,657.51,169.59,20.08,18.35,9.46,1.45,0.0
2023-11-24 10:10:00+00:00,2023-11-24 11:10:00+01:00,752.72,177.04,24.38,25.58,12.72,1.59,0.0
2023-11-24 11:10:00+00:00,2023-11-24 12:10:00+01:00,794.48,178.67,25.51,30.31,14.91,1.45,0.0
2023-11-24 12:10:00+00:00,2023-11-24 13:10:00+01:00,822.72,172.56,25.78,31.92,16.38,1.24,0.0
2023-11-24 13:10:00+00:00,2023-11-24 14:10:00+01:00,822.48,166.16,25.74,30.14,17.34,1.24,0.0
2023-11-24 14:10:00+00:00,2023-11-24 15:10:00+01:00,763.88,171.23,24.36,25.26,17.92,1.38,0.0
2023-11-24 15:10:00+00:00,2023-11-24 16:10:00+01:00,672.62,162.74,19.87,17.92,18.07,1.52,0.0
2023-11-24 16:10:00+00:00,2023-11-24 17:10:00+01:00,469.98,129.0,10.16,8.81,17.65,1.38,0.0
2023-11-24 17:10:00+00:00,2023-11-24 18:10:00+01:00,0.0,0.0,0.0,0.0,16.53,1.31,0.0
2023-11-24 18:10:00+00:00,2023-11-24 19:10:00+01:00,0.0,0.0,0.0,0.0,14.35,1.66,0.0
2023-11-24 19:10:00+00:00,2023-11-24 20:10:00+01:00,0.0,0.0,0.0,0.0,12.23,1.93,0.0
2023-11-24 20:10:00+00:00,2023-11-24 21:10:00+01:00,0.0,0.0,0.0,0.0,10.77,1.66,0.0
2023-11-24 21:10:00+00:00,2023-11-24 22:10:00+01:00,0.0,0.0,0.0,0.0,10.19,1.38,0.0
2023-11-24 22:10:00+00:00,2023-11-24 23:10:00+01:00,0.0,0.0,0.0,0.0,10.94,0.9,0.0
2023-11-24 23:10:00+00:00,2023-11-25 00:10:00+01:00,0.0,0.0,0.0,0.0,10.46,0.28,0.0
2023-11-25 00:10:00+00:00,2023-11-25 01:10:00+01:00,0.0,0.0,0.0,0.0,9.71,0.83,0.0
2023-11-25 01:10:00+00:00,2023-11-25 02:10:00+01:00,0.0,0.0,0.0,0.0,7.3,1.45,0.0
2023-11-25 02:10:00+00:00,2023-11-25 03:10:00+01:00,0.0,0.0,0.0,0.0,5.99,1.79,0.0
2023-11-25 03:10:00+00:00,2023-11-25 04:10:00+01:00,0.0,0.0,0.0,0.0,5.38,1.79,0.0
2023-11-25 04:10:00+00:00,2023-11-25 05:10:00+01:00,0.0,0.0,0.0,0.0,5.19,1.59,0.0
2023-11-25 05:10:00+00:00,2023-11-25 06:10:00+01:00,0.0,0.0,0.0,0.0,5.45,1.31,0.0
2023-11-25 06:10:00+00:00,2023-11-25 07:10:00+01:00,0.0,0.0,0.0,0.0,6.17,1.03,0.0
2023-11-25 07:10:00+00:00,2023-11-25 08:10:00+01:00,0.0,0.0,0.0,0.0,6.01,0.9,0.0
2023-11-25 08:10:00+00:00,2023-11-25 09:10:00+01:00,460.53,131.31,10.43,9.12,6.24,0.62,0.0
2023-11-25 09:10:00+00:00,2023-11-25 10:10:00+01:00,667.88,166.58,20.04,18.15,9.02,0.48,0.0
2023-11-25 10:10:00+00:00,2023-11-25 11:10:00+01:00,767.91,171.19,24.46,25.37,12.61,0.55,0.0
2023-11-25 11:10:00+00:00,2023-11-25 12:10:00+01:00,795.55,177.97,25.52,30.1,15.04,0.48,0.0
2023-11-25 12:10:00+00:00,2023-11-25 13:10:00+01:00,823.56,171.75,25.8,31.72,16.72,0.41,0.0
2023-11-25 13:10:00+00:00,2023-11-25 14:10:00+01:00,822.87,166.8,25.78,29.97,17.85,0.62,0.0
2023-11-25 14:10:00+00:00,2023-11-25 15:10:00+01:00,777.5,166.46,24.46,25.12,18.55,0.69,0.0
2023-11-25 15:10:00+00:00,2023-11-25 16:10:00+01:00,686.76,159.46,19.92,17.81,18.74,0.76,0.0
2023-11-25 16:10:00+00:00,2023-11-25 17:10:00+01:00,461.77,128.29,10.01,8.72,18.36,0.83,0.0
2023-11-25 17:10:00+00:00,2023-11-25 18:10:00+01:00,0.0,0.0,0.0,0.0,17.13,1.79,0.0
2023-11-25 18:10:00+00:00,2023-11-25 19:10:00+01:00,0.0,0.0,0.0,0.0,14.93,2.34,0.0
2023-11-25 19:10:00+00:00,2023-11-25 20:10:00+01:00,0.0,0.0,0.0,0.0,13.28,2.34,0.0
2023-11-25 20:10:00+00:00,2023-11-25 21:10:00+01:00,0.0,0.0,0.0,0.0,12.1,2.28,0.0
2023-11-25 21:10:00+00:00,2023-11-25 22:10:00+01:00,0.0,0.0,0.0,0.0,10.87,2.28,0.0
2023-11-25 22:10:00+00:00,2023-11-25 23:10:00+01:00,0.0,0.0,0.0,0.0,9.78,2.21,0.0
2023-11-25 23:10:00+00:00,2023-11-26 00:10:00+01:00,0.0,0.0,0.0,0.0,8.8,2.07,0.0
2023-11-26 00:10:00+00:00,2023-11-26 01:10:00+01:00,0.0,0.0,0.0,0.0,8.03,1.79,0.0
2023-11-26 01:10:00+00:00,2023-11-26 02:10:00+01:00,0.0,0.0,0.0,0.0,8.06,1.45,0.0
2023-11-26 02:10:00+00:00,2023-11-26 03:10:00+01:00,0.0,0.0,0.0,0.0,8.96,1.03,0.0
2023-11-26 03:10:00+00:00,2023-11-26 04:10:00+01:00,0.0,0.0,0.0,0.0,9.21,0.83,0.0
2023-11-26 04:10:00+00:00,2023-11-26 05:10:00+01:00,0.0,0.0,0.0,0.0,8.82,0.9,0.0
2023-11-26 05:10:00+00:00,2023-11-26 06:10:00+01:00,0.0,0.0,0.0,0.0,8.53,0.9,0.0
2023-11-26 06:10:00+00:00,2023-11-26 07:10:00+01:00,0.0,0.0,0.0,0.0,8.36,0.76,0.0
2023-11-26 07:10:00+00:00,2023-11-26 08:10:00+01:00,0.0,0.0,0.0,0.0,4.87,1.66,0.0
2023-11-26 08:10:00+00:00,2023-11-26 09:10:00+01:00,425.22,125.59,9.88,8.93,5.04,1.31,0.0
2023-11-26 09:10:00+00:00,2023-11-26 10:10:00+01:00,623.17,168.4,19.3,17.94,9.47,0.83,0.0
2023-11-26 10:10:00+00:00,2023-11-26 11:10:00+01:00,733.83,174.83,23.86,25.16,12.77,0.76,0.0
2023-11-26 11:10:00+00:00,2023-11-26 12:10:00+01:00,826.6,160.93,25.68,29.9,14.82,0.14,0.0
2023-11-26 12:10:00+00:00,2023-11-26 13:10:00+01:00,818.52,167.28,25.57,31.53,16.33,0.55,0.0
2023-11-26 13:10:00+00:00,2023-11-26 14:10:00+01:00,802.98,168.71,25.41,29.79,17.38,1.17,0.0
2023-11-26 14:10:00+00:00,2023-11-26 15:10:00+01:00,689.23,186.51,23.34,24.97,17.93,1.66,0.0
2023-11-26 15:10:00+00:00,2023-11-26 16:10:00+01:00,674.52,156.25,19.56,17.69,17.97,2.07,0.0
2023-11-26 16:10:00+00:00,2023-11-26 17:10:00+01:00,233.19,98.97,8.07,8.63,17.39,2.07,0.0
2023-11-26 17:10:00+00:00,2023-11-26 18:10:00+01:00,0.0,0.0,0.0,0.0,15.77,2.07,0.0
2023-11-26 18:10:00+00:00,2023-11-26 19:10:00+01:00,0.0,0.0,0.0,0.0,14.15,2.21,0.0
2023-11-26 19:10:00+00:00,2023-11-26 20:10:00+01:00,0.0,0.0,0.0,0.0,13.35,2.21,0.0
2023-11-26 20:10:00+00:00,2023-11-26 21:10:00+01:00,0.0,0.0,0.0,0.0,12.4,2.14,0.0
2023-11-26 21:10:00+00:00,2023-11-26 22:10:00+01:00,0.0,0.0,0.0,0.0,11.69,2.07,0.0
2023-11-26 22:10:00+00:00,2023-11-26 23:10:00+01:00,0.0,0.0,0.0,0.0,10.84,2.07,0.0
2023-11-26 23:10:00+00:00,2023-11-27 00:10:00+01:00,0.0,0.0,0.0,0.0,9.99,2.0,0.0
2023-11-27 00:10:00+00:00,2023-11-27 01:10:00+01:00,0.0,0.0,0.0,0.0,9.19,1.93,0.0
2023-11-27 01:10:00+00:00,2023-11-27 02:10:00+01:00,0.0,0.0,0.0,0.0,8.43,1.86,0.0
2023-11-27 02:10:00+00:00,2023-11-27 03:10:00+01:00,0.0,0.0,0.0,0.0,7.86,1.72,0.0
2023-11-27 03:10:00+00:00,2023-11-27 04:10:00+01:00,0.0,0.0,0.0,0.0,7.38,1.72,0.0
2023-11-27 04:10:00+00:00,2023-11-27 05:10:00+01:00,0.0,0.0,0.0,0.0,7.23,1.59,0.0
2023-11-27 05:10:00+00:00,2023-11-27 06:10:00+01:00,0.0,0.0,0.0,0.0,7.68,1.31,0.0
2023-11-27 06:10:00+00:00,2023-11-27 07:10:00+01:00,0.0,0.0,0.0,0.0,8.84,0.76,0.0
2023-11-27 07:10:00+00:00,2023-11-27 08:10:00+01:00,0.0,0.0,0.0,0.0,8.68,0.69,0.0
2023-11-27 08:10:00+00:00,2023-11-27 09:10:00+01:00,315.86,112.59,8.82,8.74,8.43,0.41,0.0
2023-11-27 09:10:00+00:00,2023-11-27 10:10:00+01:00,262.44,164.5,15.02,17.75,10.21,0.41,0.0
2023-11-27 10:10:00+00:00,2023-11-27 11:10:00+01:00,436.05,221.87,20.35,24.96,12.22,1.24,0.0
2023-11-27 11:10:00+00:00,2023-11-27 12:10:00+01:00,310.86,250.66,19.33,29.7,13.93,2.34,0.0
2023-11-27 12:10:00+00:00,2023-11-27 13:10:00+01:00,67.29,205.69,13.58,31.34,14.47,2.9,0.0
2023-11-27 13:10:00+00:00,2023-11-27 14:10:00+01:00,240.69,243.18,18.1,29.63,15.01,2.83,0.0
2023-11-27 14:10:00+00:00,2023-11-27 15:10:00+01:00,414.21,221.21,20.01,24.84,15.28,2.69,0.0
2023-11-27 15:10:00+00:00,2023-11-27 16:10:00+01:00,635.42,158.94,18.98,17.59,15.42,2.69,0.0
2023-11-27 16:10:00+00:00,2023-11-27 17:10:00+01:00,430.42,120.75,9.45,8.55,15.04,2.69,0.0
2023-11-27 17:10:00+00:00,2023-11-27 18:10:00+01:00,0.0,0.0,0.0,0.0,13.84,2.28,0.0
2023-11-27 18:10:00+00:00,2023-11-27 19:10:00+01:00,0.0,0.0,0.0,0.0,12.53,2.62,0.0
2023-11-27 19:10:00+00:00,2023-11-27 20:10:00+01:00,0.0,0.0,0.0,0.0,12.04,2.55,0.0
2023-11-27 20:10:00+00:00,2023-11-27 21:10:00+01:00,0.0,0.0,0.0,0.0,11.48,2.48,0.0
2023-11-27 21:10:00+00:00,2023-11-27 22:10:00+01:00,0.0,0.0,0.0,0.0,10.9,2.14,0.0
2023-11-27 22:10:00+00:00,2023-11-27 23:10:00+01:00,0.0,0.0,0.0,0.0,10.25,1.79,0.0
2023-11-27 23:10:00+00:00,2023-11-28 00:10:00+01:00,0.0,0.0,0.0,0.0,9.4,1.52,0.0
2023-11-28 00:10:00+00:00,2023-11-28 01:10:00+01:00,0.0,0.0,0.0,0.0,9.05,1.38,0.0
2023-11-28 01:10:00+00:00,2023-11-28 02:10:00+01:00,0.0,0.0,0.0,0.0,9.63,0.97,0.0
2023-11-28 02:10:00+00:00,2023-11-28 03:10:00+01:00,0.0,0.0,0.0,0.0,10.25,0.48,0.0
2023-11-28 03:10:00+00:00,2023-11-28 04:10:00+01:00,0.0,0.0,0.0,0.0,10.11,0.48,0.0
2023-11-28 04:10:00+00:00,2023-11-28 05:10:00+01:00,0.0,0.0,0.0,0.0,8.88,1.03,0.0
2023-11-28 05:10:00+00:00,2023-11-28 06:10:00+01:00,0.0,0.0,0.0,0.0,9.09,0.9,0.0
2023-11-28 06:10:00+00:00,2023-11-28 07:10:00+01:00,0.0,0.0,0.0,0.0,9.26,0.97,0.0
2023-11-28 07:10:00+00:00,2023-11-28 08:10:00+01:00,0.0,0.0,0.0,0.0,9.34,0.76,0.0
2023-11-28 08:10:00+00:00,2023-11-28 09:10:00+01:00,6.72,25.98,3.75,8.56,9.67,0.9,0.0
2023-11-28 09:10:00+00:00,2023-11-28 10:10:00+01:00,66.31,104.66,10.62,17.56,11.72,0.69,0.0
2023-11-28 10:10:00+00:00,2023-11-28 11:10:00+01:00,472.72,214.5,20.57,24.76,12.94,0.76,0.0
2023-11-28 11:10:00+00:00,2023-11-28 12:10:00+01:00,560.46,226.41,22.43,29.5,14.03,0.62,0.0
2023-11-28 12:10:00+00:00,2023-11-28 13:10:00+01:00,98.57,217.12,14.62,31.16,14.65,0.83,0.0
2023-11-28 13:10:00+00:00,2023-11-28 14:10:00+01:00,270.3,241.82,18.44,29.47,15.4,1.66,0.0
2023-11-28 14:10:00+00:00,2023-11-28 15:10:00+01:00,11.96,115.28,9.54,24.71,15.57,1.72,0.0
2023-11-28 15:10:00+00:00,2023-11-28 16:10:00+01:00,645.57,153.11,18.89,17.49,15.74,1.93,0.0
2023-11-28 16:10:00+00:00,2023-11-28 17:10:00+01:00,6.78,24.77,3.58,8.48,15.78,2.0,0.0
2023-11-28 17:10:00+00:00,2023-11-28 18:10:00+01:00,0.0,0.0,0.0,0.0,15.46,1.59,0.0
2023-11-28 18:10:00+00:00,2023-11-28 19:10:00+01:00,0.0,0.0,0.0,0.0,15.03,1.52,0.0
2023-11-28 19:10:00+00:00,2023-11-28 20:10:00+01:00,0.0,0.0,0.0,0.0,14.87,1.38,0.0
2023-11-28 20:10:00+00:00,2023-11-28 21:10:00+01:00,0.0,0.0,0.0,0.0,14.45,1.59,0.0
2023-11-28 21:10:00+00:00,2023-11-28 22:10:00+01:00,0.0,0.0,0.0,0.0,14.19,1.66,0.0
2023-11-28 22:10:00+00:00,2023-11-28 23:10:00+01:00,0.0,0.0,0.0,0.0,13.77,1.72,0.0
2023-11-28 23:10:00+00:00,2023-11-29 00:10:00+01:00,0.0,0.0,0.0,0.0,13.47,1.79,0.0
2023-11-29 00:10:00+00:00,2023-11-29 01:10:00+01:00,0.0,0.0,0.0,0.0,13.02,1.79,0.0
2023-11-29 01:10:00+00:00,2023-11-29 02:10:00+01:00,0.0,0.0,0.0,0.0,12.73,1.72,0.0
2023-11-29 02:10:00+00:00,2023-11-29 03:10:00+01:00,0.0,0.0,0.0,0.0,12.22,1.66,0.0
2023-11-29 03:10:00+00:00,2023-11-29 04:10:00+01:00,0.0,0.0,0.0,0.0,12.14,1.52,0.0
2023-11-29 04:10:00+00:00,2023-11-29 05:10:00+01:00,0.0,0.0,0.0,0.0,12.08,1.45,0.0
2023-11-29 05:10:00+00:00,2023-11-29 06:10:00+01:00,0.0,0.0,0.0,0.0,12.56,1.45,0.0
2023-11-29 06:10:00+00:00,2023-11-29 07:10:00+01:00,0.0,0.0,0.0,0.0,13.14,1.66,0.0
2023-11-29 07:10:00+00:00,2023-11-29 08:10:00+01:00,0.0,0.0,0.0,0.0,14.07,2.21,0.0
2023-11-29 08:10:00+00:00,2023-11-29 09:10:00+01:00,123.59,67.28,6.49,8.37,14.51,2.76,0.0
2023-11-29 09:10:00+00:00,2023-11-29 10:10:00+01:00,0.0,47.29,5.12,17.37,15.1,3.45,0.0
2023-11-29 10:10:00+00:00,2023-11-29 11:10:00+01:00,0.0,75.61,6.25,24.57,15.55,4.07,0.0
2023-11-29 11:10:00+00:00,2023-11-29 12:10:00+01:00,0.0,46.1,3.16,29.31,16.04,4.41,0.0
2023-11-29 12:10:00+00:00,2023-11-29 13:10:00+01:00,0.0,90.0,5.77,30.99,16.29,4.62,0.0
2023-11-29 13:10:00+00:00,2023-11-29 14:10:00+01:00,0.0,74.37,5.1,29.33,16.49,4.28,0.0
2023-11-29 14:10:00+00:00,2023-11-29 15:10:00+01:00,14.42,116.44,9.69,24.59,16.8,4.34,0.0
2023-11-29 15:10:00+00:00,2023-11-29 16:10:00+01:00,3.34,61.61,6.66,17.4,16.83,4.48,0.0
2023-11-29 16:10:00+00:00,2023-11-29 17:10:00+01:00,0.0,21.15,3.16,8.41,16.7,4.55,0.0
2023-11-29 17:10:00+00:00,2023-11-29 18:10:00+01:00,0.0,0.0,0.0,0.0,16.37,3.93,0.0
2023-11-29 18:10:00+00:00,2023-11-29 19:10:00+01:00,0.0,0.0,0.0,0.0,16.28,3.79,0.0
2023-11-29 19:10:00+00:00,2023-11-29 20:10:00+01:00,0.0,0.0,0.0,0.0,16.23,3.66,0.0
2023-11-29 20:10:00+00:00,2023-11-29 21:10:00+01:00,0.0,0.0,0.0,0.0,16.15,3.31,0.0
2023-11-29 21:10:00+00:00,2023-11-29 22:10:00+01:00,0.0,0.0,0.0,0.0,16.14,2.9,0.0
2023-11-29 22:10:00+00:00,2023-11-29 23:10:00+01:00,0.0,0.0,0.0,0.0,16.09,2.62,0.0
2023-11-29 23:10:00+00:00,2023-11-30 00:10:00+01:00,0.0,0.0,0.0,0.0,16.1,2.21,0.0
2023-11-30 00:10:00+00:00,2023-11-30 01:10:00+01:00,0.0,0.0,0.0,0.0,16.15,2.62,0.0
2023-11-30 01:10:00+00:00,2023-11-30 02:10:00+01:00,0.0,0.0,0.0,0.0,16.15,1.59,0.0
2023-11-30 02:10:00+00:00,2023-11-30 03:10:00+01:00,0.0,0.0,0.0,0.0,16.16,1.52,0.0
2023-11-30 03:10:00+00:00,2023-11-30 04:10:00+01:00,0.0,0.0,0.0,0.0,16.25,2.07,0.0
2023-11-30 04:10:00+00:00,2023-11-30 05:10:00+01:00,0.0,0.0,0.0,0.0,16.35,2.41,0.0
2023-11-30 05:10:00+00:00,2023-11-30 06:10:00+01:00,0.0,0.0,0.0,0.0,16.43,1.86,0.0
2023-11-30 06:10:00+00:00,2023-11-30 07:10:00+01:00,0.0,0.0,0.0,0.0,16.37,2.69,0.0
2023-11-30 07:10:00+00:00,2023-11-30 08:10:00+01:00,0.0,0.0,0.0,0.0,15.88,2.34,0.0
2023-11-30 08:10:00+00:00,2023-11-30 09:10:00+01:00,175.36,79.69,6.95,8.2,16.04,3.24,0.0
2023-11-30 09:10:00+00:00,2023-11-30 10:10:00+01:00,23.7,79.67,8.53,17.18,16.27,3.66,0.0
2023-11-30 10:10:00+00:00,2023-11-30 11:10:00+01:00,104.16,167.27,13.97,24.38,16.69,3.59,0.0
2023-11-30 11:10:00+00:00,2023-11-30 12:10:00+01:00,117.09,207.2,15.04,29.13,17.37,4.62,0.0
2023-11-30 12:10:00+00:00,2023-11-30 13:10:00+01:00,0.0,45.3,2.93,30.82,18.54,5.93,0.0
2023-11-30 13:10:00+00:00,2023-11-30 14:10:00+01:00,0.0,94.31,6.51,29.18,19.33,6.28,0.0
2023-11-30 14:10:00+00:00,2023-11-30 15:10:00+01:00,0.0,37.41,3.1,24.48,19.75,7.17,0.0
2023-11-30 15:10:00+00:00,2023-11-30 16:10:00+01:00,0.0,25.9,2.81,17.31,18.88,7.79,0.0
2023-11-30 16:10:00+00:00,2023-11-30 17:10:00+01:00,0.0,14.85,2.22,8.35,18.17,7.31,0.0
2023-11-30 17:10:00+00:00,2023-11-30 18:10:00+01:00,0.0,0.0,0.0,0.0,17.43,6.0,0.0
2023-11-30 18:10:00+00:00,2023-11-30 19:10:00+01:00,0.0,0.0,0.0,0.0,16.83,5.31,0.0
2023-11-30 19:10:00+00:00,2023-11-30 20:10:00+01:00,0.0,0.0,0.0,0.0,16.56,6.34,0.0
2023-11-30 20:10:00+00:00,2023-11-30 21:10:00+01:00,0.0,0.0,0.0,0.0,16.42,6.0,0.0
2023-11-30 21:10:00+00:00,2023-11-30 22:10:00+01:00,0.0,0.0,0.0,0.0,16.1,6.48,0.0
2023-11-30 22:10:00+00:00,2023-11-30 23:10:00+01:00,0.0,0.0,0.0,0.0,16.16,6.21,0.0
2023-11-30 23:10:00+00:00,2023-12-01 00:10:00+01:00,0.0,0.0,0.0,0.0,16.49,6.62,0.0
2023-12-01 00:10:00+00:00,2023-12-01 01:10:00+01:00,0.0,0.0,0.0,0.0,16.4,7.03,0.0
2023-12-01 01:10:00+00:00,2023-12-01 02:10:00+01:00,0.0,0.0,0.0,0.0,16.28,7.24,0.0
2023-12-01 02:10:00+00:00,2023-12-01 03:10:00+01:00,0.0,0.0,0.0,0.0,16.21,6.83,0.0
2023-12-01 03:10:00+00:00,2023-12-01 04:10:00+01:00,0.0,0.0,0.0,0.0,16.06,7.45,0.0
2023-12-01 04:10:00+00:00,2023-12-01 05:10:00+01:00,0.0,0.0,0.0,0.0,15.94,6.48,0.0
2023-12-01 05:10:00+00:00,2023-12-01 06:10:00+01:00,0.0,0.0,0.0,0.0,15.77,6.21,0.0
2023-12-01 06:10:00+00:00,2023-12-01 07:10:00+01:00,0.0,0.0,0.0,0.0,15.84,6.0,0.0
2023-12-01 07:10:00+00:00,2023-12-01 08:10:00+01:00,0.0,0.0,0.0,0.0,13.49,3.38,0.0
2023-12-01 08:10:00+00:00,2023-12-01 09:10:00+01:00,0.0,5.11,0.77,8.02,12.33,3.24,0.0
2023-12-01 09:10:00+00:00,2023-12-01 10:10:00+01:00,0.0,26.44,2.9,17.0,11.45,3.1,0.0
2023-12-01 10:10:00+00:00,2023-12-01 11:10:00+01:00,0.0,85.15,7.14,24.2,10.95,2.55,0.0
2023-12-01 11:10:00+00:00,2023-12-01 12:10:00+01:00,14.46,147.77,10.42,28.96,10.89,2.34,0.0
2023-12-01 12:10:00+00:00,2023-12-01 13:10:00+01:00,845.25,142.22,25.48,30.66,11.62,2.62,0.0
2023-12-01 13:10:00+00:00,2023-12-01 14:10:00+01:00,877.42,126.38,25.78,29.05,12.6,2.69,0.0
2023-12-01 14:10:00+00:00,2023-12-01 15:10:00+01:00,807.04,138.54,24.02,24.37,13.93,3.31,0.0
2023-12-01 15:10:00+00:00,2023-12-01 16:10:00+01:00,692.12,140.52,19.07,17.23,14.74,3.52,0.0
2023-12-01 16:10:00+00:00,2023-12-01 17:10:00+01:00,527.18,117.26,9.76,8.29,14.86,2.69,0.0
2023-12-01 17:10:00+00:00,2023-12-01 18:10:00+01:00,0.0,0.0,0.0,0.0,14.12,2.69,0.0
2023-12-01 18:10:00+00:00,2023-12-01 19:10:00+01:00,0.0,0.0,0.0,0.0,13.2,2.76,0.0
2023-12-01 19:10:00+00:00,2023-12-01 20:10:00+01:00,0.0,0.0,0.0,0.0,12.45,3.24,0.0
2023-12-01 20:10:00+00:00,2023-12-01 21:10:00+01:00,0.0,0.0,0.0,0.0,11.98,3.03,0.0
2023-12-01 21:10:00+00:00,2023-12-01 22:10:00+01:00,0.0,0.0,0.0,0.0,11.18,2.76,0.0
2023-12-01 22:10:00+00:00,2023-12-01 23:10:00+01:00,0.0,0.0,0.0,0.0,10.2,2.41,0.0
2023-12-01 23:10:00+00:00,2023-12-02 00:10:00+01:00,0.0,0.0,0.0,0.0,9.33,2.14,0.0
2023-12-02 00:10:00+00:00,2023-12-02 01:10:00+01:00,0.0,0.0,0.0,0.0,8.33,1.93,0.0
2023-12-02 01:10:00+00:00,2023-12-02 02:10:00+01:00,0.0,0.0,0.0,0.0,7.29,1.66,0.0
2023-12-02 02:10:00+00:00,2023-12-02 03:10:00+01:00,0.0,0.0,0.0,0.0,6.59,1.66,0.0
2023-12-02 03:10:00+00:00,2023-12-02 04:10:00+01:00,0.0,0.0,0.0,0.0,5.99,1.66,0.0
2023-12-02 04:10:00+00:00,2023-12-02 05:10:00+01:00,0.0,0.0,0.0,0.0,5.43,1.72,0.0
2023-12-02 05:10:00+00:00,2023-12-02 06:10:00+01:00,0.0,0.0,0.0,0.0,5.01,1.79,0.0
2023-12-02 06:10:00+00:00,2023-12-02 07:10:00+01:00,0.0,0.0,0.0,0.0,4.64,1.86,0.0
2023-12-02 07:10:00+00:00,2023-12-02 08:10:00+01:00,0.0,0.0,0.0,0.0,4.47,1.66,0.0
2023-12-02 08:10:00+00:00,2023-12-02 09:10:00+01:00,388.03,119.01,8.63,7.85,5.83,0.97,0.0
2023-12-02 09:10:00+00:00,2023-12-02 10:10:00+01:00,224.53,153.03,14.07,16.83,8.04,0.62,0.0
2023-12-02 10:10:00+00:00,2023-12-02 11:10:00+01:00,596.83,205.17,22.17,24.03,10.28,0.55,0.0
2023-12-02 11:10:00+00:00,2023-12-02 12:10:00+01:00,928.27,118.37,26.7,28.79,11.72,0.21,0.0
2023-12-02 12:10:00+00:00,2023-12-02 13:10:00+01:00,918.05,126.4,26.69,30.5,12.82,0.69,0.0
2023-12-02 13:10:00+00:00,2023-12-02 14:10:00+01:00,903.74,128.52,26.44,28.92,13.69,1.45,0.0
2023-12-02 14:10:00+00:00,2023-12-02 15:10:00+01:00,834.5,139.61,24.62,24.27,14.13,1.66,0.0
2023-12-02 15:10:00+00:00,2023-12-02 16:10:00+01:00,749.23,139.5,19.95,17.16,14.23,1.86,0.0
2023-12-02 16:10:00+00:00,2023-12-02 17:10:00+01:00,425.69,120.49,9.17,8.24,13.96,1.86,0.0
2023-12-02 17:10:00+00:00,2023-12-02 18:10:00+01:00,0.0,0.0,0.0,0.0,13.19,1.59,0.0
2023-12-02 18:10:00+00:00,2023-12-02 19:10:00+01:00,0.0,0.0,0.0,0.0,12.14,1.59,0.0
2023-12-02 19:10:00+00:00,2023-12-02 20:10:00+01:00,0.0,0.0,0.0,0.0,11.19,1.59,0.0
2023-12-02 20:10:00+00:00,2023-12-02 21:10:00+01:00,0.0,0.0,0.0,0.0,10.39,1.52,0.0
2023-12-02 21:10:00+00:00,2023-12-02 22:10:00+01:00,0.0,0.0,0.0,0.0,9.31,1.59,0.0
2023-12-02 22:10:00+00:00,2023-12-02 23:10:00+01:00,0.0,0.0,0.0,0.0,8.3,1.52,0.0
2023-12-02 23:10:00+00:00,2023-12-03 00:10:00+01:00,0.0,0.0,0.0,0.0,8.1,1.24,0.0
2023-12-03 00:10:00+00:00,2023-12-03 01:10:00+01:00,0.0,0.0,0.0,0.0,8.94,0.76,0.0
2023-12-03 01:10:00+00:00,2023-12-03 02:10:00+01:00,0.0,0.0,0.0,0.0,8.44,0.28,0.0
2023-12-03 02:10:00+00:00,2023-12-03 03:10:00+01:00,0.0,0.0,0.0,0.0,6.61,1.17,0.0
2023-12-03 03:10:00+00:00,2023-12-03 04:10:00+01:00,0.0,0.0,0.0,0.0,5.06,1.52,0.0
2023-12-03 04:10:00+00:00,2023-12-03 05:10:00+01:00,0.0,0.0,0.0,0.0,4.39,1.66,0.0
2023-12-03 05:10:00+00:00,2023-12-03 06:10:00+01:00,0.0,0.0,0.0,0.0,4.03,1.72,0.0
2023-12-03 06:10:00+00:00,2023-12-03 07:10:00+01:00,0.0,0.0,0.0,0.0,3.88,1.66,0.0
2023-12-03 07:10:00+00:00,2023-12-03 08:10:00+01:00,0.0,0.0,0.0,0.0,3.41,1.79,0.0
2023-12-03 08:10:00+00:00,2023-12-03 09:10:00+01:00,396.42,117.78,8.49,7.68,3.66,1.59,0.0
2023-12-03 09:10:00+00:00,2023-12-03 10:10:00+01:00,652.39,157.37,18.69,16.66,7.0,1.52,0.0
2023-12-03 10:10:00+00:00,2023-12-03 11:10:00+01:00,828.33,140.73,24.42,23.86,9.69,1.79,0.0
2023-12-03 11:10:00+00:00,2023-12-03 12:10:00+01:00,910.15,122.93,26.41,28.62,11.88,2.0,0.0
2023-12-03 12:10:00+00:00,2023-12-03 13:10:00+01:00,912.16,126.44,26.56,30.36,13.38,1.93,0.0
2023-12-03 13:10:00+00:00,2023-12-03 14:10:00+01:00,707.93,197.64,24.36,28.8,14.32,1.31,0.0
2023-12-03 14:10:00+00:00,2023-12-03 15:10:00+01:00,126.97,179.16,14.94,24.18,14.92,0.62,0.0
2023-12-03 15:10:00+00:00,2023-12-03 16:10:00+01:00,3.4,61.39,6.71,17.09,15.14,0.28,0.0
2023-12-03 16:10:00+00:00,2023-12-03 17:10:00+01:00,449.0,117.88,9.17,8.19,14.82,0.76,0.0
2023-12-03 17:10:00+00:00,2023-12-03 18:10:00+01:00,0.0,0.0,0.0,0.0,13.89,1.31,0.0
2023-12-03 18:10:00+00:00,2023-12-03 19:10:00+01:00,0.0,0.0,0.0,0.0,12.09,1.17,0.0
2023-12-03 19:10:00+00:00,2023-12-03 20:10:00+01:00,0.0,0.0,0.0,0.0,9.6,1.17,0.0
2023-12-03 20:10:00+00:00,2023-12-03 21:10:00+01:00,0.0,0.0,0.0,0.0,10.06,0.55,0.0
2023-12-03 21:10:00+00:00,2023-12-03 22:10:00+01:00,0.0,0.0,0.0,0.0,9.14,0.9,0.0
2023-12-03 22:10:00+00:00,2023-12-03 23:10:00+01:00,0.0,0.0,0.0,0.0,8.77,0.76,0.0
2023-12-03 23:10:00+00:00,2023-12-04 00:10:00+01:00,0.0,0.0,0.0,0.0,8.61,0.69,0.0
2023-12-04 00:10:00+00:00,2023-12-04 01:10:00+01:00,0.0,0.0,0.0,0.0,7.29,1.17,0.0
2023-12-04 01:10:00+00:00,2023-12-04 02:10:00+01:00,0.0,0.0,0.0,0.0,6.98,1.24,0.0
2023-12-04 02:10:00+00:00,2023-12-04 03:10:00+01:00,0.0,0.0,0.0,0.0,7.04,1.17,0.0
2023-12-04 03:10:00+00:00,2023-12-04 04:10:00+01:00,0.0,0.0,0.0,0.0,7.72,0.83,0.0
2023-12-04 04:10:00+00:00,2023-12-04 05:10:00+01:00,0.0,0.0,0.0,0.0,7.08,1.24,0.0
2023-12-04 05:10:00+00:00,2023-12-04 06:10:00+01:00,0.0,0.0,0.0,0.0,7.47,1.45,0.0
2023-12-04 06:10:00+00:00,2023-12-04 07:10:00+01:00,0.0,0.0,0.0,0.0,7.81,1.24,0.0
2023-12-04 07:10:00+00:00,2023-12-04 08:10:00+01:00,0.0,0.0,0.0,0.0,8.64,1.52,0.0
2023-12-04 08:10:00+00:00,2023-12-04 09:10:00+01:00,7.64,24.18,3.56,7.52,8.92,1.38,0.0
2023-12-04 09:10:00+00:00,2023-12-04 10:10:00+01:00,0.0,35.23,3.94,16.49,9.65,1.03,0.0
2023-12-04 10:10:00+00:00,2023-12-04 11:10:00+01:00,4.98,101.13,8.67,23.69,10.41,0.83,0.0
2023-12-04 11:10:00+00:00,2023-12-04 12:10:00+01:00,0.0,112.04,7.96,28.47,10.8,0.62,0.0
2023-12-04 12:10:00+00:00,2023-12-04 13:10:00+01:00,0.0,77.3,5.12,30.22,11.57,0.34,0.0
2023-12-04 13:10:00+00:00,2023-12-04 14:10:00+01:00,0.0,90.87,6.4,28.68,12.31,0.41,0.0
2023-12-04 14:10:00+00:00,2023-12-04 15:10:00+01:00,2.45,96.08,8.11,24.09,12.46,1.1,0.0
2023-12-04 15:10:00+00:00,2023-12-04 16:10:00+01:00,6.83,68.01,7.43,17.03,12.36,1.45,0.0
2023-12-04 16:10:00+00:00,2023-12-04 17:10:00+01:00,14.1,28.73,4.03,8.16,12.09,1.66,0.0
2023-12-04 17:10:00+00:00,2023-12-04 18:10:00+01:00,0.0,0.0,0.0,0.0,11.75,1.45,0.0
2023-12-04 18:10:00+00:00,2023-12-04 19:10:00+01:00,0.0,0.0,0.0,0.0,11.16,1.52,0.0
2023-12-04 19:10:00+00:00,2023-12-04 20:10:00+01:00,0.0,0.0,0.0,0.0,10.22,1.45,0.0
2023-12-04 20:10:00+00:00,2023-12-04 21:10:00+01:00,0.0,0.0,0.0,0.0,9.86,1.45,0.0
2023-12-04 21:10:00+00:00,2023-12-04 22:10:00+01:00,0.0,0.0,0.0,0.0,8.94,1.38,0.0
2023-12-04 22:10:00+00:00,2023-12-04 23:10:00+01:00,0.0,0.0,0.0,0.0,7.84,1.17,0.0
2023-12-04 23:10:00+00:00,2023-12-05 00:10:00+01:00,0.0,0.0,0.0,0.0,6.88,1.38,0.0
2023-12-05 00:10:00+00:00,2023-12-05 01:10:00+01:00,0.0,0.0,0.0,0.0,6.34,1.72,0.0
2023-12-05 01:10:00+00:00,2023-12-05 02:10:00+01:00,0.0,0.0,0.0,0.0,5.87,1.59,0.0
2023-12-05 02:10:00+00:00,2023-12-05 03:10:00+01:00,0.0,0.0,0.0,0.0,6.3,1.79,0.0
2023-12-05 03:10:00+00:00,2023-12-05 04:10:00+01:00,0.0,0.0,0.0,0.0,6.76,2.0,0.0
2023-12-05 04:10:00+00:00,2023-12-05 05:10:00+01:00,0.0,0.0,0.0,0.0,6.5,2.14,0.0
2023-12-05 05:10:00+00:00,2023-12-05 06:10:00+01:00,0.0,0.0,0.0,0.0,6.37,2.34,0.0
2023-12-05 06:10:00+00:00,2023-12-05 07:10:00+01:00,0.0,0.0,0.0,0.0,6.33,2.69,0.0
2023-12-05 07:10:00+00:00,2023-12-05 08:10:00+01:00,0.0,0.0,0.0,0.0,6.35,2.97,0.0
2023-12-05 08:10:00+00:00,2023-12-05 09:10:00+01:00,0.0,20.25,3.14,7.36,6.48,3.17,0.0
2023-12-05 09:10:00+00:00,2023-12-05 10:10:00+01:00,0.0,52.41,5.89,16.33,7.02,3.45,0.0
2023-12-05 10:10:00+00:00,2023-12-05 11:10:00+01:00,37.57,132.28,11.41,23.53,7.89,3.66,0.0
2023-12-05 11:10:00+00:00,2023-12-05 12:10:00+01:00,75.9,188.65,13.88,28.32,8.79,3.38,0.0
2023-12-05 12:10:00+00:00,2023-12-05 13:10:00+01:00,173.55,234.36,16.76,30.08,9.76,3.03,0.0
2023-12-05 13:10:00+00:00,2023-12-05 14:10:00+01:00,0.0,40.59,2.87,28.57,11.44,2.83,0.0
2023-12-05 14:10:00+00:00,2023-12-05 15:10:00+01:00,0.0,70.22,5.93,24.01,12.56,2.69,0.0
2023-12-05 15:10:00+00:00,2023-12-05 16:10:00+01:00,0.0,54.15,5.95,16.98,13.22,2.76,0.0
2023-12-05 16:10:00+00:00,2023-12-05 17:10:00+01:00,56.6,45.73,5.32,8.13,13.01,2.62,0.0
2023-12-05 17:10:00+00:00,2023-12-05 18:10:00+01:00,0.0,0.0,0.0,0.0,12.42,2.9,0.0
2023-12-05 18:10:00+00:00,2023-12-05 19:10:00+01:00,0.0,0.0,0.0,0.0,12.04,2.83,0.0
2023-12-05 19:10:00+00:00,2023-12-05 20:10:00+01:00,0.0,0.0,0.0,0.0,12.14,3.38,0.0
2023-12-05 20:10:00+00:00,2023-12-05 21:10:00+01:00,0.0,0.0,0.0,0.0,11.97,2.76,0.0
2023-12-05 21:10:00+00:00,2023-12-05 22:10:00+01:00,0.0,0.0,0.0,0.0,11.52,2.76,0.0
2023-12-05 22:10:00+00:00,2023-12-05 23:10:00+01:00,0.0,0.0,0.0,0.0,11.31,2.9,0.0
2023-12-05 23:10:00+00:00,2023-12-06 00:10:00+01:00,0.0,0.0,0.0,0.0,11.13,2.83,0.0
2023-12-06 00:10:00+00:00,2023-12-06 01:10:00+01:00,0.0,0.0,0.0,0.0,10.91,2.9,0.0
2023-12-06 01:10:00+00:00,2023-12-06 02:10:00+01:00,0.0,0.0,0.0,0.0,10.68,2.97,0.0
2023-12-06 02:10:00+00:00,2023-12-06 03:10:00+01:00,0.0,0.0,0.0,0.0,10.27,2.9,0.0
2023-12-06 03:10:00+00:00,2023-12-06 04:10:00+01:00,0.0,0.0,0.0,0.0,10.47,2.62,0.0
2023-12-06 04:10:00+00:00,2023-12-06 05:10:00+01:00,0.0,0.0,0.0,0.0,10.55,2.48,0.0
2023-12-06 05:10:00+00:00,2023-12-06 06:10:00+01:00,0.0,0.0,0.0,0.0,10.42,2.48,0.0
2023-12-06 06:10:00+00:00,2023-12-06 07:10:00+01:00,0.0,0.0,0.0,0.0,10.09,2.55,0.0
2023-12-06 07:10:00+00:00,2023-12-06 08:10:00+01:00,0.0,0.0,0.0,0.0,11.16,1.93,0.0
2023-12-06 08:10:00+00:00,2023-12-06 09:10:00+01:00,7.97,21.19,3.15,7.21,11.3,2.0,0.0
2023-12-06 09:10:00+00:00,2023-12-06 10:10:00+01:00,0.0,27.43,3.1,16.17,11.61,2.0,0.0
2023-12-06 10:10:00+00:00,2023-12-06 11:10:00+01:00,0.0,48.1,4.16,23.38,12.22,2.07,0.0
2023-12-06 11:10:00+00:00,2023-12-06 12:10:00+01:00,0.0,62.46,4.49,28.17,13.19,1.72,0.0
2023-12-06 12:10:00+00:00,2023-12-06 13:10:00+01:00,0.0,56.89,3.8,29.96,14.07,1.79,0.0
2023-12-06 13:10:00+00:00,2023-12-06 14:10:00+01:00,0.0,111.31,7.9,28.47,14.79,1.17,0.0
2023-12-06 14:10:00+00:00,2023-12-06 15:10:00+01:00,0.0,66.65,5.65,23.94,15.24,0.69,0.0
2023-12-06 15:10:00+00:00,2023-12-06 16:10:00+01:00,0.0,45.74,5.03,16.93,15.3,1.38,0.0
2023-12-06 16:10:00+00:00,2023-12-06 17:10:00+01:00,156.14,73.52,6.62,8.1,15.32,1.52,0.0
2023-12-06 17:10:00+00:00,2023-12-06 18:10:00+01:00,0.0,0.0,0.0,0.0,14.82,1.38,0.0
2023-12-06 18:10:00+00:00,2023-12-06 19:10:00+01:00,0.0,0.0,0.0,0.0,14.27,1.17,0.0
2023-12-06 19:10:00+00:00,2023-12-06 20:10:00+01:00,0.0,0.0,0.0,0.0,13.4,0.97,0.0
2023-12-06 20:10:00+00:00,2023-12-06 21:10:00+01:00,0.0,0.0,0.0,0.0,13.27,0.69,0.0
2023-12-06 21:10:00+00:00,2023-12-06 22:10:00+01:00,0.0,0.0,0.0,0.0,13.11,0.83,0.0
2023-12-06 22:10:00+00:00,2023-12-06 23:10:00+01:00,0.0,0.0,0.0,0.0,12.89,1.03,0.0
2023-12-06 23:10:00+00:00,2023-12-07 00:10:00+01:00,0.0,0.0,0.0,0.0,12.94,0.97,0.0
2023-12-07 00:10:00+00:00,2023-12-07 01:10:00+01:00,0.0,0.0,0.0,0.0,12.87,0.9,0.0
2023-12-07 01:10:00+00:00,2023-12-07 02:10:00+01:00,0.0,0.0,0.0,0.0,12.9,0.69,0.0
2023-12-07 02:10:00+00:00,2023-12-07 03:10:00+01:00,0.0,0.0,0.0,0.0,12.94,0.55,0.0
2023-12-07 03:10:00+00:00,2023-12-07 04:10:00+01:00,0.0,0.0,0.0,0.0,12.99,0.62,0.0
2023-12-07 04:10:00+00:00,2023-12-07 05:10:00+01:00,0.0,0.0,0.0,0.0,13.0,0.41,0.0
2023-12-07 05:10:00+00:00,2023-12-07 06:10:00+01:00,0.0,0.0,0.0,0.0,12.91,0.62,0.0
2023-12-07 06:10:00+00:00,2023-12-07 07:10:00+01:00,0.0,0.0,0.0,0.0,13.0,0.41,0.0
2023-12-07 07:10:00+00:00,2023-12-07 08:10:00+01:00,0.0,0.0,0.0,0.0,12.87,0.48,0.0
2023-12-07 08:10:00+00:00,2023-12-07 09:10:00+01:00,0.0,16.24,2.54,7.05,12.75,0.9,0.0
2023-12-07 09:10:00+00:00,2023-12-07 10:10:00+01:00,0.0,47.11,5.36,16.02,13.72,0.97,0.0
2023-12-07 10:10:00+00:00,2023-12-07 11:10:00+01:00,10.14,103.91,9.08,23.23,14.73,1.52,0.0
2023-12-07 11:10:00+00:00,2023-12-07 12:10:00+01:00,17.02,144.88,10.6,28.03,15.76,2.0,0.0
2023-12-07 12:10:00+00:00,2023-12-07 13:10:00+01:00,54.26,185.13,12.86,29.84,16.42,2.21,0.0
2023-12-07 13:10:00+00:00,2023-12-07 14:10:00+01:00,58.91,176.78,12.96,28.38,17.09,2.69,0.0
2023-12-07 14:10:00+00:00,2023-12-07 15:10:00+01:00,299.0,204.17,17.8,23.87,17.13,2.97,0.0
2023-12-07 15:10:00+00:00,2023-12-07 16:10:00+01:00,120.48,119.89,11.78,16.89,17.03,3.24,0.0
2023-12-07 16:10:00+00:00,2023-12-07 17:10:00+01:00,7.11,25.36,3.7,8.08,16.72,3.03,0.0
2023-12-07 17:10:00+00:00,2023-12-07 18:10:00+01:00,0.0,0.0,0.0,0.0,16.0,2.48,0.0
2023-12-07 18:10:00+00:00,2023-12-07 19:10:00+01:00,0.0,0.0,0.0,0.0,15.13,2.14,0.0
2023-12-07 19:10:00+00:00,2023-12-07 20:10:00+01:00,0.0,0.0,0.0,0.0,14.59,2.62,0.0
2023-12-07 20:10:00+00:00,2023-12-07 21:10:00+01:00,0.0,0.0,0.0,0.0,14.34,2.62,0.0
2023-12-07 21:10:00+00:00,2023-12-07 22:10:00+01:00,0.0,0.0,0.0,0.0,14.27,2.76,0.0
2023-12-07 22:10:00+00:00,2023-12-07 23:10:00+01:00,0.0,0.0,0.0,0.0,14.19,3.52,0.0
2023-12-07 23:10:00+00:00,2023-12-08 00:10:00+01:00,0.0,0.0,0.0,0.0,14.34,3.86,0.0
2023-12-08 00:10:00+00:00,2023-12-08 01:10:00+01:00,0.0,0.0,0.0,0.0,14.55,3.59,0.0
2023-12-08 01:10:00+00:00,2023-12-08 02:10:00+01:00,0.0,0.0,0.0,0.0,14.69,4.07,0.0
2023-12-08 02:10:00+00:00,2023-12-08 03:10:00+01:00,0.0,0.0,0.0,0.0,14.89,4.55,0.0
2023-12-08 03:10:00+00:00,2023-12-08 04:10:00+01:00,0.0,0.0,0.0,0.0,14.86,4.83,0.0
2023-12-08 04:10:00+00:00,2023-12-08 05:10:00+01:00,0.0,0.0,0.0,0.0,14.97,4.55,0.0
2023-12-08 05:10:00+00:00,2023-12-08 06:10:00+01:00,0.0,0.0,0.0,0.0,14.75,4.07,0.0
2023-12-08 06:10:00+00:00,2023-12-08 07:10:00+01:00,0.0,0.0,0.0,0.0,14.68,2.9,0.0
2023-12-08 07:10:00+00:00,2023-12-08 08:10:00+01:00,0.0,0.0,0.0,0.0,14.11,2.55,0.0
2023-12-08 08:10:00+00:00,2023-12-08 09:10:00+01:00,99.77,53.41,5.19,6.91,13.51,2.48,0.0
2023-12-08 09:10:00+00:00,2023-12-08 10:10:00+01:00,734.77,131.81,18.67,15.88,14.09,2.55,0.0
2023-12-08 10:10:00+00:00,2023-12-08 11:10:00+01:00,601.8,191.47,21.58,23.09,14.81,3.03,0.0
2023-12-08 11:10:00+00:00,2023-12-08 12:10:00+01:00,841.89,139.09,25.32,27.9,15.6,3.52,0.0
2023-12-08 12:10:00+00:00,2023-12-08 13:10:00+01:00,332.72,251.33,19.66,29.73,16.05,3.38,0.0
2023-12-08 13:10:00+00:00,2023-12-08 14:10:00+01:00,0.0,100.8,7.21,28.29,16.47,2.97,0.0
2023-12-08 14:10:00+00:00,2023-12-08 15:10:00+01:00,104.03,165.45,14.01,23.81,16.61,3.24,0.0
2023-12-08 15:10:00+00:00,2023-12-08 16:10:00+01:00,137.96,126.99,12.28,16.85,16.51,3.38,0.0
2023-12-08 16:10:00+00:00,2023-12-08 17:10:00+01:00,427.51,114.74,8.85,8.07,16.21,3.1,0.0
2023-12-08 17:10:00+00:00,2023-12-08 18:10:00+01:00,0.0,0.0,0.0,0.0,15.1,2.41,0.0
2023-12-08 18:10:00+00:00,2023-12-08 19:10:00+01:00,0.0,0.0,0.0,0.0,14.21,2.07,0.0
2023-12-08 19:10:00+00:00,2023-12-08 20:10:00+01:00,0.0,0.0,0.0,0.0,13.34,2.14,0.0
2023-12-08 20:10:00+00:00,2023-12-08 21:10:00+01:00,0.0,0.0,0.0,0.0,12.42,2.14,0.0
2023-12-08 21:10:00+00:00,2023-12-08 22:10:00+01:00,0.0,0.0,0.0,0.0,12.1,1.72,0.0
2023-12-08 22:10:00+00:00,2023-12-08 23:10:00+01:00,0.0,0.0,0.0,0.0,11.31,1.72,0.0
2023-12-08 23:10:00+00:00,2023-12-09 00:10:00+01:00,0.0,0.0,0.0,0.0,10.38,1.72,0.0
2023-12-09 00:10:00+00:00,2023-12-09 01:10:00+01:00,0.0,0.0,0.0,0.0,9.73,1.52,0.0
2023-12-09 01:10:00+00:00,2023-12-09 02:10:00+01:00,0.0,0.0,0.0,0.0,9.84,1.24,0.0
2023-12-09 02:10:00+00:00,2023-12-09 03:10:00+01:00,0.0,0.0,0.0,0.0,9.95,0.97,0.0
2023-12-09 03:10:00+00:00,2023-12-09 04:10:00+01:00,0.0,0.0,0.0,0.0,10.02,0.83,0.0
2023-12-09 04:10:00+00:00,2023-12-09 05:10:00+01:00,0.0,0.0,0.0,0.0,9.85,0.69,0.0
2023-12-09 05:10:00+00:00,2023-12-09 06:10:00+01:00,0.0,0.0,0.0,0.0,9.49,0.28,0.0
2023-12-09 06:10:00+00:00,2023-12-09 07:10:00+01:00,0.0,0.0,0.0,0.0,9.26,0.55,0.0
2023-12-09 07:10:00+00:00,2023-12-09 08:10:00+01:00,0.0,0.0,0.0,0.0,8.74,1.03,0.0
2023-12-09 08:10:00+00:00,2023-12-09 09:10:00+01:00,339.52,99.83,6.97,6.77,8.51,1.1,0.0
2023-12-09 09:10:00+00:00,2023-12-09 10:10:00+01:00,442.5,163.22,15.74,15.73,10.88,0.69,0.0
2023-12-09 10:10:00+00:00,2023-12-09 11:10:00+01:00,753.89,148.03,22.88,22.95,13.65,0.62,0.0
2023-12-09 11:10:00+00:00,2023-12-09 12:10:00+01:00,804.57,146.42,24.72,27.78,15.24,0.34,0.0
2023-12-09 12:10:00+00:00,2023-12-09 13:10:00+01:00,667.57,200.93,23.61,29.63,16.3,0.0,0.0
2023-12-09 13:10:00+00:00,2023-12-09 14:10:00+01:00,767.79,161.05,24.41,28.22,17.1,0.34,0.0
2023-12-09 14:10:00+00:00,2023-12-09 15:10:00+01:00,697.41,165.96,22.57,23.76,17.53,0.62,0.0
2023-12-09 15:10:00+00:00,2023-12-09 16:10:00+01:00,480.15,167.98,16.84,16.83,17.61,0.83,0.0
2023-12-09 16:10:00+00:00,2023-12-09 17:10:00+01:00,263.85,97.23,7.65,8.06,17.29,0.83,0.0
2023-12-09 17:10:00+00:00,2023-12-09 18:10:00+01:00,0.0,0.0,0.0,0.0,16.4,0.69,0.0
2023-12-09 18:10:00+00:00,2023-12-09 19:10:00+01:00,0.0,0.0,0.0,0.0,15.56,0.14,0.0
2023-12-09 19:10:00+00:00,2023-12-09 20:10:00+01:00,0.0,0.0,0.0,0.0,15.78,0.62,0.0
2023-12-09 20:10:00+00:00,2023-12-09 21:10:00+01:00,0.0,0.0,0.0,0.0,15.7,0.62,0.0
2023-12-09 21:10:00+00:00,2023-12-09 22:10:00+01:00,0.0,0.0,0.0,0.0,15.59,0.41,0.0
2023-12-09 22:10:00+00:00,2023-12-09 23:10:00+01:00,0.0,0.0,0.0,0.0,15.22,0.21,0.0
2023-12-09 23:10:00+00:00,2023-12-10 00:10:00+01:00,0.0,0.0,0.0,0.0,14.54,0.76,0.0
2023-12-10 00:10:00+00:00,2023-12-10 01:10:00+01:00,0.0,0.0,0.0,0.0,13.27,1.31,0.0
2023-12-10 01:10:00+00:00,2023-12-10 02:10:00+01:00,0.0,0.0,0.0,0.0,12.9,1.24,0.0
2023-12-10 02:10:00+00:00,2023-12-10 03:10:00+01:00,0.0,0.0,0.0,0.0,12.36,1.38,0.0
2023-12-10 03:10:00+00:00,2023-12-10 04:10:00+01:00,0.0,0.0,0.0,0.0,11.97,1.45,0.0
2023-12-10 04:10:00+00:00,2023-12-10 05:10:00+01:00,0.0,0.0,0.0,0.0,11.1,1.66,0.0
2023-12-10 05:10:00+00:00,2023-12-10 06:10:00+01:00,0.0,0.0,0.0,0.0,10.59,1.72,0.0
2023-12-10 06:10:00+00:00,2023-12-10 07:10:00+01:00,0.0,0.0,0.0,0.0,10.13,1.86,0.0
2023-12-10 07:10:00+00:00,2023-12-10 08:10:00+01:00,0.0,0.0,0.0,0.0,9.42,1.59,0.0
2023-12-10 08:10:00+00:00,2023-12-10 09:10:00+01:00,355.21,102.39,6.99,6.63,9.42,1.66,0.0
2023-12-10 09:10:00+00:00,2023-12-10 10:10:00+01:00,658.22,143.79,17.69,15.6,12.46,1.38,0.0
2023-12-10 10:10:00+00:00,2023-12-10 11:10:00+01:00,812.07,135.84,23.63,22.82,15.01,1.93,0.0
2023-12-10 11:10:00+00:00,2023-12-10 12:10:00+01:00,863.7,131.27,25.55,27.66,16.43,2.41,0.0
2023-12-10 12:10:00+00:00,2023-12-10 13:10:00+01:00,892.74,124.15,26.07,29.53,17.6,2.41,0.0
2023-12-10 13:10:00+00:00,2023-12-10 14:10:00+01:00,854.37,135.84,25.52,28.14,18.53,2.21,0.0
2023-12-10 14:10:00+00:00,2023-12-10 15:10:00+01:00,785.66,144.43,23.61,23.72,19.11,1.86,0.0
2023-12-10 15:10:00+00:00,2023-12-10 16:10:00+01:00,650.18,149.59,18.48,16.81,19.31,1.52,0.0
2023-12-10 16:10:00+00:00,2023-12-10 17:10:00+01:00,278.14,100.86,7.82,8.06,18.97,1.1,0.0
2023-12-10 17:10:00+00:00,2023-12-10 18:10:00+01:00,0.0,0.0,0.0,0.0,17.95,1.17,0.0
2023-12-10 18:10:00+00:00,2023-12-10 19:10:00+01:00,0.0,0.0,0.0,0.0,15.86,1.1,0.0
2023-12-10 19:10:00+00:00,2023-12-10 20:10:00+01:00,0.0,0.0,0.0,0.0,14.52,1.31,0.0
2023-12-10 20:10:00+00:00,2023-12-10 21:10:00+01:00,0.0,0.0,0.0,0.0,13.5,1.24,0.0
2023-12-10 21:10:00+00:00,2023-12-10 22:10:00+01:00,0.0,0.0,0.0,0.0,12.71,1.17,0.0
2023-12-10 22:10:00+00:00,2023-12-10 23:10:00+01:00,0.0,0.0,0.0,0.0,11.89,1.24,0.0
2023-12-10 23:10:00+00:00,2023-12-11 00:10:00+01:00,0.0,0.0,0.0,0.0,10.84,1.38,0.0
2023-12-11 00:10:00+00:00,2023-12-11 01:10:00+01:00,0.0,0.0,0.0,0.0,9.95,1.59,0.0
2023-12-11 01:10:00+00:00,2023-12-11 02:10:00+01:00,0.0,0.0,0.0,0.0,9.32,1.59,0.0
2023-12-11 02:10:00+00:00,2023-12-11 03:10:00+01:00,0.0,0.0,0.0,0.0,8.77,1.72,0.0
2023-12-11 03:10:00+00:00,2023-12-11 04:10:00+01:00,0.0,0.0,0.0,0.0,8.55,1.93,0.0
2023-12-11 04:10:00+00:00,2023-12-11 05:10:00+01:00,0.0,0.0,0.0,0.0,8.45,2.07,0.0
2023-12-11 05:10:00+00:00,2023-12-11 06:10:00+01:00,0.0,0.0,0.0,0.0,8.49,2.21,0.0
2023-12-11 06:10:00+00:00,2023-12-11 07:10:00+01:00,0.0,0.0,0.0,0.0,8.43,2.07,0.0
2023-12-11 07:10:00+00:00,2023-12-11 08:10:00+01:00,0.0,0.0,0.0,0.0,8.87,2.14,0.0
2023-12-11 08:10:00+00:00,2023-12-11 09:10:00+01:00,265.21,91.85,6.39,6.5,9.56,2.14,0.0
2023-12-11 09:10:00+00:00,2023-12-11 10:10:00+01:00,397.43,165.76,15.33,15.47,11.45,2.14,0.0
2023-12-11 10:10:00+00:00,2023-12-11 11:10:00+01:00,697.05,170.88,22.48,22.7,13.97,2.07,0.0
2023-12-11 11:10:00+00:00,2023-12-11 12:10:00+01:00,858.22,136.39,25.58,27.55,16.27,1.86,0.0
2023-12-11 12:10:00+00:00,2023-12-11 13:10:00+01:00,828.06,151.0,25.42,29.44,18.18,1.45,0.0
2023-12-11 13:10:00+00:00,2023-12-11 14:10:00+01:00,524.74,231.78,22.12,28.08,19.43,0.9,0.0
2023-12-11 14:10:00+00:00,2023-12-11 15:10:00+01:00,393.41,215.16,19.45,23.68,20.12,0.48,0.0
2023-12-11 15:10:00+00:00,2023-12-11 16:10:00+01:00,321.89,165.5,15.22,16.79,20.37,0.21,0.0
2023-12-11 16:10:00+00:00,2023-12-11 17:10:00+01:00,149.66,74.5,6.71,8.07,19.75,0.07,0.0
2023-12-11 17:10:00+00:00,2023-12-11 18:10:00+01:00,0.0,0.0,0.0,0.0,18.93,0.28,0.0
2023-12-11 18:10:00+00:00,2023-12-11 19:10:00+01:00,0.0,0.0,0.0,0.0,17.69,0.48,0.0
2023-12-11 19:10:00+00:00,2023-12-11 20:10:00+01:00,0.0,0.0,0.0,0.0,16.63,0.83,0.0
2023-12-11 20:10:00+00:00,2023-12-11 21:10:00+01:00,0.0,0.0,0.0,0.0,13.71,1.38,0.0
2023-12-11 21:10:00+00:00,2023-12-11 22:10:00+01:00,0.0,0.0,0.0,0.0,12.51,1.38,0.0
2023-12-11 22:10:00+00:00,2023-12-11 23:10:00+01:00,0.0,0.0,0.0,0.0,11.49,1.38,0.0
2023-12-11 23:10:00+00:00,2023-12-12 00:10:00+01:00,0.0,0.0,0.0,0.0,10.77,1.45,0.0
2023-12-12 00:10:00+00:00,2023-12-12 01:10:00+01:00,0.0,0.0,0.0,0.0,10.48,1.38,0.0
2023-12-12 01:10:00+00:00,2023-12-12 02:10:00+01:00,0.0,0.0,0.0,0.0,10.28,1.31,0.0
2023-12-12 02:10:00+00:00,2023-12-12 03:10:00+01:00,0.0,0.0,0.0,0.0,9.99,1.31,0.0
2023-12-12 03:10:00+00:00,2023-12-12 04:10:00+01:00,0.0,0.0,0.0,0.0,9.6,1.38,0.0
2023-12-12 04:10:00+00:00,2023-12-12 05:10:00+01:00,0.0,0.0,0.0,0.0,9.5,1.31,0.0
2023-12-12 05:10:00+00:00,2023-12-12 06:10:00+01:00,0.0,0.0,0.0,0.0,9.93,1.1,0.0
2023-12-12 06:10:00+00:00,2023-12-12 07:10:00+01:00,0.0,0.0,0.0,0.0,10.42,1.1,0.0
2023-12-12 07:10:00+00:00,2023-12-12 08:10:00+01:00,0.0,0.0,0.0,0.0,9.7,1.24,0.0
2023-12-12 08:10:00+00:00,2023-12-12 09:10:00+01:00,405.81,105.27,7.02,6.37,8.38,1.86,0.0
2023-12-12 09:10:00+00:00,2023-12-12 10:10:00+01:00,650.0,146.5,17.5,15.34,11.15,1.52,0.0
2023-12-12 10:10:00+00:00,2023-12-12 11:10:00+01:00,749.95,154.72,22.91,22.58,14.82,1.93,0.0
2023-12-12 11:10:00+00:00,2023-12-12 12:10:00+01:00,28.2,152.93,11.48,27.45,16.76,2.55,0.0
2023-12-12 12:10:00+00:00,2023-12-12 13:10:00+01:00,605.8,223.02,23.19,29.36,17.93,2.9,0.0
2023-12-12 13:10:00+00:00,2023-12-12 14:10:00+01:00,827.93,145.89,25.24,28.02,18.84,3.66,0.0
2023-12-12 14:10:00+00:00,2023-12-12 15:10:00+01:00,463.69,212.78,20.3,23.65,19.03,4.21,0.0
2023-12-12 15:10:00+00:00,2023-12-12 16:10:00+01:00,595.56,161.03,18.06,16.79,18.86,4.41,0.0
2023-12-12 16:10:00+00:00,2023-12-12 17:10:00+01:00,419.88,115.59,8.85,8.08,18.41,3.17,0.0
2023-12-12 17:10:00+00:00,2023-12-12 18:10:00+01:00,0.0,0.0,0.0,0.0,17.03,2.41,0.0
2023-12-12 18:10:00+00:00,2023-12-12 19:10:00+01:00,0.0,0.0,0.0,0.0,15.72,2.48,0.0
2023-12-12 19:10:00+00:00,2023-12-12 20:10:00+01:00,0.0,0.0,0.0,0.0,15.29,2.83,0.0
2023-12-12 20:10:00+00:00,2023-12-12 21:10:00+01:00,0.0,0.0,0.0,0.0,14.61,3.1,0.0
2023-12-12 21:10:00+00:00,2023-12-12 22:10:00+01:00,0.0,0.0,0.0,0.0,14.47,3.17,0.0
2023-12-12 22:10:00+00:00,2023-12-12 23:10:00+01:00,0.0,0.0,0.0,0.0,14.53,2.97,0.0
2023-12-12 23:10:00+00:00,2023-12-13 00:10:00+01:00,0.0,0.0,0.0,0.0,14.71,2.83,0.0
2023-12-13 00:10:00+00:00,2023-12-13 01:10:00+01:00,0.0,0.0,0.0,0.0,14.83,2.9,0.0
2023-12-13 01:10:00+00:00,2023-12-13 02:10:00+01:00,0.0,0.0,0.0,0.0,14.66,2.9,0.0
2023-12-13 02:10:00+00:00,2023-12-13 03:10:00+01:00,0.0,0.0,0.0,0.0,14.54,3.1,0.0
2023-12-13 03:10:00+00:00,2023-12-13 04:10:00+01:00,0.0,0.0,0.0,0.0,14.46,2.9,0.0
2023-12-13 04:10:00+00:00,2023-12-13 05:10:00+01:00,0.0,0.0,0.0,0.0,14.37,2.97,0.0
2023-12-13 05:10:00+00:00,2023-12-13 06:10:00+01:00,0.0,0.0,0.0,0.0,14.42,3.72,0.0
2023-12-13 06:10:00+00:00,2023-12-13 07:10:00+01:00,0.0,0.0,0.0,0.0,14.33,2.97,0.0
2023-12-13 07:10:00+00:00,2023-12-13 08:10:00+01:00,0.0,0.0,0.0,0.0,14.18,2.28,0.0
2023-12-13 08:10:00+00:00,2023-12-13 09:10:00+01:00,0.0,7.19,1.16,6.24,13.98,1.86,0.0
2023-12-13 09:10:00+00:00,2023-12-13 10:10:00+01:00,87.58,100.41,10.4,15.22,14.13,1.93,0.0
2023-12-13 10:10:00+00:00,2023-12-13 11:10:00+01:00,711.59,163.23,22.42,22.47,14.48,2.83,0.0
2023-12-13 11:10:00+00:00,2023-12-13 12:10:00+01:00,0.0,101.99,7.57,27.36,14.54,2.9,0.0
2023-12-13 12:10:00+00:00,2023-12-13 13:10:00+01:00,6.13,134.33,9.3,29.28,14.63,3.1,0.0
2023-12-13 13:10:00+00:00,2023-12-13 14:10:00+01:00,74.61,183.88,13.7,27.98,14.86,3.17,0.0
2023-12-13 14:10:00+00:00,2023-12-13 15:10:00+01:00,631.29,187.09,22.05,23.63,15.29,3.17,0.0
2023-12-13 15:10:00+00:00,2023-12-13 16:10:00+01:00,623.27,153.69,18.21,16.79,15.66,3.31,0.0
2023-12-13 16:10:00+00:00,2023-12-13 17:10:00+01:00,411.86,113.66,8.76,8.1,15.53,3.17,0.0
2023-12-13 17:10:00+00:00,2023-12-13 18:10:00+01:00,0.0,0.0,0.0,0.0,14.09,2.48,0.0
2023-12-13 18:10:00+00:00,2023-12-13 19:10:00+01:00,0.0,0.0,0.0,0.0,12.69,2.41,0.0
2023-12-13 19:10:00+00:00,2023-12-13 20:10:00+01:00,0.0,0.0,0.0,0.0,11.94,2.34,0.0
2023-12-13 20:10:00+00:00,2023-12-13 21:10:00+01:00,0.0,0.0,0.0,0.0,11.26,2.21,0.0
2023-12-13 21:10:00+00:00,2023-12-13 22:10:00+01:00,0.0,0.0,0.0,0.0,10.44,2.07,0.0
2023-12-13 22:10:00+00:00,2023-12-13 23:10:00+01:00,0.0,0.0,0.0,0.0,9.52,2.07,0.0
2023-12-13 23:10:00+00:00,2023-12-14 00:10:00+01:00,0.0,0.0,0.0,0.0,8.56,2.21,0.0
2023-12-14 00:10:00+00:00,2023-12-14 01:10:00+01:00,0.0,0.0,0.0,0.0,7.86,2.28,0.0
2023-12-14 01:10:00+00:00,2023-12-14 02:10:00+01:00,0.0,0.0,0.0,0.0,7.18,2.14,0.0
2023-12-14 02:10:00+00:00,2023-12-14 03:10:00+01:00,0.0,0.0,0.0,0.0,6.52,1.93,0.0
2023-12-14 03:10:00+00:00,2023-12-14 04:10:00+01:00,0.0,0.0,0.0,0.0,7.19,1.45,0.0
2023-12-14 04:10:00+00:00,2023-12-14 05:10:00+01:00,0.0,0.0,0.0,0.0,7.09,1.38,0.0
2023-12-14 05:10:00+00:00,2023-12-14 06:10:00+01:00,0.0,0.0,0.0,0.0,6.53,1.38,0.0
2023-12-14 06:10:00+00:00,2023-12-14 07:10:00+01:00,0.0,0.0,0.0,0.0,5.92,1.52,0.0
2023-12-14 07:10:00+00:00,2023-12-14 08:10:00+01:00,0.0,0.0,0.0,0.0,7.58,0.55,0.0
2023-12-14 08:10:00+00:00,2023-12-14 09:10:00+01:00,384.33,107.0,6.79,6.12,6.74,0.97,0.0
2023-12-14 09:10:00+00:00,2023-12-14 10:10:00+01:00,682.81,146.29,17.82,15.11,7.26,0.97,0.0
2023-12-14 10:10:00+00:00,2023-12-14 11:10:00+01:00,827.72,141.24,23.97,22.37,10.49,1.86,0.0
2023-12-14 11:10:00+00:00,2023-12-14 12:10:00+01:00,866.56,141.49,25.9,27.27,12.13,2.55,0.0
2023-12-14 12:10:00+00:00,2023-12-14 13:10:00+01:00,870.7,145.28,26.21,29.22,13.57,2.83,0.0
2023-12-14 13:10:00+00:00,2023-12-14 14:10:00+01:00,847.46,149.54,25.78,27.93,14.6,3.03,0.0
2023-12-14 14:10:00+00:00,2023-12-14 15:10:00+01:00,791.49,154.6,24.04,23.61,15.22,3.17,0.0
2023-12-14 15:10:00+00:00,2023-12-14 16:10:00+01:00,702.66,148.72,19.27,16.79,15.41,3.31,0.0
2023-12-14 16:10:00+00:00,2023-12-14 17:10:00+01:00,488.54,120.78,9.45,8.12,14.99,2.62,0.0
2023-12-14 17:10:00+00:00,2023-12-14 18:10:00+01:00,0.0,0.0,0.0,0.0,13.5,2.34,0.0
2023-12-14 18:10:00+00:00,2023-12-14 19:10:00+01:00,0.0,0.0,0.0,0.0,12.04,2.48,0.0
2023-12-14 19:10:00+00:00,2023-12-14 20:10:00+01:00,0.0,0.0,0.0,0.0,11.11,2.48,0.0
2023-12-14 20:10:00+00:00,2023-12-14 21:10:00+01:00,0.0,0.0,0.0,0.0,10.22,2.69,0.0
2023-12-14 21:10:00+00:00,2023-12-14 22:10:00+01:00,0.0,0.0,0.0,0.0,9.72,2.97,0.0
2023-12-14 22:10:00+00:00,2023-12-14 23:10:00+01:00,0.0,0.0,0.0,0.0,9.46,3.17,0.0
2023-12-14 23:10:00+00:00,2023-12-15 00:10:00+01:00,0.0,0.0,0.0,0.0,9.29,3.38,0.0
2023-12-15 00:10:00+00:00,2023-12-15 01:10:00+01:00,0.0,0.0,0.0,0.0,9.14,3.59,0.0
2023-12-15 01:10:00+00:00,2023-12-15 02:10:00+01:00,0.0,0.0,0.0,0.0,9.05,3.72,0.0
2023-12-15 02:10:00+00:00,2023-12-15 03:10:00+01:00,0.0,0.0,0.0,0.0,8.92,3.86,0.0
2023-12-15 03:10:00+00:00,2023-12-15 04:10:00+01:00,0.0,0.0,0.0,0.0,8.82,4.0,0.0
2023-12-15 04:10:00+00:00,2023-12-15 05:10:00+01:00,0.0,0.0,0.0,0.0,8.75,4.21,0.0
2023-12-15 05:10:00+00:00,2023-12-15 06:10:00+01:00,0.0,0.0,0.0,0.0,8.67,4.28,0.0
2023-12-15 06:10:00+00:00,2023-12-15 07:10:00+01:00,0.0,0.0,0.0,0.0,8.59,4.34,0.0
2023-12-15 07:10:00+00:00,2023-12-15 08:10:00+01:00,0.0,0.0,0.0,0.0,8.55,4.55,0.0
2023-12-15 08:10:00+00:00,2023-12-15 09:10:00+01:00,382.03,101.94,6.54,6.01,8.68,4.62,0.0
2023-12-15 09:10:00+00:00,2023-12-15 10:10:00+01:00,544.68,166.16,16.6,15.0,9.97,4.34,0.0
2023-12-15 10:10:00+00:00,2023-12-15 11:10:00+01:00,799.51,146.58,23.54,22.27,11.77,4.97,0.0
2023-12-15 11:10:00+00:00,2023-12-15 12:10:00+01:00,807.68,162.24,25.26,27.18,13.43,5.1,0.0
2023-12-15 12:10:00+00:00,2023-12-15 13:10:00+01:00,777.91,179.27,25.23,29.16,14.87,4.9,0.0
2023-12-15 13:10:00+00:00,2023-12-15 14:10:00+01:00,812.07,161.57,25.38,27.9,15.94,4.48,0.0
2023-12-15 14:10:00+00:00,2023-12-15 15:10:00+01:00,756.79,165.21,23.69,23.6,16.53,4.14,0.0
2023-12-15 15:10:00+00:00,2023-12-15 16:10:00+01:00,660.63,157.37,18.91,16.81,16.65,4.0,0.0
2023-12-15 16:10:00+00:00,2023-12-15 17:10:00+01:00,493.82,118.47,9.44,8.15,16.1,3.1,0.0
2023-12-15 17:10:00+00:00,2023-12-15 18:10:00+01:00,0.0,0.0,0.0,0.0,14.31,2.97,0.0
2023-12-15 18:10:00+00:00,2023-12-15 19:10:00+01:00,0.0,0.0,0.0,0.0,12.79,2.9,0.0
2023-12-15 19:10:00+00:00,2023-12-15 20:10:00+01:00,0.0,0.0,0.0,0.0,11.78,2.34,0.0
2023-12-15 20:10:00+00:00,2023-12-15 21:10:00+01:00,0.0,0.0,0.0,0.0,10.46,2.21,0.0
2023-12-15 21:10:00+00:00,2023-12-15 22:10:00+01:00,0.0,0.0,0.0,0.0,9.26,2.14,0.0
2023-12-15 22:10:00+00:00,2023-12-15 23:10:00+01:00,0.0,0.0,0.0,0.0,8.29,2.21,0.0
2023-12-15 23:10:00+00:00,2023-12-16 00:10:00+01:00,0.0,0.0,0.0,0.0,7.54,2.21,0.0
2023-12-16 00:10:00+00:00,2023-12-16 01:10:00+01:00,0.0,0.0,0.0,0.0,6.95,2.28,0.0
2023-12-16 01:10:00+00:00,2023-12-16 02:10:00+01:00,0.0,0.0,0.0,0.0,6.58,2.41,0.0
2023-12-16 02:10:00+00:00,2023-12-16 03:10:00+01:00,0.0,0.0,0.0,0.0,6.45,2.69,0.0
2023-12-16 03:10:00+00:00,2023-12-16 04:10:00+01:00,0.0,0.0,0.0,0.0,6.58,3.03,0.0
2023-12-16 04:10:00+00:00,2023-12-16 05:10:00+01:00,0.0,0.0,0.0,0.0,6.74,3.24,0.0
2023-12-16 05:10:00+00:00,2023-12-16 06:10:00+01:00,0.0,0.0,0.0,0.0,6.74,3.03,0.0
2023-12-16 06:10:00+00:00,2023-12-16 07:10:00+01:00,0.0,0.0,0.0,0.0,6.41,2.76,0.0
2023-12-16 07:10:00+00:00,2023-12-16 08:10:00+01:00,0.0,0.0,0.0,0.0,5.91,2.76,0.0
2023-12-16 08:10:00+00:00,2023-12-16 09:10:00+01:00,379.34,102.88,6.46,5.9,5.72,2.69,0.0
2023-12-16 09:10:00+00:00,2023-12-16 10:10:00+01:00,661.12,153.73,17.61,14.9,7.51,2.76,0.0
2023-12-16 10:10:00+00:00,2023-12-16 11:10:00+01:00,802.63,149.27,23.65,22.18,10.54,3.38,0.0
2023-12-16 11:10:00+00:00,2023-12-16 12:10:00+01:00,820.7,162.12,25.53,27.11,13.17,3.79,0.0
2023-12-16 12:10:00+00:00,2023-12-16 13:10:00+01:00,836.74,162.66,25.99,29.11,15.05,4.07,0.0
2023-12-16 13:10:00+00:00,2023-12-16 14:10:00+01:00,810.64,168.18,25.56,27.87,16.16,3.86,0.0
2023-12-16 14:10:00+00:00,2023-12-16 15:10:00+01:00,771.83,165.19,23.99,23.6,16.76,3.38,0.0
2023-12-16 15:10:00+00:00,2023-12-16 16:10:00+01:00,687.53,154.95,19.26,16.82,16.9,3.03,0.0
2023-12-16 16:10:00+00:00,2023-12-16 17:10:00+01:00,519.76,119.88,9.69,8.19,16.2,2.41,0.0
2023-12-16 17:10:00+00:00,2023-12-16 18:10:00+01:00,0.0,0.0,0.0,0.0,14.28,2.62,0.0
2023-12-16 18:10:00+00:00,2023-12-16 19:10:00+01:00,0.0,0.0,0.0,0.0,12.45,2.55,0.0
2023-12-16 19:10:00+00:00,2023-12-16 20:10:00+01:00,0.0,0.0,0.0,0.0,11.32,2.55,0.0
2023-12-16 20:10:00+00:00,2023-12-16 21:10:00+01:00,0.0,0.0,0.0,0.0,10.07,2.41,0.0
2023-12-16 21:10:00+00:00,2023-12-16 22:10:00+01:00,0.0,0.0,0.0,0.0,8.96,2.41,0.0
2023-12-16 22:10:00+00:00,2023-12-16 23:10:00+01:00,0.0,0.0,0.0,0.0,8.04,2.41,0.0
2023-12-16 23:10:00+00:00,2023-12-17 00:10:00+01:00,0.0,0.0,0.0,0.0,7.25,2.34,0.0
2023-12-17 00:10:00+00:00,2023-12-17 01:10:00+01:00,0.0,0.0,0.0,0.0,6.56,2.28,0.0
2023-12-17 01:10:00+00:00,2023-12-17 02:10:00+01:00,0.0,0.0,0.0,0.0,6.01,2.34,0.0
2023-12-17 02:10:00+00:00,2023-12-17 03:10:00+01:00,0.0,0.0,0.0,0.0,5.58,2.28,0.0
2023-12-17 03:10:00+00:00,2023-12-17 04:10:00+01:00,0.0,0.0,0.0,0.0,5.23,2.28,0.0
2023-12-17 04:10:00+00:00,2023-12-17 05:10:00+01:00,0.0,0.0,0.0,0.0,4.91,2.28,0.0
2023-12-17 05:10:00+00:00,2023-12-17 06:10:00+01:00,0.0,0.0,0.0,0.0,4.7,2.34,0.0
2023-12-17 06:10:00+00:00,2023-12-17 07:10:00+01:00,0.0,0.0,0.0,0.0,4.63,2.41,0.0
2023-12-17 07:10:00+00:00,2023-12-17 08:10:00+01:00,0.0,0.0,0.0,0.0,4.64,2.48,0.0
2023-12-17 08:10:00+00:00,2023-12-17 09:10:00+01:00,415.81,105.8,6.56,5.8,4.75,2.34,0.0
2023-12-17 09:10:00+00:00,2023-12-17 10:10:00+01:00,661.41,154.52,17.57,14.8,7.19,2.07,0.0
2023-12-17 10:10:00+00:00,2023-12-17 11:10:00+01:00,789.6,154.03,23.52,22.09,10.03,2.34,0.0
2023-12-17 11:10:00+00:00,2023-12-17 12:10:00+01:00,822.59,160.85,25.52,27.04,12.44,2.48,0.0
2023-12-17 12:10:00+00:00,2023-12-17 13:10:00+01:00,837.9,161.27,25.97,29.06,14.26,2.69,0.0
2023-12-17 13:10:00+00:00,2023-12-17 14:10:00+01:00,811.14,168.29,25.57,27.86,15.51,2.69,0.0
2023-12-17 14:10:00+00:00,2023-12-17 15:10:00+01:00,771.65,165.13,23.98,23.61,16.18,2.48,0.0
2023-12-17 15:10:00+00:00,2023-12-17 16:10:00+01:00,689.94,155.12,19.32,16.85,16.35,2.34,0.0
2023-12-17 16:10:00+00:00,2023-12-17 17:10:00+01:00,524.11,120.16,9.77,8.23,15.81,2.07,0.0
2023-12-17 17:10:00+00:00,2023-12-17 18:10:00+01:00,0.0,0.0,0.0,0.0,13.97,2.48,0.0
2023-12-17 18:10:00+00:00,2023-12-17 19:10:00+01:00,0.0,0.0,0.0,0.0,12.23,2.41,0.0
2023-12-17 19:10:00+00:00,2023-12-17 20:10:00+01:00,0.0,0.0,0.0,0.0,11.12,2.34,0.0
2023-12-17 20:10:00+00:00,2023-12-17 21:10:00+01:00,0.0,0.0,0.0,0.0,9.81,2.21,0.0
2023-12-17 21:10:00+00:00,2023-12-17 22:10:00+01:00,0.0,0.0,0.0,0.0,8.28,2.0,0.0
2023-12-17 22:10:00+00:00,2023-12-17 23:10:00+01:00,0.0,0.0,0.0,0.0,6.99,1.93,0.0
2023-12-17 23:10:00+00:00,2023-12-18 00:10:00+01:00,0.0,0.0,0.0,0.0,6.08,1.93,0.0
2023-12-18 00:10:00+00:00,2023-12-18 01:10:00+01:00,0.0,0.0,0.0,0.0,5.53,1.93,0.0
2023-12-18 01:10:00+00:00,2023-12-18 02:10:00+01:00,0.0,0.0,0.0,0.0,5.09,1.86,0.0
2023-12-18 02:10:00+00:00,2023-12-18 03:10:00+01:00,0.0,0.0,0.0,0.0,4.89,1.86,0.0
2023-12-18 03:10:00+00:00,2023-12-18 04:10:00+01:00,0.0,0.0,0.0,0.0,4.7,1.86,0.0
2023-12-18 04:10:00+00:00,2023-12-18 05:10:00+01:00,0.0,0.0,0.0,0.0,4.98,1.93,0.0
2023-12-18 05:10:00+00:00,2023-12-18 06:10:00+01:00,0.0,0.0,0.0,0.0,5.76,2.0,0.0
2023-12-18 06:10:00+00:00,2023-12-18 07:10:00+01:00,0.0,0.0,0.0,0.0,6.13,2.34,0.0
2023-12-18 07:10:00+00:00,2023-12-18 08:10:00+01:00,0.0,0.0,0.0,0.0,5.96,2.14,0.0
2023-12-18 08:10:00+00:00,2023-12-18 09:10:00+01:00,402.85,104.17,6.4,5.7,5.99,2.41,0.0
2023-12-18 09:10:00+00:00,2023-12-18 10:10:00+01:00,641.77,154.27,17.23,14.71,6.47,2.28,0.0
2023-12-18 10:10:00+00:00,2023-12-18 11:10:00+01:00,768.25,159.57,23.25,22.02,7.56,2.28,0.0
2023-12-18 11:10:00+00:00,2023-12-18 12:10:00+01:00,800.03,167.31,25.24,26.98,9.52,2.07,0.0
2023-12-18 12:10:00+00:00,2023-12-18 13:10:00+01:00,832.68,160.93,25.84,29.02,11.53,2.0,0.0
2023-12-18 13:10:00+00:00,2023-12-18 14:10:00+01:00,790.03,174.41,25.31,27.84,13.14,1.93,0.0
2023-12-18 14:10:00+00:00,2023-12-18 15:10:00+01:00,766.27,164.42,23.85,23.62,14.12,1.86,0.0
2023-12-18 15:10:00+00:00,2023-12-18 16:10:00+01:00,671.43,158.47,19.16,16.88,14.44,1.79,0.0
2023-12-18 16:10:00+00:00,2023-12-18 17:10:00+01:00,507.2,122.46,9.76,8.28,14.05,1.52,0.0
2023-12-18 17:10:00+00:00,2023-12-18 18:10:00+01:00,0.0,0.0,0.0,0.0,12.71,1.86,0.0
2023-12-18 18:10:00+00:00,2023-12-18 19:10:00+01:00,0.0,0.0,0.0,0.0,10.93,2.07,0.0
2023-12-18 19:10:00+00:00,2023-12-18 20:10:00+01:00,0.0,0.0,0.0,0.0,9.39,2.0,0.0
2023-12-18 20:10:00+00:00,2023-12-18 21:10:00+01:00,0.0,0.0,0.0,0.0,7.51,1.86,0.0
2023-12-18 21:10:00+00:00,2023-12-18 22:10:00+01:00,0.0,0.0,0.0,0.0,6.48,1.66,0.0
2023-12-18 22:10:00+00:00,2023-12-18 23:10:00+01:00,0.0,0.0,0.0,0.0,5.58,1.59,0.0
2023-12-18 23:10:00+00:00,2023-12-19 00:10:00+01:00,0.0,0.0,0.0,0.0,4.73,1.52,0.0
2023-12-19 00:10:00+00:00,2023-12-19 01:10:00+01:00,0.0,0.0,0.0,0.0,4.05,1.38,0.0
2023-12-19 01:10:00+00:00,2023-12-19 02:10:00+01:00,0.0,0.0,0.0,0.0,3.37,1.38,0.0
2023-12-19 02:10:00+00:00,2023-12-19 03:10:00+01:00,0.0,0.0,0.0,0.0,2.63,1.52,0.0
2023-12-19 03:10:00+00:00,2023-12-19 04:10:00+01:00,0.0,0.0,0.0,0.0,2.11,1.66,0.0
2023-12-19 04:10:00+00:00,2023-12-19 05:10:00+01:00,0.0,0.0,0.0,0.0,1.78,1.72,0.0
2023-12-19 05:10:00+00:00,2023-12-19 06:10:00+01:00,0.0,0.0,0.0,0.0,1.52,1.72,0.0
2023-12-19 06:10:00+00:00,2023-12-19 07:10:00+01:00,0.0,0.0,0.0,0.0,1.33,1.66,0.0
2023-12-19 07:10:00+00:00,2023-12-19 08:10:00+01:00,0.0,0.0,0.0,0.0,1.0,1.66,0.0
2023-12-19 08:10:00+00:00,2023-12-19 09:10:00+01:00,358.35,97.62,6.05,5.6,1.02,1.66,0.0
2023-12-19 09:10:00+00:00,2023-12-19 10:10:00+01:00,653.33,152.25,17.27,14.63,4.46,1.31,0.0
2023-12-19 10:10:00+00:00,2023-12-19 11:10:00+01:00,781.33,153.81,23.3,21.95,8.61,1.38,0.0
2023-12-19 11:10:00+00:00,2023-12-19 12:10:00+01:00,799.27,167.43,25.22,26.93,11.26,1.45,0.0
2023-12-19 12:10:00+00:00,2023-12-19 13:10:00+01:00,814.88,167.53,25.66,29.0,13.04,1.31,0.0
2023-12-19 13:10:00+00:00,2023-12-19 14:10:00+01:00,820.1,162.53,25.58,27.84,14.14,0.9,0.0
2023-12-19 14:10:00+00:00,2023-12-19 15:10:00+01:00,765.66,164.24,23.84,23.64,14.73,0.69,0.0
2023-12-19 15:10:00+00:00,2023-12-19 16:10:00+01:00,669.92,157.95,19.14,16.92,14.91,0.83,0.0
2023-12-19 16:10:00+00:00,2023-12-19 17:10:00+01:00,517.75,120.79,9.83,8.33,14.5,1.03,0.0
2023-12-19 17:10:00+00:00,2023-12-19 18:10:00+01:00,0.0,0.0,0.0,0.0,13.24,0.97,0.0
2023-12-19 18:10:00+00:00,2023-12-19 19:10:00+01:00,0.0,0.0,0.0,0.0,11.51,0.97,0.0
2023-12-19 19:10:00+00:00,2023-12-19 20:10:00+01:00,0.0,0.0,0.0,0.0,8.46,1.79,0.0
2023-12-19 20:10:00+00:00,2023-12-19 21:10:00+01:00,0.0,0.0,0.0,0.0,7.37,1.86,0.0
2023-12-19 21:10:00+00:00,2023-12-19 22:10:00+01:00,0.0,0.0,0.0,0.0,6.85,1.72,0.0
2023-12-19 22:10:00+00:00,2023-12-19 23:10:00+01:00,0.0,0.0,0.0,0.0,7.29,1.31,0.0
2023-12-19 23:10:00+00:00,2023-12-20 00:10:00+01:00,0.0,0.0,0.0,0.0,7.8,0.83,0.0
2023-12-20 00:10:00+00:00,2023-12-20 01:10:00+01:00,0.0,0.0,0.0,0.0,7.07,0.41,0.0
2023-12-20 01:10:00+00:00,2023-12-20 02:10:00+01:00,0.0,0.0,0.0,0.0,6.47,0.21,0.0
2023-12-20 02:10:00+00:00,2023-12-20 03:10:00+01:00,0.0,0.0,0.0,0.0,5.85,0.41,0.0
2023-12-20 03:10:00+00:00,2023-12-20 04:10:00+01:00,0.0,0.0,0.0,0.0,5.31,0.34,0.0
2023-12-20 04:10:00+00:00,2023-12-20 05:10:00+01:00,0.0,0.0,0.0,0.0,4.44,0.83,0.0
2023-12-20 05:10:00+00:00,2023-12-20 06:10:00+01:00,0.0,0.0,0.0,0.0,3.7,0.97,0.0
2023-12-20 06:10:00+00:00,2023-12-20 07:10:00+01:00,0.0,0.0,0.0,0.0,3.4,0.83,0.0
2023-12-20 07:10:00+00:00,2023-12-20 08:10:00+01:00,0.0,0.0,0.0,0.0,3.04,1.03,0.0
2023-12-20 08:10:00+00:00,2023-12-20 09:10:00+01:00,31.21,26.02,3.34,5.52,2.25,1.1,0.0
2023-12-20 09:10:00+00:00,2023-12-20 10:10:00+01:00,362.23,160.85,14.45,14.55,3.96,0.69,0.0
2023-12-20 10:10:00+00:00,2023-12-20 11:10:00+01:00,858.66,128.24,24.03,21.88,7.61,0.9,0.0
2023-12-20 11:10:00+00:00,2023-12-20 12:10:00+01:00,820.42,154.38,25.25,26.89,9.71,1.59,0.0
2023-12-20 12:10:00+00:00,2023-12-20 13:10:00+01:00,136.25,220.35,16.03,28.97,10.96,2.14,0.0
2023-12-20 13:10:00+00:00,2023-12-20 14:10:00+01:00,0.0,89.34,6.5,27.84,11.61,2.28,0.0
2023-12-20 14:10:00+00:00,2023-12-20 15:10:00+01:00,4.98,102.51,8.8,23.67,12.22,2.69,0.0
2023-12-20 15:10:00+00:00,2023-12-20 16:10:00+01:00,71.96,106.32,10.83,16.97,12.44,2.83,0.0
2023-12-20 16:10:00+00:00,2023-12-20 17:10:00+01:00,123.38,69.31,6.66,8.39,11.96,1.52,0.0
2023-12-20 17:10:00+00:00,2023-12-20 18:10:00+01:00,0.0,0.0,0.0,0.0,11.6,1.45,0.0
2023-12-20 18:10:00+00:00,2023-12-20 19:10:00+01:00,0.0,0.0,0.0,0.0,10.21,2.41,0.0
2023-12-20 19:10:00+00:00,2023-12-20 20:10:00+01:00,0.0,0.0,0.0,0.0,9.15,2.34,0.0
2023-12-20 20:10:00+00:00,2023-12-20 21:10:00+01:00,0.0,0.0,0.0,0.0,8.3,2.69,0.0
2023-12-20 21:10:00+00:00,2023-12-20 22:10:00+01:00,0.0,0.0,0.0,0.0,7.84,2.83,0.0
2023-12-20 22:10:00+00:00,2023-12-20 23:10:00+01:00,0.0,0.0,0.0,0.0,7.7,3.03,0.0
2023-12-20 23:10:00+00:00,2023-12-21 00:10:00+01:00,0.0,0.0,0.0,0.0,7.65,3.31,0.0
2023-12-21 00:10:00+00:00,2023-12-21 01:10:00+01:00,0.0,0.0,0.0,0.0,7.5,3.31,0.0
2023-12-21 01:10:00+00:00,2023-12-21 02:10:00+01:00,0.0,0.0,0.0,0.0,7.13,3.17,0.0
2023-12-21 02:10:00+00:00,2023-12-21 03:10:00+01:00,0.0,0.0,0.0,0.0,6.81,3.17,0.0
2023-12-21 03:10:00+00:00,2023-12-21 04:10:00+01:00,0.0,0.0,0.0,0.0,6.54,3.17,0.0
2023-12-21 04:10:00+00:00,2023-12-21 05:10:00+01:00,0.0,0.0,0.0,0.0,6.23,3.03,0.0
2023-12-21 05:10:00+00:00,2023-12-21 06:10:00+01:00,0.0,0.0,0.0,0.0,5.93,2.97,0.0
2023-12-21 06:10:00+00:00,2023-12-21 07:10:00+01:00,0.0,0.0,0.0,0.0,5.75,2.97,0.0
2023-12-21 07:10:00+00:00,2023-12-21 08:10:00+01:00,0.0,0.0,0.0,0.0,5.03,2.48,0.0
2023-12-21 08:10:00+00:00,2023-12-21 09:10:00+01:00,380.16,92.81,5.88,5.43,4.76,2.41,0.0
2023-12-21 09:10:00+00:00,2023-12-21 10:10:00+01:00,644.01,147.29,16.88,14.48,6.71,2.0,0.0
2023-12-21 10:10:00+00:00,2023-12-21 11:10:00+01:00,774.75,151.72,23.06,21.82,9.75,2.34,0.0
2023-12-21 11:10:00+00:00,2023-12-21 12:10:00+01:00,812.64,155.48,25.12,26.85,11.93,3.03,0.0
2023-12-21 12:10:00+00:00,2023-12-21 13:10:00+01:00,815.79,161.21,25.48,28.96,13.43,3.72,0.0
2023-12-21 13:10:00+00:00,2023-12-21 14:10:00+01:00,821.83,154.23,25.36,27.86,14.43,3.93,0.0
2023-12-21 14:10:00+00:00,2023-12-21 15:10:00+01:00,766.28,158.59,23.68,23.7,15.04,3.79,0.0
2023-12-21 15:10:00+00:00,2023-12-21 16:10:00+01:00,679.83,152.43,19.17,17.02,15.2,3.24,0.0
2023-12-21 16:10:00+00:00,2023-12-21 17:10:00+01:00,523.74,120.4,9.98,8.45,14.73,2.14,0.0
2023-12-21 17:10:00+00:00,2023-12-21 18:10:00+01:00,0.0,0.0,0.0,0.0,13.19,2.14,0.0
2023-12-21 18:10:00+00:00,2023-12-21 19:10:00+01:00,0.0,0.0,0.0,0.0,11.54,2.14,0.0
2023-12-21 19:10:00+00:00,2023-12-21 20:10:00+01:00,0.0,0.0,0.0,0.0,10.26,2.07,0.0
2023-12-21 20:10:00+00:00,2023-12-21 21:10:00+01:00,0.0,0.0,0.0,0.0,8.77,2.07,0.0
2023-12-21 21:10:00+00:00,2023-12-21 22:10:00+01:00,0.0,0.0,0.0,0.0,7.52,2.0,0.0
2023-12-21 22:10:00+00:00,2023-12-21 23:10:00+01:00,0.0,0.0,0.0,0.0,6.72,2.14,0.0
2023-12-21 23:10:00+00:00,2023-12-22 00:10:00+01:00,0.0,0.0,0.0,0.0,6.35,2.28,0.0
2023-12-22 00:10:00+00:00,2023-12-22 01:10:00+01:00,0.0,0.0,0.0,0.0,6.1,2.28,0.0
2023-12-22 01:10:00+00:00,2023-12-22 02:10:00+01:00,0.0,0.0,0.0,0.0,5.86,2.28,0.0
2023-12-22 02:10:00+00:00,2023-12-22 03:10:00+01:00,0.0,0.0,0.0,0.0,5.71,2.34,0.0
2023-12-22 03:10:00+00:00,2023-12-22 04:10:00+01:00,0.0,0.0,0.0,0.0,5.68,2.48,0.0
2023-12-22 04:10:00+00:00,2023-12-22 05:10:00+01:00,0.0,0.0,0.0,0.0,5.71,2.55,0.0
2023-12-22 05:10:00+00:00,2023-12-22 06:10:00+01:00,0.0,0.0,0.0,0.0,5.68,2.55,0.0
2023-12-22 06:10:00+00:00,2023-12-22 07:10:00+01:00,0.0,0.0,0.0,0.0,5.62,2.62,0.0
2023-12-22 07:10:00+00:00,2023-12-22 08:10:00+01:00,0.0,0.0,0.0,0.0,5.25,2.62,0.0
2023-12-22 08:10:00+00:00,2023-12-22 09:10:00+01:00,374.93,91.74,5.8,5.36,5.34,2.69,0.0
2023-12-22 09:10:00+00:00,2023-12-22 10:10:00+01:00,634.87,150.89,16.83,14.41,7.69,2.41,0.0
2023-12-22 10:10:00+00:00,2023-12-22 11:10:00+01:00,765.69,154.74,22.96,21.77,11.28,3.03,0.0
2023-12-22 11:10:00+00:00,2023-12-22 12:10:00+01:00,786.9,166.56,24.92,26.82,13.96,3.72,0.0
2023-12-22 12:10:00+00:00,2023-12-22 13:10:00+01:00,818.01,163.06,25.59,28.95,15.83,3.93,0.0
2023-12-22 13:10:00+00:00,2023-12-22 14:10:00+01:00,793.5,168.02,25.19,27.88,17.04,3.86,0.0
2023-12-22 14:10:00+00:00,2023-12-22 15:10:00+01:00,784.89,153.2,23.9,23.74,17.71,3.72,0.0
2023-12-22 15:10:00+00:00,2023-12-22 16:10:00+01:00,684.38,152.7,19.28,17.08,17.92,3.52,0.0
2023-12-22 16:10:00+00:00,2023-12-22 17:10:00+01:00,526.13,119.99,10.05,8.53,17.2,2.62,0.0
2023-12-22 17:10:00+00:00,2023-12-22 18:10:00+01:00,0.0,0.0,0.0,0.0,15.27,2.55,0.0
2023-12-22 18:10:00+00:00,2023-12-22 19:10:00+01:00,0.0,0.0,0.0,0.0,13.38,2.48,0.0
2023-12-22 19:10:00+00:00,2023-12-22 20:10:00+01:00,0.0,0.0,0.0,0.0,12.15,2.34,0.0
2023-12-22 20:10:00+00:00,2023-12-22 21:10:00+01:00,0.0,0.0,0.0,0.0,10.49,2.34,0.0
2023-12-22 21:10:00+00:00,2023-12-22 22:10:00+01:00,0.0,0.0,0.0,0.0,9.21,2.41,0.0
2023-12-22 22:10:00+00:00,2023-12-22 23:10:00+01:00,0.0,0.0,0.0,0.0,8.29,2.41,0.0
2023-12-22 23:10:00+00:00,2023-12-23 00:10:00+01:00,0.0,0.0,0.0,0.0,7.64,2.48,0.0
2023-12-23 00:10:00+00:00,2023-12-23 01:10:00+01:00,0.0,0.0,0.0,0.0,7.06,2.48,0.0
2023-12-23 01:10:00+00:00,2023-12-23 02:10:00+01:00,0.0,0.0,0.0,0.0,6.64,2.55,0.0
2023-12-23 02:10:00+00:00,2023-12-23 03:10:00+01:00,0.0,0.0,0.0,0.0,6.29,2.55,0.0
2023-12-23 03:10:00+00:00,2023-12-23 04:10:00+01:00,0.0,0.0,0.0,0.0,5.94,2.55,0.0
2023-12-23 04:10:00+00:00,2023-12-23 05:10:00+01:00,0.0,0.0,0.0,0.0,5.5,2.41,0.0
2023-12-23 05:10:00+00:00,2023-12-23 06:10:00+01:00,0.0,0.0,0.0,0.0,4.95,2.28,0.0
2023-12-23 06:10:00+00:00,2023-12-23 07:10:00+01:00,0.0,0.0,0.0,0.0,4.37,2.21,0.0
2023-12-23 07:10:00+00:00,2023-12-23 08:10:00+01:00,0.0,0.0,0.0,0.0,3.11,1.72,0.0
2023-12-23 08:10:00+00:00,2023-12-23 09:10:00+01:00,358.31,88.37,5.63,5.28,2.53,1.52,0.0
2023-12-23 09:10:00+00:00,2023-12-23 10:10:00+01:00,641.52,150.15,16.85,14.35,5.2,0.76,0.0
2023-12-23 10:10:00+00:00,2023-12-23 11:10:00+01:00,772.58,155.77,23.11,21.73,9.13,0.76,0.0
2023-12-23 11:10:00+00:00,2023-12-23 12:10:00+01:00,794.18,167.42,25.1,26.79,11.86,0.9,0.0
2023-12-23 12:10:00+00:00,2023-12-23 13:10:00+01:00,826.24,162.18,25.74,28.96,13.77,0.9,0.0
2023-12-23 13:10:00+00:00,2023-12-23 14:10:00+01:00,801.36,167.06,25.33,27.9,15.0,0.62,0.0
2023-12-23 14:10:00+00:00,2023-12-23 15:10:00+01:00,793.3,153.88,24.1,23.79,15.71,0.34,0.0
2023-12-23 15:10:00+00:00,2023-12-23 16:10:00+01:00,681.85,156.12,19.39,17.14,15.89,0.34,0.0
2023-12-23 16:10:00+00:00,2023-12-23 17:10:00+01:00,514.76,122.91,10.12,8.6,15.56,0.48,0.0
2023-12-23 17:10:00+00:00,2023-12-23 18:10:00+01:00,0.0,0.0,0.0,0.0,14.41,0.97,0.0
2023-12-23 18:10:00+00:00,2023-12-23 19:10:00+01:00,0.0,0.0,0.0,0.0,11.98,1.17,0.0
2023-12-23 19:10:00+00:00,2023-12-23 20:10:00+01:00,0.0,0.0,0.0,0.0,12.28,0.83,0.0
2023-12-23 20:10:00+00:00,2023-12-23 21:10:00+01:00,0.0,0.0,0.0,0.0,11.42,0.83,0.0
2023-12-23 21:10:00+00:00,2023-12-23 22:10:00+01:00,0.0,0.0,0.0,0.0,10.08,1.1,0.0
2023-12-23 22:10:00+00:00,2023-12-23 23:10:00+01:00,0.0,0.0,0.0,0.0,8.94,1.03,0.0
2023-12-23 23:10:00+00:00,2023-12-24 00:10:00+01:00,0.0,0.0,0.0,0.0,8.07,0.97,0.0
2023-12-24 00:10:00+00:00,2023-12-24 01:10:00+01:00,0.0,0.0,0.0,0.0,6.63,1.17,0.0
2023-12-24 01:10:00+00:00,2023-12-24 02:10:00+01:00,0.0,0.0,0.0,0.0,5.25,1.31,0.0
2023-12-24 02:10:00+00:00,2023-12-24 03:10:00+01:00,0.0,0.0,0.0,0.0,4.22,1.52,0.0
2023-12-24 03:10:00+00:00,2023-12-24 04:10:00+01:00,0.0,0.0,0.0,0.0,3.34,1.52,0.0
2023-12-24 04:10:00+00:00,2023-12-24 05:10:00+01:00,0.0,0.0,0.0,0.0,2.77,1.59,0.0
2023-12-24 05:10:00+00:00,2023-12-24 06:10:00+01:00,0.0,0.0,0.0,0.0,2.46,1.59,0.0
2023-12-24 06:10:00+00:00,2023-12-24 07:10:00+01:00,0.0,0.0,0.0,0.0,2.25,1.59,0.0
2023-12-24 07:10:00+00:00,2023-12-24 08:10:00+01:00,0.0,0.0,0.0,0.0,1.8,1.52,0.0
2023-12-24 08:10:00+00:00,2023-12-24 09:10:00+01:00,98.96,42.06,3.91,5.22,1.83,1.38,0.0
2023-12-24 09:10:00+00:00,2023-12-24 10:10:00+01:00,121.49,107.32,10.77,14.3,4.99,0.83,0.0
2023-12-24 10:10:00+00:00,2023-12-24 11:10:00+01:00,386.92,207.09,18.85,21.69,9.7,0.76,0.0
2023-12-24 11:10:00+00:00,2023-12-24 12:10:00+01:00,725.81,185.98,24.29,26.78,12.37,0.48,0.0
2023-12-24 12:10:00+00:00,2023-12-24 13:10:00+01:00,817.74,161.35,25.53,28.96,13.96,0.34,0.0
2023-12-24 13:10:00+00:00,2023-12-24 14:10:00+01:00,823.94,155.78,25.46,27.94,14.91,1.03,0.0
2023-12-24 14:10:00+00:00,2023-12-24 15:10:00+01:00,754.46,163.68,23.65,23.84,15.44,1.38,0.0
2023-12-24 15:10:00+00:00,2023-12-24 16:10:00+01:00,699.38,147.55,19.43,17.22,15.53,1.38,0.0
2023-12-24 16:10:00+00:00,2023-12-24 17:10:00+01:00,536.38,119.99,10.27,8.69,15.14,1.31,0.0
2023-12-24 17:10:00+00:00,2023-12-24 18:10:00+01:00,0.0,0.0,0.0,0.0,13.94,1.52,0.0
2023-12-24 18:10:00+00:00,2023-12-24 19:10:00+01:00,0.0,0.0,0.0,0.0,11.99,1.59,0.0
2023-12-24 19:10:00+00:00,2023-12-24 20:10:00+01:00,0.0,0.0,0.0,0.0,10.7,1.1,0.0
2023-12-24 20:10:00+00:00,2023-12-24 21:10:00+01:00,0.0,0.0,0.0,0.0,10.1,1.1,0.0
2023-12-24 21:10:00+00:00,2023-12-24 22:10:00+01:00,0.0,0.0,0.0,0.0,10.26,0.83,0.0
2023-12-24 22:10:00+00:00,2023-12-24 23:10:00+01:00,0.0,0.0,0.0,0.0,9.6,0.34,0.0
2023-12-24 23:10:00+00:00,2023-12-25 00:10:00+01:00,0.0,0.0,0.0,0.0,9.07,0.83,0.0
2023-12-25 00:10:00+00:00,2023-12-25 01:10:00+01:00,0.0,0.0,0.0,0.0,6.9,1.31,0.0
2023-12-25 01:10:00+00:00,2023-12-25 02:10:00+01:00,0.0,0.0,0.0,0.0,5.6,1.31,0.0
2023-12-25 02:10:00+00:00,2023-12-25 03:10:00+01:00,0.0,0.0,0.0,0.0,4.23,1.59,0.0
2023-12-25 03:10:00+00:00,2023-12-25 04:10:00+01:00,0.0,0.0,0.0,0.0,3.32,1.66,0.0
2023-12-25 04:10:00+00:00,2023-12-25 05:10:00+01:00,0.0,0.0,0.0,0.0,2.84,1.59,0.0
2023-12-25 05:10:00+00:00,2023-12-25 06:10:00+01:00,0.0,0.0,0.0,0.0,2.59,1.52,0.0
2023-12-25 06:10:00+00:00,2023-12-25 07:10:00+01:00,0.0,0.0,0.0,0.0,2.28,1.66,0.0
2023-12-25 07:10:00+00:00,2023-12-25 08:10:00+01:00,0.0,0.0,0.0,0.0,2.03,1.52,0.0
2023-12-25 08:10:00+00:00,2023-12-25 09:10:00+01:00,300.38,81.94,5.28,5.16,1.81,1.52,0.0
2023-12-25 09:10:00+00:00,2023-12-25 10:10:00+01:00,540.38,162.98,15.98,14.25,5.01,0.97,0.0
2023-12-25 10:10:00+00:00,2023-12-25 11:10:00+01:00,774.89,154.44,23.09,21.66,9.12,0.9,0.0
2023-12-25 11:10:00+00:00,2023-12-25 12:10:00+01:00,810.39,162.37,25.28,26.77,11.52,1.03,0.0
2023-12-25 12:10:00+00:00,2023-12-25 13:10:00+01:00,844.13,155.44,25.93,28.98,13.18,0.9,0.0
2023-12-25 13:10:00+00:00,2023-12-25 14:10:00+01:00,835.6,155.0,25.69,27.98,14.32,0.83,0.0
2023-12-25 14:10:00+00:00,2023-12-25 15:10:00+01:00,797.02,153.73,24.21,23.91,14.99,0.9,0.0
2023-12-25 15:10:00+00:00,2023-12-25 16:10:00+01:00,713.14,148.94,19.75,17.29,15.21,0.97,0.0
2023-12-25 16:10:00+00:00,2023-12-25 17:10:00+01:00,537.57,122.18,10.42,8.77,14.91,0.69,0.0
2023-12-25 17:10:00+00:00,2023-12-25 18:10:00+01:00,0.0,0.0,0.0,0.0,13.98,0.34,0.0
2023-12-25 18:10:00+00:00,2023-12-25 19:10:00+01:00,0.0,0.0,0.0,0.0,13.09,0.07,0.0
2023-12-25 19:10:00+00:00,2023-12-25 20:10:00+01:00,0.0,0.0,0.0,0.0,11.39,0.76,0.0
2023-12-25 20:10:00+00:00,2023-12-25 21:10:00+01:00,0.0,0.0,0.0,0.0,9.86,1.03,0.0
2023-12-25 21:10:00+00:00,2023-12-25 22:10:00+01:00,0.0,0.0,0.0,0.0,7.65,1.24,0.0
2023-12-25 22:10:00+00:00,2023-12-25 23:10:00+01:00,0.0,0.0,0.0,0.0,6.24,1.31,0.0
2023-12-25 23:10:00+00:00,2023-12-26 00:10:00+01:00,0.0,0.0,0.0,0.0,5.14,1.24,0.0
2023-12-26 00:10:00+00:00,2023-12-26 01:10:00+01:00,0.0,0.0,0.0,0.0,4.16,1.24,0.0
2023-12-26 01:10:00+00:00,2023-12-26 02:10:00+01:00,0.0,0.0,0.0,0.0,3.32,1.38,0.0
2023-12-26 02:10:00+00:00,2023-12-26 03:10:00+01:00,0.0,0.0,0.0,0.0,2.71,1.52,0.0
2023-12-26 03:10:00+00:00,2023-12-26 04:10:00+01:00,0.0,0.0,0.0,0.0,2.31,1.52,0.0
2023-12-26 04:10:00+00:00,2023-12-26 05:10:00+01:00,0.0,0.0,0.0,0.0,1.8,1.59,0.0
2023-12-26 05:10:00+00:00,2023-12-26 06:10:00+01:00,0.0,0.0,0.0,0.0,1.38,1.66,0.0
2023-12-26 06:10:00+00:00,2023-12-26 07:10:00+01:00,0.0,0.0,0.0,0.0,1.07,1.72,0.0
2023-12-26 07:10:00+00:00,2023-12-26 08:10:00+01:00,0.0,0.0,0.0,0.0,1.74,1.38,0.0
2023-12-26 08:10:00+00:00,2023-12-26 09:10:00+01:00,382.34,86.73,5.56,5.1,2.27,1.59,0.0
2023-12-26 09:10:00+00:00,2023-12-26 10:10:00+01:00,651.95,150.65,16.9,14.21,3.04,1.66,0.0
2023-12-26 10:10:00+00:00,2023-12-26 11:10:00+01:00,781.12,155.28,23.23,21.64,4.47,1.86,0.0
2023-12-26 11:10:00+00:00,2023-12-26 12:10:00+01:00,817.08,161.33,25.39,26.77,6.58,1.93,0.0
2023-12-26 12:10:00+00:00,2023-12-26 13:10:00+01:00,851.73,154.34,26.06,29.01,9.51,1.93,0.0
2023-12-26 13:10:00+00:00,2023-12-26 14:10:00+01:00,827.87,160.81,25.71,28.03,11.8,1.93,0.0
2023-12-26 14:10:00+00:00,2023-12-26 15:10:00+01:00,804.69,154.22,24.4,23.98,13.18,1.66,0.0
2023-12-26 15:10:00+00:00,2023-12-26 16:10:00+01:00,706.44,153.9,19.85,17.38,13.81,1.38,0.0
2023-12-26 16:10:00+00:00,2023-12-26 17:10:00+01:00,538.4,124.22,10.57,8.87,13.7,0.97,0.0
2023-12-26 17:10:00+00:00,2023-12-26 18:10:00+01:00,0.0,0.0,0.0,0.0,12.64,0.9,0.0
2023-12-26 18:10:00+00:00,2023-12-26 19:10:00+01:00,0.0,0.0,0.0,0.0,11.08,0.83,0.0
2023-12-26 19:10:00+00:00,2023-12-26 20:10:00+01:00,0.0,0.0,0.0,0.0,8.71,1.24,0.0
2023-12-26 20:10:00+00:00,2023-12-26 21:10:00+01:00,0.0,0.0,0.0,0.0,8.53,1.1,0.0
2023-12-26 21:10:00+00:00,2023-12-26 22:10:00+01:00,0.0,0.0,0.0,0.0,6.91,1.1,0.0
2023-12-26 22:10:00+00:00,2023-12-26 23:10:00+01:00,0.0,0.0,0.0,0.0,4.68,1.38,0.0
2023-12-26 23:10:00+00:00,2023-12-27 00:10:00+01:00,0.0,0.0,0.0,0.0,3.58,1.31,0.0
2023-12-27 00:10:00+00:00,2023-12-27 01:10:00+01:00,0.0,0.0,0.0,0.0,2.5,1.38,0.0
2023-12-27 01:10:00+00:00,2023-12-27 02:10:00+01:00,0.0,0.0,0.0,0.0,1.6,1.66,0.0
2023-12-27 02:10:00+00:00,2023-12-27 03:10:00+01:00,0.0,0.0,0.0,0.0,1.19,1.72,0.0
2023-12-27 03:10:00+00:00,2023-12-27 04:10:00+01:00,0.0,0.0,0.0,0.0,0.92,1.79,0.0
2023-12-27 04:10:00+00:00,2023-12-27 05:10:00+01:00,0.0,0.0,0.0,0.0,0.66,1.72,0.0
2023-12-27 05:10:00+00:00,2023-12-27 06:10:00+01:00,0.0,0.0,0.0,0.0,0.52,1.52,0.0
2023-12-27 06:10:00+00:00,2023-12-27 07:10:00+01:00,0.0,0.0,0.0,0.0,0.2,1.59,0.0
2023-12-27 07:10:00+00:00,2023-12-27 08:10:00+01:00,0.0,0.0,0.0,0.0,0.45,1.45,0.0
2023-12-27 08:10:00+00:00,2023-12-27 09:10:00+01:00,374.73,85.3,5.47,5.05,0.75,1.17,0.0
2023-12-27 09:10:00+00:00,2023-12-27 10:10:00+01:00,645.38,149.85,16.77,14.17,3.16,0.97,0.0
2023-12-27 10:10:00+00:00,2023-12-27 11:10:00+01:00,778.98,155.11,23.18,21.62,7.25,0.83,0.0
2023-12-27 11:10:00+00:00,2023-12-27 12:10:00+01:00,830.22,155.68,25.5,26.77,10.21,0.48,0.0
2023-12-27 12:10:00+00:00,2023-12-27 13:10:00+01:00,848.81,155.63,26.04,29.04,12.47,0.55,0.0
2023-12-27 13:10:00+00:00,2023-12-27 14:10:00+01:00,841.21,155.1,25.83,28.08,13.93,0.55,0.0
2023-12-27 14:10:00+00:00,2023-12-27 15:10:00+01:00,787.57,159.32,24.23,24.05,14.74,0.76,0.0
2023-12-27 15:10:00+00:00,2023-12-27 16:10:00+01:00,719.55,148.69,19.94,17.47,14.94,1.1,0.0
2023-12-27 16:10:00+00:00,2023-12-27 17:10:00+01:00,564.55,121.71,10.8,8.97,14.51,0.55,0.0
2023-12-27 17:10:00+00:00,2023-12-27 18:10:00+01:00,0.0,0.0,0.0,0.0,13.46,0.41,0.0
2023-12-27 18:10:00+00:00,2023-12-27 19:10:00+01:00,0.0,0.0,0.0,0.0,12.41,0.34,0.0
2023-12-27 19:10:00+00:00,2023-12-27 20:10:00+01:00,0.0,0.0,0.0,0.0,10.27,1.03,0.0
2023-12-27 20:10:00+00:00,2023-12-27 21:10:00+01:00,0.0,0.0,0.0,0.0,8.51,1.1,0.0
2023-12-27 21:10:00+00:00,2023-12-27 22:10:00+01:00,0.0,0.0,0.0,0.0,6.7,1.24,0.0
2023-12-27 22:10:00+00:00,2023-12-27 23:10:00+01:00,0.0,0.0,0.0,0.0,5.32,1.31,0.0
2023-12-27 23:10:00+00:00,2023-12-28 00:10:00+01:00,0.0,0.0,0.0,0.0,3.95,1.59,0.0
2023-12-28 00:10:00+00:00,2023-12-28 01:10:00+01:00,0.0,0.0,0.0,0.0,3.14,1.93,0.0
2023-12-28 01:10:00+00:00,2023-12-28 02:10:00+01:00,0.0,0.0,0.0,0.0,3.1,1.93,0.0
2023-12-28 02:10:00+00:00,2023-12-28 03:10:00+01:00,0.0,0.0,0.0,0.0,2.79,1.93,0.0
2023-12-28 03:10:00+00:00,2023-12-28 04:10:00+01:00,0.0,0.0,0.0,0.0,2.76,2.0,0.0
2023-12-28 04:10:00+00:00,2023-12-28 05:10:00+01:00,0.0,0.0,0.0,0.0,3.01,1.66,0.0
2023-12-28 05:10:00+00:00,2023-12-28 06:10:00+01:00,0.0,0.0,0.0,0.0,3.11,1.66,0.0
2023-12-28 06:10:00+00:00,2023-12-28 07:10:00+01:00,0.0,0.0,0.0,0.0,3.33,2.07,0.0
2023-12-28 07:10:00+00:00,2023-12-28 08:10:00+01:00,0.0,0.0,0.0,0.0,4.22,2.21,0.0
2023-12-28 08:10:00+00:00,2023-12-28 09:10:00+01:00,80.18,36.42,3.65,5.01,5.08,2.14,0.0
2023-12-28 09:10:00+00:00,2023-12-28 10:10:00+01:00,261.95,143.99,13.0,14.14,6.68,1.93,0.0
2023-12-28 10:10:00+00:00,2023-12-28 11:10:00+01:00,369.29,206.81,18.64,21.61,9.2,2.07,0.0
2023-12-28 11:10:00+00:00,2023-12-28 12:10:00+01:00,727.75,187.77,24.39,26.79,11.82,2.0,0.0
2023-12-28 12:10:00+00:00,2023-12-28 13:10:00+01:00,956.81,110.19,27.14,29.08,13.87,1.72,0.0
2023-12-28 13:10:00+00:00,2023-12-28 14:10:00+01:00,782.22,173.91,25.15,28.15,15.27,1.38,0.0
2023-12-28 14:10:00+00:00,2023-12-28 15:10:00+01:00,716.54,178.46,23.47,24.14,16.06,1.24,0.0
2023-12-28 15:10:00+00:00,2023-12-28 16:10:00+01:00,314.78,173.17,15.78,17.57,16.37,1.17,0.0
2023-12-28 16:10:00+00:00,2023-12-28 17:10:00+01:00,570.75,121.59,10.95,9.07,16.02,0.9,0.0
2023-12-28 17:10:00+00:00,2023-12-28 18:10:00+01:00,0.0,0.0,0.0,0.0,14.87,1.52,0.0
2023-12-28 18:10:00+00:00,2023-12-28 19:10:00+01:00,0.0,0.0,0.0,0.0,12.92,2.14,0.0
2023-12-28 19:10:00+00:00,2023-12-28 20:10:00+01:00,0.0,0.0,0.0,0.0,10.71,1.45,0.0
2023-12-28 20:10:00+00:00,2023-12-28 21:10:00+01:00,0.0,0.0,0.0,0.0,9.67,1.31,0.0
2023-12-28 21:10:00+00:00,2023-12-28 22:10:00+01:00,0.0,0.0,0.0,0.0,8.6,1.72,0.0
2023-12-28 22:10:00+00:00,2023-12-28 23:10:00+01:00,0.0,0.0,0.0,0.0,8.4,1.86,0.0
2023-12-28 23:10:00+00:00,2023-12-29 00:10:00+01:00,0.0,0.0,0.0,0.0,7.85,1.66,0.0
2023-12-29 00:10:00+00:00,2023-12-29 01:10:00+01:00,0.0,0.0,0.0,0.0,7.17,1.59,0.0
2023-12-29 01:10:00+00:00,2023-12-29 02:10:00+01:00,0.0,0.0,0.0,0.0,6.99,1.1,0.0
2023-12-29 02:10:00+00:00,2023-12-29 03:10:00+01:00,0.0,0.0,0.0,0.0,6.09,1.31,0.0
2023-12-29 03:10:00+00:00,2023-12-29 04:10:00+01:00,0.0,0.0,0.0,0.0,5.57,1.66,0.0
2023-12-29 04:10:00+00:00,2023-12-29 05:10:00+01:00,0.0,0.0,0.0,0.0,5.51,1.52,0.0
2023-12-29 05:10:00+00:00,2023-12-29 06:10:00+01:00,0.0,0.0,0.0,0.0,5.53,1.31,0.0
2023-12-29 06:10:00+00:00,2023-12-29 07:10:00+01:00,0.0,0.0,0.0,0.0,5.81,1.1,0.0
2023-12-29 07:10:00+00:00,2023-12-29 08:10:00+01:00,0.0,0.0,0.0,0.0,7.07,0.48,0.0
2023-12-29 08:10:00+00:00,2023-12-29 09:10:00+01:00,0.0,2.71,0.46,4.97,7.12,0.55,0.0
2023-12-29 09:10:00+00:00,2023-12-29 10:10:00+01:00,16.4,60.55,7.18,14.12,7.15,1.17,0.0
2023-12-29 10:10:00+00:00,2023-12-29 11:10:00+01:00,10.86,98.87,9.16,21.61,9.83,1.03,0.0
2023-12-29 11:10:00+00:00,2023-12-29 12:10:00+01:00,75.38,178.29,13.78,26.81,10.93,0.07,0.0
2023-12-29 12:10:00+00:00,2023-12-29 13:10:00+01:00,80.13,197.82,14.17,29.12,12.44,0.34,0.0
2023-12-29 13:10:00+00:00,2023-12-29 14:10:00+01:00,86.71,193.98,14.34,28.22,13.57,0.76,0.0
2023-12-29 14:10:00+00:00,2023-12-29 15:10:00+01:00,7.31,110.77,9.32,24.23,14.19,0.9,0.0
2023-12-29 15:10:00+00:00,2023-12-29 16:10:00+01:00,79.08,113.05,11.28,17.67,14.53,0.83,0.0
2023-12-29 16:10:00+00:00,2023-12-29 17:10:00+01:00,194.25,91.9,8.07,9.18,14.42,0.55,0.0
2023-12-29 17:10:00+00:00,2023-12-29 18:10:00+01:00,0.0,0.0,0.0,0.0,13.51,0.69,0.0
2023-12-29 18:10:00+00:00,2023-12-29 19:10:00+01:00,0.0,0.0,0.0,0.0,10.92,1.31,0.0
2023-12-29 19:10:00+00:00,2023-12-29 20:10:00+01:00,0.0,0.0,0.0,0.0,11.49,0.28,0.0
2023-12-29 20:10:00+00:00,2023-12-29 21:10:00+01:00,0.0,0.0,0.0,0.0,10.64,0.83,0.0
2023-12-29 21:10:00+00:00,2023-12-29 22:10:00+01:00,0.0,0.0,0.0,0.0,9.67,0.97,0.0
2023-12-29 22:10:00+00:00,2023-12-29 23:10:00+01:00,0.0,0.0,0.0,0.0,8.49,1.24,0.0
2023-12-29 23:10:00+00:00,2023-12-30 00:10:00+01:00,0.0,0.0,0.0,0.0,7.86,1.38,0.0
2023-12-30 00:10:00+00:00,2023-12-30 01:10:00+01:00,0.0,0.0,0.0,0.0,7.61,1.45,0.0
2023-12-30 01:10:00+00:00,2023-12-30 02:10:00+01:00,0.0,0.0,0.0,0.0,7.42,1.66,0.0
2023-12-30 02:10:00+00:00,2023-12-30 03:10:00+01:00,0.0,0.0,0.0,0.0,7.03,1.59,0.0
2023-12-30 03:10:00+00:00,2023-12-30 04:10:00+01:00,0.0,0.0,0.0,0.0,6.01,1.52,0.0
2023-12-30 04:10:00+00:00,2023-12-30 05:10:00+01:00,0.0,0.0,0.0,0.0,5.23,1.45,0.0
2023-12-30 05:10:00+00:00,2023-12-30 06:10:00+01:00,0.0,0.0,0.0,0.0,4.43,1.38,0.0
2023-12-30 06:10:00+00:00,2023-12-30 07:10:00+01:00,0.0,0.0,0.0,0.0,3.73,1.38,0.0
2023-12-30 07:10:00+00:00,2023-12-30 08:10:00+01:00,0.0,0.0,0.0,0.0,2.93,1.59,0.0
2023-12-30 08:10:00+00:00,2023-12-30 09:10:00+01:00,394.99,82.47,5.39,4.94,2.67,1.45,0.0
2023-12-30 09:10:00+00:00,2023-12-30 10:10:00+01:00,644.33,143.17,16.49,14.1,5.83,0.83,0.0
2023-12-30 10:10:00+00:00,2023-12-30 11:10:00+01:00,768.4,150.05,22.8,21.61,9.66,0.9,0.0
2023-12-30 11:10:00+00:00,2023-12-30 12:10:00+01:00,821.74,149.46,25.12,26.84,12.23,0.9,0.0
2023-12-30 12:10:00+00:00,2023-12-30 13:10:00+01:00,826.58,154.84,25.52,29.18,13.93,0.41,0.0
2023-12-30 13:10:00+00:00,2023-12-30 14:10:00+01:00,833.25,150.25,25.51,28.3,14.99,0.48,0.0
2023-12-30 14:10:00+00:00,2023-12-30 15:10:00+01:00,806.04,145.53,24.23,24.32,15.58,0.97,0.0
2023-12-30 15:10:00+00:00,2023-12-30 16:10:00+01:00,710.74,145.6,19.87,17.78,15.74,1.1,0.0
2023-12-30 16:10:00+00:00,2023-12-30 17:10:00+01:00,556.99,122.73,11.07,9.3,15.41,1.31,0.0
2023-12-30 17:10:00+00:00,2023-12-30 18:10:00+01:00,0.0,0.0,0.0,0.0,14.15,1.72,0.0
2023-12-30 18:10:00+00:00,2023-12-30 19:10:00+01:00,0.0,0.0,0.0,0.0,12.32,1.93,0.0
2023-12-30 19:10:00+00:00,2023-12-30 20:10:00+01:00,0.0,0.0,0.0,0.0,11.02,2.28,0.0
2023-12-30 20:10:00+00:00,2023-12-30 21:10:00+01:00,0.0,0.0,0.0,0.0,9.81,2.28,0.0
2023-12-30 21:10:00+00:00,2023-12-30 22:10:00+01:00,0.0,0.0,0.0,0.0,8.72,2.21,0.0
2023-12-30 22:10:00+00:00,2023-12-30 23:10:00+01:00,0.0,0.0,0.0,0.0,7.83,2.14,0.0
2023-12-30 23:10:00+00:00,2023-12-31 00:10:00+01:00,0.0,0.0,0.0,0.0,7.04,1.86,0.0
2023-12-31 00:10:00+00:00,2023-12-31 01:10:00+01:00,0.0,0.0,0.0,0.0,7.0,1.59,0.0
2023-12-31 01:10:00+00:00,2023-12-31 02:10:00+01:00,0.0,0.0,0.0,0.0,6.42,1.52,0.0
2023-12-31 02:10:00+00:00,2023-12-31 03:10:00+01:00,0.0,0.0,0.0,0.0,6.92,1.17,0.0
2023-12-31 03:10:00+00:00,2023-12-31 04:10:00+01:00,0.0,0.0,0.0,0.0,7.24,1.03,0.0
2023-12-31 04:10:00+00:00,2023-12-31 05:10:00+01:00,0.0,0.0,0.0,0.0,7.09,1.03,0.0
2023-12-31 05:10:00+00:00,2023-12-31 06:10:00+01:00,0.0,0.0,0.0,0.0,5.38,1.52,0.0
2023-12-31 06:10:00+00:00,2023-12-31 07:10:00+01:00,0.0,0.0,0.0,0.0,4.86,1.66,0.0
2023-12-31 07:10:00+00:00,2023-12-31 08:10:00+01:00,0.0,0.0,0.0,0.0,5.34,1.52,0.0
2023-12-31 08:10:00+00:00,2023-12-31 09:10:00+01:00,93.44,38.26,3.66,4.91,5.19,1.45,0.0
2023-12-31 09:10:00+00:00,2023-12-31 10:10:00+01:00,193.02,125.15,11.8,14.09,8.05,0.62,0.0
2023-12-31 10:10:00+00:00,2023-12-31 11:10:00+01:00,8.14,96.14,8.9,21.62,10.83,0.34,0.0
2023-12-31 11:10:00+00:00,2023-12-31 12:10:00+01:00,152.64,206.28,16.06,26.88,12.57,0.41,0.0
2023-12-31 12:10:00+00:00,2023-12-31 13:10:00+01:00,180.14,230.68,16.93,29.24,13.77,0.97,0.0
2023-12-31 13:10:00+00:00,2023-12-31 14:10:00+01:00,431.24,244.85,21.09,28.38,14.63,1.72,0.0
2023-12-31 14:10:00+00:00,2023-12-31 15:10:00+01:00,587.61,204.19,22.05,24.43,15.29,2.07,0.0
2023-12-31 15:10:00+00:00,2023-12-31 16:10:00+01:00,423.15,179.32,17.11,17.89,15.35,2.0,0.0
2023-12-31 16:10:00+00:00,2023-12-31 17:10:00+01:00,281.06,110.63,9.12,9.42,15.13,1.52,0.0
2023-12-31 17:10:00+00:00,2023-12-31 18:10:00+01:00,0.0,0.0,0.0,0.0,14.44,0.9,0.0
2023-12-31 18:10:00+00:00,2023-12-31 19:10:00+01:00,0.0,0.0,0.0,0.0,12.91,0.69,0.0
2023-12-31 19:10:00+00:00,2023-12-31 20:10:00+01:00,0.0,0.0,0.0,0.0,10.72,1.38,0.0
2023-12-31 20:10:00+00:00,2023-12-31 21:10:00+01:00,0.0,0.0,0.0,0.0,10.21,1.24,0.0
2023-12-31 21:10:00+00:00,2023-12-31 22:10:00+01:00,0.0,0.0,0.0,0.0,9.84,1.03,0.0
2023-12-31 22:10:00+00:00,2023-12-31 23:10:00+01:00,0.0,0.0,0.0,0.0,9.43,0.83,0.0
2023-12-31 23:10:00+00:00,2024-01-01 00:10:00+01:00,0.0,0.0,0.0,0.0,9.22,0.76,0.0
