mirror_id,x,y,z,width,height,aim_x,aim_y,aim_z,roll_deg,mount_type
G1,0.0,81.0,0.0,12.305,9.752,0.0,4.0,140.0,0.0,azimuth_elevation
G2,-16.01,79.402,0.0,12.305,9.752,-0.7906174222875905,3.921087105838804,140.0,0.0,azimuth_elevation
G3,-31.389,74.671,0.0,12.305,9.752,-1.5500708182436347,3.6874490448587234,140.0,0.0,azimuth_elevation
G4,-45.529,66.994,0.0,12.305,9.752,-2.2483309648463297,3.308324027738694,140.0,0.0,azimuth_elevation
G5,-57.872,56.673,0.0,12.305,9.752,-2.8578771284191915,2.798667239751535,140.0,0.0,azimuth_elevation
G6,-67.932,44.116,0.0,12.305,9.752,-3.354672270574424,2.178571540491393,140.0,0.0,azimuth_elevation
G7,-75.312,29.818,0.0,12.305,9.752,-3.719108144215171,1.4724926524884212,140.0,0.0,azimuth_elevation
G8,-79.72,14.344,0.0,12.305,9.752,-3.9367815022687562,0.7083441278041023,140.0,0.0,azimuth_elevation
G9,-80.982,-1.696,0.0,12.305,9.752,-3.9991230761931758,-0.08375333700357641,140.0,0.0,azimuth_elevation
G10,-79.049,-17.67,0.0,12.305,9.752,-3.90366226367816,-0.8725943680399889,140.0,0.0,azimuth_elevation
G11,-73.997,-32.946,0.0,12.305,9.752,-3.654174252776857,-1.626963592199499,140.0,0.0,azimuth_elevation
G12,-66.025,-46.922,0.0,12.305,9.752,-3.2605001113692875,-2.3171402684690596,140.0,0.0,azimuth_elevation
G13,-55.448,-59.046,0.0,12.305,9.752,-2.7381914489211407,-2.915871668824803,140.0,0.0,azimuth_elevation
G14,-42.683,-68.841,0.0,12.305,9.752,-2.107815035426136,-3.3995758230155007,140.0,0.0,azimuth_elevation
G15,-28.234,-75.92,0.0,12.305,9.752,-1.3942710570903705,-3.7491343293299186,140.0,0.0,azimuth_elevation
G16,-12.671,-80.003,0.0,12.305,9.752,-0.6257267618416686,-3.950755120165655,140.0,0.0,azimuth_elevation
G17,16.01,79.402,0.0,12.305,9.752,0.7906174222875905,3.921087105838804,140.0,0.0,azimuth_elevation
G18,31.389,74.671,0.0,12.305,9.752,1.5500708182436347,3.6874490448587234,140.0,0.0,azimuth_elevation
G19,45.529,66.994,0.0,12.305,9.752,2.2483309648463297,3.308324027738694,140.0,0.0,azimuth_elevation
G20,57.872,56.673,0.0,12.305,9.752,2.8578771284191915,2.798667239751535,140.0,0.0,azimuth_elevation
G21,67.932,44.116,0.0,12.305,9.752,3.354672270574424,2.178571540491393,140.0,0.0,azimuth_elevation
G22,75.312,29.818,0.0,12.305,9.752,3.719108144215171,1.4724926524884212,140.0,0.0,azimuth_elevation
G23,79.72,14.344,0.0,12.305,9.752,3.9367815022687562,0.7083441278041023,140.0,0.0,azimuth_elevation
G24,80.982,-1.696,0.0,12.305,9.752,3.9991230761931758,-0.08375333700357641,140.0,0.0,azimuth_elevation
G25,79.049,-17.67,0.0,12.305,9.752,3.90366226367816,-0.8725943680399889,140.0,0.0,azimuth_elevation
G26,73.997,-32.946,0.0,12.305,9.752,3.654174252776857,-1.626963592199499,140.0,0.0,azimuth_elevation
G27,66.025,-46.922,0.0,12.305,9.752,3.2605001113692875,-2.3171402684690596,140.0,0.0,azimuth_elevation
G28,55.448,-59.046,0.0,12.305,9.752,2.7381914489211407,-2.915871668824803,140.0,0.0,azimuth_elevation
G29,42.683,-68.841,0.0,12.305,9.752,2.107815035426136,-3.3995758230155007,140.0,0.0,azimuth_elevation
G30,28.234,-75.92,0.0,12.305,9.752,1.3942710570903705,-3.7491343293299186,140.0,0.0,azimuth_elevation
G31,12.671,-80.003,0.0,12.305,9.752,0.6257267618416686,-3.950755120165655,140.0,0.0,azimuth_elevation
G32,0.0,96.0,0.0,12.305,9.752,0.0,4.0,140.0,0.0,azimuth_elevation
G33,-15.982,94.66,0.0,12.305,9.752,-0.6659188371205108,3.9441795220765585,140.0,0.0,azimuth_elevation
G34,-31.518,90.678,0.0,12.305,9.752,-1.3132582643192217,3.7782737766336183,140.0,0.0,azimuth_elevation
G35,-46.175,84.166,0.0,12.305,9.752,-1.923953512913093,3.506907880191519,140.0,0.0,azimuth_elevation
G36,-59.543,75.304,0.0,12.305,9.752,-2.480950087068442,3.137656237619904,140.0,0.0,azimuth_elevation
G37,-71.248,64.34,0.0,12.305,9.752,-2.9686806622766335,2.6808459719694393,140.0,0.0,azimuth_elevation
G38,-80.966,51.581,0.0,12.305,9.752,-3.373566363597773,2.1491975224259163,140.0,0.0,azimuth_elevation
G39,-88.423,37.382,0.0,12.305,9.752,-3.6842835007667616,1.5575798810904748,140.0,0.0,azimuth_elevation
G40,-93.412,22.139,0.0,12.305,9.752,-3.892179956313137,0.9224614830301946,140.0,0.0,azimuth_elevation
G41,-95.794,6.279,0.0,12.305,9.752,-3.991434796856253,0.2616261883777733,140.0,0.0,azimuth_elevation
G42,-95.503,-9.757,0.0,12.305,9.752,-3.9792869045649946,-0.40654118014974033,140.0,0.0,azimuth_elevation
G43,-92.546,-25.52,0.0,12.305,9.752,-3.856076530811964,-1.0633314575056871,140.0,0.0,azimuth_elevation
G44,-87.006,-40.571,0.0,12.305,9.752,-3.6252401507755847,-1.6904537406284192,140.0,0.0,azimuth_elevation
G45,-79.037,-54.49,0.0,12.305,9.752,-3.293206998862951,-2.2704157466508366,140.0,0.0,azimuth_elevation
G46,-68.862,-66.888,0.0,12.305,9.752,-2.869253177475493,-2.787003086389893,140.0,0.0,azimuth_elevation
G47,-56.766,-77.419,0.0,12.305,9.752,-2.365239693546952,-3.225777610448358,140.0,0.0,azimuth_elevation
G48,-43.085,-85.789,0.0,12.305,9.752,-1.795201540370565,-3.5745281408111964,140.0,0.0,azimuth_elevation
G49,-28.201,-91.764,0.0,12.305,9.752,-1.1750462505162407,-3.823514915512652,140.0,0.0,azimuth_elevation
G50,-12.531,-95.179,0.0,12.305,9.752,-0.5221230737116014,-3.9657770355754938,140.0,0.0,azimuth_elevation
G51,15.982,94.66,0.0,12.305,9.752,0.6659188371205108,3.9441795220765585,140.0,0.0,azimuth_elevation
G52,31.518,90.678,0.0,12.305,9.752,1.3132582643192217,3.7782737766336183,140.0,0.0,azimuth_elevation
G53,46.175,84.166,0.0,12.305,9.752,1.923953512913093,3.506907880191519,140.0,0.0,azimuth_elevation
G54,59.543,75.304,0.0,12.305,9.752,2.480950087068442,3.137656237619904,140.0,0.0,azimuth_elevation
G55,71.248,64.34,0.0,12.305,9.752,2.9686806622766335,2.6808459719694393,140.0,0.0,azimuth_elevation
G56,80.966,51.581,0.0,12.305,9.752,3.373566363597773,2.1491975224259163,140.0,0.0,azimuth_elevation
G57,88.423,37.382,0.0,12.305,9.752,3.6842835007667616,1.5575798810904748,140.0,0.0,azimuth_elevation
G58,93.412,22.139,0.0,12.305,9.752,3.892179956313137,0.9224614830301946,140.0,0.0,azimuth_elevation
G59,95.794,6.279,0.0,12.305,9.752,3.991434796856253,0.2616261883777733,140.0,0.0,azimuth_elevation
G60,95.503,-9.757,0.0,12.305,9.752,3.9792869045649946,-0.40654118014974033,140.0,0.0,azimuth_elevation
G61,92.546,-25.52,0.0,12.305,9.752,3.856076530811964,-1.0633314575056871,140.0,0.0,azimuth_elevation
G62,87.006,-40.571,0.0,12.305,9.752,3.6252401507755847,-1.6904537406284192,140.0,0.0,azimuth_elevation
G63,79.037,-54.49,0.0,12.305,9.752,3.293206998862951,-2.2704157466508366,140.0,0.0,azimuth_elevation
G64,68.862,-66.888,0.0,12.305,9.752,2.869253177475493,-2.787003086389893,140.0,0.0,azimuth_elevation
G65,56.766,-77.419,0.0,12.305,9.752,2.365239693546952,-3.225777610448358,140.0,0.0,azimuth_elevation
G66,43.085,-85.789,0.0,12.305,9.752,1.795201540370565,-3.5745281408111964,140.0,0.0,azimuth_elevation
G67,28.201,-91.764,0.0,12.305,9.752,1.1750462505162407,-3.823514915512652,140.0,0.0,azimuth_elevation
G68,12.531,-95.179,0.0,12.305,9.752,0.5221230737116014,-3.9657770355754938,140.0,0.0,azimuth_elevation
G69,0.0,111.0,0.0,12.305,9.752,0.0,4.0,140.0,0.0,azimuth_elevation
G70,-15.951,109.848,0.0,12.305,9.752,-0.5748104024814333,3.958483674489404,140.0,0.0,azimuth_elevation
G71,-31.57,106.416,0.0,12.305,9.752,-1.137656274668832,3.8348061490389105,140.0,0.0,azimuth_elevation
G72,-46.534,100.775,0.0,12.305,9.752,-1.6768999630974786,3.6315295006048998,140.0,0.0,azimuth_elevation
G73,-60.532,93.042,0.0,12.305,9.752,-2.1813389289413694,3.35287346571339,140.0,0.0,azimuth_elevation
G74,-73.274,83.378,0.0,12.305,9.752,-2.6405077234356127,3.004616275413032,140.0,0.0,azimuth_elevation
G75,-84.495,71.983,0.0,12.305,9.752,-3.0448701393328195,2.5939864754079456,140.0,0.0,azimuth_elevation
G76,-93.962,59.095,0.0,12.305,9.752,-3.386007510583289,2.129542941166849,140.0,0.0,azimuth_elevation
G77,-101.478,44.979,0.0,12.305,9.752,-3.6568804580607646,1.6208717763763094,140.0,0.0,azimuth_elevation
G78,-106.889,29.93,0.0,12.305,9.752,-3.8518459736530346,1.0785557914419195,140.0,0.0,azimuth_elevation
G79,-110.08,14.26,0.0,12.305,9.752,-3.9668542519059296,0.5138748331411569,140.0,0.0,azimuth_elevation
G80,-110.987,-1.707,0.0,12.305,9.752,-3.99952698406447,-0.06151344357265311,140.0,0.0,azimuth_elevation
G81,-109.59,-17.638,0.0,12.305,9.752,-3.94917842856606,-0.6356018717314369,140.0,0.0,azimuth_elevation
G82,-105.918,-33.202,0.0,12.305,9.752,-3.8168655575450177,-1.1964686856021607,140.0,0.0,azimuth_elevation
G83,-100.048,-48.078,0.0,12.305,9.752,-3.6053192310352085,-1.7325337636905362,140.0,0.0,azimuth_elevation
G84,-92.1,-61.956,0.0,12.305,9.752,-3.318924853714613,-2.232652641006977,140.0,0.0,azimuth_elevation
G85,-82.242,-74.547,0.0,12.305,9.752,-2.96367546243826,-2.686378185092592,140.0,0.0,azimuth_elevation
G86,-70.676,-85.592,0.0,12.305,9.752,-2.546873845537946,-3.0843854517415226,140.0,0.0,azimuth_elevation
G87,-57.643,-94.859,0.0,12.305,9.752,-2.077229833709966,-3.4183499261990815,140.0,0.0,azimuth_elevation
G88,-43.414,-102.158,0.0,12.305,9.752,-1.5644664140045486,-3.6813645349858723,140.0,0.0,azimuth_elevation
G89,-28.283,-107.336,0.0,12.305,9.752,-1.0192094826666782,-3.8679725994947693,140.0,0.0,azimuth_elevation
G90,-12.566,-110.286,0.0,12.305,9.752,-0.4528305534178518,-3.9742854061945883,140.0,0.0,azimuth_elevation
G91,15.951,109.848,0.0,12.305,9.752,0.5748104024814333,3.958483674489404,140.0,0.0,azimuth_elevation
G92,31.57,106.416,0.0,12.305,9.752,1.137656274668832,3.8348061490389105,140.0,0.0,azimuth_elevation
G93,46.534,100.775,0.0,12.305,9.752,1.6768999630974786,3.6315295006048998,140.0,0.0,azimuth_elevation
G94,60.532,93.042,0.0,12.305,9.752,2.1813389289413694,3.35287346571339,140.0,0.0,azimuth_elevation
G95,73.274,83.378,0.0,12.305,9.752,2.6405077234356127,3.004616275413032,140.0,0.0,azimuth_elevation
G96,84.495,71.983,0.0,12.305,9.752,3.0448701393328195,2.5939864754079456,140.0,0.0,azimuth_elevation
G97,93.962,59.095,0.0,12.305,9.752,3.386007510583289,2.129542941166849,140.0,0.0,azimuth_elevation
G98,101.478,44.979,0.0,12.305,9.752,3.6568804580607646,1.6208717763763094,140.0,0.0,azimuth_elevation
G99,106.889,29.93,0.0,12.305,9.752,3.8518459736530346,1.0785557914419195,140.0,0.0,azimuth_elevation
G100,110.08,14.26,0.0,12.305,9.752,3.9668542519059296,0.5138748331411569,140.0,0.0,azimuth_elevation
G101,110.987,-1.707,0.0,12.305,9.752,3.99952698406447,-0.06151344357265311,140.0,0.0,azimuth_elevation
G102,109.59,-17.638,0.0,12.305,9.752,3.94917842856606,-0.6356018717314369,140.0,0.0,azimuth_elevation
G103,105.918,-33.202,0.0,12.305,9.752,3.8168655575450177,-1.1964686856021607,140.0,0.0,azimuth_elevation
G104,100.048,-48.078,0.0,12.305,9.752,3.6053192310352085,-1.7325337636905362,140.0,0.0,azimuth_elevation
G105,92.1,-61.956,0.0,12.305,9.752,3.318924853714613,-2.232652641006977,140.0,0.0,azimuth_elevation
G106,82.242,-74.547,0.0,12.305,9.752,2.96367546243826,-2.686378185092592,140.0,0.0,azimuth_elevation
G107,70.676,-85.592,0.0,12.305,9.752,2.546873845537946,-3.0843854517415226,140.0,0.0,azimuth_elevation
G108,57.643,-94.859,0.0,12.305,9.752,2.077229833709966,-3.4183499261990815,140.0,0.0,azimuth_elevation
G109,43.414,-102.158,0.0,12.305,9.752,1.5644664140045486,-3.6813645349858723,140.0,0.0,azimuth_elevation
G110,28.283,-107.336,0.0,12.305,9.752,1.0192094826666782,-3.8679725994947693,140.0,0.0,azimuth_elevation
G111,12.566,-110.286,0.0,12.305,9.752,0.4528305534178518,-3.9742854061945883,140.0,0.0,azimuth_elevation
G112,-7.804,125.758,0.0,12.305,9.752,-0.2477462113605396,3.99232035472562,140.0,0.0,azimuth_elevation
G113,-23.293,123.828,0.0,12.305,9.752,-0.7394617745638206,3.931055365160726,140.0,0.0,azimuth_elevation
G114,-38.424,119.998,0.0,12.305,9.752,-1.2198124519468594,3.8094694620216334,140.0,0.0,azimuth_elevation
G115,-52.965,114.327,0.0,12.305,9.752,-1.6814309992107976,3.6294338118903586,140.0,0.0,azimuth_elevation
G116,-66.694,106.902,0.0,12.305,9.752,-2.1172613567713765,3.393700686142287,140.0,0.0,azimuth_elevation
G117,-79.399,97.836,0.0,12.305,9.752,-2.520596498667075,3.1058965357698707,140.0,0.0,azimuth_elevation
G118,-90.886,87.268,0.0,12.305,9.752,-2.885272674566836,2.7704154189214907,140.0,0.0,azimuth_elevation
G119,-100.978,75.362,0.0,12.305,9.752,-3.2056520528124293,2.3924453841831914,140.0,0.0,azimuth_elevation
G120,-109.521,62.299,0.0,12.305,9.752,-3.4768555176531386,1.9777451072787218,140.0,0.0,azimuth_elevation
G121,-116.383,48.28,0.0,12.305,9.752,-3.6947029404344356,1.5327002909718306,140.0,0.0,azimuth_elevation
G122,-121.459,33.521,0.0,12.305,9.752,-3.8558478125958904,1.0641605358682917,140.0,0.0,azimuth_elevation
G123,-124.672,18.247,0.0,12.305,9.752,-3.9578337170323254,0.5792687358403559,140.0,0.0,azimuth_elevation
G124,-125.971,2.693,0.0,12.305,9.752,-3.9990862808647507,0.08549221133728219,140.0,0.0,azimuth_elevation
G125,-125.338,-12.903,0.0,12.305,9.752,-3.978971388456441,-0.409617736243226,140.0,0.0,azimuth_elevation
G126,-122.781,-28.3,0.0,12.305,9.752,-3.8978016721138307,-0.8984108886621008,140.0,0.0,azimuth_elevation
G127,-118.34,-43.263,0.0,12.305,9.752,-3.7568203365035036,-1.3734267214648561,140.0,0.0,azimuth_elevation
G128,-112.083,-57.562,0.0,12.305,9.752,-3.558192411165441,-1.8273660731021215,140.0,0.0,azimuth_elevation
G129,-104.106,-70.978,0.0,12.305,9.752,-3.3049590716485313,-2.253274402891951,140.0,0.0,azimuth_elevation
G130,-94.532,-83.305,0.0,12.305,9.752,-3.001013789073757,-2.644601338158395,140.0,0.0,azimuth_elevation
G131,-83.507,-94.354,0.0,12.305,9.752,-2.651007827413025,-2.9953559886923076,140.0,0.0,azimuth_elevation
G132,-71.201,-103.954,0.0,12.305,9.752,-2.2603480305442583,-3.3001252674428425,140.0,0.0,azimuth_elevation
G133,-57.802,-111.96,0.0,12.305,9.752,-1.8349776079476443,-3.5542730871910706,140.0,0.0,azimuth_elevation
G134,-43.516,-118.247,0.0,12.305,9.752,-1.3814605234698938,-3.753873575667445,140.0,0.0,azimuth_elevation
G135,-28.562,-122.72,0.0,12.305,9.752,-0.9067305515554349,-3.895874703693123,140.0,0.0,azimuth_elevation
G136,-13.171,-125.31,0.0,12.305,9.752,-0.4181260446744569,-3.9780863000650064,140.0,0.0,azimuth_elevation
G137,7.804,125.758,0.0,12.305,9.752,0.2477462113605396,3.99232035472562,140.0,0.0,azimuth_elevation
G138,23.293,123.828,0.0,12.305,9.752,0.7394617745638206,3.931055365160726,140.0,0.0,azimuth_elevation
G139,38.424,119.998,0.0,12.305,9.752,1.2198124519468594,3.8094694620216334,140.0,0.0,azimuth_elevation
G140,52.965,114.327,0.0,12.305,9.752,1.6814309992107976,3.6294338118903586,140.0,0.0,azimuth_elevation
G141,66.694,106.902,0.0,12.305,9.752,2.1172613567713765,3.393700686142287,140.0,0.0,azimuth_elevation
G142,79.399,97.836,0.0,12.305,9.752,2.520596498667075,3.1058965357698707,140.0,0.0,azimuth_elevation
G143,90.886,87.268,0.0,12.305,9.752,2.885272674566836,2.7704154189214907,140.0,0.0,azimuth_elevation
G144,100.978,75.362,0.0,12.305,9.752,3.2056520528124293,2.3924453841831914,140.0,0.0,azimuth_elevation
G145,109.521,62.299,0.0,12.305,9.752,3.4768555176531386,1.9777451072787218,140.0,0.0,azimuth_elevation
G146,116.383,48.28,0.0,12.305,9.752,3.6947029404344356,1.5327002909718306,140.0,0.0,azimuth_elevation
G147,121.459,33.521,0.0,12.305,9.752,3.8558478125958904,1.0641605358682917,140.0,0.0,azimuth_elevation
G148,124.672,18.247,0.0,12.305,9.752,3.9578337170323254,0.5792687358403559,140.0,0.0,azimuth_elevation
G149,125.971,2.693,0.0,12.305,9.752,3.9990862808647507,0.08549221133728219,140.0,0.0,azimuth_elevation
G150,125.338,-12.903,0.0,12.305,9.752,3.978971388456441,-0.409617736243226,140.0,0.0,azimuth_elevation
G151,122.781,-28.3,0.0,12.305,9.752,3.8978016721138307,-0.8984108886621008,140.0,0.0,azimuth_elevation
G152,118.34,-43.263,0.0,12.305,9.752,3.7568203365035036,-1.3734267214648561,140.0,0.0,azimuth_elevation
G153,112.083,-57.562,0.0,12.305,9.752,3.558192411165441,-1.8273660731021215,140.0,0.0,azimuth_elevation
G154,104.106,-70.978,0.0,12.305,9.752,3.3049590716485313,-2.253274402891951,140.0,0.0,azimuth_elevation
G155,94.532,-83.305,0.0,12.305,9.752,3.001013789073757,-2.644601338158395,140.0,0.0,azimuth_elevation
G156,83.507,-94.354,0.0,12.305,9.752,2.651007827413025,-2.9953559886923076,140.0,0.0,azimuth_elevation
G157,71.201,-103.954,0.0,12.305,9.752,2.2603480305442583,-3.3001252674428425,140.0,0.0,azimuth_elevation
G158,57.802,-111.96,0.0,12.305,9.752,1.8349776079476443,-3.5542730871910706,140.0,0.0,azimuth_elevation
G159,43.516,-118.247,0.0,12.305,9.752,1.3814605234698938,-3.753873575667445,140.0,0.0,azimuth_elevation
G160,28.562,-122.72,0.0,12.305,9.752,0.9067305515554349,-3.895874703693123,140.0,0.0,azimuth_elevation
G161,13.171,-125.31,0.0,12.305,9.752,0.4181260446744569,-3.9780863000650064,140.0,0.0,azimuth_elevation
G162,-7.915,142.781,0.0,12.305,9.752,-0.22139827017300537,3.9938681507987215,140.0,0.0,azimuth_elevation
G163,-23.647,141.031,0.0,12.305,9.752,-0.6614557815813151,3.9449304491983956,140.0,0.0,azimuth_elevation
G164,-39.089,137.554,0.0,12.305,9.752,-1.0933971888163247,3.847659364794207,140.0,0.0,azimuth_elevation
G165,-54.052,132.391,0.0,12.305,9.752,-1.5119442191606947,3.7032451550156056,140.0,0.0,azimuth_elevation
G166,-68.353,125.606,0.0,12.305,9.752,-1.911972035218242,3.5134545587702446,140.0,0.0,azimuth_elevation
G167,-81.817,117.282,0.0,12.305,9.752,-2.2885824315769403,3.280608244499392,140.0,0.0,azimuth_elevation
G168,-94.278,107.521,0.0,12.305,9.752,-2.6371399714314583,3.0075725712073,140.0,0.0,azimuth_elevation
G169,-105.584,96.442,0.0,12.305,9.752,-2.953395682522508,2.697675655533373,140.0,0.0,azimuth_elevation
G170,-115.596,84.182,0.0,12.305,9.752,-3.2334510398762433,2.354738705827727,140.0,0.0,azimuth_elevation
G171,-124.192,70.89,0.0,12.305,9.752,-3.4738982786376758,1.9829348828638307,140.0,0.0,azimuth_elevation
G172,-131.266,56.73,0.0,12.305,9.752,-3.671771227053637,1.5868509873901302,140.0,0.0,azimuth_elevation
G173,-136.732,41.874,0.0,12.305,9.752,-3.824664623497161,1.1712986458496923,140.0,0.0,azimuth_elevation
G174,-140.522,26.506,0.0,12.305,9.752,-3.9306852647083885,0.7414265639996623,140.0,0.0,azimuth_elevation
G175,-142.591,10.812,0.0,12.305,9.752,-3.9885504073777898,0.30243288149019687,140.0,0.0,azimuth_elevation
G176,-142.912,-5.013,0.0,12.305,9.752,-3.997541402368635,-0.14022387938083553,140.0,0.0,azimuth_elevation
G177,-141.482,-20.778,0.0,12.305,9.752,-3.9575499179159874,-0.5812044796826338,140.0,0.0,azimuth_elevation
G178,-138.319,-36.287,0.0,12.305,9.752,-3.8690731419010764,-1.015023656187251,140.0,0.0,azimuth_elevation
G179,-133.461,-51.353,0.0,12.305,9.752,-3.7331776429956802,-1.4364486366860516,140.0,0.0,azimuth_elevation
G180,-126.968,-65.788,0.0,12.305,9.752,-3.551558181736984,-1.8402267473703036,140.0,0.0,azimuth_elevation
G181,-118.919,-79.418,0.0,12.305,9.752,-3.32640988194557,-2.2214853808420294,140.0,0.0,azimuth_elevation
G182,-109.413,-92.075,0.0,12.305,9.752,-3.0605027336603015,-2.5755238335643136,140.0,0.0,azimuth_elevation
G183,-98.566,-103.604,0.0,12.305,9.752,-2.757087863878327,-2.898010785151575,140.0,0.0,azimuth_elevation
G184,-86.512,-113.863,0.0,12.305,9.752,-2.4199096396090853,-3.1849705392871424,140.0,0.0,azimuth_elevation
G185,-73.397,-122.727,0.0,12.305,9.752,-2.053061122952465,-3.432920043552014,140.0,0.0,azimuth_elevation
G186,-59.384,-130.087,0.0,12.305,9.752,-1.6610873745421544,-3.638789459990321,140.0,0.0,azimuth_elevation
G187,-44.642,-135.853,0.0,12.305,9.752,-1.2487289284284928,-3.8000889546569607,140.0,0.0,azimuth_elevation
G188,-29.354,-139.955,0.0,12.305,9.752,-0.8210897177307057,-3.9148194946174604,140.0,0.0,azimuth_elevation
G189,-13.706,-142.342,0.0,12.305,9.752,-0.3833836835959743,-3.9815847286165313,140.0,0.0,azimuth_elevation
G190,7.915,142.781,0.0,12.305,9.752,0.22139827017300537,3.9938681507987215,140.0,0.0,azimuth_elevation
G191,23.647,141.031,0.0,12.305,9.752,0.6614557815813151,3.9449304491983956,140.0,0.0,azimuth_elevation
G192,39.089,137.554,0.0,12.305,9.752,1.0933971888163247,3.847659364794207,140.0,0.0,azimuth_elevation
G193,54.052,132.391,0.0,12.305,9.752,1.5119442191606947,3.7032451550156056,140.0,0.0,azimuth_elevation
G194,68.353,125.606,0.0,12.305,9.752,1.911972035218242,3.5134545587702446,140.0,0.0,azimuth_elevation
G195,81.817,117.282,0.0,12.305,9.752,2.2885824315769403,3.280608244499392,140.0,0.0,azimuth_elevation
G196,94.278,107.521,0.0,12.305,9.752,2.6371399714314583,3.0075725712073,140.0,0.0,azimuth_elevation
G197,105.584,96.442,0.0,12.305,9.752,2.953395682522508,2.697675655533373,140.0,0.0,azimuth_elevation
G198,115.596,84.182,0.0,12.305,9.752,3.2334510398762433,2.354738705827727,140.0,0.0,azimuth_elevation
G199,124.192,70.89,0.0,12.305,9.752,3.4738982786376758,1.9829348828638307,140.0,0.0,azimuth_elevation
G200,131.266,56.73,0.0,12.305,9.752,3.671771227053637,1.5868509873901302,140.0,0.0,azimuth_elevation
G201,136.732,41.874,0.0,12.305,9.752,3.824664623497161,1.1712986458496923,140.0,0.0,azimuth_elevation
G202,140.522,26.506,0.0,12.305,9.752,3.9306852647083885,0.7414265639996623,140.0,0.0,azimuth_elevation
G203,142.591,10.812,0.0,12.305,9.752,3.9885504073777898,0.30243288149019687,140.0,0.0,azimuth_elevation
G204,142.912,-5.013,0.0,12.305,9.752,3.997541402368635,-0.14022387938083553,140.0,0.0,azimuth_elevation
G205,141.482,-20.778,0.0,12.305,9.752,3.9575499179159874,-0.5812044796826338,140.0,0.0,azimuth_elevation
G206,138.319,-36.287,0.0,12.305,9.752,3.8690731419010764,-1.015023656187251,140.0,0.0,azimuth_elevation
G207,133.461,-51.353,0.0,12.305,9.752,3.7331776429956802,-1.4364486366860516,140.0,0.0,azimuth_elevation
G208,126.968,-65.788,0.0,12.305,9.752,3.551558181736984,-1.8402267473703036,140.0,0.0,azimuth_elevation
G209,118.919,-79.418,0.0,12.305,9.752,3.32640988194557,-2.2214853808420294,140.0,0.0,azimuth_elevation
G210,109.413,-92.075,0.0,12.305,9.752,3.0605027336603015,-2.5755238335643136,140.0,0.0,azimuth_elevation
G211,98.566,-103.604,0.0,12.305,9.752,2.757087863878327,-2.898010785151575,140.0,0.0,azimuth_elevation
G212,86.512,-113.863,0.0,12.305,9.752,2.4199096396090853,-3.1849705392871424,140.0,0.0,azimuth_elevation
G213,73.397,-122.727,0.0,12.305,9.752,2.053061122952465,-3.432920043552014,140.0,0.0,azimuth_elevation
G214,59.384,-130.087,0.0,12.305,9.752,1.6610873745421544,-3.638789459990321,140.0,0.0,azimuth_elevation
G215,44.642,-135.853,0.0,12.305,9.752,1.2487289284284928,-3.8000889546569607,140.0,0.0,azimuth_elevation
G216,29.354,-139.955,0.0,12.305,9.752,0.8210897177307057,-3.9148194946174604,140.0,0.0,azimuth_elevation
G217,13.706,-142.342,0.0,12.305,9.752,0.3833836835959743,-3.9815847286165313,140.0,0.0,azimuth_elevation
G218,0.0,159.0,0.0,12.305,9.752,0.0,4.0,140.0,0.0,azimuth_elevation
G219,-15.64,158.229,0.0,12.305,9.752,-0.39345891685334805,3.9806017234519446,140.0,0.0,azimuth_elevation
G220,-31.129,155.923,0.0,12.305,9.752,-0.7831195499802251,3.9225914610673853,140.0,0.0,azimuth_elevation
G221,-46.316,152.105,0.0,12.305,9.752,-1.1651800190901551,3.8265330944750846,140.0,0.0,azimuth_elevation
G222,-61.053,146.811,0.0,12.305,9.752,-1.535926395582709,3.6933629807199173,140.0,0.0,azimuth_elevation
G223,-75.199,140.093,0.0,12.305,9.752,-1.8918010525451194,3.524356505461554,140.0,0.0,azimuth_elevation
G224,-88.615,132.017,0.0,12.305,9.752,-2.2293034798508615,3.3211753935504285,140.0,0.0,azimuth_elevation
G225,-101.171,122.66,0.0,12.305,9.752,-2.5451800320651348,3.085783304831517,140.0,0.0,azimuth_elevation
G226,-112.746,112.113,0.0,12.305,9.752,-2.836378183958527,2.820453651022141,140.0,0.0,azimuth_elevation
G227,-123.227,100.479,0.0,12.305,9.752,-3.1000550373288522,2.527777435917175,140.0,0.0,azimuth_elevation
G228,-132.514,87.87,0.0,12.305,9.752,-3.3336791328151913,2.2105617927197945,140.0,0.0,azimuth_elevation
G229,-140.515,74.409,0.0,12.305,9.752,-3.534957052317969,1.8719184379313796,140.0,0.0,azimuth_elevation
G230,-147.152,60.226,0.0,12.305,9.752,-3.701945733233545,1.5151230274119514,140.0,0.0,azimuth_elevation
G231,-152.363,45.459,0.0,12.305,9.752,-3.833031109192918,1.1436225408583507,140.0,0.0,azimuth_elevation
G232,-156.096,30.251,0.0,12.305,9.752,-3.9269368554533894,0.7610301789560302,140.0,0.0,azimuth_elevation
G233,-158.314,14.749,0.0,12.305,9.752,-3.9827535129618448,0.3710450848483031,140.0,0.0,azimuth_elevation
G234,-158.997,-0.895,0.0,12.305,9.752,-3.9999366293902927,-0.02251579138791494,140.0,0.0,azimuth_elevation
G235,-158.138,-16.531,0.0,12.305,9.752,-3.9783222545468364,-0.41587502807619764,140.0,0.0,azimuth_elevation
G236,-155.745,-32.006,0.0,12.305,9.752,-3.918121804378619,-0.805184156608187,140.0,0.0,azimuth_elevation
G237,-151.842,-47.171,0.0,12.305,9.752,-3.8199172601006604,-1.186689565971261,140.0,0.0,azimuth_elevation
G238,-146.465,-61.879,0.0,12.305,9.752,-3.684653587697682,-1.5567041911251482,140.0,0.0,azimuth_elevation
G239,-139.668,-75.986,0.0,12.305,9.752,-3.5136588193462828,-1.9115966366443755,140.0,0.0,azimuth_elevation
G240,-131.516,-89.356,0.0,12.305,9.752,-3.308581692375311,-2.24795177547894,140.0,0.0,azimuth_elevation
G241,-122.088,-101.86,0.0,12.305,9.752,-3.0713999109794856,-2.5625187973623156,140.0,0.0,azimuth_elevation
G242,-111.476,-113.375,0.0,12.305,9.752,-2.804439365022073,-2.8522131491027443,140.0,0.0,azimuth_elevation
G243,-99.783,-123.791,0.0,12.305,9.752,-2.5102711626536025,-3.114247692453144,140.0,0.0,azimuth_elevation
G244,-87.122,-133.006,0.0,12.305,9.752,-2.191755410160275,-3.346073552992098,140.0,0.0,azimuth_elevation
G245,-73.616,-140.931,0.0,12.305,9.752,-1.851979889476144,-3.5454436237198768,140.0,0.0,azimuth_elevation
G246,-59.396,-147.489,0.0,12.305,9.752,-1.4942422463700675,-3.7104231711710365,140.0,0.0,azimuth_elevation
G247,-44.6,-152.617,0.0,12.305,9.752,-1.1220101667253684,-3.83941313038398,140.0,0.0,azimuth_elevation
G248,-29.371,-156.264,0.0,12.305,9.752,-0.7388917177747594,-3.9311625544365194,140.0,0.0,azimuth_elevation
G249,-13.858,-158.395,0.0,12.305,9.752,-0.3486287916129649,-3.9847782831242298,140.0,0.0,azimuth_elevation
G250,15.64,158.229,0.0,12.305,9.752,0.39345891685334805,3.9806017234519446,140.0,0.0,azimuth_elevation
G251,31.129,155.923,0.0,12.305,9.752,0.7831195499802251,3.9225914610673853,140.0,0.0,azimuth_elevation
G252,46.316,152.105,0.0,12.305,9.752,1.1651800190901551,3.8265330944750846,140.0,0.0,azimuth_elevation
G253,61.053,146.811,0.0,12.305,9.752,1.535926395582709,3.6933629807199173,140.0,0.0,azimuth_elevation
G254,75.199,140.093,0.0,12.305,9.752,1.8918010525451194,3.524356505461554,140.0,0.0,azimuth_elevation
G255,88.615,132.017,0.0,12.305,9.752,2.2293034798508615,3.3211753935504285,140.0,0.0,azimuth_elevation
G256,101.171,122.66,0.0,12.305,9.752,2.5451800320651348,3.085783304831517,140.0,0.0,azimuth_elevation
G257,112.746,112.113,0.0,12.305,9.752,2.836378183958527,2.820453651022141,140.0,0.0,azimuth_elevation
G258,123.227,100.479,0.0,12.305,9.752,3.1000550373288522,2.527777435917175,140.0,0.0,azimuth_elevation
G259,132.514,87.87,0.0,12.305,9.752,3.3336791328151913,2.2105617927197945,140.0,0.0,azimuth_elevation
G260,140.515,74.409,0.0,12.305,9.752,3.534957052317969,1.8719184379313796,140.0,0.0,azimuth_elevation
G261,147.152,60.226,0.0,12.305,9.752,3.701945733233545,1.5151230274119514,140.0,0.0,azimuth_elevation
G262,152.363,45.459,0.0,12.305,9.752,3.833031109192918,1.1436225408583507,140.0,0.0,azimuth_elevation
G263,156.096,30.251,0.0,12.305,9.752,3.9269368554533894,0.7610301789560302,140.0,0.0,azimuth_elevation
G264,158.314,14.749,0.0,12.305,9.752,3.9827535129618448,0.3710450848483031,140.0,0.0,azimuth_elevation
G265,158.997,-0.895,0.0,12.305,9.752,3.9999366293902927,-0.02251579138791494,140.0,0.0,azimuth_elevation
G266,158.138,-16.531,0.0,12.305,9.752,3.9783222545468364,-0.41587502807619764,140.0,0.0,azimuth_elevation
G267,155.745,-32.006,0.0,12.305,9.752,3.918121804378619,-0.805184156608187,140.0,0.0,azimuth_elevation
G268,151.842,-47.171,0.0,12.305,9.752,3.8199172601006604,-1.186689565971261,140.0,0.0,azimuth_elevation
G269,146.465,-61.879,0.0,12.305,9.752,3.684653587697682,-1.5567041911251482,140.0,0.0,azimuth_elevation
G270,139.668,-75.986,0.0,12.305,9.752,3.5136588193462828,-1.9115966366443755,140.0,0.0,azimuth_elevation
G271,131.516,-89.356,0.0,12.305,9.752,3.308581692375311,-2.24795177547894,140.0,0.0,azimuth_elevation
G272,122.088,-101.86,0.0,12.305,9.752,3.0713999109794856,-2.5625187973623156,140.0,0.0,azimuth_elevation
G273,111.476,-113.375,0.0,12.305,9.752,2.804439365022073,-2.8522131491027443,140.0,0.0,azimuth_elevation
G274,99.783,-123.791,0.0,12.305,9.752,2.5102711626536025,-3.114247692453144,140.0,0.0,azimuth_elevation
G275,87.122,-133.006,0.0,12.305,9.752,2.191755410160275,-3.346073552992098,140.0,0.0,azimuth_elevation
G276,73.616,-140.931,0.0,12.305,9.752,1.851979889476144,-3.5454436237198768,140.0,0.0,azimuth_elevation
G277,59.396,-147.489,0.0,12.305,9.752,1.4942422463700675,-3.7104231711710365,140.0,0.0,azimuth_elevation
G278,44.6,-152.617,0.0,12.305,9.752,1.1220101667253684,-3.83941313038398,140.0,0.0,azimuth_elevation
G279,29.371,-156.264,0.0,12.305,9.752,0.7388917177747594,-3.9311625544365194,140.0,0.0,azimuth_elevation
G280,13.858,-158.395,0.0,12.305,9.752,0.3486287916129649,-3.9847782831242298,140.0,0.0,azimuth_elevation
G281,-7.81,175.827,0.0,12.305,9.752,-0.1774996274523044,3.9960597946294913,140.0,0.0,azimuth_elevation
G282,-23.37,174.442,0.0,12.305,9.752,-0.5311349210555755,3.96458014115433,140.0,0.0,azimuth_elevation
G283,-38.745,171.682,0.0,12.305,9.752,-0.8805698284961032,3.9018709329169696,140.0,0.0,azimuth_elevation
G284,-53.815,167.571,0.0,12.305,9.752,-1.2230663208051058,3.8084260232952225,140.0,0.0,azimuth_elevation
G285,-68.461,162.139,0.0,12.305,9.752,-1.555932726295066,3.6849794234492004,140.0,0.0,azimuth_elevation
G286,-82.568,155.43,0.0,12.305,9.752,-1.876546680577354,3.5325023079417956,140.0,0.0,azimuth_elevation
G287,-96.024,147.497,0.0,12.305,9.752,-2.1823645668771356,3.3522059747633604,140.0,0.0,azimuth_elevation
G288,-108.724,138.402,0.0,12.305,9.752,-2.470999131289521,3.145498894160739,140.0,0.0,azimuth_elevation
G289,-120.568,128.216,0.0,12.305,9.752,-2.7401824692583086,2.91400069237628,140.0,0.0,azimuth_elevation
G290,-131.462,117.021,0.0,12.305,9.752,-2.987764437771533,2.659560802912344,140.0,0.0,azimuth_elevation
G291,-141.32,104.903,0.0,12.305,9.752,-3.2118191249065453,2.384159790971351,140.0,0.0,azimuth_elevation
G292,-150.065,91.96,0.0,12.305,9.752,-3.410560153919985,2.0899950804949974,140.0,0.0,azimuth_elevation
G293,-157.627,78.292,0.0,12.305,9.752,-3.5824371154532457,1.7793662674736275,140.0,0.0,azimuth_elevation
G294,-163.949,64.007,0.0,12.305,9.752,-3.726103372632606,1.4547005384119158,140.0,0.0,azimuth_elevation
G295,-168.978,49.218,0.0,12.305,9.752,-3.8404105781758204,1.118591342285135,140.0,0.0,azimuth_elevation
G296,-172.677,34.041,0.0,12.305,9.752,-3.9244686569215506,0.773657392416283,140.0,0.0,azimuth_elevation
G297,-175.015,18.596,0.0,12.305,9.752,-3.9776096915645036,0.4226359444866641,140.0,0.0,azimuth_elevation
G298,-175.974,3.005,0.0,12.305,9.752,-3.9994169215803868,0.06829558826502245,140.0,0.0,azimuth_elevation
G299,-175.548,-12.61,0.0,12.305,9.752,-3.989720033895857,-0.2865903891096837,140.0,0.0,azimuth_elevation
G300,-173.738,-28.126,0.0,12.305,9.752,-3.948593170456576,-0.6392276388139708,140.0,0.0,azimuth_elevation
G301,-170.56,-43.42,0.0,12.305,9.752,-3.8763630106594307,-0.9868180225306783,140.0,0.0,azimuth_elevation
G302,-166.038,-58.372,0.0,12.305,9.752,-3.773596523440688,-1.3266383374063757,140.0,0.0,azimuth_elevation
G303,-160.209,-72.864,0.0,12.305,9.752,-3.6411085714812255,-1.6559976964615473,140.0,0.0,azimuth_elevation
G304,-153.117,-86.783,0.0,12.305,9.752,-3.479925932667694,-1.972337573324324,140.0,0.0,azimuth_elevation
G305,-144.819,-100.017,0.0,12.305,9.752,-3.2913439346933635,-2.2731157259491237,140.0,0.0,azimuth_elevation
G306,-135.38,-112.464,0.0,12.305,9.752,-3.076823362042454,-2.5560043033590083,140.0,0.0,azimuth_elevation
G307,-124.875,-124.025,0.0,12.305,9.752,-2.8380697279325835,-2.8187515355902995,140.0,0.0,azimuth_elevation
G308,-113.386,-134.609,0.0,12.305,9.752,-2.5769558816434537,-3.0592970408352325,140.0,0.0,azimuth_elevation
G309,-101.004,-144.132,0.0,12.305,9.752,-2.295551329788944,-3.2757356566585485,140.0,0.0,azimuth_elevation
G310,-87.826,-152.521,0.0,12.305,9.752,-1.9960434660744892,-3.466382910404062,140.0,0.0,azimuth_elevation
G311,-73.957,-159.707,0.0,12.305,9.752,-1.6808418940137575,-3.6297066723536,140.0,0.0,azimuth_elevation
G312,-59.505,-165.636,0.0,12.305,9.752,-1.3523835362557322,-3.7644466752584558,140.0,0.0,azimuth_elevation
G313,-44.584,-170.259,0.0,12.305,9.752,-1.0132750148476786,-3.869531463147113,140.0,0.0,azimuth_elevation
G314,-29.312,-173.542,0.0,12.305,9.752,-0.6661816127098997,-3.944135147137739,140.0,0.0,azimuth_elevation
G315,-13.809,-175.457,0.0,12.305,9.752,-0.31384168250046335,-3.9876689178422624,140.0,0.0,azimuth_elevation
G316,7.81,175.827,0.0,12.305,9.752,0.1774996274523044,3.9960597946294913,140.0,0.0,azimuth_elevation
G317,23.37,174.442,0.0,12.305,9.752,0.5311349210555755,3.96458014115433,140.0,0.0,azimuth_elevation
G318,38.745,171.682,0.0,12.305,9.752,0.8805698284961032,3.9018709329169696,140.0,0.0,azimuth_elevation
G319,53.815,167.571,0.0,12.305,9.752,1.2230663208051058,3.8084260232952225,140.0,0.0,azimuth_elevation
G320,68.461,162.139,0.0,12.305,9.752,1.555932726295066,3.6849794234492004,140.0,0.0,azimuth_elevation
G321,82.568,155.43,0.0,12.305,9.752,1.876546680577354,3.5325023079417956,140.0,0.0,azimuth_elevation
G322,96.024,147.497,0.0,12.305,9.752,2.1823645668771356,3.3522059747633604,140.0,0.0,azimuth_elevation
G323,108.724,138.402,0.0,12.305,9.752,2.470999131289521,3.145498894160739,140.0,0.0,azimuth_elevation
G324,120.568,128.216,0.0,12.305,9.752,2.7401824692583086,2.91400069237628,140.0,0.0,azimuth_elevation
G325,131.462,117.021,0.0,12.305,9.752,2.987764437771533,2.659560802912344,140.0,0.0,azimuth_elevation
G326,141.32,104.903,0.0,12.305,9.752,3.2118191249065453,2.384159790971351,140.0,0.0,azimuth_elevation
G327,150.065,91.96,0.0,12.305,9.752,3.410560153919985,2.0899950804949974,140.0,0.0,azimuth_elevation
G328,157.627,78.292,0.0,12.305,9.752,3.5824371154532457,1.7793662674736275,140.0,0.0,azimuth_elevation
G329,163.949,64.007,0.0,12.305,9.752,3.726103372632606,1.4547005384119158,140.0,0.0,azimuth_elevation
G330,168.978,49.218,0.0,12.305,9.752,3.8404105781758204,1.118591342285135,140.0,0.0,azimuth_elevation
G331,172.677,34.041,0.0,12.305,9.752,3.9244686569215506,0.773657392416283,140.0,0.0,azimuth_elevation
G332,175.015,18.596,0.0,12.305,9.752,3.9776096915645036,0.4226359444866641,140.0,0.0,azimuth_elevation
G333,175.974,3.005,0.0,12.305,9.752,3.9994169215803868,0.06829558826502245,140.0,0.0,azimuth_elevation
G334,175.548,-12.61,0.0,12.305,9.752,3.989720033895857,-0.2865903891096837,140.0,0.0,azimuth_elevation
G335,173.738,-28.126,0.0,12.305,9.752,3.948593170456576,-0.6392276388139708,140.0,0.0,azimuth_elevation
G336,170.56,-43.42,0.0,12.305,9.752,3.8763630106594307,-0.9868180225306783,140.0,0.0,azimuth_elevation
G337,166.038,-58.372,0.0,12.305,9.752,3.773596523440688,-1.3266383374063757,140.0,0.0,azimuth_elevation
G338,160.209,-72.864,0.0,12.305,9.752,3.6411085714812255,-1.6559976964615473,140.0,0.0,azimuth_elevation
G339,153.117,-86.783,0.0,12.305,9.752,3.479925932667694,-1.972337573324324,140.0,0.0,azimuth_elevation
G340,144.819,-100.017,0.0,12.305,9.752,3.2913439346933635,-2.2731157259491237,140.0,0.0,azimuth_elevation
G341,135.38,-112.464,0.0,12.305,9.752,3.076823362042454,-2.5560043033590083,140.0,0.0,azimuth_elevation
G342,124.875,-124.025,0.0,12.305,9.752,2.8380697279325835,-2.8187515355902995,140.0,0.0,azimuth_elevation
G343,113.386,-134.609,0.0,12.305,9.752,2.5769558816434537,-3.0592970408352325,140.0,0.0,azimuth_elevation
G344,101.004,-144.132,0.0,12.305,9.752,2.295551329788944,-3.2757356566585485,140.0,0.0,azimuth_elevation
G345,87.826,-152.521,0.0,12.305,9.752,1.9960434660744892,-3.466382910404062,140.0,0.0,azimuth_elevation
G346,73.957,-159.707,0.0,12.305,9.752,1.6808418940137575,-3.6297066723536,140.0,0.0,azimuth_elevation
G347,59.505,-165.636,0.0,12.305,9.752,1.3523835362557322,-3.7644466752584558,140.0,0.0,azimuth_elevation
G348,44.584,-170.259,0.0,12.305,9.752,1.0132750148476786,-3.869531463147113,140.0,0.0,azimuth_elevation
G349,29.312,-173.542,0.0,12.305,9.752,0.6661816127098997,-3.944135147137739,140.0,0.0,azimuth_elevation
G350,13.809,-175.457,0.0,12.305,9.752,0.31384168250046335,-3.9876689178422624,140.0,0.0,azimuth_elevation
G351,0.0,196.0,0.0,12.305,9.752,0.0,4.0,140.0,0.0,azimuth_elevation
G352,-15.827,195.36,0.0,12.305,9.752,-0.3229999010846586,3.986937554552278,140.0,0.0,azimuth_elevation
G353,-31.55,193.444,0.0,12.305,9.752,-0.64387768815618,3.9478375755208894,140.0,0.0,azimuth_elevation
G354,-47.067,190.265,0.0,12.305,9.752,-0.9605501113415277,3.8829555088362495,140.0,0.0,azimuth_elevation
G355,-62.277,185.843,0.0,12.305,9.752,-1.2709584330287544,3.792712045688823,140.0,0.0,azimuth_elevation
G356,-77.08,180.207,0.0,12.305,9.752,-1.5730634920147903,3.6776991788467734,140.0,0.0,azimuth_elevation
G357,-91.38,173.395,0.0,12.305,9.752,-1.8648947934623985,3.538667462381403,140.0,0.0,azimuth_elevation
G358,-105.083,165.45,0.0,12.305,9.752,-2.144547129763527,3.376524486542785,140.0,0.0,azimuth_elevation
G359,-118.099,156.424,0.0,12.305,9.752,-2.4101886431396955,3.1923331130194477,140.0,0.0,azimuth_elevation
G360,-130.345,146.377,0.0,12.305,9.752,-2.660100477481496,2.987283958665917,140.0,0.0,azimuth_elevation
G361,-141.739,135.374,0.0,12.305,9.752,-2.892630243653939,2.7627323926682723,140.0,0.0,azimuth_elevation
G362,-152.207,123.487,0.0,12.305,9.752,-3.106264901101628,2.5201425285455774,140.0,0.0,azimuth_elevation
G363,-161.682,110.793,0.0,12.305,9.752,-3.299625868762215,2.261076983694982,140.0,0.0,azimuth_elevation
G364,-170.1,97.376,0.0,12.305,9.752,-3.471424262151774,1.9872628392198186,140.0,0.0,azimuth_elevation
G365,-177.407,83.322,0.0,12.305,9.752,-3.6205604764675905,1.7004534207795214,140.0,0.0,azimuth_elevation
G366,-183.556,68.725,0.0,12.305,9.752,-3.746044192165643,1.4025522843523708,140.0,0.0,azimuth_elevation
G367,-188.506,53.679,0.0,12.305,9.752,-3.847063874404305,1.0954905505084649,140.0,0.0,azimuth_elevation
G368,-192.225,38.282,0.0,12.305,9.752,-3.922961116306198,0.7812656910101905,140.0,0.0,azimuth_elevation
G369,-194.689,22.635,0.0,12.305,9.752,-3.973237143762555,0.46193787398910796,140.0,0.0,azimuth_elevation
G370,-195.881,6.84,0.0,12.305,9.752,-3.9975635324651173,0.1395915610092934,140.0,0.0,azimuth_elevation
G371,-195.793,-8.999,0.0,12.305,9.752,-3.995781706811739,-0.18365334603177252,140.0,0.0,azimuth_elevation
G372,-194.427,-24.78,0.0,12.305,9.752,-3.967902776063157,-0.5057148996324844,140.0,0.0,azimuth_elevation
G373,-191.791,-40.398,0.0,12.305,9.752,-3.9141129384714026,-0.8244512750252501,140.0,0.0,azimuth_elevation
G374,-187.903,-55.753,0.0,12.305,9.752,-3.834758375302362,-1.1378172977452867,140.0,0.0,azimuth_elevation
G375,-182.788,-70.744,0.0,12.305,9.752,-3.730359263984571,-1.4437519737144915,140.0,0.0,azimuth_elevation
G376,-176.478,-85.273,0.0,12.305,9.752,-3.6015932892882363,-1.7402660079866938,140.0,0.0,azimuth_elevation
G377,-169.016,-99.245,0.0,12.305,9.752,-3.4493070975050943,-2.0254087358113617,140.0,0.0,azimuth_elevation
G378,-160.45,-112.568,0.0,12.305,9.752,-3.2745001470579282,-2.2973133845685068,140.0,0.0,azimuth_elevation
G379,-150.837,-125.157,0.0,12.305,9.752,-3.0783031088128654,-2.554221989231368,140.0,0.0,azimuth_elevation
G380,-140.238,-136.928,0.0,12.305,9.752,-2.8620009749102233,-2.7944499314915148,140.0,0.0,azimuth_elevation
G381,-128.723,-147.805,0.0,12.305,9.752,-2.6270024360097657,-3.0164313685543642,140.0,0.0,azimuth_elevation
G382,-116.368,-157.716,0.0,12.305,9.752,-2.374861838678769,-3.2187002418969204,140.0,0.0,azimuth_elevation
G383,-103.253,-166.598,0.0,12.305,9.752,-2.1072020078640796,-3.399955837662247,140.0,0.0,azimuth_elevation
G384,-89.463,-174.391,0.0,12.305,9.752,-1.82577909251963,-3.5590069830386954,140.0,0.0,azimuth_elevation
G385,-75.089,-181.046,0.0,12.305,9.752,-1.5324283313484177,-3.6948157476768317,140.0,0.0,azimuth_elevation
G386,-60.225,-186.518,0.0,12.305,9.752,-1.2290813935139528,-3.8064890552998834,140.0,0.0,azimuth_elevation
G387,-44.967,-190.772,0.0,12.305,9.752,-0.9176940319532454,-3.8933067774987107,140.0,0.0,azimuth_elevation
G388,-29.416,-193.78,0.0,12.305,9.752,-0.6003266129977646,-3.9546944202715126,140.0,0.0,azimuth_elevation
G389,-13.672,-195.523,0.0,12.305,9.752,-0.2790198012835102,-3.990256627147145,140.0,0.0,azimuth_elevation
G390,15.827,195.36,0.0,12.305,9.752,0.3229999010846586,3.986937554552278,140.0,0.0,azimuth_elevation
G391,31.55,193.444,0.0,12.305,9.752,0.64387768815618,3.9478375755208894,140.0,0.0,azimuth_elevation
G392,47.067,190.265,0.0,12.305,9.752,0.9605501113415277,3.8829555088362495,140.0,0.0,azimuth_elevation
G393,62.277,185.843,0.0,12.305,9.752,1.2709584330287544,3.792712045688823,140.0,0.0,azimuth_elevation
G394,77.08,180.207,0.0,12.305,9.752,1.5730634920147903,3.6776991788467734,140.0,0.0,azimuth_elevation
G395,91.38,173.395,0.0,12.305,9.752,1.8648947934623985,3.538667462381403,140.0,0.0,azimuth_elevation
G396,105.083,165.45,0.0,12.305,9.752,2.144547129763527,3.376524486542785,140.0,0.0,azimuth_elevation
G397,118.099,156.424,0.0,12.305,9.752,2.4101886431396955,3.1923331130194477,140.0,0.0,azimuth_elevation
G398,130.345,146.377,0.0,12.305,9.752,2.660100477481496,2.987283958665917,140.0,0.0,azimuth_elevation
G399,141.739,135.374,0.0,12.305,9.752,2.892630243653939,2.7627323926682723,140.0,0.0,azimuth_elevation
G400,152.207,123.487,0.0,12.305,9.752,3.106264901101628,2.5201425285455774,140.0,0.0,azimuth_elevation
G401,161.682,110.793,0.0,12.305,9.752,3.299625868762215,2.261076983694982,140.0,0.0,azimuth_elevation
G402,170.1,97.376,0.0,12.305,9.752,3.471424262151774,1.9872628392198186,140.0,0.0,azimuth_elevation
G403,177.407,83.322,0.0,12.305,9.752,3.6205604764675905,1.7004534207795214,140.0,0.0,azimuth_elevation
G404,183.556,68.725,0.0,12.305,9.752,3.746044192165643,1.4025522843523708,140.0,0.0,azimuth_elevation
G405,188.506,53.679,0.0,12.305,9.752,3.847063874404305,1.0954905505084649,140.0,0.0,azimuth_elevation
G406,192.225,38.282,0.0,12.305,9.752,3.922961116306198,0.7812656910101905,140.0,0.0,azimuth_elevation
G407,194.689,22.635,0.0,12.305,9.752,3.973237143762555,0.46193787398910796,140.0,0.0,azimuth_elevation
G408,195.881,6.84,0.0,12.305,9.752,3.9975635324651173,0.1395915610092934,140.0,0.0,azimuth_elevation
G409,195.793,-8.999,0.0,12.305,9.752,3.995781706811739,-0.18365334603177252,140.0,0.0,azimuth_elevation
G410,194.427,-24.78,0.0,12.305,9.752,3.967902776063157,-0.5057148996324844,140.0,0.0,azimuth_elevation
G411,191.791,-40.398,0.0,12.305,9.752,3.9141129384714026,-0.8244512750252501,140.0,0.0,azimuth_elevation
G412,187.903,-55.753,0.0,12.305,9.752,3.834758375302362,-1.1378172977452867,140.0,0.0,azimuth_elevation
G413,182.788,-70.744,0.0,12.305,9.752,3.730359263984571,-1.4437519737144915,140.0,0.0,azimuth_elevation
G414,176.478,-85.273,0.0,12.305,9.752,3.6015932892882363,-1.7402660079866938,140.0,0.0,azimuth_elevation
G415,169.016,-99.245,0.0,12.305,9.752,3.4493070975050943,-2.0254087358113617,140.0,0.0,azimuth_elevation
G416,160.45,-112.568,0.0,12.305,9.752,3.2745001470579282,-2.2973133845685068,140.0,0.0,azimuth_elevation
G417,150.837,-125.157,0.0,12.305,9.752,3.0783031088128654,-2.554221989231368,140.0,0.0,azimuth_elevation
G418,140.238,-136.928,0.0,12.305,9.752,2.8620009749102233,-2.7944499314915148,140.0,0.0,azimuth_elevation
G419,128.723,-147.805,0.0,12.305,9.752,2.6270024360097657,-3.0164313685543642,140.0,0.0,azimuth_elevation
G420,116.368,-157.716,0.0,12.305,9.752,2.374861838678769,-3.2187002418969204,140.0,0.0,azimuth_elevation
G421,103.253,-166.598,0.0,12.305,9.752,2.1072020078640796,-3.399955837662247,140.0,0.0,azimuth_elevation
G422,89.463,-174.391,0.0,12.305,9.752,1.82577909251963,-3.5590069830386954,140.0,0.0,azimuth_elevation
G423,75.089,-181.046,0.0,12.305,9.752,1.5324283313484177,-3.6948157476768317,140.0,0.0,azimuth_elevation
G424,60.225,-186.518,0.0,12.305,9.752,1.2290813935139528,-3.8064890552998834,140.0,0.0,azimuth_elevation
G425,44.967,-190.772,0.0,12.305,9.752,0.9176940319532454,-3.8933067774987107,140.0,0.0,azimuth_elevation
G426,29.416,-193.78,0.0,12.305,9.752,0.6003266129977646,-3.9546944202715126,140.0,0.0,azimuth_elevation
G427,13.672,-195.523,0.0,12.305,9.752,0.2790198012835102,-3.990256627147145,140.0,0.0,azimuth_elevation
G428,0.0,216.0,0.0,12.305,9.752,0.0,4.0,140.0,0.0,azimuth_elevation
G429,-15.828,215.419,0.0,12.305,9.752,-0.29311151587052525,3.989246249514322,140.0,0.0,azimuth_elevation
G430,-31.572,213.68,0.0,12.305,9.752,-0.5846670828110295,3.9570398535113642,140.0,0.0,azimuth_elevation
G431,-47.145,210.792,0.0,12.305,9.752,-0.8730563200696182,3.903558973806659,140.0,0.0,azimuth_elevation
G432,-62.465,206.771,0.0,12.305,9.752,-1.1567577386107737,3.8290875589576285,140.0,0.0,azimuth_elevation
G433,-77.449,201.637,0.0,12.305,9.752,-1.4342433941365114,3.734025426583994,140.0,0.0,azimuth_elevation
G434,-92.017,195.42,0.0,12.305,9.752,-1.7040166067419575,3.6188848287763493,140.0,0.0,azimuth_elevation
G435,-106.09,188.151,0.0,12.305,9.752,-1.96463201086731,3.484282000911446,140.0,0.0,azimuth_elevation
G436,-119.592,179.871,0.0,12.305,9.752,-2.2146708651038884,3.3309507590566385,140.0,0.0,azimuth_elevation
G437,-132.452,170.624,0.0,12.305,9.752,-2.4528126677635136,3.1597009378830196,140.0,0.0,azimuth_elevation
G438,-144.599,160.459,0.0,12.305,9.752,-2.6777603646047132,2.971464189545624,140.0,0.0,azimuth_elevation
G439,-155.969,149.432,0.0,12.305,9.752,-2.8883070274590206,2.7672517982884823,140.0,0.0,azimuth_elevation
G440,-166.499,137.601,0.0,12.305,9.752,-3.08331639420862,2.5481679719367705,140.0,0.0,azimuth_elevation
G441,-176.135,125.03,0.0,12.305,9.752,-3.2617578916296854,2.31536939955409,140.0,0.0,azimuth_elevation
G442,-184.824,111.786,0.0,12.305,9.752,-3.4226659047538552,2.0701106502879196,140.0,0.0,azimuth_elevation
G443,-192.518,97.942,0.0,12.305,9.752,-3.565155190131305,1.8137443232936157,140.0,0.0,azimuth_elevation
G444,-199.178,83.571,0.0,12.305,9.752,-3.6884819666936632,1.547611314696182,140.0,0.0,azimuth_elevation
G445,-204.767,68.751,0.0,12.305,9.752,-3.7919723668932184,1.2731636064223026,140.0,0.0,azimuth_elevation
G446,-209.254,53.561,0.0,12.305,9.752,-3.875073358253672,0.9918701871477962,140.0,0.0,azimuth_elevation
G447,-212.616,38.082,0.0,12.305,9.752,-3.9373416804457824,0.7052237172872045,140.0,0.0,azimuth_elevation
G448,-214.835,22.4,0.0,12.305,9.752,-3.9784328659762367,0.41481553842654917,140.0,0.0,azimuth_elevation
G449,-215.899,6.596,0.0,12.305,9.752,-3.998134539164643,0.12214829814093621,140.0,0.0,azimuth_elevation
G450,-215.802,-9.242,0.0,12.305,9.752,-3.996336855141001,-0.17114829897412043,140.0,0.0,azimuth_elevation
G451,-214.545,-25.031,0.0,12.305,9.752,-3.973050957715701,-0.46353650060631435,140.0,0.0,azimuth_elevation
G452,-212.134,-40.686,0.0,12.305,9.752,-3.9283996378462254,-0.7534429542902672,140.0,0.0,azimuth_elevation
G453,-208.582,-56.122,0.0,12.305,9.752,-3.862624264546275,-1.0392948527431227,140.0,0.0,azimuth_elevation
G454,-203.908,-71.256,0.0,12.305,9.752,-3.776078525472422,-1.3195571111043358,140.0,0.0,azimuth_elevation
G455,-198.139,-86.006,0.0,12.305,9.752,-3.669236991091682,-1.5927020760972408,140.0,0.0,azimuth_elevation
G456,-191.303,-100.295,0.0,12.305,9.752,-3.542651001875562,-1.8573163109470816,140.0,0.0,azimuth_elevation
G457,-183.44,-114.044,0.0,12.305,9.752,-3.39702729739163,-2.1119198708227818,140.0,0.0,azimuth_elevation
G458,-174.589,-127.179,0.0,12.305,9.752,-3.23313597165769,-2.3551712865040373,140.0,0.0,azimuth_elevation
G459,-164.8,-139.631,0.0,12.305,9.752,-3.051856556245001,-2.5857632451762482,140.0,0.0,azimuth_elevation
G460,-154.125,-151.332,0.0,12.305,9.752,-2.8541700358996613,-2.8024477526213625,140.0,0.0,azimuth_elevation
G461,-142.621,-162.22,0.0,12.305,9.752,-2.641127420737538,-3.004071561635688,140.0,0.0,azimuth_elevation
G462,-130.35,-172.235,0.0,12.305,9.752,-2.41388843036085,-3.1895364311714696,140.0,0.0,azimuth_elevation
G463,-117.378,-181.324,0.0,12.305,9.752,-2.1736669494632896,-3.3578522887123783,140.0,0.0,azimuth_elevation
G464,-103.776,-189.438,0.0,12.305,9.752,-1.9217733700117352,-3.508103064950307,140.0,0.0,azimuth_elevation
G465,-89.615,-196.533,0.0,12.305,9.752,-1.6595358220862413,-3.639497335513868,140.0,0.0,azimuth_elevation
G466,-74.972,-202.572,0.0,12.305,9.752,-1.388367157037346,-3.751324651007966,140.0,0.0,azimuth_elevation
G467,-59.926,-207.521,0.0,12.305,9.752,-1.109739659484831,-3.8429777371416676,140.0,0.0,azimuth_elevation
G468,-44.558,-211.354,0.0,12.305,9.752,-0.825148778824089,-3.913965954477008,140.0,0.0,azimuth_elevation
G469,-28.95,-214.051,0.0,12.305,9.752,-0.5361114954704196,-3.963910249289768,140.0,0.0,azimuth_elevation
G470,-13.186,-215.597,0.0,12.305,9.752,-0.24418535003495068,-3.992539732404464,140.0,0.0,azimuth_elevation
G471,15.828,215.419,0.0,12.305,9.752,0.29311151587052525,3.989246249514322,140.0,0.0,azimuth_elevation
G472,31.572,213.68,0.0,12.305,9.752,0.5846670828110295,3.9570398535113642,140.0,0.0,azimuth_elevation
G473,47.145,210.792,0.0,12.305,9.752,0.8730563200696182,3.903558973806659,140.0,0.0,azimuth_elevation
G474,62.465,206.771,0.0,12.305,9.752,1.1567577386107737,3.8290875589576285,140.0,0.0,azimuth_elevation
G475,77.449,201.637,0.0,12.305,9.752,1.4342433941365114,3.734025426583994,140.0,0.0,azimuth_elevation
G476,92.017,195.42,0.0,12.305,9.752,1.7040166067419575,3.6188848287763493,140.0,0.0,azimuth_elevation
G477,106.09,188.151,0.0,12.305,9.752,1.96463201086731,3.484282000911446,140.0,0.0,azimuth_elevation
G478,119.592,179.871,0.0,12.305,9.752,2.2146708651038884,3.3309507590566385,140.0,0.0,azimuth_elevation
G479,132.452,170.624,0.0,12.305,9.752,2.4528126677635136,3.1597009378830196,140.0,0.0,azimuth_elevation
G480,144.599,160.459,0.0,12.305,9.752,2.6777603646047132,2.971464189545624,140.0,0.0,azimuth_elevation
G481,155.969,149.432,0.0,12.305,9.752,2.8883070274590206,2.7672517982884823,140.0,0.0,azimuth_elevation
G482,166.499,137.601,0.0,12.305,9.752,3.08331639420862,2.5481679719367705,140.0,0.0,azimuth_elevation
G483,176.135,125.03,0.0,12.305,9.752,3.2617578916296854,2.31536939955409,140.0,0.0,azimuth_elevation
G484,184.824,111.786,0.0,12.305,9.752,3.4226659047538552,2.0701106502879196,140.0,0.0,azimuth_elevation
G485,192.518,97.942,0.0,12.305,9.752,3.565155190131305,1.8137443232936157,140.0,0.0,azimuth_elevation
G486,199.178,83.571,0.0,12.305,9.752,3.6884819666936632,1.547611314696182,140.0,0.0,azimuth_elevation
G487,204.767,68.751,0.0,12.305,9.752,3.7919723668932184,1.2731636064223026,140.0,0.0,azimuth_elevation
G488,209.254,53.561,0.0,12.305,9.752,3.875073358253672,0.9918701871477962,140.0,0.0,azimuth_elevation
G489,212.616,38.082,0.0,12.305,9.752,3.9373416804457824,0.7052237172872045,140.0,0.0,azimuth_elevation
G490,214.835,22.4,0.0,12.305,9.752,3.9784328659762367,0.41481553842654917,140.0,0.0,azimuth_elevation
G491,215.899,6.596,0.0,12.305,9.752,3.998134539164643,0.12214829814093621,140.0,0.0,azimuth_elevation
G492,215.802,-9.242,0.0,12.305,9.752,3.996336855141001,-0.17114829897412043,140.0,0.0,azimuth_elevation
G493,214.545,-25.031,0.0,12.305,9.752,3.973050957715701,-0.46353650060631435,140.0,0.0,azimuth_elevation
G494,212.134,-40.686,0.0,12.305,9.752,3.9283996378462254,-0.7534429542902672,140.0,0.0,azimuth_elevation
G495,208.582,-56.122,0.0,12.305,9.752,3.862624264546275,-1.0392948527431227,140.0,0.0,azimuth_elevation
G496,203.908,-71.256,0.0,12.305,9.752,3.776078525472422,-1.3195571111043358,140.0,0.0,azimuth_elevation
G497,198.139,-86.006,0.0,12.305,9.752,3.669236991091682,-1.5927020760972408,140.0,0.0,azimuth_elevation
G498,191.303,-100.295,0.0,12.305,9.752,3.542651001875562,-1.8573163109470816,140.0,0.0,azimuth_elevation
G499,183.44,-114.044,0.0,12.305,9.752,3.39702729739163,-2.1119198708227818,140.0,0.0,azimuth_elevation
G500,174.589,-127.179,0.0,12.305,9.752,3.23313597165769,-2.3551712865040373,140.0,0.0,azimuth_elevation
G501,164.8,-139.631,0.0,12.305,9.752,3.051856556245001,-2.5857632451762482,140.0,0.0,azimuth_elevation
G502,154.125,-151.332,0.0,12.305,9.752,2.8541700358996613,-2.8024477526213625,140.0,0.0,azimuth_elevation
G503,142.621,-162.22,0.0,12.305,9.752,2.641127420737538,-3.004071561635688,140.0,0.0,azimuth_elevation
G504,130.35,-172.235,0.0,12.305,9.752,2.41388843036085,-3.1895364311714696,140.0,0.0,azimuth_elevation
G505,117.378,-181.324,0.0,12.305,9.752,2.1736669494632896,-3.3578522887123783,140.0,0.0,azimuth_elevation
G506,103.776,-189.438,0.0,12.305,9.752,1.9217733700117352,-3.508103064950307,140.0,0.0,azimuth_elevation
G507,89.615,-196.533,0.0,12.305,9.752,1.6595358220862413,-3.639497335513868,140.0,0.0,azimuth_elevation
G508,74.972,-202.572,0.0,12.305,9.752,1.388367157037346,-3.751324651007966,140.0,0.0,azimuth_elevation
G509,59.926,-207.521,0.0,12.305,9.752,1.109739659484831,-3.8429777371416676,140.0,0.0,azimuth_elevation
G510,44.558,-211.354,0.0,12.305,9.752,0.825148778824089,-3.913965954477008,140.0,0.0,azimuth_elevation
G511,28.95,-214.051,0.0,12.305,9.752,0.5361114954704196,-3.963910249289768,140.0,0.0,azimuth_elevation
G512,13.186,-215.597,0.0,12.305,9.752,0.24418535003495068,-3.992539732404464,140.0,0.0,azimuth_elevation
G513,-7.849,236.87,0.0,12.305,9.752,-0.1324725694753247,3.9978057754644114,140.0,0.0,azimuth_elevation
G514,-23.512,235.831,0.0,12.305,9.752,-0.39682674032890225,3.9802673953090055,140.0,0.0,azimuth_elevation
G515,-39.072,233.757,0.0,12.305,9.752,-0.6594432948945175,3.9452673598653183,140.0,0.0,azimuth_elevation
G516,-54.461,230.658,0.0,12.305,9.752,-0.9191720672240082,3.8929580926122416,140.0,0.0,azimuth_elevation
G517,-69.611,226.546,0.0,12.305,9.752,-1.1748714841254606,3.8235686205152426,140.0,0.0,azimuth_elevation
G518,-84.455,221.441,0.0,12.305,9.752,-1.425403844645727,3.737408711884369,140.0,0.0,azimuth_elevation
G519,-98.929,215.365,0.0,12.305,9.752,-1.6696873138675299,3.6348513413769528,140.0,0.0,azimuth_elevation
G520,-112.969,208.343,0.0,12.305,9.752,-1.9066531731730456,3.5163437939469397,140.0,0.0,azimuth_elevation
G521,-126.514,200.408,0.0,12.305,9.752,-2.1352543682527836,3.382408724985407,140.0,0.0,azimuth_elevation
G522,-139.503,191.593,0.0,12.305,9.752,-2.354481753388054,3.2336381481178,140.0,0.0,azimuth_elevation
G523,-151.88,181.938,0.0,12.305,9.752,-2.563376206411299,3.0706843576643332,140.0,0.0,azimuth_elevation
G524,-163.591,171.485,0.0,12.305,9.752,-2.76102657408811,2.8942584986796316,140.0,0.0,azimuth_elevation
G525,-174.584,160.279,0.0,12.305,9.752,-2.9465672133801277,2.705132465709077,140.0,0.0,azimuth_elevation
G526,-184.812,148.37,0.0,12.305,9.752,-3.1191862015220386,2.5041320732410495,140.0,0.0,azimuth_elevation
G527,-194.228,135.81,0.0,12.305,9.752,-3.278113437335516,2.2921545087450648,140.0,0.0,azimuth_elevation
G528,-202.793,122.654,0.0,12.305,9.752,-3.4226665275821864,2.070109620519769,140.0,0.0,azimuth_elevation
G529,-210.467,108.961,0.0,12.305,9.752,-3.552190156462434,1.8390065503775095,140.0,0.0,azimuth_elevation
G530,-217.219,94.789,0.0,12.305,9.752,-3.6661418777096606,1.5998136555560105,140.0,0.0,azimuth_elevation
G531,-223.017,80.201,0.0,12.305,9.752,-3.764007281215737,1.3536059939860337,140.0,0.0,azimuth_elevation
G532,-227.837,65.262,0.0,12.305,9.752,-3.845356125514606,1.1014700486020017,140.0,0.0,azimuth_elevation
G533,-231.658,50.036,0.0,12.305,9.752,-3.9098386092711253,0.8444892240004231,140.0,0.0,azimuth_elevation
G534,-234.462,34.591,0.0,12.305,9.752,-3.9571657290917512,0.5838145189199647,140.0,0.0,azimuth_elevation
G535,-236.238,18.994,0.0,12.305,9.752,-3.9871333956395314,0.3205733697236569,140.0,0.0,azimuth_elevation
G536,-236.977,3.313,0.0,12.305,9.752,-3.999609161968483,0.05591557473341963,140.0,0.0,azimuth_elevation
G537,-236.676,-12.381,0.0,12.305,9.752,-3.9945381122974664,-0.2089623636040618,140.0,0.0,azimuth_elevation
G538,-235.338,-28.022,0.0,12.305,9.752,-3.971942057799834,-0.4729442773528582,140.0,0.0,azimuth_elevation
G539,-232.966,-43.54,0.0,12.305,9.752,-3.931919505444908,-0.7348530483721714,140.0,0.0,azimuth_elevation
G540,-229.573,-58.866,0.0,12.305,9.752,-3.8746508829120163,-0.9935192678298352,140.0,0.0,azimuth_elevation
G541,-225.173,-73.935,0.0,12.305,9.752,-3.8003792493706494,-1.24784516705919,140.0,0.0,azimuth_elevation
G542,-219.784,-88.679,0.0,12.305,9.752,-3.7094355337300566,-1.4966923602066016,140.0,0.0,azimuth_elevation
G543,-213.432,-103.034,0.0,12.305,9.752,-3.602220672398127,-1.73896700007435,140.0,0.0,azimuth_elevation
G544,-206.143,-116.937,0.0,12.305,9.752,-3.4792006058910063,-1.9736167672493201,140.0,0.0,azimuth_elevation
G545,-197.949,-130.327,0.0,12.305,9.752,-3.3409133692123536,-2.199613115849731,140.0,0.0,azimuth_elevation
G546,-188.888,-143.145,0.0,12.305,9.752,-3.187978367017852,-2.415945763345318,140.0,0.0,azimuth_elevation
G547,-178.997,-155.335,0.0,12.305,9.752,-3.0210494191705153,-2.621690372055688,140.0,0.0,azimuth_elevation
G548,-168.322,-166.844,0.0,12.305,9.752,-2.840872174289937,-2.815927074578666,140.0,0.0,azimuth_elevation
G549,-156.908,-177.62,0.0,12.305,9.752,-2.648236643733309,-2.997806311086181,140.0,0.0,azimuth_elevation
G550,-144.805,-187.618,0.0,12.305,9.752,-2.4439662023243245,-3.166548468268948,140.0,0.0,azimuth_elevation
G551,-132.067,-196.792,0.0,12.305,9.752,-2.2289831936779416,-3.321390359819406,140.0,0.0,azimuth_elevation
G552,-118.75,-205.103,0.0,12.305,9.752,-2.0042229220192738,-3.461660075578266,140.0,0.0,azimuth_elevation
G553,-104.912,-212.515,0.0,12.305,9.752,-1.7706642555808714,-3.5867461708362134,140.0,0.0,azimuth_elevation
G554,-90.614,-218.993,0.0,12.305,9.752,-1.5293525110999646,-3.696089947064632,140.0,0.0,azimuth_elevation
G555,-75.918,-224.512,0.0,12.305,9.752,-1.2813143927381205,-3.7892259667328028,140.0,0.0,azimuth_elevation
G556,-60.889,-229.045,0.0,12.305,9.752,-1.027661693961092,-3.865735562964055,140.0,0.0,azimuth_elevation
G557,-45.593,-232.573,0.0,12.305,9.752,-0.7695026441467371,-3.9252854266474912,140.0,0.0,azimuth_elevation
G558,-30.097,-235.081,0.0,12.305,9.752,-0.5079666699080094,-3.9676151353505253,140.0,0.0,azimuth_elevation
G559,-14.469,-236.558,0.0,12.305,9.752,-0.24420244616016382,-3.992538686761769,140.0,0.0,azimuth_elevation
G560,7.849,236.87,0.0,12.305,9.752,0.1324725694753247,3.9978057754644114,140.0,0.0,azimuth_elevation
G561,23.512,235.831,0.0,12.305,9.752,0.39682674032890225,3.9802673953090055,140.0,0.0,azimuth_elevation
G562,39.072,233.757,0.0,12.305,9.752,0.6594432948945175,3.9452673598653183,140.0,0.0,azimuth_elevation
G563,54.461,230.658,0.0,12.305,9.752,0.9191720672240082,3.8929580926122416,140.0,0.0,azimuth_elevation
G564,69.611,226.546,0.0,12.305,9.752,1.1748714841254606,3.8235686205152426,140.0,0.0,azimuth_elevation
G565,84.455,221.441,0.0,12.305,9.752,1.425403844645727,3.737408711884369,140.0,0.0,azimuth_elevation
G566,98.929,215.365,0.0,12.305,9.752,1.6696873138675299,3.6348513413769528,140.0,0.0,azimuth_elevation
G567,112.969,208.343,0.0,12.305,9.752,1.9066531731730456,3.5163437939469397,140.0,0.0,azimuth_elevation
G568,126.514,200.408,0.0,12.305,9.752,2.1352543682527836,3.382408724985407,140.0,0.0,azimuth_elevation
G569,139.503,191.593,0.0,12.305,9.752,2.354481753388054,3.2336381481178,140.0,0.0,azimuth_elevation
G570,151.88,181.938,0.0,12.305,9.752,2.563376206411299,3.0706843576643332,140.0,0.0,azimuth_elevation
G571,163.591,171.485,0.0,12.305,9.752,2.76102657408811,2.8942584986796316,140.0,0.0,azimuth_elevation
G572,174.584,160.279,0.0,12.305,9.752,2.9465672133801277,2.705132465709077,140.0,0.0,azimuth_elevation
G573,184.812,148.37,0.0,12.305,9.752,3.1191862015220386,2.5041320732410495,140.0,0.0,azimuth_elevation
G574,194.228,135.81,0.0,12.305,9.752,3.278113437335516,2.2921545087450648,140.0,0.0,azimuth_elevation
G575,202.793,122.654,0.0,12.305,9.752,3.4226665275821864,2.070109620519769,140.0,0.0,azimuth_elevation
G576,210.467,108.961,0.0,12.305,9.752,3.552190156462434,1.8390065503775095,140.0,0.0,azimuth_elevation
G577,217.219,94.789,0.0,12.305,9.752,3.6661418777096606,1.5998136555560105,140.0,0.0,azimuth_elevation
G578,223.017,80.201,0.0,12.305,9.752,3.764007281215737,1.3536059939860337,140.0,0.0,azimuth_elevation
G579,227.837,65.262,0.0,12.305,9.752,3.845356125514606,1.1014700486020017,140.0,0.0,azimuth_elevation
G580,231.658,50.036,0.0,12.305,9.752,3.9098386092711253,0.8444892240004231,140.0,0.0,azimuth_elevation
G581,234.462,34.591,0.0,12.305,9.752,3.9571657290917512,0.5838145189199647,140.0,0.0,azimuth_elevation
G582,236.238,18.994,0.0,12.305,9.752,3.9871333956395314,0.3205733697236569,140.0,0.0,azimuth_elevation
G583,236.977,3.313,0.0,12.305,9.752,3.999609161968483,0.05591557473341963,140.0,0.0,azimuth_elevation
G584,236.676,-12.381,0.0,12.305,9.752,3.9945381122974664,-0.2089623636040618,140.0,0.0,azimuth_elevation
G585,235.338,-28.022,0.0,12.305,9.752,3.971942057799834,-0.4729442773528582,140.0,0.0,azimuth_elevation
G586,232.966,-43.54,0.0,12.305,9.752,3.931919505444908,-0.7348530483721714,140.0,0.0,azimuth_elevation
G587,229.573,-58.866,0.0,12.305,9.752,3.8746508829120163,-0.9935192678298352,140.0,0.0,azimuth_elevation
G588,225.173,-73.935,0.0,12.305,9.752,3.8003792493706494,-1.24784516705919,140.0,0.0,azimuth_elevation
G589,219.784,-88.679,0.0,12.305,9.752,3.7094355337300566,-1.4966923602066016,140.0,0.0,azimuth_elevation
G590,213.432,-103.034,0.0,12.305,9.752,3.602220672398127,-1.73896700007435,140.0,0.0,azimuth_elevation
G591,206.143,-116.937,0.0,12.305,9.752,3.4792006058910063,-1.9736167672493201,140.0,0.0,azimuth_elevation
G592,197.949,-130.327,0.0,12.305,9.752,3.3409133692123536,-2.199613115849731,140.0,0.0,azimuth_elevation
G593,188.888,-143.145,0.0,12.305,9.752,3.187978367017852,-2.415945763345318,140.0,0.0,azimuth_elevation
G594,178.997,-155.335,0.0,12.305,9.752,3.0210494191705153,-2.621690372055688,140.0,0.0,azimuth_elevation
G595,168.322,-166.844,0.0,12.305,9.752,2.840872174289937,-2.815927074578666,140.0,0.0,azimuth_elevation
G596,156.908,-177.62,0.0,12.305,9.752,2.648236643733309,-2.997806311086181,140.0,0.0,azimuth_elevation
G597,144.805,-187.618,0.0,12.305,9.752,2.4439662023243245,-3.166548468268948,140.0,0.0,azimuth_elevation
G598,132.067,-196.792,0.0,12.305,9.752,2.2289831936779416,-3.321390359819406,140.0,0.0,azimuth_elevation
G599,118.75,-205.103,0.0,12.305,9.752,2.0042229220192738,-3.461660075578266,140.0,0.0,azimuth_elevation
G600,104.912,-212.515,0.0,12.305,9.752,1.7706642555808714,-3.5867461708362134,140.0,0.0,azimuth_elevation
G601,90.614,-218.993,0.0,12.305,9.752,1.5293525110999646,-3.696089947064632,140.0,0.0,azimuth_elevation
G602,75.918,-224.512,0.0,12.305,9.752,1.2813143927381205,-3.7892259667328028,140.0,0.0,azimuth_elevation
G603,60.889,-229.045,0.0,12.305,9.752,1.027661693961092,-3.865735562964055,140.0,0.0,azimuth_elevation
G604,45.593,-232.573,0.0,12.305,9.752,0.7695026441467371,-3.9252854266474912,140.0,0.0,azimuth_elevation
G605,30.097,-235.081,0.0,12.305,9.752,0.5079666699080094,-3.9676151353505253,140.0,0.0,azimuth_elevation
G606,14.469,-236.558,0.0,12.305,9.752,0.24420244616016382,-3.992538686761769,140.0,0.0,azimuth_elevation
G607,0.0,260.0,0.0,12.305,9.752,0.0,4.0,140.0,0.0,azimuth_elevation
G608,-22.983,258.982,0.0,12.305,9.752,-0.3535848910004839,3.9843415672926654,140.0,0.0,azimuth_elevation
G609,-45.787,255.937,0.0,12.305,9.752,-0.7044143564525235,3.937486560538789,140.0,0.0,azimuth_elevation
G610,-68.232,250.887,0.0,12.305,9.752,-1.0497239108560716,3.8598030663463954,140.0,0.0,azimuth_elevation
G611,-90.142,243.874,0.0,12.305,9.752,-1.386798891792216,3.751904694115228,140.0,0.0,azimuth_elevation
G612,-111.347,234.951,0.0,12.305,9.752,-1.7130291625064629,3.614627378915067,140.0,0.0,azimuth_elevation
G613,-131.681,224.188,0.0,12.305,9.752,-2.0258593641851683,3.4490424521225114,140.0,0.0,azimuth_elevation
G614,-150.983,211.67,0.0,12.305,9.752,-2.3228144364365404,3.2564602091660815,140.0,0.0,azimuth_elevation
G615,-169.103,197.495,0.0,12.305,9.752,-2.60158269818051,3.038382376286404,140.0,0.0,azimuth_elevation
G616,-185.899,181.773,0.0,12.305,9.752,-2.859987540315676,2.796510552320353,140.0,0.0,azimuth_elevation
G617,-201.24,164.629,0.0,12.305,9.752,-3.095994384141493,2.5327492519719232,140.0,0.0,azimuth_elevation
G618,-215.005,146.195,0.0,12.305,9.752,-3.3077660979345542,2.2491517159486625,140.0,0.0,azimuth_elevation
G619,-227.086,126.617,0.0,12.305,9.752,-3.4936329376353474,1.9479550551974794,140.0,0.0,azimuth_elevation
G620,-237.39,106.048,0.0,12.305,9.752,-3.6521487027867456,1.631505394638059,140.0,0.0,azimuth_elevation
G621,-245.835,84.648,0.0,12.305,9.752,-3.7820732548872535,1.3022756600146286,140.0,0.0,azimuth_elevation
G622,-252.355,62.585,0.0,12.305,9.752,-3.882386675749393,0.9628466648244566,140.0,0.0,azimuth_elevation
G623,-256.9,40.033,0.0,12.305,9.752,-3.9523003522320885,0.6158911638805263,140.0,0.0,azimuth_elevation
G624,-259.433,17.167,0.0,12.305,9.752,-3.9912713914502027,0.2641073262731636,140.0,0.0,azimuth_elevation
G625,-259.935,-5.834,0.0,12.305,9.752,-3.9989929076799697,-0.08975368697330079,140.0,0.0,azimuth_elevation
G626,-258.401,-28.789,0.0,12.305,9.752,-3.9754034307864026,-0.4429080745388359,140.0,0.0,azimuth_elevation
G627,-254.845,-51.518,0.0,12.305,9.752,-3.920690035635691,-0.7925841560787127,140.0,0.0,azimuth_elevation
G628,-249.293,-73.844,0.0,12.305,9.752,-3.8352787333459335,-1.136062074688006,140.0,0.0,azimuth_elevation
G629,-241.79,-95.592,0.0,12.305,9.752,-3.719839700149981,-1.4706436023687373,140.0,0.0,azimuth_elevation
G630,-232.393,-116.591,0.0,12.305,9.752,-3.575277776436595,-1.7937081204361536,140.0,0.0,azimuth_elevation
G631,-221.177,-136.678,0.0,12.305,9.752,-3.4027195279035616,-2.1027362683950095,140.0,0.0,azimuth_elevation
G632,-208.229,-155.694,0.0,12.305,9.752,-3.2035245441708273,-2.3952934047617416,140.0,0.0,azimuth_elevation
G633,-193.651,-173.492,0.0,12.305,9.752,-2.9792421022339006,-2.6691040624668285,140.0,0.0,azimuth_elevation
G634,-177.556,-189.931,0.0,12.305,9.752,-2.731632428071637,-2.9220171590713586,140.0,0.0,azimuth_elevation
G635,-160.072,-204.883,0.0,12.305,9.752,-2.4626445350404156,-3.152044081867444,140.0,0.0,azimuth_elevation
G636,-141.334,-218.231,0.0,12.305,9.752,-2.174368122404662,-3.3573982885964577,140.0,0.0,azimuth_elevation
G637,-121.49,-229.87,0.0,12.305,9.752,-1.8690764115693952,-3.5364605706433196,140.0,0.0,azimuth_elevation
G638,-100.694,-239.71,0.0,12.305,9.752,-1.5491365625181956,-3.6878416330788,140.0,0.0,azimuth_elevation
G639,-79.11,-247.672,0.0,12.305,9.752,-1.2170786183101827,-3.810343768855007,140.0,0.0,azimuth_elevation
G640,-56.907,-253.696,0.0,12.305,9.752,-0.8754918734108881,-3.9030134485537573,140.0,0.0,azimuth_elevation
G641,-34.258,-257.733,0.0,12.305,9.752,-0.5270465052638843,-3.9651257207419195,140.0,0.0,azimuth_elevation
G642,-11.341,-259.753,0.0,12.305,9.752,-0.17447661427165617,-3.9961929271585848,140.0,0.0,azimuth_elevation
G643,22.983,258.982,0.0,12.305,9.752,0.3535848910004839,3.9843415672926654,140.0,0.0,azimuth_elevation
G644,45.787,255.937,0.0,12.305,9.752,0.7044143564525235,3.937486560538789,140.0,0.0,azimuth_elevation
G645,68.232,250.887,0.0,12.305,9.752,1.0497239108560716,3.8598030663463954,140.0,0.0,azimuth_elevation
G646,90.142,243.874,0.0,12.305,9.752,1.386798891792216,3.751904694115228,140.0,0.0,azimuth_elevation
G647,111.347,234.951,0.0,12.305,9.752,1.7130291625064629,3.614627378915067,140.0,0.0,azimuth_elevation
G648,131.681,224.188,0.0,12.305,9.752,2.0258593641851683,3.4490424521225114,140.0,0.0,azimuth_elevation
G649,150.983,211.67,0.0,12.305,9.752,2.3228144364365404,3.2564602091660815,140.0,0.0,azimuth_elevation
G650,169.103,197.495,0.0,12.305,9.752,2.60158269818051,3.038382376286404,140.0,0.0,azimuth_elevation
G651,185.899,181.773,0.0,12.305,9.752,2.859987540315676,2.796510552320353,140.0,0.0,azimuth_elevation
G652,201.24,164.629,0.0,12.305,9.752,3.095994384141493,2.5327492519719232,140.0,0.0,azimuth_elevation
G653,215.005,146.195,0.0,12.305,9.752,3.3077660979345542,2.2491517159486625,140.0,0.0,azimuth_elevation
G654,227.086,126.617,0.0,12.305,9.752,3.4936329376353474,1.9479550551974794,140.0,0.0,azimuth_elevation
G655,237.39,106.048,0.0,12.305,9.752,3.6521487027867456,1.631505394638059,140.0,0.0,azimuth_elevation
G656,245.835,84.648,0.0,12.305,9.752,3.7820732548872535,1.3022756600146286,140.0,0.0,azimuth_elevation
G657,252.355,62.585,0.0,12.305,9.752,3.882386675749393,0.9628466648244566,140.0,0.0,azimuth_elevation
G658,256.9,40.033,0.0,12.305,9.752,3.9523003522320885,0.6158911638805263,140.0,0.0,azimuth_elevation
G659,259.433,17.167,0.0,12.305,9.752,3.9912713914502027,0.2641073262731636,140.0,0.0,azimuth_elevation
G660,259.935,-5.834,0.0,12.305,9.752,3.9989929076799697,-0.08975368697330079,140.0,0.0,azimuth_elevation
G661,258.401,-28.789,0.0,12.305,9.752,3.9754034307864026,-0.4429080745388359,140.0,0.0,azimuth_elevation
G662,254.845,-51.518,0.0,12.305,9.752,3.920690035635691,-0.7925841560787127,140.0,0.0,azimuth_elevation
G663,249.293,-73.844,0.0,12.305,9.752,3.8352787333459335,-1.136062074688006,140.0,0.0,azimuth_elevation
G664,241.79,-95.592,0.0,12.305,9.752,3.719839700149981,-1.4706436023687373,140.0,0.0,azimuth_elevation
G665,232.393,-116.591,0.0,12.305,9.752,3.575277776436595,-1.7937081204361536,140.0,0.0,azimuth_elevation
G666,221.177,-136.678,0.0,12.305,9.752,3.4027195279035616,-2.1027362683950095,140.0,0.0,azimuth_elevation
G667,208.229,-155.694,0.0,12.305,9.752,3.2035245441708273,-2.3952934047617416,140.0,0.0,azimuth_elevation
G668,193.651,-173.492,0.0,12.305,9.752,2.9792421022339006,-2.6691040624668285,140.0,0.0,azimuth_elevation
G669,177.556,-189.931,0.0,12.305,9.752,2.731632428071637,-2.9220171590713586,140.0,0.0,azimuth_elevation
G670,160.072,-204.883,0.0,12.305,9.752,2.4626445350404156,-3.152044081867444,140.0,0.0,azimuth_elevation
G671,141.334,-218.231,0.0,12.305,9.752,2.174368122404662,-3.3573982885964577,140.0,0.0,azimuth_elevation
G672,121.49,-229.87,0.0,12.305,9.752,1.8690764115693952,-3.5364605706433196,140.0,0.0,azimuth_elevation
G673,100.694,-239.71,0.0,12.305,9.752,1.5491365625181956,-3.6878416330788,140.0,0.0,azimuth_elevation
G674,79.11,-247.672,0.0,12.305,9.752,1.2170786183101827,-3.810343768855007,140.0,0.0,azimuth_elevation
G675,56.907,-253.696,0.0,12.305,9.752,0.8754918734108881,-3.9030134485537573,140.0,0.0,azimuth_elevation
G676,34.258,-257.733,0.0,12.305,9.752,0.5270465052638843,-3.9651257207419195,140.0,0.0,azimuth_elevation
G677,11.341,-259.753,0.0,12.305,9.752,0.17447661427165617,-3.9961929271585848,140.0,0.0,azimuth_elevation
G678,-12.081,272.733,0.0,12.305,9.752,-0.17701070418237705,3.996081481977671,140.0,0.0,azimuth_elevation
G679,-36.147,270.596,0.0,12.305,9.752,-0.5296270813277005,3.9647818546200364,140.0,0.0,azimuth_elevation
G680,-59.93,266.341,0.0,12.305,9.752,-0.878094453531879,3.9024287476745236,140.0,0.0,azimuth_elevation
G681,-83.244,259.999,0.0,12.305,9.752,-1.219691951443594,3.8095080448246486,140.0,0.0,azimuth_elevation
G682,-105.906,251.62,0.0,12.305,9.752,-1.551739332322618,3.6867472173344016,140.0,0.0,azimuth_elevation
G683,-127.739,241.271,0.0,12.305,9.752,-1.8716343580671935,3.5351074707429198,140.0,0.0,azimuth_elevation
G684,-148.571,229.032,0.0,12.305,9.752,-2.1768644825193433,3.35578024083011,140.0,0.0,azimuth_elevation
G685,-168.239,214.999,0.0,12.305,9.752,-2.4650414321080585,3.1501699538264045,140.0,0.0,azimuth_elevation
G686,-186.589,199.282,0.0,12.305,9.752,-2.7339089722319994,2.9198872806239238,140.0,0.0,azimuth_elevation
G687,-203.478,182.005,0.0,12.305,9.752,-2.981360307026981,2.6667378423242103,140.0,0.0,azimuth_elevation
G688,-218.773,163.301,0.0,12.305,9.752,-3.2054685964362553,2.3926911788321084,140.0,0.0,azimuth_elevation
G689,-232.355,143.319,0.0,12.305,9.752,-3.404464712503557,2.099909526936357,140.0,0.0,azimuth_elevation
G690,-244.116,122.214,0.0,12.305,9.752,-3.5767940102759375,1.790682721213945,140.0,0.0,azimuth_elevation
G691,-253.966,100.151,0.0,12.305,9.752,-3.721114752469139,1.4674143923774707,140.0,0.0,azimuth_elevation
G692,-261.826,77.304,0.0,12.305,9.752,-3.8362844958454145,1.1326611439155543,140.0,0.0,azimuth_elevation
G693,-267.636,53.852,0.0,12.305,9.752,-3.921404846561581,0.7890399415513393,140.0,0.0,azimuth_elevation
G694,-271.349,29.978,0.0,12.305,9.752,-3.9758105831242765,0.43923821226870036,140.0,0.0,azimuth_elevation
G695,-272.937,5.869,0.0,12.305,9.752,-3.9990755513109137,0.08599264449541011,140.0,0.0,azimuth_elevation
G696,-272.387,-18.286,0.0,12.305,9.752,-3.991016827269863,-0.26792664005057776,140.0,0.0,azimuth_elevation
G697,-269.703,-42.297,0.0,12.305,9.752,-3.951699083471005,-0.6197373263685354,140.0,0.0,azimuth_elevation
G698,-264.907,-65.978,0.0,12.305,9.752,-3.8814260593060173,-0.9667118216615356,140.0,0.0,azimuth_elevation
G699,-258.037,-89.141,0.0,12.305,9.752,-3.7807565465506414,-1.3060933870571694,140.0,0.0,azimuth_elevation
G700,-249.144,-111.607,0.0,12.305,9.752,-3.650465085016289,-1.6352689879885247,140.0,0.0,azimuth_elevation
G701,-238.301,-133.198,0.0,12.305,9.752,-3.4915880147553993,-1.9516180812895865,140.0,0.0,azimuth_elevation
G702,-225.591,-153.746,0.0,12.305,9.752,-3.3053597147667233,-2.2526866528652505,140.0,0.0,azimuth_elevation
G703,-211.114,-173.089,0.0,12.305,9.752,-3.0932470208698746,-2.536103875609129,140.0,0.0,azimuth_elevation
G704,-194.983,-191.077,0.0,12.305,9.752,-2.856897793651832,-2.7996669438751636,140.0,0.0,azimuth_elevation
G705,-177.326,-207.568,0.0,12.305,9.752,-2.5981834133865442,-3.0412896853807014,140.0,0.0,azimuth_elevation
G706,-158.279,-222.434,0.0,12.305,9.752,-2.319104263683419,-3.259103467852069,140.0,0.0,azimuth_elevation
G707,-137.992,-235.557,0.0,12.305,9.752,-2.021862266556378,-3.4513871088412422,140.0,0.0,azimuth_elevation
G708,-116.625,-246.835,0.0,12.305,9.752,-1.7087922651937897,-3.616632272489681,140.0,0.0,azimuth_elevation
G709,-94.344,-256.18,0.0,12.305,9.752,-1.3823298304320704,-3.75355354829229,140.0,0.0,azimuth_elevation
G710,-71.324,-263.518,0.0,12.305,9.752,-1.0450413495941917,-3.861073500678063,140.0,0.0,azimuth_elevation
G711,-47.746,-268.792,0.0,12.305,9.752,-0.6995759374045786,-3.938349084045814,140.0,0.0,azimuth_elevation
G712,-23.794,-271.961,0.0,12.305,9.752,-0.3486301770640015,-3.984778161910688,140.0,0.0,azimuth_elevation
G713,12.081,272.733,0.0,12.305,9.752,0.17701070418237705,3.996081481977671,140.0,0.0,azimuth_elevation
G714,36.147,270.596,0.0,12.305,9.752,0.5296270813277005,3.9647818546200364,140.0,0.0,azimuth_elevation
G715,59.93,266.341,0.0,12.305,9.752,0.878094453531879,3.9024287476745236,140.0,0.0,azimuth_elevation
G716,83.244,259.999,0.0,12.305,9.752,1.219691951443594,3.8095080448246486,140.0,0.0,azimuth_elevation
G717,105.906,251.62,0.0,12.305,9.752,1.551739332322618,3.6867472173344016,140.0,0.0,azimuth_elevation
G718,127.739,241.271,0.0,12.305,9.752,1.8716343580671935,3.5351074707429198,140.0,0.0,azimuth_elevation
G719,148.571,229.032,0.0,12.305,9.752,2.1768644825193433,3.35578024083011,140.0,0.0,azimuth_elevation
G720,168.239,214.999,0.0,12.305,9.752,2.4650414321080585,3.1501699538264045,140.0,0.0,azimuth_elevation
G721,186.589,199.282,0.0,12.305,9.752,2.7339089722319994,2.9198872806239238,140.0,0.0,azimuth_elevation
G722,203.478,182.005,0.0,12.305,9.752,2.981360307026981,2.6667378423242103,140.0,0.0,azimuth_elevation
G723,218.773,163.301,0.0,12.305,9.752,3.2054685964362553,2.3926911788321084,140.0,0.0,azimuth_elevation
G724,232.355,143.319,0.0,12.305,9.752,3.404464712503557,2.099909526936357,140.0,0.0,azimuth_elevation
G725,244.116,122.214,0.0,12.305,9.752,3.5767940102759375,1.790682721213945,140.0,0.0,azimuth_elevation
G726,253.966,100.151,0.0,12.305,9.752,3.721114752469139,1.4674143923774707,140.0,0.0,azimuth_elevation
G727,261.826,77.304,0.0,12.305,9.752,3.8362844958454145,1.1326611439155543,140.0,0.0,azimuth_elevation
G728,267.636,53.852,0.0,12.305,9.752,3.921404846561581,0.7890399415513393,140.0,0.0,azimuth_elevation
G729,271.349,29.978,0.0,12.305,9.752,3.9758105831242765,0.43923821226870036,140.0,0.0,azimuth_elevation
G730,272.937,5.869,0.0,12.305,9.752,3.9990755513109137,0.08599264449541011,140.0,0.0,azimuth_elevation
G731,272.387,-18.286,0.0,12.305,9.752,3.991016827269863,-0.26792664005057776,140.0,0.0,azimuth_elevation
G732,269.703,-42.297,0.0,12.305,9.752,3.951699083471005,-0.6197373263685354,140.0,0.0,azimuth_elevation
G733,264.907,-65.978,0.0,12.305,9.752,3.8814260593060173,-0.9667118216615356,140.0,0.0,azimuth_elevation
G734,258.037,-89.141,0.0,12.305,9.752,3.7807565465506414,-1.3060933870571694,140.0,0.0,azimuth_elevation
G735,249.144,-111.607,0.0,12.305,9.752,3.650465085016289,-1.6352689879885247,140.0,0.0,azimuth_elevation
G736,238.301,-133.198,0.0,12.305,9.752,3.4915880147553993,-1.9516180812895865,140.0,0.0,azimuth_elevation
G737,225.591,-153.746,0.0,12.305,9.752,3.3053597147667233,-2.2526866528652505,140.0,0.0,azimuth_elevation
G738,211.114,-173.089,0.0,12.305,9.752,3.0932470208698746,-2.536103875609129,140.0,0.0,azimuth_elevation
G739,194.983,-191.077,0.0,12.305,9.752,2.856897793651832,-2.7996669438751636,140.0,0.0,azimuth_elevation
G740,177.326,-207.568,0.0,12.305,9.752,2.5981834133865442,-3.0412896853807014,140.0,0.0,azimuth_elevation
G741,158.279,-222.434,0.0,12.305,9.752,2.319104263683419,-3.259103467852069,140.0,0.0,azimuth_elevation
G742,137.992,-235.557,0.0,12.305,9.752,2.021862266556378,-3.4513871088412422,140.0,0.0,azimuth_elevation
G743,116.625,-246.835,0.0,12.305,9.752,1.7087922651937897,-3.616632272489681,140.0,0.0,azimuth_elevation
G744,94.344,-256.18,0.0,12.305,9.752,1.3823298304320704,-3.75355354829229,140.0,0.0,azimuth_elevation
G745,71.324,-263.518,0.0,12.305,9.752,1.0450413495941917,-3.861073500678063,140.0,0.0,azimuth_elevation
G746,47.746,-268.792,0.0,12.305,9.752,0.6995759374045786,-3.938349084045814,140.0,0.0,azimuth_elevation
G747,23.794,-271.961,0.0,12.305,9.752,0.3486301770640015,-3.984778161910688,140.0,0.0,azimuth_elevation
G748,0.0,286.0,0.0,12.305,9.752,0.0,4.0,140.0,0.0,azimuth_elevation
G749,-25.282,284.88,0.0,12.305,9.752,-0.35359485101629917,3.9843406833922677,140.0,0.0,azimuth_elevation
G750,-50.365,281.53,0.0,12.305,9.752,-0.7044065669955938,3.9374879540607464,140.0,0.0,azimuth_elevation
G751,-75.055,275.976,0.0,12.305,9.752,-1.0497202437803623,3.8598040636537103,140.0,0.0,azimuth_elevation
G752,-99.157,268.261,0.0,12.305,9.752,-1.3868105549672263,3.751900383090081,140.0,0.0,azimuth_elevation
G753,-122.482,258.446,0.0,12.305,9.752,-1.7130331300322452,3.614625498639095,140.0,0.0,azimuth_elevation
G754,-144.849,246.607,0.0,12.305,9.752,-2.025857102785698,3.449043780396638,140.0,0.0,azimuth_elevation
G755,-166.081,232.837,0.0,12.305,9.752,-2.3228116555261065,3.2564621927717923,140.0,0.0,azimuth_elevation
G756,-186.013,217.244,0.0,12.305,9.752,-2.601583732072647,3.038381491026918,140.0,0.0,azimuth_elevation
G757,-204.489,199.951,0.0,12.305,9.752,-2.8599833300518682,2.7965148581449424,140.0,0.0,azimuth_elevation
G758,-221.363,181.092,0.0,12.305,9.752,-3.0959880913335542,2.532756944185686,140.0,0.0,azimuth_elevation
G759,-236.505,160.815,0.0,12.305,9.752,-3.307760635361345,2.2491597495851448,140.0,0.0,azimuth_elevation
G760,-249.795,139.279,0.0,12.305,9.752,-3.4936324797507736,1.9479558764074862,140.0,0.0,azimuth_elevation
G761,-261.129,116.652,0.0,12.305,9.752,-3.6521528695571543,1.6314960672295347,140.0,0.0,azimuth_elevation
G762,-270.418,93.112,0.0,12.305,9.752,-3.782075957925904,1.3022678098144234,140.0,0.0,azimuth_elevation
G763,-277.591,68.844,0.0,12.305,9.752,-3.88238544713395,0.9628516188294636,140.0,0.0,azimuth_elevation
G764,-282.59,44.036,0.0,12.305,9.752,-3.9523009905645994,0.6158870675554787,140.0,0.0,azimuth_elevation
G765,-285.376,18.883,0.0,12.305,9.752,-3.9912720181530212,0.26409785517627093,140.0,0.0,azimuth_elevation
G766,-285.928,-6.417,0.0,12.305,9.752,-3.9989930296534464,-0.08974825225681349,140.0,0.0,azimuth_elevation
G767,-284.241,-31.668,0.0,12.305,9.752,-3.975403259727703,-0.44290960990517514,140.0,0.0,azimuth_elevation
G768,-280.329,-56.67,0.0,12.305,9.752,-3.920689217809203,-0.7925882016246893,140.0,0.0,azimuth_elevation
G769,-274.222,-81.228,0.0,12.305,9.752,-3.8352799183589834,-1.1360580741459967,140.0,0.0,azimuth_elevation
G770,-265.969,-105.151,0.0,12.305,9.752,-3.71984065653912,-1.4706411832797994,140.0,0.0,azimuth_elevation
G771,-255.632,-128.25,0.0,12.305,9.752,-3.5752774932926688,-1.7937086848077892,140.0,0.0,azimuth_elevation
G772,-243.294,-150.346,0.0,12.305,9.752,-3.4027155715537774,-2.102742670681662,140.0,0.0,azimuth_elevation
G773,-229.052,-171.264,0.0,12.305,9.752,-3.2035210211941694,-2.3952981164704883,140.0,0.0,azimuth_elevation
G774,-213.016,-190.841,0.0,12.305,9.752,-2.9792428696894016,-2.6691032058361586,140.0,0.0,azimuth_elevation
G775,-195.312,-208.924,0.0,12.305,9.752,-2.731636111164751,-2.922013715946713,140.0,0.0,azimuth_elevation
G776,-176.079,-225.371,0.0,12.305,9.752,-2.4626448336707067,-3.152043848552075,140.0,0.0,azimuth_elevation
G777,-155.468,-240.054,0.0,12.305,9.752,-2.174374672475503,-3.357394046533271,140.0,0.0,azimuth_elevation
G778,-133.639,-252.857,0.0,12.305,9.752,-1.8690764115693954,-3.536460570643319,140.0,0.0,azimuth_elevation
G779,-110.764,-263.68,0.0,12.305,9.752,-1.549148689338754,-3.6878365389913936,140.0,0.0,azimuth_elevation
G780,-87.021,-272.439,0.0,12.305,9.752,-1.2170794290614624,-3.8103435098892886,140.0,0.0,azimuth_elevation
G781,-62.598,-279.065,0.0,12.305,9.752,-0.8754976603827191,-3.9030121504633297,140.0,0.0,azimuth_elevation
G782,-37.684,-283.506,0.0,12.305,9.752,-0.5270498019351891,-3.965125282545317,140.0,0.0,azimuth_elevation
G783,-12.475,-285.728,0.0,12.305,9.752,-0.17447540117536597,-3.996192980123044,140.0,0.0,azimuth_elevation
G784,25.282,284.88,0.0,12.305,9.752,0.35359485101629917,3.9843406833922677,140.0,0.0,azimuth_elevation
G785,50.365,281.53,0.0,12.305,9.752,0.7044065669955938,3.9374879540607464,140.0,0.0,azimuth_elevation
G786,75.055,275.976,0.0,12.305,9.752,1.0497202437803623,3.8598040636537103,140.0,0.0,azimuth_elevation
G787,99.157,268.261,0.0,12.305,9.752,1.3868105549672263,3.751900383090081,140.0,0.0,azimuth_elevation
G788,122.482,258.446,0.0,12.305,9.752,1.7130331300322452,3.614625498639095,140.0,0.0,azimuth_elevation
G789,144.849,246.607,0.0,12.305,9.752,2.025857102785698,3.449043780396638,140.0,0.0,azimuth_elevation
G790,166.081,232.837,0.0,12.305,9.752,2.3228116555261065,3.2564621927717923,140.0,0.0,azimuth_elevation
G791,186.013,217.244,0.0,12.305,9.752,2.601583732072647,3.038381491026918,140.0,0.0,azimuth_elevation
G792,204.489,199.951,0.0,12.305,9.752,2.8599833300518682,2.7965148581449424,140.0,0.0,azimuth_elevation
G793,221.363,181.092,0.0,12.305,9.752,3.0959880913335542,2.532756944185686,140.0,0.0,azimuth_elevation
G794,236.505,160.815,0.0,12.305,9.752,3.307760635361345,2.2491597495851448,140.0,0.0,azimuth_elevation
G795,249.795,139.279,0.0,12.305,9.752,3.4936324797507736,1.9479558764074862,140.0,0.0,azimuth_elevation
G796,261.129,116.652,0.0,12.305,9.752,3.6521528695571543,1.6314960672295347,140.0,0.0,azimuth_elevation
G797,270.418,93.112,0.0,12.305,9.752,3.782075957925904,1.3022678098144234,140.0,0.0,azimuth_elevation
G798,277.591,68.844,0.0,12.305,9.752,3.88238544713395,0.9628516188294636,140.0,0.0,azimuth_elevation
G799,282.59,44.036,0.0,12.305,9.752,3.9523009905645994,0.6158870675554787,140.0,0.0,azimuth_elevation
G800,285.376,18.883,0.0,12.305,9.752,3.9912720181530212,0.26409785517627093,140.0,0.0,azimuth_elevation
G801,285.928,-6.417,0.0,12.305,9.752,3.9989930296534464,-0.08974825225681349,140.0,0.0,azimuth_elevation
G802,284.241,-31.668,0.0,12.305,9.752,3.975403259727703,-0.44290960990517514,140.0,0.0,azimuth_elevation
G803,280.329,-56.67,0.0,12.305,9.752,3.920689217809203,-0.7925882016246893,140.0,0.0,azimuth_elevation
G804,274.222,-81.228,0.0,12.305,9.752,3.8352799183589834,-1.1360580741459967,140.0,0.0,azimuth_elevation
G805,265.969,-105.151,0.0,12.305,9.752,3.71984065653912,-1.4706411832797994,140.0,0.0,azimuth_elevation
G806,255.632,-128.25,0.0,12.305,9.752,3.5752774932926688,-1.7937086848077892,140.0,0.0,azimuth_elevation
G807,243.294,-150.346,0.0,12.305,9.752,3.4027155715537774,-2.102742670681662,140.0,0.0,azimuth_elevation
G808,229.052,-171.264,0.0,12.305,9.752,3.2035210211941694,-2.3952981164704883,140.0,0.0,azimuth_elevation
G809,213.016,-190.841,0.0,12.305,9.752,2.9792428696894016,-2.6691032058361586,140.0,0.0,azimuth_elevation
G810,195.312,-208.924,0.0,12.305,9.752,2.731636111164751,-2.922013715946713,140.0,0.0,azimuth_elevation
G811,176.079,-225.371,0.0,12.305,9.752,2.4626448336707067,-3.152043848552075,140.0,0.0,azimuth_elevation
G812,155.468,-240.054,0.0,12.305,9.752,2.174374672475503,-3.357394046533271,140.0,0.0,azimuth_elevation
G813,133.639,-252.857,0.0,12.305,9.752,1.8690764115693954,-3.536460570643319,140.0,0.0,azimuth_elevation
G814,110.764,-263.68,0.0,12.305,9.752,1.549148689338754,-3.6878365389913936,140.0,0.0,azimuth_elevation
G815,87.021,-272.439,0.0,12.305,9.752,1.2170794290614624,-3.8103435098892886,140.0,0.0,azimuth_elevation
G816,62.598,-279.065,0.0,12.305,9.752,0.8754976603827191,-3.9030121504633297,140.0,0.0,azimuth_elevation
G817,37.684,-283.506,0.0,12.305,9.752,0.5270498019351891,-3.965125282545317,140.0,0.0,azimuth_elevation
G818,12.475,-285.728,0.0,12.305,9.752,0.17447540117536597,-3.996192980123044,140.0,0.0,azimuth_elevation
G819,-13.231,298.707,0.0,12.305,9.752,-0.17700341257965288,3.996081804960349,140.0,0.0,azimuth_elevation
G820,-39.59,296.367,0.0,12.305,9.752,-0.5296327978225913,3.9647810909898435,140.0,0.0,azimuth_elevation
G821,-65.638,291.706,0.0,12.305,9.752,-0.8781016236921706,3.9024271342933714,140.0,0.0,azimuth_elevation
G822,-91.172,284.761,0.0,12.305,9.752,-1.219691211449603,3.809508281748787,140.0,0.0,azimuth_elevation
G823,-115.993,275.584,0.0,12.305,9.752,-1.5517465388086213,3.6867441841407254,140.0,0.0,azimuth_elevation
G824,-139.904,264.249,0.0,12.305,9.752,-1.8716289433753763,3.5351103375028585,140.0,0.0,azimuth_elevation
G825,-162.72,250.845,0.0,12.305,9.752,-2.176856036020652,3.3557857199827956,140.0,0.0,azimuth_elevation
G826,-184.262,235.475,0.0,12.305,9.752,-2.465044026010196,3.150167924068722,140.0,0.0,azimuth_elevation
G827,-204.36,218.262,0.0,12.305,9.752,-2.7339082998069895,2.9198879102195785,140.0,0.0,azimuth_elevation
G828,-222.857,199.338,0.0,12.305,9.752,-2.9813665378352385,2.6667308763871036,140.0,0.0,azimuth_elevation
G829,-239.609,178.854,0.0,12.305,9.752,-3.2054675167689552,2.392692625252786,140.0,0.0,azimuth_elevation
G830,-254.484,156.968,0.0,12.305,9.752,-3.404467098708202,2.0999056583126205,140.0,0.0,azimuth_elevation
G831,-267.366,133.853,0.0,12.305,9.752,-3.5767986034239367,1.7906735466143948,140.0,0.0,azimuth_elevation
G832,-278.153,109.689,0.0,12.305,9.752,-3.721115193429265,1.4674132741766674,140.0,0.0,azimuth_elevation
G833,-286.762,84.667,0.0,12.305,9.752,-3.8362821050704645,1.1326692413569477,140.0,0.0,azimuth_elevation
G834,-293.125,58.981,0.0,12.305,9.752,-3.921404156224238,0.7890433724119805,140.0,0.0,azimuth_elevation
G835,-297.192,32.833,0.0,12.305,9.752,-3.9758106910624265,0.4392372352541543,140.0,0.0,azimuth_elevation
G836,-298.931,6.428,0.0,12.305,9.752,-3.9990755376187557,0.08599328124488047,140.0,0.0,azimuth_elevation
G837,-298.329,-20.027,0.0,12.305,9.752,-3.9910173184462936,-0.26791932341986174,140.0,0.0,azimuth_elevation
G838,-295.389,-46.326,0.0,12.305,9.752,-3.951697620835348,-0.6197466526607908,140.0,0.0,azimuth_elevation
G839,-290.137,-72.261,0.0,12.305,9.752,-3.8814285967718307,-0.9667016334742871,140.0,0.0,azimuth_elevation
G840,-282.611,-97.631,0.0,12.305,9.752,-3.7807536152680514,-1.3061018722280278,140.0,0.0,azimuth_elevation
G841,-272.873,-122.236,0.0,12.305,9.752,-3.6504685092601057,-1.635261343914269,140.0,0.0,azimuth_elevation
G842,-260.996,-145.883,0.0,12.305,9.752,-3.4915899376348065,-1.9516146411131916,140.0,0.0,azimuth_elevation
G843,-247.076,-168.388,0.0,12.305,9.752,-3.3053632855204276,-2.252681413501165,140.0,0.0,azimuth_elevation
G844,-231.22,-189.574,0.0,12.305,9.752,-3.0932443223006807,-2.5361071670090363,140.0,0.0,azimuth_elevation
G845,-213.553,-209.275,0.0,12.305,9.752,-2.8568977681338508,-2.799666969914783,140.0,0.0,azimuth_elevation
G846,-194.214,-227.337,0.0,12.305,9.752,-2.598177850338989,-3.041294437901051,140.0,0.0,azimuth_elevation
G847,-173.353,-243.618,0.0,12.305,9.752,-2.319103775778505,-3.2591038150341083,140.0,0.0,azimuth_elevation
G848,-151.134,-257.991,0.0,12.305,9.752,-2.021861317990964,-3.451387664521596,140.0,0.0,azimuth_elevation
G849,-127.732,-270.343,0.0,12.305,9.752,-1.7087911949607826,-3.6166327781549095,140.0,0.0,azimuth_elevation
G850,-103.329,-280.578,0.0,12.305,9.752,-1.3823285607149536,-3.753554015893701,140.0,0.0,azimuth_elevation
G851,-78.117,-288.615,0.0,12.305,9.752,-1.0450441567490039,-3.861072740890123,140.0,0.0,azimuth_elevation
G852,-52.293,-294.392,0.0,12.305,9.752,-0.6995710944507763,-3.9383499443052212,140.0,0.0,azimuth_elevation
G853,-26.06,-297.862,0.0,12.305,9.752,-0.3486289679654834,-3.9847782676951202,140.0,0.0,azimuth_elevation
G854,13.231,298.707,0.0,12.305,9.752,0.17700341257965288,3.996081804960349,140.0,0.0,azimuth_elevation
G855,39.59,296.367,0.0,12.305,9.752,0.5296327978225913,3.9647810909898435,140.0,0.0,azimuth_elevation
G856,65.638,291.706,0.0,12.305,9.752,0.8781016236921706,3.9024271342933714,140.0,0.0,azimuth_elevation
G857,91.172,284.761,0.0,12.305,9.752,1.219691211449603,3.809508281748787,140.0,0.0,azimuth_elevation
G858,115.993,275.584,0.0,12.305,9.752,1.5517465388086213,3.6867441841407254,140.0,0.0,azimuth_elevation
G859,139.904,264.249,0.0,12.305,9.752,1.8716289433753763,3.5351103375028585,140.0,0.0,azimuth_elevation
G860,162.72,250.845,0.0,12.305,9.752,2.176856036020652,3.3557857199827956,140.0,0.0,azimuth_elevation
G861,184.262,235.475,0.0,12.305,9.752,2.465044026010196,3.150167924068722,140.0,0.0,azimuth_elevation
G862,204.36,218.262,0.0,12.305,9.752,2.7339082998069895,2.9198879102195785,140.0,0.0,azimuth_elevation
G863,222.857,199.338,0.0,12.305,9.752,2.9813665378352385,2.6667308763871036,140.0,0.0,azimuth_elevation
G864,239.609,178.854,0.0,12.305,9.752,3.2054675167689552,2.392692625252786,140.0,0.0,azimuth_elevation
G865,254.484,156.968,0.0,12.305,9.752,3.404467098708202,2.0999056583126205,140.0,0.0,azimuth_elevation
G866,267.366,133.853,0.0,12.305,9.752,3.5767986034239367,1.7906735466143948,140.0,0.0,azimuth_elevation
G867,278.153,109.689,0.0,12.305,9.752,3.721115193429265,1.4674132741766674,140.0,0.0,azimuth_elevation
G868,286.762,84.667,0.0,12.305,9.752,3.8362821050704645,1.1326692413569477,140.0,0.0,azimuth_elevation
G869,293.125,58.981,0.0,12.305,9.752,3.921404156224238,0.7890433724119805,140.0,0.0,azimuth_elevation
G870,297.192,32.833,0.0,12.305,9.752,3.9758106910624265,0.4392372352541543,140.0,0.0,azimuth_elevation
G871,298.931,6.428,0.0,12.305,9.752,3.9990755376187557,0.08599328124488047,140.0,0.0,azimuth_elevation
G872,298.329,-20.027,0.0,12.305,9.752,3.9910173184462936,-0.26791932341986174,140.0,0.0,azimuth_elevation
G873,295.389,-46.326,0.0,12.305,9.752,3.951697620835348,-0.6197466526607908,140.0,0.0,azimuth_elevation
G874,290.137,-72.261,0.0,12.305,9.752,3.8814285967718307,-0.9667016334742871,140.0,0.0,azimuth_elevation
G875,282.611,-97.631,0.0,12.305,9.752,3.7807536152680514,-1.3061018722280278,140.0,0.0,azimuth_elevation
G876,272.873,-122.236,0.0,12.305,9.752,3.6504685092601057,-1.635261343914269,140.0,0.0,azimuth_elevation
G877,260.996,-145.883,0.0,12.305,9.752,3.4915899376348065,-1.9516146411131916,140.0,0.0,azimuth_elevation
G878,247.076,-168.388,0.0,12.305,9.752,3.3053632855204276,-2.252681413501165,140.0,0.0,azimuth_elevation
G879,231.22,-189.574,0.0,12.305,9.752,3.0932443223006807,-2.5361071670090363,140.0,0.0,azimuth_elevation
G880,213.553,-209.275,0.0,12.305,9.752,2.8568977681338508,-2.799666969914783,140.0,0.0,azimuth_elevation
G881,194.214,-227.337,0.0,12.305,9.752,2.598177850338989,-3.041294437901051,140.0,0.0,azimuth_elevation
G882,173.353,-243.618,0.0,12.305,9.752,2.319103775778505,-3.2591038150341083,140.0,0.0,azimuth_elevation
G883,151.134,-257.991,0.0,12.305,9.752,2.021861317990964,-3.451387664521596,140.0,0.0,azimuth_elevation
G884,127.732,-270.343,0.0,12.305,9.752,1.7087911949607826,-3.6166327781549095,140.0,0.0,azimuth_elevation
G885,103.329,-280.578,0.0,12.305,9.752,1.3823285607149536,-3.753554015893701,140.0,0.0,azimuth_elevation
G886,78.117,-288.615,0.0,12.305,9.752,1.0450441567490039,-3.861072740890123,140.0,0.0,azimuth_elevation
G887,52.293,-294.392,0.0,12.305,9.752,0.6995710944507763,-3.9383499443052212,140.0,0.0,azimuth_elevation
G888,26.06,-297.862,0.0,12.305,9.752,0.3486289679654834,-3.9847782676951202,140.0,0.0,azimuth_elevation
G889,0.0,313.0,0.0,12.305,9.752,0.0,4.0,140.0,0.0,azimuth_elevation
G890,-27.668,311.775,0.0,12.305,9.752,-0.3535843598365817,3.984341614430037,140.0,0.0,azimuth_elevation
G891,-55.12,308.108,0.0,12.305,9.752,-0.7044098298433413,3.937487370344199,140.0,0.0,azimuth_elevation
G892,-82.141,302.03,0.0,12.305,9.752,-1.0497238210723023,3.8598030907642644,140.0,0.0,azimuth_elevation
G893,-108.518,293.586,0.0,12.305,9.752,-1.386812239671829,3.7518997603742568,140.0,0.0,azimuth_elevation
G894,-134.045,282.844,0.0,12.305,9.752,-1.7130369765923448,3.6146236756856664,140.0,0.0,azimuth_elevation
G895,-158.523,269.888,0.0,12.305,9.752,-2.025852269284535,3.449046619434811,140.0,0.0,azimuth_elevation
G896,-181.76,254.818,0.0,12.305,9.752,-2.3228125599498886,3.256461547652458,140.0,0.0,azimuth_elevation
G897,-203.574,237.753,0.0,12.305,9.752,-2.6015864904066177,3.038379129228902,140.0,0.0,azimuth_elevation
G898,-223.794,218.827,0.0,12.305,9.752,-2.859987069155727,2.796511034174912,140.0,0.0,azimuth_elevation
G899,-242.261,198.188,0.0,12.305,9.752,-3.0959891882081885,2.5327556033889254,140.0,0.0,azimuth_elevation
G900,-258.832,175.997,0.0,12.305,9.752,-3.3077580624112435,2.2491635335282796,140.0,0.0,azimuth_elevation
G901,-273.377,152.428,0.0,12.305,9.752,-3.49363080252016,1.9479588844948292,140.0,0.0,azimuth_elevation
G902,-285.781,127.665,0.0,12.305,9.752,-3.652150890776394,1.6315004967823907,140.0,0.0,azimuth_elevation
G903,-295.947,101.903,0.0,12.305,9.752,-3.782073217297611,1.302275769182585,140.0,0.0,azimuth_elevation
G904,-303.797,75.343,0.0,12.305,9.752,-3.8823861135165534,0.9628489318547506,140.0,0.0,azimuth_elevation
G905,-309.268,48.193,0.0,12.305,9.752,-3.9523014431171735,0.6158841634056739,140.0,0.0,azimuth_elevation
G906,-312.317,20.666,0.0,12.305,9.752,-3.9912717275391563,0.2641022471441651,140.0,0.0,azimuth_elevation
G907,-312.921,-7.023,0.0,12.305,9.752,-3.998992971215639,-0.08975085608459461,140.0,0.0,azimuth_elevation
G908,-311.075,-34.657,0.0,12.305,9.752,-3.9754041639809254,-0.4429014935661398,140.0,0.0,azimuth_elevation
G909,-306.794,-62.02,0.0,12.305,9.752,-3.9206893187443206,-0.7925877023296505,140.0,0.0,azimuth_elevation
G910,-300.111,-88.897,0.0,12.305,9.752,-3.8352786895535593,-1.1360622225284738,140.0,0.0,azimuth_elevation
G911,-291.077,-115.078,0.0,12.305,9.752,-3.719838308007257,-1.470647123643775,140.0,0.0,azimuth_elevation
G912,-279.765,-140.358,0.0,12.305,9.752,-3.575274788112261,-1.793714076849716,140.0,0.0,azimuth_elevation
G913,-266.263,-164.539,0.0,12.305,9.752,-3.40272086920283,-2.102734097857248,140.0,0.0,azimuth_elevation
G914,-250.676,-187.432,0.0,12.305,9.752,-3.203523696958996,-2.3952945378433457,140.0,0.0,azimuth_elevation
G915,-233.126,-208.857,0.0,12.305,9.752,-2.9792463359591705,-2.6690993367939417,140.0,0.0,azimuth_elevation
G916,-213.751,-228.647,0.0,12.305,9.752,-2.7316430005017014,-2.922007275454676,140.0,0.0,azimuth_elevation
G917,-192.702,-246.647,0.0,12.305,9.752,-2.4626478382181785,-3.152041501141654,140.0,0.0,azimuth_elevation
G918,-170.145,-262.716,0.0,12.305,9.752,-2.174376800594298,-3.3573926682825332,140.0,0.0,azimuth_elevation
G919,-146.255,-276.728,0.0,12.305,9.752,-1.869074331323335,-3.536461670086109,140.0,0.0,azimuth_elevation
G920,-121.22,-288.573,0.0,12.305,9.752,-1.5491400309392345,-3.687840176111431,140.0,0.0,azimuth_elevation
G921,-95.237,-298.159,0.0,12.305,9.752,-1.217087035634938,-3.810341080230136,140.0,0.0,azimuth_elevation
G922,-68.507,-305.411,0.0,12.305,9.752,-0.8754884248246924,-3.9030142221106474,140.0,0.0,azimuth_elevation
G923,-41.242,-310.271,0.0,12.305,9.752,-0.5270543238452063,-3.965124681484313,140.0,0.0,azimuth_elevation
G924,-13.653,-312.702,0.0,12.305,9.752,-0.1744792820136868,-3.996192810682186,140.0,0.0,azimuth_elevation
G925,27.668,311.775,0.0,12.305,9.752,0.3535843598365817,3.984341614430037,140.0,0.0,azimuth_elevation
G926,55.12,308.108,0.0,12.305,9.752,0.7044098298433413,3.937487370344199,140.0,0.0,azimuth_elevation
G927,82.141,302.03,0.0,12.305,9.752,1.0497238210723023,3.8598030907642644,140.0,0.0,azimuth_elevation
G928,108.518,293.586,0.0,12.305,9.752,1.386812239671829,3.7518997603742568,140.0,0.0,azimuth_elevation
G929,134.045,282.844,0.0,12.305,9.752,1.7130369765923448,3.6146236756856664,140.0,0.0,azimuth_elevation
G930,158.523,269.888,0.0,12.305,9.752,2.025852269284535,3.449046619434811,140.0,0.0,azimuth_elevation
G931,181.76,254.818,0.0,12.305,9.752,2.3228125599498886,3.256461547652458,140.0,0.0,azimuth_elevation
G932,203.574,237.753,0.0,12.305,9.752,2.6015864904066177,3.038379129228902,140.0,0.0,azimuth_elevation
G933,223.794,218.827,0.0,12.305,9.752,2.859987069155727,2.796511034174912,140.0,0.0,azimuth_elevation
G934,242.261,198.188,0.0,12.305,9.752,3.0959891882081885,2.5327556033889254,140.0,0.0,azimuth_elevation
G935,258.832,175.997,0.0,12.305,9.752,3.3077580624112435,2.2491635335282796,140.0,0.0,azimuth_elevation
G936,273.377,152.428,0.0,12.305,9.752,3.49363080252016,1.9479588844948292,140.0,0.0,azimuth_elevation
G937,285.781,127.665,0.0,12.305,9.752,3.652150890776394,1.6315004967823907,140.0,0.0,azimuth_elevation
G938,295.947,101.903,0.0,12.305,9.752,3.782073217297611,1.302275769182585,140.0,0.0,azimuth_elevation
G939,303.797,75.343,0.0,12.305,9.752,3.8823861135165534,0.9628489318547506,140.0,0.0,azimuth_elevation
G940,309.268,48.193,0.0,12.305,9.752,3.9523014431171735,0.6158841634056739,140.0,0.0,azimuth_elevation
G941,312.317,20.666,0.0,12.305,9.752,3.9912717275391563,0.2641022471441651,140.0,0.0,azimuth_elevation
G942,312.921,-7.023,0.0,12.305,9.752,3.998992971215639,-0.08975085608459461,140.0,0.0,azimuth_elevation
G943,311.075,-34.657,0.0,12.305,9.752,3.9754041639809254,-0.4429014935661398,140.0,0.0,azimuth_elevation
G944,306.794,-62.02,0.0,12.305,9.752,3.9206893187443206,-0.7925877023296505,140.0,0.0,azimuth_elevation
G945,300.111,-88.897,0.0,12.305,9.752,3.8352786895535593,-1.1360622225284738,140.0,0.0,azimuth_elevation
G946,291.077,-115.078,0.0,12.305,9.752,3.719838308007257,-1.470647123643775,140.0,0.0,azimuth_elevation
G947,279.765,-140.358,0.0,12.305,9.752,3.575274788112261,-1.793714076849716,140.0,0.0,azimuth_elevation
G948,266.263,-164.539,0.0,12.305,9.752,3.40272086920283,-2.102734097857248,140.0,0.0,azimuth_elevation
G949,250.676,-187.432,0.0,12.305,9.752,3.203523696958996,-2.3952945378433457,140.0,0.0,azimuth_elevation
G950,233.126,-208.857,0.0,12.305,9.752,2.9792463359591705,-2.6690993367939417,140.0,0.0,azimuth_elevation
G951,213.751,-228.647,0.0,12.305,9.752,2.7316430005017014,-2.922007275454676,140.0,0.0,azimuth_elevation
G952,192.702,-246.647,0.0,12.305,9.752,2.4626478382181785,-3.152041501141654,140.0,0.0,azimuth_elevation
G953,170.145,-262.716,0.0,12.305,9.752,2.174376800594298,-3.3573926682825332,140.0,0.0,azimuth_elevation
G954,146.255,-276.728,0.0,12.305,9.752,1.869074331323335,-3.536461670086109,140.0,0.0,azimuth_elevation
G955,121.22,-288.573,0.0,12.305,9.752,1.5491400309392345,-3.687840176111431,140.0,0.0,azimuth_elevation
G956,95.237,-298.159,0.0,12.305,9.752,1.217087035634938,-3.810341080230136,140.0,0.0,azimuth_elevation
G957,68.507,-305.411,0.0,12.305,9.752,0.8754884248246924,-3.9030142221106474,140.0,0.0,azimuth_elevation
G958,41.242,-310.271,0.0,12.305,9.752,0.5270543238452063,-3.965124681484313,140.0,0.0,azimuth_elevation
G959,13.653,-312.702,0.0,12.305,9.752,0.1744792820136868,-3.996192810682186,140.0,0.0,azimuth_elevation
G960,-14.559,328.678,0.0,12.305,9.752,-0.17700896141521247,3.996081559175026,140.0,0.0,azimuth_elevation
G961,-43.562,326.103,0.0,12.305,9.752,-0.5296296332777397,3.964781513722299,140.0,0.0,azimuth_elevation
G962,-72.224,320.975,0.0,12.305,9.752,-0.8781023018199414,3.9024269817049135,140.0,0.0,azimuth_elevation
G963,-100.32,313.332,0.0,12.305,9.752,-1.2196957972131648,3.809506813520687,140.0,0.0,azimuth_elevation
G964,-127.631,303.235,0.0,12.305,9.752,-1.5517436960680713,3.6867453806457804,140.0,0.0,azimuth_elevation
G965,-153.942,290.763,0.0,12.305,9.752,-1.8716329972307308,3.5351081912265587,140.0,0.0,azimuth_elevation
G966,-179.047,276.013,0.0,12.305,9.752,-2.176863177860945,3.355781087149927,140.0,0.0,azimuth_elevation
G967,-202.749,259.102,0.0,12.305,9.752,-2.465033395878463,3.150176242244852,140.0,0.0,azimuth_elevation
G968,-224.864,240.161,0.0,12.305,9.752,-2.7339072433530744,2.9198888993832615,140.0,0.0,azimuth_elevation
G969,-245.217,219.339,0.0,12.305,9.752,-2.981362060058594,2.6667358824681484,140.0,0.0,azimuth_elevation
G970,-263.65,196.799,0.0,12.305,9.752,-3.205468623688598,2.3926911423223687,140.0,0.0,azimuth_elevation
G971,-280.017,172.717,0.0,12.305,9.752,-3.404467001110536,2.0999058165425977,140.0,0.0,azimuth_elevation
G972,-294.192,147.283,0.0,12.305,9.752,-3.576798880076552,1.7906729940117838,140.0,0.0,azimuth_elevation
G973,-306.062,120.695,0.0,12.305,9.752,-3.7211145726224713,1.4674148484381242,140.0,0.0,azimuth_elevation
G974,-315.534,93.162,0.0,12.305,9.752,-3.836282055950583,1.1326694077229973,140.0,0.0,azimuth_elevation
G975,-322.536,64.899,0.0,12.305,9.752,-3.9214039672554244,0.7890443115525392,140.0,0.0,azimuth_elevation
G976,-327.01,36.127,0.0,12.305,9.752,-3.975810976587695,0.43923465077882534,140.0,0.0,azimuth_elevation
G977,-328.924,7.073,0.0,12.305,9.752,-3.9990755240768965,0.08599391100009697,140.0,0.0,azimuth_elevation
G978,-328.261,-22.037,0.0,12.305,9.752,-3.9910167924489413,-0.2679271587401406,140.0,0.0,azimuth_elevation
G979,-325.027,-50.974,0.0,12.305,9.752,-3.9516978849102515,-0.6197449688346358,140.0,0.0,azimuth_elevation
G980,-319.247,-79.512,0.0,12.305,9.752,-3.8814259859228453,-0.9667121163008494,140.0,0.0,azimuth_elevation
G981,-310.967,-107.427,0.0,12.305,9.752,-3.7807531808339485,-1.306103129777271,140.0,0.0,azimuth_elevation
G982,-300.251,-134.5,0.0,12.305,9.752,-3.650469552144125,-1.6352590158347011,140.0,0.0,azimuth_elevation
G983,-287.183,-160.52,0.0,12.305,9.752,-3.4915907246428404,-1.9516132330941205,140.0,0.0,azimuth_elevation
G984,-271.866,-185.283,0.0,12.305,9.752,-3.3053630450719496,-2.2526817663115875,140.0,0.0,azimuth_elevation
G985,-254.419,-208.595,0.0,12.305,9.752,-3.093241527786795,-2.536110575423559,140.0,0.0,azimuth_elevation
G986,-234.98,-230.272,0.0,12.305,9.752,-2.8569024095542574,-2.7996622336065964,140.0,0.0,azimuth_elevation
G987,-213.7,-250.147,0.0,12.305,9.752,-2.5981737521055757,-3.041297939017096,140.0,0.0,azimuth_elevation
G988,-190.746,-268.061,0.0,12.305,9.752,-2.319103129562603,-3.2591042748664765,140.0,0.0,azimuth_elevation
G989,-166.298,-283.876,0.0,12.305,9.752,-2.021863841831688,-3.4513861860263635,140.0,0.0,azimuth_elevation
G990,-140.548,-297.468,0.0,12.305,9.752,-1.708790657746456,-3.616633031978561,140.0,0.0,azimuth_elevation
G991,-113.697,-308.73,0.0,12.305,9.752,-1.3823329371810833,-3.753552404161199,140.0,0.0,azimuth_elevation
G992,-85.955,-317.573,0.0,12.305,9.752,-1.04504620890424,-3.861072185449901,140.0,0.0,azimuth_elevation
G993,-57.54,-323.929,0.0,12.305,9.752,-0.699574957211237,-3.938349258159172,140.0,0.0,azimuth_elevation
G994,-28.674,-327.748,0.0,12.305,9.752,-0.34862014166399763,-3.984779039899976,140.0,0.0,azimuth_elevation
G995,14.559,328.678,0.0,12.305,9.752,0.17700896141521247,3.996081559175026,140.0,0.0,azimuth_elevation
G996,43.562,326.103,0.0,12.305,9.752,0.5296296332777397,3.964781513722299,140.0,0.0,azimuth_elevation
G997,72.224,320.975,0.0,12.305,9.752,0.8781023018199414,3.9024269817049135,140.0,0.0,azimuth_elevation
G998,100.32,313.332,0.0,12.305,9.752,1.2196957972131648,3.809506813520687,140.0,0.0,azimuth_elevation
G999,127.631,303.235,0.0,12.305,9.752,1.5517436960680713,3.6867453806457804,140.0,0.0,azimuth_elevation
G1000,153.942,290.763,0.0,12.305,9.752,1.8716329972307308,3.5351081912265587,140.0,0.0,azimuth_elevation
G1001,179.047,276.013,0.0,12.305,9.752,2.176863177860945,3.355781087149927,140.0,0.0,azimuth_elevation
G1002,202.749,259.102,0.0,12.305,9.752,2.465033395878463,3.150176242244852,140.0,0.0,azimuth_elevation
G1003,224.864,240.161,0.0,12.305,9.752,2.7339072433530744,2.9198888993832615,140.0,0.0,azimuth_elevation
G1004,245.217,219.339,0.0,12.305,9.752,2.981362060058594,2.6667358824681484,140.0,0.0,azimuth_elevation
G1005,263.65,196.799,0.0,12.305,9.752,3.205468623688598,2.3926911423223687,140.0,0.0,azimuth_elevation
G1006,280.017,172.717,0.0,12.305,9.752,3.404467001110536,2.0999058165425977,140.0,0.0,azimuth_elevation
G1007,294.192,147.283,0.0,12.305,9.752,3.576798880076552,1.7906729940117838,140.0,0.0,azimuth_elevation
G1008,306.062,120.695,0.0,12.305,9.752,3.7211145726224713,1.4674148484381242,140.0,0.0,azimuth_elevation
G1009,315.534,93.162,0.0,12.305,9.752,3.836282055950583,1.1326694077229973,140.0,0.0,azimuth_elevation
G1010,322.536,64.899,0.0,12.305,9.752,3.9214039672554244,0.7890443115525392,140.0,0.0,azimuth_elevation
G1011,327.01,36.127,0.0,12.305,9.752,3.975810976587695,0.43923465077882534,140.0,0.0,azimuth_elevation
G1012,328.924,7.073,0.0,12.305,9.752,3.9990755240768965,0.08599391100009697,140.0,0.0,azimuth_elevation
G1013,328.261,-22.037,0.0,12.305,9.752,3.9910167924489413,-0.2679271587401406,140.0,0.0,azimuth_elevation
G1014,325.027,-50.974,0.0,12.305,9.752,3.9516978849102515,-0.6197449688346358,140.0,0.0,azimuth_elevation
G1015,319.247,-79.512,0.0,12.305,9.752,3.8814259859228453,-0.9667121163008494,140.0,0.0,azimuth_elevation
G1016,310.967,-107.427,0.0,12.305,9.752,3.7807531808339485,-1.306103129777271,140.0,0.0,azimuth_elevation
G1017,300.251,-134.5,0.0,12.305,9.752,3.650469552144125,-1.6352590158347011,140.0,0.0,azimuth_elevation
G1018,287.183,-160.52,0.0,12.305,9.752,3.4915907246428404,-1.9516132330941205,140.0,0.0,azimuth_elevation
G1019,271.866,-185.283,0.0,12.305,9.752,3.3053630450719496,-2.2526817663115875,140.0,0.0,azimuth_elevation
G1020,254.419,-208.595,0.0,12.305,9.752,3.093241527786795,-2.536110575423559,140.0,0.0,azimuth_elevation
G1021,234.98,-230.272,0.0,12.305,9.752,2.8569024095542574,-2.7996622336065964,140.0,0.0,azimuth_elevation
G1022,213.7,-250.147,0.0,12.305,9.752,2.5981737521055757,-3.041297939017096,140.0,0.0,azimuth_elevation
G1023,190.746,-268.061,0.0,12.305,9.752,2.319103129562603,-3.2591042748664765,140.0,0.0,azimuth_elevation
G1024,166.298,-283.876,0.0,12.305,9.752,2.021863841831688,-3.4513861860263635,140.0,0.0,azimuth_elevation
G1025,140.548,-297.468,0.0,12.305,9.752,1.708790657746456,-3.616633031978561,140.0,0.0,azimuth_elevation
G1026,113.697,-308.73,0.0,12.305,9.752,1.3823329371810833,-3.753552404161199,140.0,0.0,azimuth_elevation
G1027,85.955,-317.573,0.0,12.305,9.752,1.04504620890424,-3.861072185449901,140.0,0.0,azimuth_elevation
G1028,57.54,-323.929,0.0,12.305,9.752,0.699574957211237,-3.938349258159172,140.0,0.0,azimuth_elevation
G1029,28.674,-327.748,0.0,12.305,9.752,0.34862014166399763,-3.984779039899976,140.0,0.0,azimuth_elevation
G1030,0.0,343.0,0.0,12.305,9.752,0.0,4.0,140.0,0.0,azimuth_elevation
G1031,-30.32,341.657,0.0,12.305,9.752,-0.35358629427904387,3.9843414427603983,140.0,0.0,azimuth_elevation
G1032,-60.403,337.64,0.0,12.305,9.752,-0.7044072890838833,3.937487824880922,140.0,0.0,azimuth_elevation
G1033,-90.013,330.978,0.0,12.305,9.752,-1.0497152821140443,3.859805413035252,140.0,0.0,azimuth_elevation
G1034,-118.919,321.726,0.0,12.305,9.752,-1.3868084467119488,3.7519011623613423,140.0,0.0,azimuth_elevation
G1035,-146.893,309.954,0.0,12.305,9.752,-1.7130376419511464,3.614623360359756,140.0,0.0,azimuth_elevation
G1036,-173.717,295.756,0.0,12.305,9.752,-2.0258524398106776,3.4490465192735695,140.0,0.0,azimuth_elevation
G1037,-199.181,279.242,0.0,12.305,9.752,-2.322808863576229,3.2564641842482636,140.0,0.0,azimuth_elevation
G1038,-223.086,260.541,0.0,12.305,9.752,-2.6015862703369836,3.038379317661655,140.0,0.0,azimuth_elevation
G1039,-245.244,239.801,0.0,12.305,9.752,-2.859986647018485,2.796511465893884,140.0,0.0,azimuth_elevation
G1040,-265.481,217.183,0.0,12.305,9.752,-3.095993379590261,2.5327504799196614,140.0,0.0,azimuth_elevation
G1041,-283.641,192.865,0.0,12.305,9.752,-3.3077650051375755,2.24915332309454,140.0,0.0,azimuth_elevation
G1042,-299.579,167.037,0.0,12.305,9.752,-3.4936335942569143,1.9479538775544754,140.0,0.0,azimuth_elevation
G1043,-313.172,139.901,0.0,12.305,9.752,-3.652151737215309,1.63149860200835,140.0,0.0,azimuth_elevation
G1044,-324.313,111.67,0.0,12.305,9.752,-3.782074019691346,1.3022734388659494,140.0,0.0,azimuth_elevation
G1045,-332.915,82.564,0.0,12.305,9.752,-3.8823871837857795,0.9628446163197484,140.0,0.0,azimuth_elevation
G1046,-338.91,52.812,0.0,12.305,9.752,-3.9523016038240963,0.6158831321033849,140.0,0.0,azimuth_elevation
G1047,-342.252,22.647,0.0,12.305,9.752,-3.9912715719023737,0.26410459921015234,140.0,0.0,azimuth_elevation
G1048,-342.914,-7.696,0.0,12.305,9.752,-3.998993008839758,-0.08974917966612847,140.0,0.0,azimuth_elevation
G1049,-340.891,-37.979,0.0,12.305,9.752,-3.9754039245487243,-0.44290364266124943,140.0,0.0,azimuth_elevation
G1050,-336.199,-67.964,0.0,12.305,9.752,-3.9206901645216554,-0.7925835185159675,140.0,0.0,azimuth_elevation
G1051,-328.875,-97.417,0.0,12.305,9.752,-3.83527961639903,-1.1360590935484434,140.0,0.0,azimuth_elevation
G1052,-318.976,-126.108,0.0,12.305,9.752,-3.7198380588602165,-1.4706477538333422,140.0,0.0,azimuth_elevation
G1053,-306.58,-153.811,0.0,12.305,9.752,-3.5752751427317024,-1.793713370013393,140.0,0.0,azimuth_elevation
G1054,-291.783,-180.31,0.0,12.305,9.752,-3.4027169815133718,-2.102740389044859,140.0,0.0,azimuth_elevation
G1055,-274.702,-205.397,0.0,12.305,9.752,-3.2035202809572785,-2.3952991064782276,140.0,0.0,azimuth_elevation
G1056,-255.47,-228.876,0.0,12.305,9.752,-2.979240155748366,-2.6691062351237447,140.0,0.0,azimuth_elevation
G1057,-234.238,-250.562,0.0,12.305,9.752,-2.731641310966447,-2.9220088549183947,140.0,0.0,azimuth_elevation
G1058,-211.172,-270.288,0.0,12.305,9.752,-2.462644964124882,-3.1520437466301696,140.0,0.0,azimuth_elevation
G1059,-186.452,-287.897,0.0,12.305,9.752,-2.1743670612746198,-3.357398975821011,140.0,0.0,azimuth_elevation
G1060,-160.273,-303.252,0.0,12.305,9.752,-1.8690712179174498,-3.5364633155672043,140.0,0.0,azimuth_elevation
G1061,-132.839,-316.232,0.0,12.305,9.752,-1.5491436620396586,-3.687838650803795,140.0,0.0,azimuth_elevation
G1062,-104.365,-326.737,0.0,12.305,9.752,-1.2170839253645818,-3.810342073701407,140.0,0.0,azimuth_elevation
G1063,-75.073,-334.683,0.0,12.305,9.752,-0.8754881238794208,-3.9030142896159234,140.0,0.0,azimuth_elevation
G1064,-45.194,-340.01,0.0,12.305,9.752,-0.5270430648811522,-3.965126178037804,140.0,0.0,azimuth_elevation
G1065,-14.961,-342.674,0.0,12.305,9.752,-0.17447207942644485,-3.996193125150562,140.0,0.0,azimuth_elevation
G1066,30.32,341.657,0.0,12.305,9.752,0.35358629427904387,3.9843414427603983,140.0,0.0,azimuth_elevation
G1067,60.403,337.64,0.0,12.305,9.752,0.7044072890838833,3.937487824880922,140.0,0.0,azimuth_elevation
G1068,90.013,330.978,0.0,12.305,9.752,1.0497152821140443,3.859805413035252,140.0,0.0,azimuth_elevation
G1069,118.919,321.726,0.0,12.305,9.752,1.3868084467119488,3.7519011623613423,140.0,0.0,azimuth_elevation
G1070,146.893,309.954,0.0,12.305,9.752,1.7130376419511464,3.614623360359756,140.0,0.0,azimuth_elevation
G1071,173.717,295.756,0.0,12.305,9.752,2.0258524398106776,3.4490465192735695,140.0,0.0,azimuth_elevation
G1072,199.181,279.242,0.0,12.305,9.752,2.322808863576229,3.2564641842482636,140.0,0.0,azimuth_elevation
G1073,223.086,260.541,0.0,12.305,9.752,2.6015862703369836,3.038379317661655,140.0,0.0,azimuth_elevation
G1074,245.244,239.801,0.0,12.305,9.752,2.859986647018485,2.796511465893884,140.0,0.0,azimuth_elevation
G1075,265.481,217.183,0.0,12.305,9.752,3.095993379590261,2.5327504799196614,140.0,0.0,azimuth_elevation
G1076,283.641,192.865,0.0,12.305,9.752,3.3077650051375755,2.24915332309454,140.0,0.0,azimuth_elevation
G1077,299.579,167.037,0.0,12.305,9.752,3.4936335942569143,1.9479538775544754,140.0,0.0,azimuth_elevation
G1078,313.172,139.901,0.0,12.305,9.752,3.652151737215309,1.63149860200835,140.0,0.0,azimuth_elevation
G1079,324.313,111.67,0.0,12.305,9.752,3.782074019691346,1.3022734388659494,140.0,0.0,azimuth_elevation
G1080,332.915,82.564,0.0,12.305,9.752,3.8823871837857795,0.9628446163197484,140.0,0.0,azimuth_elevation
G1081,338.91,52.812,0.0,12.305,9.752,3.9523016038240963,0.6158831321033849,140.0,0.0,azimuth_elevation
G1082,342.252,22.647,0.0,12.305,9.752,3.9912715719023737,0.26410459921015234,140.0,0.0,azimuth_elevation
G1083,342.914,-7.696,0.0,12.305,9.752,3.998993008839758,-0.08974917966612847,140.0,0.0,azimuth_elevation
G1084,340.891,-37.979,0.0,12.305,9.752,3.9754039245487243,-0.44290364266124943,140.0,0.0,azimuth_elevation
G1085,336.199,-67.964,0.0,12.305,9.752,3.9206901645216554,-0.7925835185159675,140.0,0.0,azimuth_elevation
G1086,328.875,-97.417,0.0,12.305,9.752,3.83527961639903,-1.1360590935484434,140.0,0.0,azimuth_elevation
G1087,318.976,-126.108,0.0,12.305,9.752,3.7198380588602165,-1.4706477538333422,140.0,0.0,azimuth_elevation
G1088,306.58,-153.811,0.0,12.305,9.752,3.5752751427317024,-1.793713370013393,140.0,0.0,azimuth_elevation
G1089,291.783,-180.31,0.0,12.305,9.752,3.4027169815133718,-2.102740389044859,140.0,0.0,azimuth_elevation
G1090,274.702,-205.397,0.0,12.305,9.752,3.2035202809572785,-2.3952991064782276,140.0,0.0,azimuth_elevation
G1091,255.47,-228.876,0.0,12.305,9.752,2.979240155748366,-2.6691062351237447,140.0,0.0,azimuth_elevation
G1092,234.238,-250.562,0.0,12.305,9.752,2.731641310966447,-2.9220088549183947,140.0,0.0,azimuth_elevation
G1093,211.172,-270.288,0.0,12.305,9.752,2.462644964124882,-3.1520437466301696,140.0,0.0,azimuth_elevation
G1094,186.452,-287.897,0.0,12.305,9.752,2.1743670612746198,-3.357398975821011,140.0,0.0,azimuth_elevation
G1095,160.273,-303.252,0.0,12.305,9.752,1.8690712179174498,-3.5364633155672043,140.0,0.0,azimuth_elevation
G1096,132.839,-316.232,0.0,12.305,9.752,1.5491436620396586,-3.687838650803795,140.0,0.0,azimuth_elevation
G1097,104.365,-326.737,0.0,12.305,9.752,1.2170839253645818,-3.810342073701407,140.0,0.0,azimuth_elevation
G1098,75.073,-334.683,0.0,12.305,9.752,0.8754881238794208,-3.9030142896159234,140.0,0.0,azimuth_elevation
G1099,45.194,-340.01,0.0,12.305,9.752,0.5270430648811522,-3.965126178037804,140.0,0.0,azimuth_elevation
G1100,14.961,-342.674,0.0,12.305,9.752,0.17447207942644485,-3.996193125150562,140.0,0.0,azimuth_elevation
G1101,-15.93,359.647,0.0,12.305,9.752,-0.1770001847105785,3.9960819479350547,140.0,0.0,azimuth_elevation
G1102,-47.666,356.83,0.0,12.305,9.752,-0.5296228424534345,3.964782420858873,140.0,0.0,azimuth_elevation
G1103,-79.029,351.218,0.0,12.305,9.752,-0.878101130267975,3.9024272453208018,140.0,0.0,azimuth_elevation
G1104,-109.773,342.856,0.0,12.305,9.752,-1.2196983611961252,3.8095059926052732,140.0,0.0,azimuth_elevation
G1105,-139.657,331.807,0.0,12.305,9.752,-1.5517446665618624,3.6867449721667507,140.0,0.0,azimuth_elevation
G1106,-168.447,318.16,0.0,12.305,9.752,-1.8716320522983905,3.535108691512796,140.0,0.0,azimuth_elevation
G1107,-195.917,302.021,0.0,12.305,9.752,-2.176854251039084,3.3557868778772395,140.0,0.0,azimuth_elevation
G1108,-221.853,283.516,0.0,12.305,9.752,-2.4650326118454022,3.150176855755663,140.0,0.0,azimuth_elevation
G1109,-246.052,262.79,0.0,12.305,9.752,-2.7339093095582876,2.9198869647831454,140.0,0.0,azimuth_elevation
G1110,-268.323,240.006,0.0,12.305,9.752,-2.981365374224353,2.6667321772866663,140.0,0.0,azimuth_elevation
G1111,-288.492,215.342,0.0,12.305,9.752,-3.2054690036423974,2.3926906333013087,140.0,0.0,azimuth_elevation
G1112,-306.402,188.992,0.0,12.305,9.752,-3.4044645432376464,2.099909801357593,140.0,0.0,azimuth_elevation
G1113,-321.912,161.161,0.0,12.305,9.752,-3.5767971895520314,1.7906763707640443,140.0,0.0,azimuth_elevation
G1114,-334.9,132.068,0.0,12.305,9.752,-3.721111590261684,1.4674224111755156,140.0,0.0,azimuth_elevation
G1115,-345.265,101.94,0.0,12.305,9.752,-3.836282457320006,1.132668048308405,140.0,0.0,azimuth_elevation
G1116,-352.926,71.014,0.0,12.305,9.752,-3.921403787182258,0.7890452064822678,140.0,0.0,azimuth_elevation
G1117,-357.823,39.532,0.0,12.305,9.752,-3.9758099092724275,0.43924431166626404,140.0,0.0,azimuth_elevation
G1118,-359.917,7.74,0.0,12.305,9.752,-3.9990753942400676,0.08599994874212145,140.0,0.0,azimuth_elevation
G1119,-359.192,-24.113,0.0,12.305,9.752,-3.9910171467202216,-0.26792188149754087,140.0,0.0,azimuth_elevation
G1120,-355.653,-55.777,0.0,12.305,9.752,-3.951698015949278,-0.6197441332861043,140.0,0.0,azimuth_elevation
G1121,-349.328,-87.004,0.0,12.305,9.752,-3.88142600182253,-0.966712052462349,140.0,0.0,azimuth_elevation
G1122,-340.268,-117.549,0.0,12.305,9.752,-3.780754399960565,-1.306099600788098,140.0,0.0,azimuth_elevation
G1123,-328.542,-147.174,0.0,12.305,9.752,-3.6504662154285095,-1.6352664645295747,140.0,0.0,azimuth_elevation
G1124,-314.243,-175.645,0.0,12.305,9.752,-3.49159119137312,-1.9516123980764306,140.0,0.0,azimuth_elevation
G1125,-297.483,-202.741,0.0,12.305,9.752,-3.305366049843592,-2.252677357399716,140.0,0.0,azimuth_elevation
G1126,-278.392,-228.25,0.0,12.305,9.752,-3.0932424376085934,-2.5361094657323537,140.0,0.0,azimuth_elevation
G1127,-257.121,-251.97,0.0,12.305,9.752,-2.8568990130804384,-2.7996656995184295,140.0,0.0,azimuth_elevation
G1128,-233.836,-273.717,0.0,12.305,9.752,-2.598175061473376,-3.0412968204267434,140.0,0.0,azimuth_elevation
G1129,-208.719,-293.319,0.0,12.305,9.752,-2.3191030713641636,-3.259104316279137,140.0,0.0,azimuth_elevation
G1130,-181.968,-310.625,0.0,12.305,9.752,-2.021864766106879,-3.451385644574592,140.0,0.0,azimuth_elevation
G1131,-153.791,-325.497,0.0,12.305,9.752,-1.708789095301658,-3.616633770203743,140.0,0.0,azimuth_elevation
G1132,-124.41,-337.82,0.0,12.305,9.752,-1.3823322640528095,-3.7535526520562668,140.0,0.0,azimuth_elevation
G1133,-94.054,-347.497,0.0,12.305,9.752,-1.0450431545708916,-3.861073012141122,140.0,0.0,azimuth_elevation
G1134,-62.962,-354.451,0.0,12.305,9.752,-0.6995785204190971,-3.9383486252194873,140.0,0.0,azimuth_elevation
G1135,-31.376,-358.63,0.0,12.305,9.752,-0.34862231600056187,-3.984778849671134,140.0,0.0,azimuth_elevation
G1136,15.93,359.647,0.0,12.305,9.752,0.1770001847105785,3.9960819479350547,140.0,0.0,azimuth_elevation
G1137,47.666,356.83,0.0,12.305,9.752,0.5296228424534345,3.964782420858873,140.0,0.0,azimuth_elevation
G1138,79.029,351.218,0.0,12.305,9.752,0.878101130267975,3.9024272453208018,140.0,0.0,azimuth_elevation
G1139,109.773,342.856,0.0,12.305,9.752,1.2196983611961252,3.8095059926052732,140.0,0.0,azimuth_elevation
G1140,139.657,331.807,0.0,12.305,9.752,1.5517446665618624,3.6867449721667507,140.0,0.0,azimuth_elevation
G1141,168.447,318.16,0.0,12.305,9.752,1.8716320522983905,3.535108691512796,140.0,0.0,azimuth_elevation
G1142,195.917,302.021,0.0,12.305,9.752,2.176854251039084,3.3557868778772395,140.0,0.0,azimuth_elevation
G1143,221.853,283.516,0.0,12.305,9.752,2.4650326118454022,3.150176855755663,140.0,0.0,azimuth_elevation
G1144,246.052,262.79,0.0,12.305,9.752,2.7339093095582876,2.9198869647831454,140.0,0.0,azimuth_elevation
G1145,268.323,240.006,0.0,12.305,9.752,2.981365374224353,2.6667321772866663,140.0,0.0,azimuth_elevation
G1146,288.492,215.342,0.0,12.305,9.752,3.2054690036423974,2.3926906333013087,140.0,0.0,azimuth_elevation
G1147,306.402,188.992,0.0,12.305,9.752,3.4044645432376464,2.099909801357593,140.0,0.0,azimuth_elevation
G1148,321.912,161.161,0.0,12.305,9.752,3.5767971895520314,1.7906763707640443,140.0,0.0,azimuth_elevation
G1149,334.9,132.068,0.0,12.305,9.752,3.721111590261684,1.4674224111755156,140.0,0.0,azimuth_elevation
G1150,345.265,101.94,0.0,12.305,9.752,3.836282457320006,1.132668048308405,140.0,0.0,azimuth_elevation
G1151,352.926,71.014,0.0,12.305,9.752,3.921403787182258,0.7890452064822678,140.0,0.0,azimuth_elevation
G1152,357.823,39.532,0.0,12.305,9.752,3.9758099092724275,0.43924431166626404,140.0,0.0,azimuth_elevation
G1153,359.917,7.74,0.0,12.305,9.752,3.9990753942400676,0.08599994874212145,140.0,0.0,azimuth_elevation
G1154,359.192,-24.113,0.0,12.305,9.752,3.9910171467202216,-0.26792188149754087,140.0,0.0,azimuth_elevation
G1155,355.653,-55.777,0.0,12.305,9.752,3.951698015949278,-0.6197441332861043,140.0,0.0,azimuth_elevation
G1156,349.328,-87.004,0.0,12.305,9.752,3.88142600182253,-0.966712052462349,140.0,0.0,azimuth_elevation
G1157,340.268,-117.549,0.0,12.305,9.752,3.780754399960565,-1.306099600788098,140.0,0.0,azimuth_elevation
G1158,328.542,-147.174,0.0,12.305,9.752,3.6504662154285095,-1.6352664645295747,140.0,0.0,azimuth_elevation
G1159,314.243,-175.645,0.0,12.305,9.752,3.49159119137312,-1.9516123980764306,140.0,0.0,azimuth_elevation
G1160,297.483,-202.741,0.0,12.305,9.752,3.305366049843592,-2.252677357399716,140.0,0.0,azimuth_elevation
G1161,278.392,-228.25,0.0,12.305,9.752,3.0932424376085934,-2.5361094657323537,140.0,0.0,azimuth_elevation
G1162,257.121,-251.97,0.0,12.305,9.752,2.8568990130804384,-2.7996656995184295,140.0,0.0,azimuth_elevation
G1163,233.836,-273.717,0.0,12.305,9.752,2.598175061473376,-3.0412968204267434,140.0,0.0,azimuth_elevation
G1164,208.719,-293.319,0.0,12.305,9.752,2.3191030713641636,-3.259104316279137,140.0,0.0,azimuth_elevation
G1165,181.968,-310.625,0.0,12.305,9.752,2.021864766106879,-3.451385644574592,140.0,0.0,azimuth_elevation
G1166,153.791,-325.497,0.0,12.305,9.752,1.708789095301658,-3.616633770203743,140.0,0.0,azimuth_elevation
G1167,124.41,-337.82,0.0,12.305,9.752,1.3823322640528095,-3.7535526520562668,140.0,0.0,azimuth_elevation
G1168,94.054,-347.497,0.0,12.305,9.752,1.0450431545708916,-3.861073012141122,140.0,0.0,azimuth_elevation
G1169,62.962,-354.451,0.0,12.305,9.752,0.6995785204190971,-3.9383486252194873,140.0,0.0,azimuth_elevation
G1170,31.376,-358.63,0.0,12.305,9.752,0.34862231600056187,-3.984778849671134,140.0,0.0,azimuth_elevation
G1171,0.0,375.0,0.0,12.305,9.752,0.0,4.0,140.0,0.0,azimuth_elevation
G1172,-33.149,373.532,0.0,12.305,9.752,-0.3535893192211911,3.9843411743138537,140.0,0.0,azimuth_elevation
G1173,-66.039,369.139,0.0,12.305,9.752,-0.7044166240395198,3.9374861548679463,140.0,0.0,azimuth_elevation
G1174,-98.411,361.857,0.0,12.305,9.752,-1.049716536967351,3.859805071764282,140.0,0.0,azimuth_elevation
G1175,-130.013,351.741,0.0,12.305,9.752,-1.3868047847751048,3.7519025159144097,140.0,0.0,azimuth_elevation
G1176,-160.597,338.871,0.0,12.305,9.752,-1.7130349648109116,3.6146246291053905,140.0,0.0,azimuth_elevation
G1177,-189.924,323.348,0.0,12.305,9.752,-2.0258556046970853,3.449044660325147,140.0,0.0,azimuth_elevation
G1178,-217.764,305.293,0.0,12.305,9.752,-2.3228162019714587,3.256458949819403,140.0,0.0,azimuth_elevation
G1179,-243.898,284.848,0.0,12.305,9.752,-2.60158220474687,3.038382798783658,140.0,0.0,azimuth_elevation
G1180,-268.123,262.173,0.0,12.305,9.752,-2.859982479389389,2.796515728113419,140.0,0.0,azimuth_elevation
G1181,-290.249,237.445,0.0,12.305,9.752,-3.0959936261612637,2.5327501785152102,140.0,0.0,azimuth_elevation
G1182,-310.103,210.859,0.0,12.305,9.752,-3.3077607643338958,2.2491595599097103,140.0,0.0,azimuth_elevation
G1183,-327.528,182.621,0.0,12.305,9.752,-3.493631746284708,1.9479571918683583,140.0,0.0,azimuth_elevation
G1184,-342.389,152.953,0.0,12.305,9.752,-3.652151313221908,1.6314995511281918,140.0,0.0,azimuth_elevation
G1185,-354.569,122.088,0.0,12.305,9.752,-3.7820739658893117,1.3022735951182822,140.0,0.0,azimuth_elevation
G1186,-363.974,90.267,0.0,12.305,9.752,-3.8823865177931416,0.9628473017348314,140.0,0.0,azimuth_elevation
G1187,-370.528,57.739,0.0,12.305,9.752,-3.9523016050019955,0.6158831245444614,140.0,0.0,azimuth_elevation
G1188,-374.182,24.759,0.0,12.305,9.752,-3.9912721519176575,0.2640958336032446,140.0,0.0,azimuth_elevation
G1189,-374.906,-8.414,0.0,12.305,9.752,-3.9989930075698394,-0.08974923625040045,140.0,0.0,azimuth_elevation
G1190,-372.694,-41.522,0.0,12.305,9.752,-3.9754041632564343,-0.44290150006904766,140.0,0.0,azimuth_elevation
G1191,-367.565,-74.305,0.0,12.305,9.752,-3.9206896775097295,-0.7925859276246663,140.0,0.0,azimuth_elevation
G1192,-359.557,-106.506,0.0,12.305,9.752,-3.835277881005883,-1.1360649521339108,140.0,0.0,azimuth_elevation
G1193,-348.735,-137.873,0.0,12.305,9.752,-3.719839148847996,-1.4706449968288806,140.0,0.0,azimuth_elevation
G1194,-335.182,-168.16,0.0,12.305,9.752,-3.5752777337922863,-1.7937082054361835,140.0,0.0,azimuth_elevation
G1195,-319.005,-197.131,0.0,12.305,9.752,-3.4027221633939706,-2.1027320035485864,140.0,0.0,azimuth_elevation
G1196,-300.33,-224.559,0.0,12.305,9.752,-3.203521670034724,-2.395297248697525,140.0,0.0,azimuth_elevation
G1197,-279.304,-250.228,0.0,12.305,9.752,-2.979245035233617,-2.669100788661951,140.0,0.0,azimuth_elevation
G1198,-256.091,-273.939,0.0,12.305,9.752,-2.7316356239175725,-2.9220141714482586,140.0,0.0,azimuth_elevation
G1199,-230.873,-295.504,0.0,12.305,9.752,-2.4626457173309735,-3.1520431581612924,140.0,0.0,azimuth_elevation
G1200,-203.847,-314.756,0.0,12.305,9.752,-2.174368472021623,-3.3573980621723054,140.0,0.0,azimuth_elevation
G1201,-175.226,-331.543,0.0,12.305,9.752,-1.8690779186455588,-3.5364597741288653,140.0,0.0,azimuth_elevation
G1202,-145.232,-345.735,0.0,12.305,9.752,-1.5491412008700618,-3.6878396846618573,140.0,0.0,azimuth_elevation
G1203,-114.101,-357.22,0.0,12.305,9.752,-1.2170766123871264,-3.810344409575108,140.0,0.0,azimuth_elevation
G1204,-82.077,-365.907,0.0,12.305,9.752,-0.8754893491791541,-3.9030140147678,140.0,0.0,azimuth_elevation
G1205,-49.411,-371.731,0.0,12.305,9.752,-0.5270499484137932,-3.96512526307518,140.0,0.0,azimuth_elevation
G1206,-16.357,-374.643,0.0,12.305,9.752,-0.17447471077511983,-3.996193010266138,140.0,0.0,azimuth_elevation
G1207,33.149,373.532,0.0,12.305,9.752,0.3535893192211911,3.9843411743138537,140.0,0.0,azimuth_elevation
G1208,66.039,369.139,0.0,12.305,9.752,0.7044166240395198,3.9374861548679463,140.0,0.0,azimuth_elevation
G1209,98.411,361.857,0.0,12.305,9.752,1.049716536967351,3.859805071764282,140.0,0.0,azimuth_elevation
G1210,130.013,351.741,0.0,12.305,9.752,1.3868047847751048,3.7519025159144097,140.0,0.0,azimuth_elevation
G1211,160.597,338.871,0.0,12.305,9.752,1.7130349648109116,3.6146246291053905,140.0,0.0,azimuth_elevation
G1212,189.924,323.348,0.0,12.305,9.752,2.0258556046970853,3.449044660325147,140.0,0.0,azimuth_elevation
G1213,217.764,305.293,0.0,12.305,9.752,2.3228162019714587,3.256458949819403,140.0,0.0,azimuth_elevation
G1214,243.898,284.848,0.0,12.305,9.752,2.60158220474687,3.038382798783658,140.0,0.0,azimuth_elevation
G1215,268.123,262.173,0.0,12.305,9.752,2.859982479389389,2.796515728113419,140.0,0.0,azimuth_elevation
G1216,290.249,237.445,0.0,12.305,9.752,3.0959936261612637,2.5327501785152102,140.0,0.0,azimuth_elevation
G1217,310.103,210.859,0.0,12.305,9.752,3.3077607643338958,2.2491595599097103,140.0,0.0,azimuth_elevation
G1218,327.528,182.621,0.0,12.305,9.752,3.493631746284708,1.9479571918683583,140.0,0.0,azimuth_elevation
G1219,342.389,152.953,0.0,12.305,9.752,3.652151313221908,1.6314995511281918,140.0,0.0,azimuth_elevation
G1220,354.569,122.088,0.0,12.305,9.752,3.7820739658893117,1.3022735951182822,140.0,0.0,azimuth_elevation
G1221,363.974,90.267,0.0,12.305,9.752,3.8823865177931416,0.9628473017348314,140.0,0.0,azimuth_elevation
G1222,370.528,57.739,0.0,12.305,9.752,3.9523016050019955,0.6158831245444614,140.0,0.0,azimuth_elevation
G1223,374.182,24.759,0.0,12.305,9.752,3.9912721519176575,0.2640958336032446,140.0,0.0,azimuth_elevation
G1224,374.906,-8.414,0.0,12.305,9.752,3.9989930075698394,-0.08974923625040045,140.0,0.0,azimuth_elevation
G1225,372.694,-41.522,0.0,12.305,9.752,3.9754041632564343,-0.44290150006904766,140.0,0.0,azimuth_elevation
G1226,367.565,-74.305,0.0,12.305,9.752,3.9206896775097295,-0.7925859276246663,140.0,0.0,azimuth_elevation
G1227,359.557,-106.506,0.0,12.305,9.752,3.835277881005883,-1.1360649521339108,140.0,0.0,azimuth_elevation
G1228,348.735,-137.873,0.0,12.305,9.752,3.719839148847996,-1.4706449968288806,140.0,0.0,azimuth_elevation
G1229,335.182,-168.16,0.0,12.305,9.752,3.5752777337922863,-1.7937082054361835,140.0,0.0,azimuth_elevation
G1230,319.005,-197.131,0.0,12.305,9.752,3.4027221633939706,-2.1027320035485864,140.0,0.0,azimuth_elevation
G1231,300.33,-224.559,0.0,12.305,9.752,3.203521670034724,-2.395297248697525,140.0,0.0,azimuth_elevation
G1232,279.304,-250.228,0.0,12.305,9.752,2.979245035233617,-2.669100788661951,140.0,0.0,azimuth_elevation
G1233,256.091,-273.939,0.0,12.305,9.752,2.7316356239175725,-2.9220141714482586,140.0,0.0,azimuth_elevation
G1234,230.873,-295.504,0.0,12.305,9.752,2.4626457173309735,-3.1520431581612924,140.0,0.0,azimuth_elevation
G1235,203.847,-314.756,0.0,12.305,9.752,2.174368472021623,-3.3573980621723054,140.0,0.0,azimuth_elevation
G1236,175.226,-331.543,0.0,12.305,9.752,1.8690779186455588,-3.5364597741288653,140.0,0.0,azimuth_elevation
G1237,145.232,-345.735,0.0,12.305,9.752,1.5491412008700618,-3.6878396846618573,140.0,0.0,azimuth_elevation
G1238,114.101,-357.22,0.0,12.305,9.752,1.2170766123871264,-3.810344409575108,140.0,0.0,azimuth_elevation
G1239,82.077,-365.907,0.0,12.305,9.752,0.8754893491791541,-3.9030140147678,140.0,0.0,azimuth_elevation
G1240,49.411,-371.731,0.0,12.305,9.752,0.5270499484137932,-3.96512526307518,140.0,0.0,azimuth_elevation
G1241,16.357,-374.643,0.0,12.305,9.752,0.17447471077511983,-3.996193010266138,140.0,0.0,azimuth_elevation
G1242,-17.391,392.615,0.0,12.305,9.752,-0.17700764212248665,3.996081617613714,140.0,0.0,azimuth_elevation
G1243,-52.036,389.54,0.0,12.305,9.752,-0.5296282297181282,3.9647817012145374,140.0,0.0,azimuth_elevation
G1244,-86.273,383.413,0.0,12.305,9.752,-0.8780979454558353,3.9024279619470543,140.0,0.0,azimuth_elevation
G1245,-119.835,374.284,0.0,12.305,9.752,-1.2196948938706125,3.8095071027451772,140.0,0.0,azimuth_elevation
G1246,-152.459,362.223,0.0,12.305,9.752,-1.5517442991905213,3.6867451267926996,140.0,0.0,azimuth_elevation
G1247,-183.888,347.325,0.0,12.305,9.752,-1.8716308480701411,3.535109329080537,140.0,0.0,azimuth_elevation
G1248,-213.876,329.706,0.0,12.305,9.752,-2.176855033628575,3.3557863702217308,140.0,0.0,azimuth_elevation
G1249,-242.19,309.505,0.0,12.305,9.752,-2.4650354457304604,3.150174638221257,140.0,0.0,azimuth_elevation
G1250,-268.606,286.879,0.0,12.305,9.752,-2.733905574708764,2.9198904617427592,140.0,0.0,azimuth_elevation
G1251,-292.919,262.007,0.0,12.305,9.752,-2.981361854263587,2.6667361125431936,140.0,0.0,azimuth_elevation
G1252,-314.937,235.082,0.0,12.305,9.752,-3.2054670944587054,2.3926931910177,140.0,0.0,azimuth_elevation
G1253,-334.489,206.316,0.0,12.305,9.752,-3.4044661767352875,2.0999071530583,140.0,0.0,azimuth_elevation
G1254,-351.42,175.934,0.0,12.305,9.752,-3.5767963391702904,1.7906780693631148,140.0,0.0,azimuth_elevation
G1255,-365.599,144.174,0.0,12.305,9.752,-3.721112172459768,1.4674209348280893,140.0,0.0,azimuth_elevation
G1256,-376.915,111.284,0.0,12.305,9.752,-3.8362844174693516,1.1326614093725622,140.0,0.0,azimuth_elevation
G1257,-385.278,77.523,0.0,12.305,9.752,-3.9214051791832913,0.7890382884717692,140.0,0.0,azimuth_elevation
G1258,-390.623,43.155,0.0,12.305,9.752,-3.975810706758153,0.4392370931822962,140.0,0.0,azimuth_elevation
G1259,-392.909,8.449,0.0,12.305,9.752,-3.9990755017836634,0.0859949477221702,140.0,0.0,azimuth_elevation
G1260,-392.117,-26.323,0.0,12.305,9.752,-3.991017347840388,-0.2679188855550831,140.0,0.0,azimuth_elevation
G1261,-388.254,-60.89,0.0,12.305,9.752,-3.9516977189025932,-0.6197460273531732,140.0,0.0,azimuth_elevation
G1262,-381.35,-94.979,0.0,12.305,9.752,-3.8814270355505527,-0.9667079019524214,140.0,0.0,azimuth_elevation
G1263,-371.459,-128.324,0.0,12.305,9.752,-3.780755167658248,-1.3060973785386194,140.0,0.0,azimuth_elevation
G1264,-358.659,-160.664,0.0,12.305,9.752,-3.6504709286249386,-1.635255943045057,140.0,0.0,azimuth_elevation
G1265,-343.049,-191.746,0.0,12.305,9.752,-3.4915912372666424,-1.9516123159692338,140.0,0.0,azimuth_elevation
G1266,-324.752,-221.326,0.0,12.305,9.752,-3.305363228008616,-2.252681497888342,140.0,0.0,azimuth_elevation
G1267,-303.911,-249.172,0.0,12.305,9.752,-3.0932459210122065,-2.536105217088074,140.0,0.0,azimuth_elevation
G1268,-280.69,-275.067,0.0,12.305,9.752,-2.8568981659969555,-2.7996665639185028,140.0,0.0,azimuth_elevation
G1269,-255.271,-298.807,0.0,12.305,9.752,-2.5981789018902997,-3.041293539560447,140.0,0.0,azimuth_elevation
G1270,-227.852,-320.207,0.0,12.305,9.752,-2.319103899617053,-3.259103726913425,140.0,0.0,azimuth_elevation
G1271,-198.648,-339.099,0.0,12.305,9.752,-2.02186155008671,-3.451387528557314,140.0,0.0,azimuth_elevation
G1272,-167.889,-355.334,0.0,12.305,9.752,-1.708794070831131,-3.6166314193586784,140.0,0.0,azimuth_elevation
G1273,-135.814,-368.787,0.0,12.305,9.752,-1.3823294733009268,-3.7535536798137814,140.0,0.0,azimuth_elevation
G1274,-102.676,-379.35,0.0,12.305,9.752,-1.0450490785899746,-3.861071408733364,140.0,0.0,azimuth_elevation
G1275,-68.733,-386.943,0.0,12.305,9.752,-0.6995722687446808,-3.9383497357146204,140.0,0.0,azimuth_elevation
G1276,-34.252,-391.505,0.0,12.305,9.752,-0.34862045373492095,-3.984779012597519,140.0,0.0,azimuth_elevation
G1277,17.391,392.615,0.0,12.305,9.752,0.17700764212248665,3.996081617613714,140.0,0.0,azimuth_elevation
G1278,52.036,389.54,0.0,12.305,9.752,0.5296282297181282,3.9647817012145374,140.0,0.0,azimuth_elevation
G1279,86.273,383.413,0.0,12.305,9.752,0.8780979454558353,3.9024279619470543,140.0,0.0,azimuth_elevation
G1280,119.835,374.284,0.0,12.305,9.752,1.2196948938706125,3.8095071027451772,140.0,0.0,azimuth_elevation
G1281,152.459,362.223,0.0,12.305,9.752,1.5517442991905213,3.6867451267926996,140.0,0.0,azimuth_elevation
G1282,183.888,347.325,0.0,12.305,9.752,1.8716308480701411,3.535109329080537,140.0,0.0,azimuth_elevation
G1283,213.876,329.706,0.0,12.305,9.752,2.176855033628575,3.3557863702217308,140.0,0.0,azimuth_elevation
G1284,242.19,309.505,0.0,12.305,9.752,2.4650354457304604,3.150174638221257,140.0,0.0,azimuth_elevation
G1285,268.606,286.879,0.0,12.305,9.752,2.733905574708764,2.9198904617427592,140.0,0.0,azimuth_elevation
G1286,292.919,262.007,0.0,12.305,9.752,2.981361854263587,2.6667361125431936,140.0,0.0,azimuth_elevation
G1287,314.937,235.082,0.0,12.305,9.752,3.2054670944587054,2.3926931910177,140.0,0.0,azimuth_elevation
G1288,334.489,206.316,0.0,12.305,9.752,3.4044661767352875,2.0999071530583,140.0,0.0,azimuth_elevation
G1289,351.42,175.934,0.0,12.305,9.752,3.5767963391702904,1.7906780693631148,140.0,0.0,azimuth_elevation
G1290,365.599,144.174,0.0,12.305,9.752,3.721112172459768,1.4674209348280893,140.0,0.0,azimuth_elevation
G1291,376.915,111.284,0.0,12.305,9.752,3.8362844174693516,1.1326614093725622,140.0,0.0,azimuth_elevation
G1292,385.278,77.523,0.0,12.305,9.752,3.9214051791832913,0.7890382884717692,140.0,0.0,azimuth_elevation
G1293,390.623,43.155,0.0,12.305,9.752,3.975810706758153,0.4392370931822962,140.0,0.0,azimuth_elevation
G1294,392.909,8.449,0.0,12.305,9.752,3.9990755017836634,0.0859949477221702,140.0,0.0,azimuth_elevation
G1295,392.117,-26.323,0.0,12.305,9.752,3.991017347840388,-0.2679188855550831,140.0,0.0,azimuth_elevation
G1296,388.254,-60.89,0.0,12.305,9.752,3.9516977189025932,-0.6197460273531732,140.0,0.0,azimuth_elevation
G1297,381.35,-94.979,0.0,12.305,9.752,3.8814270355505527,-0.9667079019524214,140.0,0.0,azimuth_elevation
G1298,371.459,-128.324,0.0,12.305,9.752,3.780755167658248,-1.3060973785386194,140.0,0.0,azimuth_elevation
G1299,358.659,-160.664,0.0,12.305,9.752,3.6504709286249386,-1.635255943045057,140.0,0.0,azimuth_elevation
G1300,343.049,-191.746,0.0,12.305,9.752,3.4915912372666424,-1.9516123159692338,140.0,0.0,azimuth_elevation
G1301,324.752,-221.326,0.0,12.305,9.752,3.305363228008616,-2.252681497888342,140.0,0.0,azimuth_elevation
G1302,303.911,-249.172,0.0,12.305,9.752,3.0932459210122065,-2.536105217088074,140.0,0.0,azimuth_elevation
G1303,280.69,-275.067,0.0,12.305,9.752,2.8568981659969555,-2.7996665639185028,140.0,0.0,azimuth_elevation
G1304,255.271,-298.807,0.0,12.305,9.752,2.5981789018902997,-3.041293539560447,140.0,0.0,azimuth_elevation
G1305,227.852,-320.207,0.0,12.305,9.752,2.319103899617053,-3.259103726913425,140.0,0.0,azimuth_elevation
G1306,198.648,-339.099,0.0,12.305,9.752,2.02186155008671,-3.451387528557314,140.0,0.0,azimuth_elevation
G1307,167.889,-355.334,0.0,12.305,9.752,1.708794070831131,-3.6166314193586784,140.0,0.0,azimuth_elevation
G1308,135.814,-368.787,0.0,12.305,9.752,1.3823294733009268,-3.7535536798137814,140.0,0.0,azimuth_elevation
G1309,102.676,-379.35,0.0,12.305,9.752,1.0450490785899746,-3.861071408733364,140.0,0.0,azimuth_elevation
G1310,68.733,-386.943,0.0,12.305,9.752,0.6995722687446808,-3.9383497357146204,140.0,0.0,azimuth_elevation
G1311,34.252,-391.505,0.0,12.305,9.752,0.34862045373492095,-3.984779012597519,140.0,0.0,azimuth_elevation
G1312,0.0,410.0,0.0,12.305,9.752,0.0,4.0,140.0,0.0,azimuth_elevation
G1313,-36.243,408.395,0.0,12.305,9.752,-0.35359021122111334,3.984341095153452,140.0,0.0,azimuth_elevation
G1314,-72.202,403.592,0.0,12.305,9.752,-0.7044105286699747,3.9374872453252325,140.0,0.0,azimuth_elevation
G1315,-107.596,395.63,0.0,12.305,9.752,-1.049717085297743,3.8598049226397455,140.0,0.0,azimuth_elevation
G1316,-142.148,384.57,0.0,12.305,9.752,-1.3868091835377092,3.751900890009686,140.0,0.0,azimuth_elevation
G1317,-175.586,370.499,0.0,12.305,9.752,-1.7130343888922717,3.6146249020434302,140.0,0.0,azimuth_elevation
G1318,-207.65,353.527,0.0,12.305,9.752,-2.0258544887092684,3.449045315819511,140.0,0.0,azimuth_elevation
G1319,-238.088,333.787,0.0,12.305,9.752,-2.322812125111503,3.256461857819769,140.0,0.0,azimuth_elevation
G1320,-266.662,311.434,0.0,12.305,9.752,-2.601582355806681,3.038382669440333,140.0,0.0,azimuth_elevation
G1321,-293.148,286.643,0.0,12.305,9.752,-2.859980833580155,2.7965174112732005,140.0,0.0,azimuth_elevation
G1322,-317.339,259.607,0.0,12.305,9.752,-3.0959917599442246,2.5327524597475897,140.0,0.0,azimuth_elevation
G1323,-339.046,230.539,0.0,12.305,9.752,-3.307761715151415,2.2491581615748073,140.0,0.0,azimuth_elevation
G1324,-358.097,199.665,0.0,12.305,9.752,-3.4936336988922374,1.947953689892176,140.0,0.0,azimuth_elevation
G1325,-374.345,167.229,0.0,12.305,9.752,-3.6521494106389505,1.6315038100996169,140.0,0.0,azimuth_elevation
G1326,-387.663,133.483,0.0,12.305,9.752,-3.782074529292913,1.3022719588756366,140.0,0.0,azimuth_elevation
G1327,-397.945,98.692,0.0,12.305,9.752,-3.882386388205042,0.9628478242589603,140.0,0.0,azimuth_elevation
G1328,-405.111,63.128,0.0,12.305,9.752,-3.9523016548534926,0.6158828046327829,140.0,0.0,azimuth_elevation
G1329,-409.105,27.07,0.0,12.305,9.752,-3.9912720212949004,0.2640978076935089,140.0,0.0,azimuth_elevation
G1330,-409.897,-9.2,0.0,12.305,9.752,-3.998992854717986,-0.0897560466736899,140.0,0.0,azimuth_elevation
G1331,-407.479,-45.397,0.0,12.305,9.752,-3.9754046054935364,-0.44289753061038745,140.0,0.0,azimuth_elevation
G1332,-401.871,-81.24,0.0,12.305,9.752,-3.9206899046140613,-0.7925848042054449,140.0,0.0,azimuth_elevation
G1333,-393.116,-116.446,0.0,12.305,9.752,-3.8352796416196817,-1.1360590084047597,140.0,0.0,azimuth_elevation
G1334,-381.284,-150.741,0.0,12.305,9.752,-3.7198401655948037,-1.4706424250740298,140.0,0.0,azimuth_elevation
G1335,-366.466,-183.855,0.0,12.305,9.752,-3.5752781531994553,-1.793707369459884,140.0,0.0,azimuth_elevation
G1336,-348.779,-215.53,0.0,12.305,9.752,-3.4027222372323966,-2.1027318840603892,140.0,0.0,azimuth_elevation
G1337,-328.361,-245.518,0.0,12.305,9.752,-3.2035216211005326,-2.3952973141431553,140.0,0.0,azimuth_elevation
G1338,-305.372,-273.583,0.0,12.305,9.752,-2.9792415386425364,-2.6691046915448733,140.0,0.0,azimuth_elevation
G1339,-279.993,-299.506,0.0,12.305,9.752,-2.7316396412029946,-2.9220104158966262,140.0,0.0,azimuth_elevation
G1340,-252.421,-323.084,0.0,12.305,9.752,-2.462646595844843,-3.1520424717909186,140.0,0.0,azimuth_elevation
G1341,-222.873,-344.133,0.0,12.305,9.752,-2.1743714055038574,-3.3573961623447386,140.0,0.0,azimuth_elevation
G1342,-191.58,-362.487,0.0,12.305,9.752,-1.8690747186453258,-3.5364614653804582,140.0,0.0,azimuth_elevation
G1343,-158.787,-378.003,0.0,12.305,9.752,-1.5491434015592014,-3.687838760223335,140.0,0.0,azimuth_elevation
G1344,-124.751,-390.56,0.0,12.305,9.752,-1.2170831961623518,-3.8103423066201323,140.0,0.0,azimuth_elevation
G1345,-89.738,-400.059,0.0,12.305,9.752,-0.875492390944176,-3.9030133324649103,140.0,0.0,azimuth_elevation
G1346,-54.022,-406.425,0.0,12.305,9.752,-0.5270444399728947,-3.965125995260889,140.0,0.0,azimuth_elevation
G1347,-17.884,-409.61,0.0,12.305,9.752,-0.1744779504065049,-3.9961928688217667,140.0,0.0,azimuth_elevation
G1348,36.243,408.395,0.0,12.305,9.752,0.35359021122111334,3.984341095153452,140.0,0.0,azimuth_elevation
G1349,72.202,403.592,0.0,12.305,9.752,0.7044105286699747,3.9374872453252325,140.0,0.0,azimuth_elevation
G1350,107.596,395.63,0.0,12.305,9.752,1.049717085297743,3.8598049226397455,140.0,0.0,azimuth_elevation
G1351,142.148,384.57,0.0,12.305,9.752,1.3868091835377092,3.751900890009686,140.0,0.0,azimuth_elevation
G1352,175.586,370.499,0.0,12.305,9.752,1.7130343888922717,3.6146249020434302,140.0,0.0,azimuth_elevation
G1353,207.65,353.527,0.0,12.305,9.752,2.0258544887092684,3.449045315819511,140.0,0.0,azimuth_elevation
G1354,238.088,333.787,0.0,12.305,9.752,2.322812125111503,3.256461857819769,140.0,0.0,azimuth_elevation
G1355,266.662,311.434,0.0,12.305,9.752,2.601582355806681,3.038382669440333,140.0,0.0,azimuth_elevation
G1356,293.148,286.643,0.0,12.305,9.752,2.859980833580155,2.7965174112732005,140.0,0.0,azimuth_elevation
G1357,317.339,259.607,0.0,12.305,9.752,3.0959917599442246,2.5327524597475897,140.0,0.0,azimuth_elevation
G1358,339.046,230.539,0.0,12.305,9.752,3.307761715151415,2.2491581615748073,140.0,0.0,azimuth_elevation
G1359,358.097,199.665,0.0,12.305,9.752,3.4936336988922374,1.947953689892176,140.0,0.0,azimuth_elevation
G1360,374.345,167.229,0.0,12.305,9.752,3.6521494106389505,1.6315038100996169,140.0,0.0,azimuth_elevation
G1361,387.663,133.483,0.0,12.305,9.752,3.782074529292913,1.3022719588756366,140.0,0.0,azimuth_elevation
G1362,397.945,98.692,0.0,12.305,9.752,3.882386388205042,0.9628478242589603,140.0,0.0,azimuth_elevation
G1363,405.111,63.128,0.0,12.305,9.752,3.9523016548534926,0.6158828046327829,140.0,0.0,azimuth_elevation
G1364,409.105,27.07,0.0,12.305,9.752,3.9912720212949004,0.2640978076935089,140.0,0.0,azimuth_elevation
G1365,409.897,-9.2,0.0,12.305,9.752,3.998992854717986,-0.0897560466736899,140.0,0.0,azimuth_elevation
G1366,407.479,-45.397,0.0,12.305,9.752,3.9754046054935364,-0.44289753061038745,140.0,0.0,azimuth_elevation
G1367,401.871,-81.24,0.0,12.305,9.752,3.9206899046140613,-0.7925848042054449,140.0,0.0,azimuth_elevation
G1368,393.116,-116.446,0.0,12.305,9.752,3.8352796416196817,-1.1360590084047597,140.0,0.0,azimuth_elevation
G1369,381.284,-150.741,0.0,12.305,9.752,3.7198401655948037,-1.4706424250740298,140.0,0.0,azimuth_elevation
G1370,366.466,-183.855,0.0,12.305,9.752,3.5752781531994553,-1.793707369459884,140.0,0.0,azimuth_elevation
G1371,348.779,-215.53,0.0,12.305,9.752,3.4027222372323966,-2.1027318840603892,140.0,0.0,azimuth_elevation
G1372,328.361,-245.518,0.0,12.305,9.752,3.2035216211005326,-2.3952973141431553,140.0,0.0,azimuth_elevation
G1373,305.372,-273.583,0.0,12.305,9.752,2.9792415386425364,-2.6691046915448733,140.0,0.0,azimuth_elevation
G1374,279.993,-299.506,0.0,12.305,9.752,2.7316396412029946,-2.9220104158966262,140.0,0.0,azimuth_elevation
G1375,252.421,-323.084,0.0,12.305,9.752,2.462646595844843,-3.1520424717909186,140.0,0.0,azimuth_elevation
G1376,222.873,-344.133,0.0,12.305,9.752,2.1743714055038574,-3.3573961623447386,140.0,0.0,azimuth_elevation
G1377,191.58,-362.487,0.0,12.305,9.752,1.8690747186453258,-3.5364614653804582,140.0,0.0,azimuth_elevation
G1378,158.787,-378.003,0.0,12.305,9.752,1.5491434015592014,-3.687838760223335,140.0,0.0,azimuth_elevation
G1379,124.751,-390.56,0.0,12.305,9.752,1.2170831961623518,-3.8103423066201323,140.0,0.0,azimuth_elevation
G1380,89.738,-400.059,0.0,12.305,9.752,0.875492390944176,-3.9030133324649103,140.0,0.0,azimuth_elevation
G1381,54.022,-406.425,0.0,12.305,9.752,0.5270444399728947,-3.965125995260889,140.0,0.0,azimuth_elevation
G1382,17.884,-409.61,0.0,12.305,9.752,0.1744779504065049,-3.9961928688217667,140.0,0.0,azimuth_elevation
G1383,-18.939,427.581,0.0,12.305,9.752,-0.17699990468903998,3.99608196033816,140.0,0.0,azimuth_elevation
G1384,-56.67,424.232,0.0,12.305,9.752,-0.5296257652978544,3.9647820304189056,140.0,0.0,azimuth_elevation
G1385,-93.957,417.56,0.0,12.305,9.752,-0.8781021531360188,3.9024270151609355,140.0,0.0,azimuth_elevation
G1386,-130.508,407.617,0.0,12.305,9.752,-1.2197010785560303,3.809505122580787,140.0,0.0,azimuth_elevation
G1387,-166.036,394.482,0.0,12.305,9.752,-1.5517383108955582,3.6867476472494016,140.0,0.0,azimuth_elevation
G1388,-200.264,378.257,0.0,12.305,9.752,-1.871626026486314,3.535111881819167,140.0,0.0,azimuth_elevation
G1389,-232.924,359.069,0.0,12.305,9.752,-2.176859001818548,3.3557837961051,140.0,0.0,azimuth_elevation
G1390,-263.759,337.069,0.0,12.305,9.752,-2.465035224456052,3.1501748113701407,140.0,0.0,azimuth_elevation
G1391,-292.528,312.428,0.0,12.305,9.752,-2.733907392984585,2.9198887592824887,140.0,0.0,azimuth_elevation
G1392,-319.006,285.34,0.0,12.305,9.752,-2.981366572176957,2.6667308379935575,140.0,0.0,azimuth_elevation
G1393,-342.985,256.018,0.0,12.305,9.752,-3.2054679323654054,2.3926920684820803,140.0,0.0,azimuth_elevation
G1394,-364.278,224.69,0.0,12.305,9.752,-3.404466756480083,2.0999062131490502,140.0,0.0,azimuth_elevation
G1395,-382.717,191.602,0.0,12.305,9.752,-3.57679801949454,1.790674712989475,140.0,0.0,azimuth_elevation
G1396,-398.159,157.014,0.0,12.305,9.752,-3.7211122970393564,1.467420618916909,140.0,0.0,azimuth_elevation
G1397,-410.482,121.195,0.0,12.305,9.752,-3.8362835115148175,1.1326644778042356,140.0,0.0,azimuth_elevation
G1398,-419.59,84.428,0.0,12.305,9.752,-3.9214034181203843,0.7890470406469836,140.0,0.0,azimuth_elevation
G1399,-425.412,46.999,0.0,12.305,9.752,-3.97581009174016,0.4392426600605902,140.0,0.0,azimuth_elevation
G1400,-427.901,9.201,0.0,12.305,9.752,-3.999075593725334,0.08599067199624867,140.0,0.0,azimuth_elevation
G1401,-427.039,-28.668,0.0,12.305,9.752,-3.9910169296257023,-0.2679251153606805,140.0,0.0,azimuth_elevation
G1402,-422.832,-66.312,0.0,12.305,9.752,-3.9516989761608494,-0.6197380106216612,140.0,0.0,azimuth_elevation
G1403,-415.313,-103.438,0.0,12.305,9.752,-3.8814266454682778,-0.9667094681696642,140.0,0.0,azimuth_elevation
G1404,-404.541,-139.753,0.0,12.305,9.752,-3.7807536896505143,-1.306101656914202,140.0,0.0,azimuth_elevation
G1405,-390.6,-174.973,0.0,12.305,9.752,-3.6504681792104785,-1.6352620806989122,140.0,0.0,azimuth_elevation
G1406,-373.6,-208.823,0.0,12.305,9.752,-3.49158873425988,-1.9516167940426954,140.0,0.0,azimuth_elevation
G1407,-353.674,-241.037,0.0,12.305,9.752,-3.305363280239554,-2.2526814212497994,140.0,0.0,azimuth_elevation
G1408,-330.977,-271.363,0.0,12.305,9.752,-3.0932459263044407,-2.5361052106332225,140.0,0.0,azimuth_elevation
G1409,-305.688,-299.564,0.0,12.305,9.752,-2.856899196890325,-2.7996655119509217,140.0,0.0,azimuth_elevation
G1410,-278.005,-325.419,0.0,12.305,9.752,-2.598175402967242,-3.0412965286890414,140.0,0.0,azimuth_elevation
G1411,-248.144,-348.724,0.0,12.305,9.752,-2.3191036082034744,-3.2591039342766632,140.0,0.0,azimuth_elevation
G1412,-216.34,-369.298,0.0,12.305,9.752,-2.021869112499487,-3.451383098399906,140.0,0.0,azimuth_elevation
G1413,-182.841,-386.98,0.0,12.305,9.752,-1.708792752233668,-3.616632042372252,140.0,0.0,azimuth_elevation
G1414,-147.91,-401.63,0.0,12.305,9.752,-1.3823363542710942,-3.753551145736594,140.0,0.0,azimuth_elevation
G1415,-111.82,-413.135,0.0,12.305,9.752,-1.0450460426016426,-3.861072230461721,140.0,0.0,azimuth_elevation
G1416,-74.854,-421.403,0.0,12.305,9.752,-0.699570838679018,-3.93834998973808,140.0,0.0,azimuth_elevation
G1417,-37.303,-426.371,0.0,12.305,9.752,-0.34862641235079866,-3.9847784912854833,140.0,0.0,azimuth_elevation
G1418,18.939,427.581,0.0,12.305,9.752,0.17699990468903998,3.99608196033816,140.0,0.0,azimuth_elevation
G1419,56.67,424.232,0.0,12.305,9.752,0.5296257652978544,3.9647820304189056,140.0,0.0,azimuth_elevation
G1420,93.957,417.56,0.0,12.305,9.752,0.8781021531360188,3.9024270151609355,140.0,0.0,azimuth_elevation
G1421,130.508,407.617,0.0,12.305,9.752,1.2197010785560303,3.809505122580787,140.0,0.0,azimuth_elevation
G1422,166.036,394.482,0.0,12.305,9.752,1.5517383108955582,3.6867476472494016,140.0,0.0,azimuth_elevation
G1423,200.264,378.257,0.0,12.305,9.752,1.871626026486314,3.535111881819167,140.0,0.0,azimuth_elevation
G1424,232.924,359.069,0.0,12.305,9.752,2.176859001818548,3.3557837961051,140.0,0.0,azimuth_elevation
G1425,263.759,337.069,0.0,12.305,9.752,2.465035224456052,3.1501748113701407,140.0,0.0,azimuth_elevation
G1426,292.528,312.428,0.0,12.305,9.752,2.733907392984585,2.9198887592824887,140.0,0.0,azimuth_elevation
G1427,319.006,285.34,0.0,12.305,9.752,2.981366572176957,2.6667308379935575,140.0,0.0,azimuth_elevation
G1428,342.985,256.018,0.0,12.305,9.752,3.2054679323654054,2.3926920684820803,140.0,0.0,azimuth_elevation
G1429,364.278,224.69,0.0,12.305,9.752,3.404466756480083,2.0999062131490502,140.0,0.0,azimuth_elevation
G1430,382.717,191.602,0.0,12.305,9.752,3.57679801949454,1.790674712989475,140.0,0.0,azimuth_elevation
G1431,398.159,157.014,0.0,12.305,9.752,3.7211122970393564,1.467420618916909,140.0,0.0,azimuth_elevation
G1432,410.482,121.195,0.0,12.305,9.752,3.8362835115148175,1.1326644778042356,140.0,0.0,azimuth_elevation
G1433,419.59,84.428,0.0,12.305,9.752,3.9214034181203843,0.7890470406469836,140.0,0.0,azimuth_elevation
G1434,425.412,46.999,0.0,12.305,9.752,3.97581009174016,0.4392426600605902,140.0,0.0,azimuth_elevation
G1435,427.901,9.201,0.0,12.305,9.752,3.999075593725334,0.08599067199624867,140.0,0.0,azimuth_elevation
G1436,427.039,-28.668,0.0,12.305,9.752,3.9910169296257023,-0.2679251153606805,140.0,0.0,azimuth_elevation
G1437,422.832,-66.312,0.0,12.305,9.752,3.9516989761608494,-0.6197380106216612,140.0,0.0,azimuth_elevation
G1438,415.313,-103.438,0.0,12.305,9.752,3.8814266454682778,-0.9667094681696642,140.0,0.0,azimuth_elevation
G1439,404.541,-139.753,0.0,12.305,9.752,3.7807536896505143,-1.306101656914202,140.0,0.0,azimuth_elevation
G1440,390.6,-174.973,0.0,12.305,9.752,3.6504681792104785,-1.6352620806989122,140.0,0.0,azimuth_elevation
G1441,373.6,-208.823,0.0,12.305,9.752,3.49158873425988,-1.9516167940426954,140.0,0.0,azimuth_elevation
G1442,353.674,-241.037,0.0,12.305,9.752,3.305363280239554,-2.2526814212497994,140.0,0.0,azimuth_elevation
G1443,330.977,-271.363,0.0,12.305,9.752,3.0932459263044407,-2.5361052106332225,140.0,0.0,azimuth_elevation
G1444,305.688,-299.564,0.0,12.305,9.752,2.856899196890325,-2.7996655119509217,140.0,0.0,azimuth_elevation
G1445,278.005,-325.419,0.0,12.305,9.752,2.598175402967242,-3.0412965286890414,140.0,0.0,azimuth_elevation
G1446,248.144,-348.724,0.0,12.305,9.752,2.3191036082034744,-3.2591039342766632,140.0,0.0,azimuth_elevation
G1447,216.34,-369.298,0.0,12.305,9.752,2.021869112499487,-3.451383098399906,140.0,0.0,azimuth_elevation
G1448,182.841,-386.98,0.0,12.305,9.752,1.708792752233668,-3.616632042372252,140.0,0.0,azimuth_elevation
G1449,147.91,-401.63,0.0,12.305,9.752,1.3823363542710942,-3.753551145736594,140.0,0.0,azimuth_elevation
G1450,111.82,-413.135,0.0,12.305,9.752,1.0450460426016426,-3.861072230461721,140.0,0.0,azimuth_elevation
G1451,74.854,-421.403,0.0,12.305,9.752,0.699570838679018,-3.93834998973808,140.0,0.0,azimuth_elevation
G1452,37.303,-426.371,0.0,12.305,9.752,0.34862641235079866,-3.9847784912854833,140.0,0.0,azimuth_elevation
G1453,0.0,448.0,0.0,12.305,9.752,0.0,4.0,140.0,0.0,azimuth_elevation
G1454,-39.602,446.246,0.0,12.305,9.752,-0.35358945226978383,3.9843411625064884,140.0,0.0,azimuth_elevation
G1455,-78.894,440.999,0.0,12.305,9.752,-0.7044100452730268,3.9374873318041868,140.0,0.0,azimuth_elevation
G1456,-117.569,432.298,0.0,12.305,9.752,-1.0497231343551041,3.8598032775259017,140.0,0.0,azimuth_elevation
G1457,-155.322,420.213,0.0,12.305,9.752,-1.3868039547337363,3.7519028227200755,140.0,0.0,azimuth_elevation
G1458,-191.86,404.838,0.0,12.305,9.752,-1.7130354332920723,3.6146244070837903,140.0,0.0,azimuth_elevation
G1459,-226.896,386.293,0.0,12.305,9.752,-2.0258567559383636,3.4490439841235556,140.0,0.0,azimuth_elevation
G1460,-260.155,364.724,0.0,12.305,9.752,-2.3228112257722455,3.256462499312166,140.0,0.0,azimuth_elevation
G1461,-291.377,340.299,0.0,12.305,9.752,-2.6015805805476884,3.0383841894857784,140.0,0.0,azimuth_elevation
G1462,-320.318,313.21,0.0,12.305,9.752,-2.859981250652114,2.796516984736258,140.0,0.0,azimuth_elevation
G1463,-346.751,283.668,0.0,12.305,9.752,-3.095992689388443,2.532751323611009,140.0,0.0,azimuth_elevation
G1464,-370.469,251.906,0.0,12.305,9.752,-3.3077596471584916,2.249161202899857,140.0,0.0,azimuth_elevation
G1465,-391.287,218.171,0.0,12.305,9.752,-3.4936330442143437,1.9479548640493747,140.0,0.0,azimuth_elevation
G1466,-409.041,182.728,0.0,12.305,9.752,-3.652151224664461,1.6314997493661705,140.0,0.0,azimuth_elevation
G1467,-423.592,145.855,0.0,12.305,9.752,-3.782072714780513,1.3022772285933437,140.0,0.0,azimuth_elevation
G1468,-434.827,107.839,0.0,12.305,9.752,-3.882386154564507,0.9628487663417448,140.0,0.0,azimuth_elevation
G1469,-442.658,68.979,0.0,12.305,9.752,-3.952301529299648,0.615883610348306,140.0,0.0,azimuth_elevation
G1470,-447.022,29.579,0.0,12.305,9.752,-3.9912719763558555,0.264098486849931,140.0,0.0,azimuth_elevation
G1471,-447.887,-10.052,0.0,12.305,9.752,-3.998992989462861,-0.08975004304675213,140.0,0.0,azimuth_elevation
G1472,-445.245,-49.605,0.0,12.305,9.752,-3.975404102673741,-0.4429020438480632,140.0,0.0,azimuth_elevation
G1473,-439.117,-88.769,0.0,12.305,9.752,-3.9206906739002467,-0.7925809987576227,140.0,0.0,azimuth_elevation
G1474,-429.551,-127.239,0.0,12.305,9.752,-3.835278460419535,-1.136062996071063,140.0,0.0,azimuth_elevation
G1475,-416.622,-164.712,0.0,12.305,9.752,-3.719839898928935,-1.4706430995779933,140.0,0.0,azimuth_elevation
G1476,-400.431,-200.896,0.0,12.305,9.752,-3.5752751060903236,-1.79371344304792,140.0,0.0,azimuth_elevation
G1477,-381.105,-235.506,0.0,12.305,9.752,-3.402722391502915,-2.102731634413837,140.0,0.0,azimuth_elevation
G1478,-358.795,-268.273,0.0,12.305,9.752,-3.203524754190794,-2.3952931238758257,140.0,0.0,azimuth_elevation
G1479,-333.675,-298.939,0.0,12.305,9.752,-2.979244549774021,-2.669101330530894,140.0,0.0,azimuth_elevation
G1480,-305.943,-327.265,0.0,12.305,9.752,-2.7316373347226786,-2.9220125721066257,140.0,0.0,azimuth_elevation
G1481,-275.816,-353.029,0.0,12.305,9.752,-2.4626432209675486,-3.1520451085323287,140.0,0.0,azimuth_elevation
G1482,-243.53,-376.028,0.0,12.305,9.752,-2.1743754458952176,-3.357393545637445,140.0,0.0,azimuth_elevation
G1483,-209.336,-396.084,0.0,12.305,9.752,-1.8690709817914006,-3.536463440363173,140.0,0.0,azimuth_elevation
G1484,-173.504,-413.038,0.0,12.305,9.752,-1.5491427511672449,-3.687839033432178,140.0,0.0,azimuth_elevation
G1485,-136.313,-426.758,0.0,12.305,9.752,-1.2170814955709692,-3.81034284981532,140.0,0.0,azimuth_elevation
G1486,-98.055,-437.137,0.0,12.305,9.752,-0.8754920751627693,-3.903013403298429,140.0,0.0,azimuth_elevation
G1487,-59.029,-444.094,0.0,12.305,9.752,-0.5270447693283129,-3.965125951482962,140.0,0.0,azimuth_elevation
G1488,-19.541,-447.574,0.0,12.305,9.752,-0.17447306817423014,-3.9961930819821343,140.0,0.0,azimuth_elevation
G1489,39.602,446.246,0.0,12.305,9.752,0.35358945226978383,3.9843411625064884,140.0,0.0,azimuth_elevation
G1490,78.894,440.999,0.0,12.305,9.752,0.7044100452730268,3.9374873318041868,140.0,0.0,azimuth_elevation
G1491,117.569,432.298,0.0,12.305,9.752,1.0497231343551041,3.8598032775259017,140.0,0.0,azimuth_elevation
G1492,155.322,420.213,0.0,12.305,9.752,1.3868039547337363,3.7519028227200755,140.0,0.0,azimuth_elevation
G1493,191.86,404.838,0.0,12.305,9.752,1.7130354332920723,3.6146244070837903,140.0,0.0,azimuth_elevation
G1494,226.896,386.293,0.0,12.305,9.752,2.0258567559383636,3.4490439841235556,140.0,0.0,azimuth_elevation
G1495,260.155,364.724,0.0,12.305,9.752,2.3228112257722455,3.256462499312166,140.0,0.0,azimuth_elevation
G1496,291.377,340.299,0.0,12.305,9.752,2.6015805805476884,3.0383841894857784,140.0,0.0,azimuth_elevation
G1497,320.318,313.21,0.0,12.305,9.752,2.859981250652114,2.796516984736258,140.0,0.0,azimuth_elevation
G1498,346.751,283.668,0.0,12.305,9.752,3.095992689388443,2.532751323611009,140.0,0.0,azimuth_elevation
G1499,370.469,251.906,0.0,12.305,9.752,3.3077596471584916,2.249161202899857,140.0,0.0,azimuth_elevation
G1500,391.287,218.171,0.0,12.305,9.752,3.4936330442143437,1.9479548640493747,140.0,0.0,azimuth_elevation
G1501,409.041,182.728,0.0,12.305,9.752,3.652151224664461,1.6314997493661705,140.0,0.0,azimuth_elevation
G1502,423.592,145.855,0.0,12.305,9.752,3.782072714780513,1.3022772285933437,140.0,0.0,azimuth_elevation
G1503,434.827,107.839,0.0,12.305,9.752,3.882386154564507,0.9628487663417448,140.0,0.0,azimuth_elevation
G1504,442.658,68.979,0.0,12.305,9.752,3.952301529299648,0.615883610348306,140.0,0.0,azimuth_elevation
G1505,447.022,29.579,0.0,12.305,9.752,3.9912719763558555,0.264098486849931,140.0,0.0,azimuth_elevation
G1506,447.887,-10.052,0.0,12.305,9.752,3.998992989462861,-0.08975004304675213,140.0,0.0,azimuth_elevation
G1507,445.245,-49.605,0.0,12.305,9.752,3.975404102673741,-0.4429020438480632,140.0,0.0,azimuth_elevation
G1508,439.117,-88.769,0.0,12.305,9.752,3.9206906739002467,-0.7925809987576227,140.0,0.0,azimuth_elevation
G1509,429.551,-127.239,0.0,12.305,9.752,3.835278460419535,-1.136062996071063,140.0,0.0,azimuth_elevation
G1510,416.622,-164.712,0.0,12.305,9.752,3.719839898928935,-1.4706430995779933,140.0,0.0,azimuth_elevation
G1511,400.431,-200.896,0.0,12.305,9.752,3.5752751060903236,-1.79371344304792,140.0,0.0,azimuth_elevation
G1512,381.105,-235.506,0.0,12.305,9.752,3.402722391502915,-2.102731634413837,140.0,0.0,azimuth_elevation
G1513,358.795,-268.273,0.0,12.305,9.752,3.203524754190794,-2.3952931238758257,140.0,0.0,azimuth_elevation
G1514,333.675,-298.939,0.0,12.305,9.752,2.979244549774021,-2.669101330530894,140.0,0.0,azimuth_elevation
G1515,305.943,-327.265,0.0,12.305,9.752,2.7316373347226786,-2.9220125721066257,140.0,0.0,azimuth_elevation
G1516,275.816,-353.029,0.0,12.305,9.752,2.4626432209675486,-3.1520451085323287,140.0,0.0,azimuth_elevation
G1517,243.53,-376.028,0.0,12.305,9.752,2.1743754458952176,-3.357393545637445,140.0,0.0,azimuth_elevation
G1518,209.336,-396.084,0.0,12.305,9.752,1.8690709817914006,-3.536463440363173,140.0,0.0,azimuth_elevation
G1519,173.504,-413.038,0.0,12.305,9.752,1.5491427511672449,-3.687839033432178,140.0,0.0,azimuth_elevation
G1520,136.313,-426.758,0.0,12.305,9.752,1.2170814955709692,-3.81034284981532,140.0,0.0,azimuth_elevation
G1521,98.055,-437.137,0.0,12.305,9.752,0.8754920751627693,-3.903013403298429,140.0,0.0,azimuth_elevation
G1522,59.029,-444.094,0.0,12.305,9.752,0.5270447693283129,-3.965125951482962,140.0,0.0,azimuth_elevation
G1523,19.541,-447.574,0.0,12.305,9.752,0.17447306817423014,-3.9961930819821343,140.0,0.0,azimuth_elevation
G1524,-20.71,467.542,0.0,12.305,9.752,-0.1770083749236204,3.9960815851539992,140.0,0.0,azimuth_elevation
G1525,-61.966,463.879,0.0,12.305,9.752,-0.5296245218889815,3.964782196516458,140.0,0.0,azimuth_elevation
G1526,-102.738,456.584,0.0,12.305,9.752,-0.8781024724932407,3.902426943300958,140.0,0.0,azimuth_elevation
G1527,-142.705,445.712,0.0,12.305,9.752,-1.2197011220896599,3.8095051086424894,140.0,0.0,azimuth_elevation
G1528,-181.554,431.349,0.0,12.305,9.752,-1.5517442460915012,3.6867451491419794,140.0,0.0,azimuth_elevation
G1529,-218.981,413.608,0.0,12.305,9.752,-1.8716313847243105,3.535109044953912,140.0,0.0,azimuth_elevation
G1530,-254.692,392.627,0.0,12.305,9.752,-2.176854820156136,3.355786508698519,140.0,0.0,azimuth_elevation
G1531,-288.409,368.57,0.0,12.305,9.752,-2.4650364604541446,3.150173844192047,140.0,0.0,azimuth_elevation
G1532,-319.867,341.627,0.0,12.305,9.752,-2.7339065769475583,2.9198895233420874,140.0,0.0,azimuth_elevation
G1533,-348.82,312.008,0.0,12.305,9.752,-2.9813649046977186,2.666732702210096,140.0,0.0,azimuth_elevation
G1534,-375.04,279.945,0.0,12.305,9.752,-3.2054685881025446,2.392691189996712,140.0,0.0,azimuth_elevation
G1535,-398.323,245.689,0.0,12.305,9.752,-3.4044677768262606,2.099904558914919,140.0,0.0,azimuth_elevation
G1536,-418.485,209.509,0.0,12.305,9.752,-3.5767971882447362,1.7906763733753093,140.0,0.0,azimuth_elevation
G1537,-435.37,171.688,0.0,12.305,9.752,-3.7211127570222504,1.4674194524832582,140.0,0.0,azimuth_elevation
G1538,-448.845,132.522,0.0,12.305,9.752,-3.8362827999846707,1.1326668877219719,140.0,0.0,azimuth_elevation
G1539,-458.804,92.318,0.0,12.305,9.752,-3.921404184271456,0.7890432330223196,140.0,0.0,azimuth_elevation
G1540,-465.17,51.391,0.0,12.305,9.752,-3.975810479303423,0.4392391520129892,140.0,0.0,azimuth_elevation
G1541,-467.892,10.061,0.0,12.305,9.752,-3.999075577553933,0.08599142405890702,140.0,0.0,azimuth_elevation
G1542,-466.949,-31.347,0.0,12.305,9.752,-3.991017066593247,-0.2679230750820722,140.0,0.0,azimuth_elevation
G1543,-462.349,-72.51,0.0,12.305,9.752,-3.9516981672911746,-0.6197431682782554,140.0,0.0,azimuth_elevation
G1544,-454.127,-113.105,0.0,12.305,9.752,-3.881426702229287,-0.9667092402690074,140.0,0.0,azimuth_elevation
G1545,-442.348,-152.814,0.0,12.305,9.752,-3.7807532440981633,-1.3061029466474736,140.0,0.0,azimuth_elevation
G1546,-427.105,-191.326,0.0,12.305,9.752,-3.6504674245802415,-1.6352637652924673,140.0,0.0,azimuth_elevation
G1547,-408.516,-228.339,0.0,12.305,9.752,-3.4915895747922816,-1.9516152902664639,140.0,0.0,azimuth_elevation
G1548,-386.727,-263.564,0.0,12.305,9.752,-3.305360825875565,-2.2526850225380377,140.0,0.0,azimuth_elevation
G1549,-361.91,-296.724,0.0,12.305,9.752,-3.093248002527634,-2.536102678295735,140.0,0.0,azimuth_elevation
G1550,-334.257,-327.561,0.0,12.305,9.752,-2.8568977569697487,-2.7996669813071016,140.0,0.0,azimuth_elevation
G1551,-303.987,-355.832,0.0,12.305,9.752,-2.5981764717702984,-3.041295615611749,140.0,0.0,azimuth_elevation
G1552,-271.335,-381.315,0.0,12.305,9.752,-2.3191035623198157,-3.2591039669264217,140.0,0.0,azimuth_elevation
G1553,-236.558,-403.812,0.0,12.305,9.752,-2.0218640846388056,-3.451386043787001,140.0,0.0,azimuth_elevation
G1554,-199.929,-423.146,0.0,12.305,9.752,-1.7087943164703572,-3.6166313032985,140.0,0.0,azimuth_elevation
G1555,-161.733,-439.166,0.0,12.305,9.752,-1.3823322640528097,-3.7535526520562668,140.0,0.0,azimuth_elevation
G1556,-122.27,-451.745,0.0,12.305,9.752,-1.0450439328355186,-3.8610728014948994,140.0,0.0,azimuth_elevation
G1557,-81.85,-460.787,0.0,12.305,9.752,-0.6995725188260256,-3.93834969129246,140.0,0.0,azimuth_elevation
G1558,-40.789,-466.219,0.0,12.305,9.752,-0.3486240124178551,-3.984778701253769,140.0,0.0,azimuth_elevation
G1559,20.71,467.542,0.0,12.305,9.752,0.1770083749236204,3.9960815851539992,140.0,0.0,azimuth_elevation
G1560,61.966,463.879,0.0,12.305,9.752,0.5296245218889815,3.964782196516458,140.0,0.0,azimuth_elevation
G1561,102.738,456.584,0.0,12.305,9.752,0.8781024724932407,3.902426943300958,140.0,0.0,azimuth_elevation
G1562,142.705,445.712,0.0,12.305,9.752,1.2197011220896599,3.8095051086424894,140.0,0.0,azimuth_elevation
G1563,181.554,431.349,0.0,12.305,9.752,1.5517442460915012,3.6867451491419794,140.0,0.0,azimuth_elevation
G1564,218.981,413.608,0.0,12.305,9.752,1.8716313847243105,3.535109044953912,140.0,0.0,azimuth_elevation
G1565,254.692,392.627,0.0,12.305,9.752,2.176854820156136,3.355786508698519,140.0,0.0,azimuth_elevation
G1566,288.409,368.57,0.0,12.305,9.752,2.4650364604541446,3.150173844192047,140.0,0.0,azimuth_elevation
G1567,319.867,341.627,0.0,12.305,9.752,2.7339065769475583,2.9198895233420874,140.0,0.0,azimuth_elevation
G1568,348.82,312.008,0.0,12.305,9.752,2.9813649046977186,2.666732702210096,140.0,0.0,azimuth_elevation
G1569,375.04,279.945,0.0,12.305,9.752,3.2054685881025446,2.392691189996712,140.0,0.0,azimuth_elevation
G1570,398.323,245.689,0.0,12.305,9.752,3.4044677768262606,2.099904558914919,140.0,0.0,azimuth_elevation
G1571,418.485,209.509,0.0,12.305,9.752,3.5767971882447362,1.7906763733753093,140.0,0.0,azimuth_elevation
G1572,435.37,171.688,0.0,12.305,9.752,3.7211127570222504,1.4674194524832582,140.0,0.0,azimuth_elevation
G1573,448.845,132.522,0.0,12.305,9.752,3.8362827999846707,1.1326668877219719,140.0,0.0,azimuth_elevation
G1574,458.804,92.318,0.0,12.305,9.752,3.921404184271456,0.7890432330223196,140.0,0.0,azimuth_elevation
G1575,465.17,51.391,0.0,12.305,9.752,3.975810479303423,0.4392391520129892,140.0,0.0,azimuth_elevation
G1576,467.892,10.061,0.0,12.305,9.752,3.999075577553933,0.08599142405890702,140.0,0.0,azimuth_elevation
G1577,466.949,-31.347,0.0,12.305,9.752,3.991017066593247,-0.2679230750820722,140.0,0.0,azimuth_elevation
G1578,462.349,-72.51,0.0,12.305,9.752,3.9516981672911746,-0.6197431682782554,140.0,0.0,azimuth_elevation
G1579,454.127,-113.105,0.0,12.305,9.752,3.881426702229287,-0.9667092402690074,140.0,0.0,azimuth_elevation
G1580,442.348,-152.814,0.0,12.305,9.752,3.7807532440981633,-1.3061029466474736,140.0,0.0,azimuth_elevation
G1581,427.105,-191.326,0.0,12.305,9.752,3.6504674245802415,-1.6352637652924673,140.0,0.0,azimuth_elevation
G1582,408.516,-228.339,0.0,12.305,9.752,3.4915895747922816,-1.9516152902664639,140.0,0.0,azimuth_elevation
G1583,386.727,-263.564,0.0,12.305,9.752,3.305360825875565,-2.2526850225380377,140.0,0.0,azimuth_elevation
G1584,361.91,-296.724,0.0,12.305,9.752,3.093248002527634,-2.536102678295735,140.0,0.0,azimuth_elevation
G1585,334.257,-327.561,0.0,12.305,9.752,2.8568977569697487,-2.7996669813071016,140.0,0.0,azimuth_elevation
G1586,303.987,-355.832,0.0,12.305,9.752,2.5981764717702984,-3.041295615611749,140.0,0.0,azimuth_elevation
G1587,271.335,-381.315,0.0,12.305,9.752,2.3191035623198157,-3.2591039669264217,140.0,0.0,azimuth_elevation
G1588,236.558,-403.812,0.0,12.305,9.752,2.0218640846388056,-3.451386043787001,140.0,0.0,azimuth_elevation
G1589,199.929,-423.146,0.0,12.305,9.752,1.7087943164703572,-3.6166313032985,140.0,0.0,azimuth_elevation
G1590,161.733,-439.166,0.0,12.305,9.752,1.3823322640528097,-3.7535526520562668,140.0,0.0,azimuth_elevation
G1591,122.27,-451.745,0.0,12.305,9.752,1.0450439328355186,-3.8610728014948994,140.0,0.0,azimuth_elevation
G1592,81.85,-460.787,0.0,12.305,9.752,0.6995725188260256,-3.93834969129246,140.0,0.0,azimuth_elevation
G1593,40.789,-466.219,0.0,12.305,9.752,0.3486240124178551,-3.984778701253769,140.0,0.0,azimuth_elevation
G1594,0.0,488.0,0.0,12.305,9.752,0.0,4.0,140.0,0.0,azimuth_elevation
G1595,-43.138,486.09,0.0,12.305,9.752,-0.3535898854326127,3.9843411240655273,140.0,0.0,azimuth_elevation
G1596,-85.938,480.373,0.0,12.305,9.752,-0.7044104883267861,3.9374872525425677,140.0,0.0,azimuth_elevation
G1597,-128.066,470.896,0.0,12.305,9.752,-1.0497214367222634,3.8598037392185818,140.0,0.0,azimuth_elevation
G1598,-169.19,457.732,0.0,12.305,9.752,-1.3868037447805392,3.7519029003244038,140.0,0.0,azimuth_elevation
G1599,-208.991,440.984,0.0,12.305,9.752,-1.713040529216834,3.6146219920291123,140.0,0.0,azimuth_elevation
G1600,-247.154,420.783,0.0,12.305,9.752,-2.0258548715387286,3.4490450909581916,140.0,0.0,azimuth_elevation
G1601,-283.383,397.288,0.0,12.305,9.752,-2.3228130378109353,3.2564612067972702,140.0,0.0,azimuth_elevation
G1602,-317.393,370.683,0.0,12.305,9.752,-2.6015808587251747,3.038383951299569,140.0,0.0,azimuth_elevation
G1603,-348.918,341.175,0.0,12.305,9.752,-2.8599826977470513,2.7965155048001256,140.0,0.0,azimuth_elevation
G1604,-377.711,308.996,0.0,12.305,9.752,-3.0959909742564413,2.532753420158119,140.0,0.0,azimuth_elevation
G1605,-403.547,274.397,0.0,12.305,9.752,-3.3077630255584203,2.249156234401826,140.0,0.0,azimuth_elevation
G1606,-426.223,237.651,0.0,12.305,9.752,-3.4936308282431154,1.9479588383611506,140.0,0.0,azimuth_elevation
G1607,-445.562,199.043,0.0,12.305,9.752,-3.6521505185018084,1.631501330127245,140.0,0.0,azimuth_elevation
G1608,-461.413,158.877,0.0,12.305,9.752,-3.782074900473879,1.3022708808867294,140.0,0.0,azimuth_elevation
G1609,-473.651,117.467,0.0,12.305,9.752,-3.8823871542131654,0.9628447355625933,140.0,0.0,azimuth_elevation
G1610,-482.181,75.138,0.0,12.305,9.752,-3.9523013219476817,0.6158849409837902,140.0,0.0,azimuth_elevation
G1611,-486.935,32.22,0.0,12.305,9.752,-3.991271978198063,0.26409845900898804,140.0,0.0,azimuth_elevation
G1612,-487.877,-10.95,0.0,12.305,9.752,-3.9989928978953375,-0.08975412292843062,140.0,0.0,azimuth_elevation
G1613,-484.999,-54.034,0.0,12.305,9.752,-3.9754041169864704,-0.4429019153797161,140.0,0.0,azimuth_elevation
G1614,-478.324,-96.695,0.0,12.305,9.752,-3.9206904014245683,-0.7925823466222657,140.0,0.0,azimuth_elevation
G1615,-467.904,-138.599,0.0,12.305,9.752,-3.835280008987902,-1.1360577681868806,140.0,0.0,azimuth_elevation
G1616,-453.82,-179.418,0.0,12.305,9.752,-3.719840664736977,-1.4706411625441342,140.0,0.0,azimuth_elevation
G1617,-436.184,-218.833,0.0,12.305,9.752,-3.5752759580584503,-1.793711744882446,140.0,0.0,azimuth_elevation
G1618,-415.132,-256.534,0.0,12.305,9.752,-3.402719378385456,-2.1027365103502853,140.0,0.0,azimuth_elevation
G1619,-390.83,-292.226,0.0,12.305,9.752,-3.20352375629869,-2.3952944584810303,140.0,0.0,azimuth_elevation
G1620,-363.468,-325.631,0.0,12.305,9.752,-2.979242553990379,-2.669103558218168,140.0,0.0,azimuth_elevation
G1621,-333.26,-356.485,0.0,12.305,9.752,-2.7316405898199836,-2.9220095290823287,140.0,0.0,azimuth_elevation
G1622,-300.443,-384.549,0.0,12.305,9.752,-2.4626479047284264,-3.152041449178086,140.0,0.0,azimuth_elevation
G1623,-265.273,-409.602,0.0,12.305,9.752,-2.1743708477773525,-3.3573965235485668,140.0,0.0,azimuth_elevation
G1624,-228.027,-431.448,0.0,12.305,9.752,-1.8690749892359275,-3.536461322369116,140.0,0.0,azimuth_elevation
G1625,-188.995,-449.916,0.0,12.305,9.752,-1.5491409149715316,-3.687839804758494,140.0,0.0,azimuth_elevation
G1626,-148.484,-464.862,0.0,12.305,9.752,-1.2170815141500264,-3.8103428438808864,140.0,0.0,azimuth_elevation
G1627,-106.81,-476.168,0.0,12.305,9.752,-0.8754911777106433,-3.9030136046074486,140.0,0.0,azimuth_elevation
G1628,-64.3,-483.745,0.0,12.305,9.752,-0.5270494956748333,-3.9651253232538446,140.0,0.0,azimuth_elevation
G1629,-21.286,-487.536,0.0,12.305,9.752,-0.17447524678870713,-3.996192986863625,140.0,0.0,azimuth_elevation
G1630,43.138,486.09,0.0,12.305,9.752,0.3535898854326127,3.9843411240655273,140.0,0.0,azimuth_elevation
G1631,85.938,480.373,0.0,12.305,9.752,0.7044104883267861,3.9374872525425677,140.0,0.0,azimuth_elevation
G1632,128.066,470.896,0.0,12.305,9.752,1.0497214367222634,3.8598037392185818,140.0,0.0,azimuth_elevation
G1633,169.19,457.732,0.0,12.305,9.752,1.3868037447805392,3.7519029003244038,140.0,0.0,azimuth_elevation
G1634,208.991,440.984,0.0,12.305,9.752,1.713040529216834,3.6146219920291123,140.0,0.0,azimuth_elevation
G1635,247.154,420.783,0.0,12.305,9.752,2.0258548715387286,3.4490450909581916,140.0,0.0,azimuth_elevation
G1636,283.383,397.288,0.0,12.305,9.752,2.3228130378109353,3.2564612067972702,140.0,0.0,azimuth_elevation
G1637,317.393,370.683,0.0,12.305,9.752,2.6015808587251747,3.038383951299569,140.0,0.0,azimuth_elevation
G1638,348.918,341.175,0.0,12.305,9.752,2.8599826977470513,2.7965155048001256,140.0,0.0,azimuth_elevation
G1639,377.711,308.996,0.0,12.305,9.752,3.0959909742564413,2.532753420158119,140.0,0.0,azimuth_elevation
G1640,403.547,274.397,0.0,12.305,9.752,3.3077630255584203,2.249156234401826,140.0,0.0,azimuth_elevation
G1641,426.223,237.651,0.0,12.305,9.752,3.4936308282431154,1.9479588383611506,140.0,0.0,azimuth_elevation
G1642,445.562,199.043,0.0,12.305,9.752,3.6521505185018084,1.631501330127245,140.0,0.0,azimuth_elevation
G1643,461.413,158.877,0.0,12.305,9.752,3.782074900473879,1.3022708808867294,140.0,0.0,azimuth_elevation
G1644,473.651,117.467,0.0,12.305,9.752,3.8823871542131654,0.9628447355625933,140.0,0.0,azimuth_elevation
G1645,482.181,75.138,0.0,12.305,9.752,3.9523013219476817,0.6158849409837902,140.0,0.0,azimuth_elevation
G1646,486.935,32.22,0.0,12.305,9.752,3.991271978198063,0.26409845900898804,140.0,0.0,azimuth_elevation
G1647,487.877,-10.95,0.0,12.305,9.752,3.9989928978953375,-0.08975412292843062,140.0,0.0,azimuth_elevation
G1648,484.999,-54.034,0.0,12.305,9.752,3.9754041169864704,-0.4429019153797161,140.0,0.0,azimuth_elevation
G1649,478.324,-96.695,0.0,12.305,9.752,3.9206904014245683,-0.7925823466222657,140.0,0.0,azimuth_elevation
G1650,467.904,-138.599,0.0,12.305,9.752,3.835280008987902,-1.1360577681868806,140.0,0.0,azimuth_elevation
G1651,453.82,-179.418,0.0,12.305,9.752,3.719840664736977,-1.4706411625441342,140.0,0.0,azimuth_elevation
G1652,436.184,-218.833,0.0,12.305,9.752,3.5752759580584503,-1.793711744882446,140.0,0.0,azimuth_elevation
G1653,415.132,-256.534,0.0,12.305,9.752,3.402719378385456,-2.1027365103502853,140.0,0.0,azimuth_elevation
G1654,390.83,-292.226,0.0,12.305,9.752,3.20352375629869,-2.3952944584810303,140.0,0.0,azimuth_elevation
G1655,363.468,-325.631,0.0,12.305,9.752,2.979242553990379,-2.669103558218168,140.0,0.0,azimuth_elevation
G1656,333.26,-356.485,0.0,12.305,9.752,2.7316405898199836,-2.9220095290823287,140.0,0.0,azimuth_elevation
G1657,300.443,-384.549,0.0,12.305,9.752,2.4626479047284264,-3.152041449178086,140.0,0.0,azimuth_elevation
G1658,265.273,-409.602,0.0,12.305,9.752,2.1743708477773525,-3.3573965235485668,140.0,0.0,azimuth_elevation
G1659,228.027,-431.448,0.0,12.305,9.752,1.8690749892359275,-3.536461322369116,140.0,0.0,azimuth_elevation
G1660,188.995,-449.916,0.0,12.305,9.752,1.5491409149715316,-3.687839804758494,140.0,0.0,azimuth_elevation
G1661,148.484,-464.862,0.0,12.305,9.752,1.2170815141500264,-3.8103428438808864,140.0,0.0,azimuth_elevation
G1662,106.81,-476.168,0.0,12.305,9.752,0.8754911777106433,-3.9030136046074486,140.0,0.0,azimuth_elevation
G1663,64.3,-483.745,0.0,12.305,9.752,0.5270494956748333,-3.9651253232538446,140.0,0.0,azimuth_elevation
G1664,21.286,-487.536,0.0,12.305,9.752,0.17447524678870713,-3.996192986863625,140.0,0.0,azimuth_elevation
G1665,-22.568,509.5,0.0,12.305,9.752,-0.1770040697104116,3.996081775853186,140.0,0.0,azimuth_elevation
G1666,-67.527,505.51,0.0,12.305,9.752,-0.5296232689485622,3.964782363886855,140.0,0.0,azimuth_elevation
G1667,-111.958,497.559,0.0,12.305,9.752,-0.878102716599483,3.902426888373517,140.0,0.0,azimuth_elevation
G1668,-155.512,485.712,0.0,12.305,9.752,-1.2197016581145173,3.809504937021699,140.0,0.0,azimuth_elevation
G1669,-197.847,470.06,0.0,12.305,9.752,-1.5517416567021909,3.686746239010103,140.0,0.0,azimuth_elevation
G1670,-238.633,450.727,0.0,12.305,9.752,-1.871629439691455,3.535110074733211,140.0,0.0,azimuth_elevation
G1671,-277.549,427.862,0.0,12.305,9.752,-2.1768576703421605,3.3557846598184016,140.0,0.0,azimuth_elevation
G1672,-314.292,401.647,0.0,12.305,9.752,-2.465036365650518,3.1501739183766486,140.0,0.0,azimuth_elevation
G1673,-348.573,372.286,0.0,12.305,9.752,-2.7339058711850246,2.919890184150775,140.0,0.0,azimuth_elevation
G1674,-380.124,340.008,0.0,12.305,9.752,-2.9813664513749183,2.666730973048487,140.0,0.0,azimuth_elevation
G1675,-408.697,305.068,0.0,12.305,9.752,-3.2054683770328305,2.392691472765035,140.0,0.0,azimuth_elevation
G1676,-434.07,267.738,0.0,12.305,9.752,-3.4044679603168877,2.099904261430928,140.0,0.0,azimuth_elevation
G1677,-456.042,228.311,0.0,12.305,9.752,-3.5767984977380705,1.7906737577176592,140.0,0.0,azimuth_elevation
G1678,-474.442,187.096,0.0,12.305,9.752,-3.7211128343402895,1.4674192564185524,140.0,0.0,azimuth_elevation
G1679,-489.126,144.415,0.0,12.305,9.752,-3.8362828241727245,1.1326668057983096,140.0,0.0,azimuth_elevation
G1680,-499.979,100.603,0.0,12.305,9.752,-3.9214041925691765,0.7890431917841286,140.0,0.0,azimuth_elevation
G1681,-506.916,56.003,0.0,12.305,9.752,-3.975810487853378,0.4392390746223294,140.0,0.0,azimuth_elevation
G1682,-509.882,10.964,0.0,12.305,9.752,-3.9990755613103173,0.0859921794733023,140.0,0.0,azimuth_elevation
G1683,-508.855,-34.16,0.0,12.305,9.752,-3.9910171786708393,-0.26792140555442284,140.0,0.0,azimuth_elevation
G1684,-503.842,-79.017,0.0,12.305,9.752,-3.951698563228993,-0.6197406436356345,140.0,0.0,azimuth_elevation
G1685,-494.882,-123.255,0.0,12.305,9.752,-3.8814275334364785,-0.9667059028894023,140.0,0.0,azimuth_elevation
G1686,-482.046,-166.528,0.0,12.305,9.752,-3.780753516066178,-1.3061021593861757,140.0,0.0,azimuth_elevation
G1687,-465.435,-208.496,0.0,12.305,9.752,-3.650468333948989,-1.6352617352692178,140.0,0.0,azimuth_elevation
G1688,-445.178,-248.831,0.0,12.305,9.752,-3.4915900207982964,-1.9516144923272507,140.0,0.0,azimuth_elevation
G1689,-421.434,-287.217,0.0,12.305,9.752,-3.305363298815802,-2.252681393992839,140.0,0.0,azimuth_elevation
G1690,-394.389,-323.354,0.0,12.305,9.752,-3.093244129477535,-2.536107402191944,140.0,0.0,azimuth_elevation
G1691,-364.255,-356.957,0.0,12.305,9.752,-2.8569019340166477,-2.7996627188666743,140.0,0.0,azimuth_elevation
G1692,-331.268,-387.765,0.0,12.305,9.752,-2.5981794779045146,-3.041293047471063,140.0,0.0,azimuth_elevation
G1693,-295.686,-415.536,0.0,12.305,9.752,-2.319104197672808,-3.259103514823725,140.0,0.0,azimuth_elevation
G1694,-257.788,-440.052,0.0,12.305,9.752,-2.0218650511652654,-3.451385477583818,140.0,0.0,azimuth_elevation
G1695,-217.871,-461.121,0.0,12.305,9.752,-1.708791009516069,-3.616632865774055,140.0,0.0,azimuth_elevation
G1696,-176.247,-478.578,0.0,12.305,9.752,-1.3823296586468918,-3.75355361155601,140.0,0.0,azimuth_elevation
G1697,-133.243,-492.287,0.0,12.305,9.752,-1.045042760746273,-3.861073118734196,140.0,0.0,azimuth_elevation
G1698,-89.196,-502.14,0.0,12.305,9.752,-0.6995757900877146,-3.938349110213968,140.0,0.0,azimuth_elevation
G1699,-44.449,-508.059,0.0,12.305,9.752,-0.34861983497419397,-3.9847790667316256,140.0,0.0,azimuth_elevation
G1700,22.568,509.5,0.0,12.305,9.752,0.1770040697104116,3.996081775853186,140.0,0.0,azimuth_elevation
G1701,67.527,505.51,0.0,12.305,9.752,0.5296232689485622,3.964782363886855,140.0,0.0,azimuth_elevation
G1702,111.958,497.559,0.0,12.305,9.752,0.878102716599483,3.902426888373517,140.0,0.0,azimuth_elevation
G1703,155.512,485.712,0.0,12.305,9.752,1.2197016581145173,3.809504937021699,140.0,0.0,azimuth_elevation
G1704,197.847,470.06,0.0,12.305,9.752,1.5517416567021909,3.686746239010103,140.0,0.0,azimuth_elevation
G1705,238.633,450.727,0.0,12.305,9.752,1.871629439691455,3.535110074733211,140.0,0.0,azimuth_elevation
G1706,277.549,427.862,0.0,12.305,9.752,2.1768576703421605,3.3557846598184016,140.0,0.0,azimuth_elevation
G1707,314.292,401.647,0.0,12.305,9.752,2.465036365650518,3.1501739183766486,140.0,0.0,azimuth_elevation
G1708,348.573,372.286,0.0,12.305,9.752,2.7339058711850246,2.919890184150775,140.0,0.0,azimuth_elevation
G1709,380.124,340.008,0.0,12.305,9.752,2.9813664513749183,2.666730973048487,140.0,0.0,azimuth_elevation
G1710,408.697,305.068,0.0,12.305,9.752,3.2054683770328305,2.392691472765035,140.0,0.0,azimuth_elevation
G1711,434.07,267.738,0.0,12.305,9.752,3.4044679603168877,2.099904261430928,140.0,0.0,azimuth_elevation
G1712,456.042,228.311,0.0,12.305,9.752,3.5767984977380705,1.7906737577176592,140.0,0.0,azimuth_elevation
G1713,474.442,187.096,0.0,12.305,9.752,3.7211128343402895,1.4674192564185524,140.0,0.0,azimuth_elevation
G1714,489.126,144.415,0.0,12.305,9.752,3.8362828241727245,1.1326668057983096,140.0,0.0,azimuth_elevation
G1715,499.979,100.603,0.0,12.305,9.752,3.9214041925691765,0.7890431917841286,140.0,0.0,azimuth_elevation
G1716,506.916,56.003,0.0,12.305,9.752,3.975810487853378,0.4392390746223294,140.0,0.0,azimuth_elevation
G1717,509.882,10.964,0.0,12.305,9.752,3.9990755613103173,0.0859921794733023,140.0,0.0,azimuth_elevation
G1718,508.855,-34.16,0.0,12.305,9.752,3.9910171786708393,-0.26792140555442284,140.0,0.0,azimuth_elevation
G1719,503.842,-79.017,0.0,12.305,9.752,3.951698563228993,-0.6197406436356345,140.0,0.0,azimuth_elevation
G1720,494.882,-123.255,0.0,12.305,9.752,3.8814275334364785,-0.9667059028894023,140.0,0.0,azimuth_elevation
G1721,482.046,-166.528,0.0,12.305,9.752,3.780753516066178,-1.3061021593861757,140.0,0.0,azimuth_elevation
G1722,465.435,-208.496,0.0,12.305,9.752,3.650468333948989,-1.6352617352692178,140.0,0.0,azimuth_elevation
G1723,445.178,-248.831,0.0,12.305,9.752,3.4915900207982964,-1.9516144923272507,140.0,0.0,azimuth_elevation
G1724,421.434,-287.217,0.0,12.305,9.752,3.305363298815802,-2.252681393992839,140.0,0.0,azimuth_elevation
G1725,394.389,-323.354,0.0,12.305,9.752,3.093244129477535,-2.536107402191944,140.0,0.0,azimuth_elevation
G1726,364.255,-356.957,0.0,12.305,9.752,2.8569019340166477,-2.7996627188666743,140.0,0.0,azimuth_elevation
G1727,331.268,-387.765,0.0,12.305,9.752,2.5981794779045146,-3.041293047471063,140.0,0.0,azimuth_elevation
G1728,295.686,-415.536,0.0,12.305,9.752,2.319104197672808,-3.259103514823725,140.0,0.0,azimuth_elevation
G1729,257.788,-440.052,0.0,12.305,9.752,2.0218650511652654,-3.451385477583818,140.0,0.0,azimuth_elevation
G1730,217.871,-461.121,0.0,12.305,9.752,1.708791009516069,-3.616632865774055,140.0,0.0,azimuth_elevation
G1731,176.247,-478.578,0.0,12.305,9.752,1.3823296586468918,-3.75355361155601,140.0,0.0,azimuth_elevation
G1732,133.243,-492.287,0.0,12.305,9.752,1.045042760746273,-3.861073118734196,140.0,0.0,azimuth_elevation
G1733,89.196,-502.14,0.0,12.305,9.752,0.6995757900877146,-3.938349110213968,140.0,0.0,azimuth_elevation
G1734,44.449,-508.059,0.0,12.305,9.752,0.34861983497419397,-3.9847790667316256,140.0,0.0,azimuth_elevation
G1735,0.0,532.0,0.0,12.305,9.752,0.0,4.0,140.0,0.0,azimuth_elevation
G1736,-47.028,529.917,0.0,12.305,9.752,-0.35359419755513427,3.9843407413843686,140.0,0.0,azimuth_elevation
G1737,-93.687,523.686,0.0,12.305,9.752,-0.7044131846881603,3.937486770166661,140.0,0.0,azimuth_elevation
G1738,-139.613,513.354,0.0,12.305,9.752,-1.049721583671205,3.859803699253994,140.0,0.0,azimuth_elevation
G1739,-184.445,499.003,0.0,12.305,9.752,-1.3868046287938014,3.7519025735693208,140.0,0.0,azimuth_elevation
G1740,-227.834,480.745,0.0,12.305,9.752,-1.7130373319639431,3.6146235072684756,140.0,0.0,azimuth_elevation
G1741,-269.439,458.723,0.0,12.305,9.752,-2.0258565507202264,3.449044104662036,140.0,0.0,azimuth_elevation
G1742,-308.934,433.109,0.0,12.305,9.752,-2.3228135802499423,3.2564608198789133,140.0,0.0,azimuth_elevation
G1743,-346.01,404.105,0.0,12.305,9.752,-2.601579999287592,3.038384687182776,140.0,0.0,azimuth_elevation
G1744,-380.378,371.936,0.0,12.305,9.752,-2.8599859174392077,2.7965122120329493,140.0,0.0,azimuth_elevation
G1745,-411.767,336.856,0.0,12.305,9.752,-3.0959923333901176,2.5327517587773216,140.0,0.0,azimuth_elevation
G1746,-439.932,299.138,0.0,12.305,9.752,-3.307761106769514,2.2491590563014707,140.0,0.0,azimuth_elevation
G1747,-464.653,259.078,0.0,12.305,9.752,-3.4936326868598107,1.947955504960187,140.0,0.0,azimuth_elevation
G1748,-485.736,216.99,0.0,12.305,9.752,-3.6521495901104433,1.6315034083495255,140.0,0.0,azimuth_elevation
G1749,-503.016,173.202,0.0,12.305,9.752,-3.782074993804242,1.3022706098352383,140.0,0.0,azimuth_elevation
G1750,-516.357,128.059,0.0,12.305,9.752,-3.882385797963641,0.9628502042219356,140.0,0.0,azimuth_elevation
G1751,-525.656,81.913,0.0,12.305,9.752,-3.952300962011173,0.6158872507899106,140.0,0.0,azimuth_elevation
G1752,-530.839,35.125,0.0,12.305,9.752,-3.9912720196058453,0.2640978332199693,140.0,0.0,azimuth_elevation
G1753,-531.866,-11.937,0.0,12.305,9.752,-3.9989929480070145,-0.08975189017602127,140.0,0.0,azimuth_elevation
G1754,-528.729,-58.906,0.0,12.305,9.752,-3.9754041028131137,-0.4429020425970758,140.0,0.0,azimuth_elevation
G1755,-521.452,-105.414,0.0,12.305,9.752,-3.9206896534739486,-0.7925860465226,140.0,0.0,azimuth_elevation
G1756,-510.092,-151.096,0.0,12.305,9.752,-3.8352792139875915,-1.136060452068782,140.0,0.0,azimuth_elevation
G1757,-494.739,-195.596,0.0,12.305,9.752,-3.719838994684737,-1.4706453867682876,140.0,0.0,azimuth_elevation
G1758,-475.512,-238.564,0.0,12.305,9.752,-3.575275389578771,-1.7937128779914489,140.0,0.0,azimuth_elevation
G1759,-452.562,-279.664,0.0,12.305,9.752,-3.402719900472752,-2.102735665490721,140.0,0.0,azimuth_elevation
G1760,-426.069,-318.574,0.0,12.305,9.752,-3.2035252617890424,-2.3952924450011204,140.0,0.0,azimuth_elevation
G1761,-396.239,-354.991,0.0,12.305,9.752,-2.9792408372859476,-2.669105474395443,140.0,0.0,azimuth_elevation
G1762,-363.308,-388.628,0.0,12.305,9.752,-2.731637045581375,-2.922012842409742,140.0,0.0,azimuth_elevation
G1763,-327.532,-419.222,0.0,12.305,9.752,-2.4626453274257294,-3.1520434627885803,140.0,0.0,azimuth_elevation
G1764,-289.192,-446.534,0.0,12.305,9.752,-2.1743735351055604,-3.357394783136554,140.0,0.0,azimuth_elevation
G1765,-248.587,-470.349,0.0,12.305,9.752,-1.869076249984392,-3.5364606560435936,140.0,0.0,azimuth_elevation
G1766,-206.036,-490.483,0.0,12.305,9.752,-1.5491417444146611,-3.687839456336447,140.0,0.0,azimuth_elevation
G1767,-161.872,-506.776,0.0,12.305,9.752,-1.2170817207997064,-3.810342777873826,140.0,0.0,azimuth_elevation
G1768,-116.441,-519.101,0.0,12.305,9.752,-0.8754956920217618,-3.903012591992413,140.0,0.0,azimuth_elevation
G1769,-70.097,-527.362,0.0,12.305,9.752,-0.5270448628265783,-3.9651259390551656,140.0,0.0,azimuth_elevation
G1770,-23.206,-531.494,0.0,12.305,9.752,-0.17448108264678294,-3.9961927320636583,140.0,0.0,azimuth_elevation
G1771,47.028,529.917,0.0,12.305,9.752,0.35359419755513427,3.9843407413843686,140.0,0.0,azimuth_elevation
G1772,93.687,523.686,0.0,12.305,9.752,0.7044131846881603,3.937486770166661,140.0,0.0,azimuth_elevation
G1773,139.613,513.354,0.0,12.305,9.752,1.049721583671205,3.859803699253994,140.0,0.0,azimuth_elevation
G1774,184.445,499.003,0.0,12.305,9.752,1.3868046287938014,3.7519025735693208,140.0,0.0,azimuth_elevation
G1775,227.834,480.745,0.0,12.305,9.752,1.7130373319639431,3.6146235072684756,140.0,0.0,azimuth_elevation
G1776,269.439,458.723,0.0,12.305,9.752,2.0258565507202264,3.449044104662036,140.0,0.0,azimuth_elevation
G1777,308.934,433.109,0.0,12.305,9.752,2.3228135802499423,3.2564608198789133,140.0,0.0,azimuth_elevation
G1778,346.01,404.105,0.0,12.305,9.752,2.601579999287592,3.038384687182776,140.0,0.0,azimuth_elevation
G1779,380.378,371.936,0.0,12.305,9.752,2.8599859174392077,2.7965122120329493,140.0,0.0,azimuth_elevation
G1780,411.767,336.856,0.0,12.305,9.752,3.0959923333901176,2.5327517587773216,140.0,0.0,azimuth_elevation
G1781,439.932,299.138,0.0,12.305,9.752,3.307761106769514,2.2491590563014707,140.0,0.0,azimuth_elevation
G1782,464.653,259.078,0.0,12.305,9.752,3.4936326868598107,1.947955504960187,140.0,0.0,azimuth_elevation
G1783,485.736,216.99,0.0,12.305,9.752,3.6521495901104433,1.6315034083495255,140.0,0.0,azimuth_elevation
G1784,503.016,173.202,0.0,12.305,9.752,3.782074993804242,1.3022706098352383,140.0,0.0,azimuth_elevation
G1785,516.357,128.059,0.0,12.305,9.752,3.882385797963641,0.9628502042219356,140.0,0.0,azimuth_elevation
G1786,525.656,81.913,0.0,12.305,9.752,3.952300962011173,0.6158872507899106,140.0,0.0,azimuth_elevation
G1787,530.839,35.125,0.0,12.305,9.752,3.9912720196058453,0.2640978332199693,140.0,0.0,azimuth_elevation
G1788,531.866,-11.937,0.0,12.305,9.752,3.9989929480070145,-0.08975189017602127,140.0,0.0,azimuth_elevation
G1789,528.729,-58.906,0.0,12.305,9.752,3.9754041028131137,-0.4429020425970758,140.0,0.0,azimuth_elevation
G1790,521.452,-105.414,0.0,12.305,9.752,3.9206896534739486,-0.7925860465226,140.0,0.0,azimuth_elevation
G1791,510.092,-151.096,0.0,12.305,9.752,3.8352792139875915,-1.136060452068782,140.0,0.0,azimuth_elevation
G1792,494.739,-195.596,0.0,12.305,9.752,3.719838994684737,-1.4706453867682876,140.0,0.0,azimuth_elevation
G1793,475.512,-238.564,0.0,12.305,9.752,3.575275389578771,-1.7937128779914489,140.0,0.0,azimuth_elevation
G1794,452.562,-279.664,0.0,12.305,9.752,3.402719900472752,-2.102735665490721,140.0,0.0,azimuth_elevation
G1795,426.069,-318.574,0.0,12.305,9.752,3.2035252617890424,-2.3952924450011204,140.0,0.0,azimuth_elevation
G1796,396.239,-354.991,0.0,12.305,9.752,2.9792408372859476,-2.669105474395443,140.0,0.0,azimuth_elevation
G1797,363.308,-388.628,0.0,12.305,9.752,2.731637045581375,-2.922012842409742,140.0,0.0,azimuth_elevation
G1798,327.532,-419.222,0.0,12.305,9.752,2.4626453274257294,-3.1520434627885803,140.0,0.0,azimuth_elevation
G1799,289.192,-446.534,0.0,12.305,9.752,2.1743735351055604,-3.357394783136554,140.0,0.0,azimuth_elevation
G1800,248.587,-470.349,0.0,12.305,9.752,1.869076249984392,-3.5364606560435936,140.0,0.0,azimuth_elevation
G1801,206.036,-490.483,0.0,12.305,9.752,1.5491417444146611,-3.687839456336447,140.0,0.0,azimuth_elevation
G1802,161.872,-506.776,0.0,12.305,9.752,1.2170817207997064,-3.810342777873826,140.0,0.0,azimuth_elevation
G1803,116.441,-519.101,0.0,12.305,9.752,0.8754956920217618,-3.903012591992413,140.0,0.0,azimuth_elevation
G1804,70.097,-527.362,0.0,12.305,9.752,0.5270448628265783,-3.9651259390551656,140.0,0.0,azimuth_elevation
G1805,23.206,-531.494,0.0,12.305,9.752,0.17448108264678294,-3.9961927320636583,140.0,0.0,azimuth_elevation
G1806,-12.263,555.865,0.0,12.305,9.752,-0.08822298171522212,3.9990269698386975,140.0,0.0,azimuth_elevation
G1807,-36.764,554.783,0.0,12.305,9.752,-0.26448930754410144,3.991246096921968,140.0,0.0,azimuth_elevation
G1808,-61.195,552.622,0.0,12.305,9.752,-0.4402518676965761,3.975698466054698,140.0,0.0,azimuth_elevation
G1809,-85.506,549.386,0.0,12.305,9.752,-0.6151508273821031,3.95241564863453,140.0,0.0,azimuth_elevation
G1810,-109.65,545.081,0.0,12.305,9.752,-0.7888483861868538,3.9214433852359,140.0,0.0,azimuth_elevation
G1811,-133.582,539.715,0.0,12.305,9.752,-0.961020911327253,3.882839013916459,140.0,0.0,azimuth_elevation
G1812,-157.253,533.299,0.0,12.305,9.752,-1.1313159440073528,3.8366814090871224,140.0,0.0,azimuth_elevation
G1813,-180.618,525.845,0.0,12.305,9.752,-1.2994104377421554,3.78305861893346,140.0,0.0,azimuth_elevation
G1814,-203.632,517.368,0.0,12.305,9.752,-1.4649792730066198,3.722074116626507,140.0,0.0,azimuth_elevation
G1815,-226.25,507.885,0.0,12.305,9.752,-1.6276972211440042,3.653847527782199,140.0,0.0,azimuth_elevation
G1816,-248.428,497.413,0.0,12.305,9.752,-1.7872513251971178,3.5785098435775113,140.0,0.0,azimuth_elevation
G1817,-270.122,485.973,0.0,12.305,9.752,-1.9433248360419046,3.496210603156324,140.0,0.0,azimuth_elevation
G1818,-291.291,473.588,0.0,12.305,9.752,-2.095618568016378,3.407107690899274,140.0,0.0,azimuth_elevation
G1819,-311.892,460.282,0.0,12.305,9.752,-2.243826832989794,3.3113805494921587,140.0,0.0,azimuth_elevation
G1820,-331.887,446.079,0.0,12.305,9.752,-2.3876783636674555,3.2092042676766934,140.0,0.0,azimuth_elevation
G1821,-351.237,431.009,0.0,12.305,9.752,-2.526884122706732,3.100783228542852,140.0,0.0,azimuth_elevation
G1822,-369.902,415.1,0.0,12.305,9.752,-2.661167621432269,2.9863333522298743,140.0,0.0,azimuth_elevation
G1823,-387.848,398.384,0.0,12.305,9.752,-2.790273911304085,2.8660724868530107,140.0,0.0,azimuth_elevation
G1824,-405.04,380.892,0.0,12.305,9.752,-2.9139562818595426,2.740229696104199,140.0,0.0,azimuth_elevation
G1825,-421.443,362.659,0.0,12.305,9.752,-3.031965242353832,2.609058598260734,140.0,0.0,azimuth_elevation
G1826,-437.026,343.721,0.0,12.305,9.752,-3.1440727026057735,2.4728135475060045,140.0,0.0,azimuth_elevation
G1827,-451.759,324.114,0.0,12.305,9.752,-3.2500643325181784,2.331755097451953,140.0,0.0,azimuth_elevation
G1828,-465.613,303.876,0.0,12.305,9.752,-3.3497333299713454,2.186157958172071,140.0,0.0,azimuth_elevation
G1829,-478.561,283.047,0.0,12.305,9.752,-3.442883583865213,2.0363085787648747,140.0,0.0,azimuth_elevation
G1830,-490.578,261.667,0.0,12.305,9.752,-3.5293358862551263,1.8824952063662048,140.0,0.0,azimuth_elevation
G1831,-501.64,239.778,0.0,12.305,9.752,-3.6089198191444547,1.7250210836353144,140.0,0.0,azimuth_elevation
G1832,-511.726,217.422,0.0,12.305,9.752,-3.681483055468448,1.5641874926934745,140.0,0.0,azimuth_elevation
G1833,-520.816,194.644,0.0,12.305,9.752,-3.7468801668350786,1.4003174694968032,140.0,0.0,azimuth_elevation
G1834,-528.894,171.486,0.0,12.305,9.752,-3.8049908891303112,1.2337116087786977,140.0,0.0,azimuth_elevation
G1835,-535.942,147.995,0.0,12.305,9.752,-3.8556956753243097,1.0647116319855903,140.0,0.0,azimuth_elevation
G1836,-541.947,124.216,0.0,12.305,9.752,-3.8988982371333165,0.8936400486094618,140.0,0.0,azimuth_elevation
G1837,-546.897,100.196,0.0,12.305,9.752,-3.9345135467020977,0.7208350371740261,140.0,0.0,azimuth_elevation
G1838,-550.784,75.98,0.0,12.305,9.752,-3.962474980008763,0.5466187270891417,140.0,0.0,azimuth_elevation
G1839,-553.599,51.617,0.0,12.305,9.752,-3.982725539784091,0.3713452231435306,140.0,0.0,azimuth_elevation
G1840,-555.337,27.153,0.0,12.305,9.752,-3.9952271853279067,0.1953451755658432,140.0,0.0,azimuth_elevation
G1841,-555.994,2.636,0.0,12.305,9.752,-3.999955045489168,0.018964020295020173,140.0,0.0,azimuth_elevation
G1842,-555.569,-21.886,0.0,12.305,9.752,-3.996899857498576,-0.15745326013728958,140.0,0.0,azimuth_elevation
G1843,-554.063,-46.365,0.0,12.305,9.752,-3.986067835117771,-0.3335614093979123,140.0,0.0,azimuth_elevation
G1844,-551.48,-70.754,0.0,12.305,9.752,-3.967479967890322,-0.5090213201713786,140.0,0.0,azimuth_elevation
G1845,-547.823,-95.005,0.0,12.305,9.752,-3.941172729733395,-0.6834892204020663,140.0,0.0,azimuth_elevation
G1846,-543.1,-119.072,0.0,12.305,9.752,-3.9071958170077727,-0.8566334382668929,140.0,0.0,azimuth_elevation
G1847,-537.321,-142.907,0.0,12.305,9.752,-3.865617031360309,-1.028107468534838,140.0,0.0,azimuth_elevation
G1848,-530.496,-166.464,0.0,12.305,9.752,-3.8165163231823205,-1.197582212160359,140.0,0.0,azimuth_elevation
G1849,-522.639,-189.696,0.0,12.305,9.752,-3.759992217453906,-1.3647192109317063,140.0,0.0,azimuth_elevation
G1850,-513.765,-212.56,0.0,12.305,9.752,-3.696149711176794,-1.5292080671274597,140.0,0.0,azimuth_elevation
G1851,-503.891,-235.01,0.0,12.305,9.752,-3.6251160461536664,-1.6907198620466988,140.0,0.0,azimuth_elevation
G1852,-493.037,-257.003,0.0,12.305,9.752,-3.547028631384745,-1.8489423701502596,140.0,0.0,azimuth_elevation
G1853,-481.223,-278.496,0.0,12.305,9.752,-3.462038223666345,-2.00356964887003,140.0,0.0,azimuth_elevation
G1854,-468.474,-299.447,0.0,12.305,9.752,-3.3703143963529794,-2.1542935894942103,140.0,0.0,azimuth_elevation
G1855,-454.812,-319.815,0.0,12.305,9.752,-3.272030949069957,-2.3008288655022477,140.0,0.0,azimuth_elevation
G1856,-440.266,-339.561,0.0,12.305,9.752,-3.167382199284276,-2.4428855895553325,140.0,0.0,azimuth_elevation
G1857,-424.863,-358.647,0.0,12.305,9.752,-3.0565671619048045,-2.5801932456242893,140.0,0.0,azimuth_elevation
G1858,-408.633,-377.034,0.0,12.305,9.752,-2.9398078197503885,-2.712476724865021,140.0,0.0,azimuth_elevation
G1859,-391.609,-394.688,0.0,12.305,9.752,-2.8173299043942777,-2.839480975425919,140.0,0.0,azimuth_elevation
G1860,-373.822,-411.574,0.0,12.305,9.752,-2.6893667100373357,-2.9609638125014217,140.0,0.0,azimuth_elevation
G1861,-355.308,-427.659,0.0,12.305,9.752,-2.556172681942929,-3.0766834773971627,140.0,0.0,azimuth_elevation
G1862,-336.102,-442.912,0.0,12.305,9.752,-2.418001587248173,-3.186419357847507,140.0,0.0,azimuth_elevation
G1863,-316.243,-457.303,0.0,12.305,9.752,-2.2751307149467177,-3.289951402362357,140.0,0.0,azimuth_elevation
G1864,-295.768,-470.805,0.0,12.305,9.752,-2.1278271390380508,-3.387086014020481,140.0,0.0,azimuth_elevation
G1865,-274.718,-483.39,0.0,12.305,9.752,-1.9763888995796797,-3.4776266213638034,140.0,0.0,azimuth_elevation
G1866,-253.133,-495.035,0.0,12.305,9.752,-1.82110081687824,-3.5614030682815736,140.0,0.0,azimuth_elevation
G1867,-231.056,-505.716,0.0,12.305,9.752,-1.662274597093425,-3.6382472653542797,140.0,0.0,azimuth_elevation
G1868,-208.529,-515.414,0.0,12.305,9.752,-1.5002087902379972,-3.7080147768978278,140.0,0.0,azimuth_elevation
G1869,-185.597,-524.109,0.0,12.305,9.752,-1.3352291569903798,-3.7705653552647456,140.0,0.0,azimuth_elevation
G1870,12.263,555.865,0.0,12.305,9.752,0.08822298171522212,3.9990269698386975,140.0,0.0,azimuth_elevation
G1871,36.764,554.783,0.0,12.305,9.752,0.26448930754410144,3.991246096921968,140.0,0.0,azimuth_elevation
G1872,61.195,552.622,0.0,12.305,9.752,0.4402518676965761,3.975698466054698,140.0,0.0,azimuth_elevation
G1873,85.506,549.386,0.0,12.305,9.752,0.6151508273821031,3.95241564863453,140.0,0.0,azimuth_elevation
G1874,109.65,545.081,0.0,12.305,9.752,0.7888483861868538,3.9214433852359,140.0,0.0,azimuth_elevation
G1875,133.582,539.715,0.0,12.305,9.752,0.961020911327253,3.882839013916459,140.0,0.0,azimuth_elevation
G1876,157.253,533.299,0.0,12.305,9.752,1.1313159440073528,3.8366814090871224,140.0,0.0,azimuth_elevation
G1877,180.618,525.845,0.0,12.305,9.752,1.2994104377421554,3.78305861893346,140.0,0.0,azimuth_elevation
G1878,203.632,517.368,0.0,12.305,9.752,1.4649792730066198,3.722074116626507,140.0,0.0,azimuth_elevation
G1879,226.25,507.885,0.0,12.305,9.752,1.6276972211440042,3.653847527782199,140.0,0.0,azimuth_elevation
G1880,248.428,497.413,0.0,12.305,9.752,1.7872513251971178,3.5785098435775113,140.0,0.0,azimuth_elevation
G1881,270.122,485.973,0.0,12.305,9.752,1.9433248360419046,3.496210603156324,140.0,0.0,azimuth_elevation
G1882,291.291,473.588,0.0,12.305,9.752,2.095618568016378,3.407107690899274,140.0,0.0,azimuth_elevation
G1883,311.892,460.282,0.0,12.305,9.752,2.243826832989794,3.3113805494921587,140.0,0.0,azimuth_elevation
G1884,331.887,446.079,0.0,12.305,9.752,2.3876783636674555,3.2092042676766934,140.0,0.0,azimuth_elevation
G1885,351.237,431.009,0.0,12.305,9.752,2.526884122706732,3.100783228542852,140.0,0.0,azimuth_elevation
G1886,369.902,415.1,0.0,12.305,9.752,2.661167621432269,2.9863333522298743,140.0,0.0,azimuth_elevation
G1887,387.848,398.384,0.0,12.305,9.752,2.790273911304085,2.8660724868530107,140.0,0.0,azimuth_elevation
G1888,405.04,380.892,0.0,12.305,9.752,2.9139562818595426,2.740229696104199,140.0,0.0,azimuth_elevation
G1889,421.443,362.659,0.0,12.305,9.752,3.031965242353832,2.609058598260734,140.0,0.0,azimuth_elevation
G1890,437.026,343.721,0.0,12.305,9.752,3.1440727026057735,2.4728135475060045,140.0,0.0,azimuth_elevation
G1891,451.759,324.114,0.0,12.305,9.752,3.2500643325181784,2.331755097451953,140.0,0.0,azimuth_elevation
G1892,465.613,303.876,0.0,12.305,9.752,3.3497333299713454,2.186157958172071,140.0,0.0,azimuth_elevation
G1893,478.561,283.047,0.0,12.305,9.752,3.442883583865213,2.0363085787648747,140.0,0.0,azimuth_elevation
G1894,490.578,261.667,0.0,12.305,9.752,3.5293358862551263,1.8824952063662048,140.0,0.0,azimuth_elevation
G1895,501.64,239.778,0.0,12.305,9.752,3.6089198191444547,1.7250210836353144,140.0,0.0,azimuth_elevation
G1896,511.726,217.422,0.0,12.305,9.752,3.681483055468448,1.5641874926934745,140.0,0.0,azimuth_elevation
G1897,520.816,194.644,0.0,12.305,9.752,3.7468801668350786,1.4003174694968032,140.0,0.0,azimuth_elevation
G1898,528.894,171.486,0.0,12.305,9.752,3.8049908891303112,1.2337116087786977,140.0,0.0,azimuth_elevation
G1899,535.942,147.995,0.0,12.305,9.752,3.8556956753243097,1.0647116319855903,140.0,0.0,azimuth_elevation
G1900,541.947,124.216,0.0,12.305,9.752,3.8988982371333165,0.8936400486094618,140.0,0.0,azimuth_elevation
G1901,546.897,100.196,0.0,12.305,9.752,3.9345135467020977,0.7208350371740261,140.0,0.0,azimuth_elevation
G1902,550.784,75.98,0.0,12.305,9.752,3.962474980008763,0.5466187270891417,140.0,0.0,azimuth_elevation
G1903,553.599,51.617,0.0,12.305,9.752,3.982725539784091,0.3713452231435306,140.0,0.0,azimuth_elevation
G1904,555.337,27.153,0.0,12.305,9.752,3.9952271853279067,0.1953451755658432,140.0,0.0,azimuth_elevation
G1905,555.994,2.636,0.0,12.305,9.752,3.999955045489168,0.018964020295020173,140.0,0.0,azimuth_elevation
G1906,555.569,-21.886,0.0,12.305,9.752,3.996899857498576,-0.15745326013728958,140.0,0.0,azimuth_elevation
G1907,554.063,-46.365,0.0,12.305,9.752,3.986067835117771,-0.3335614093979123,140.0,0.0,azimuth_elevation
G1908,551.48,-70.754,0.0,12.305,9.752,3.967479967890322,-0.5090213201713786,140.0,0.0,azimuth_elevation
G1909,547.823,-95.005,0.0,12.305,9.752,3.941172729733395,-0.6834892204020663,140.0,0.0,azimuth_elevation
G1910,543.1,-119.072,0.0,12.305,9.752,3.9071958170077727,-0.8566334382668929,140.0,0.0,azimuth_elevation
G1911,537.321,-142.907,0.0,12.305,9.752,3.865617031360309,-1.028107468534838,140.0,0.0,azimuth_elevation
G1912,530.496,-166.464,0.0,12.305,9.752,3.8165163231823205,-1.197582212160359,140.0,0.0,azimuth_elevation
G1913,522.639,-189.696,0.0,12.305,9.752,3.759992217453906,-1.3647192109317063,140.0,0.0,azimuth_elevation
G1914,513.765,-212.56,0.0,12.305,9.752,3.696149711176794,-1.5292080671274597,140.0,0.0,azimuth_elevation
G1915,503.891,-235.01,0.0,12.305,9.752,3.6251160461536664,-1.6907198620466988,140.0,0.0,azimuth_elevation
G1916,493.037,-257.003,0.0,12.305,9.752,3.547028631384745,-1.8489423701502596,140.0,0.0,azimuth_elevation
G1917,481.223,-278.496,0.0,12.305,9.752,3.462038223666345,-2.00356964887003,140.0,0.0,azimuth_elevation
G1918,468.474,-299.447,0.0,12.305,9.752,3.3703143963529794,-2.1542935894942103,140.0,0.0,azimuth_elevation
G1919,454.812,-319.815,0.0,12.305,9.752,3.272030949069957,-2.3008288655022477,140.0,0.0,azimuth_elevation
G1920,440.266,-339.561,0.0,12.305,9.752,3.167382199284276,-2.4428855895553325,140.0,0.0,azimuth_elevation
G1921,424.863,-358.647,0.0,12.305,9.752,3.0565671619048045,-2.5801932456242893,140.0,0.0,azimuth_elevation
G1922,408.633,-377.034,0.0,12.305,9.752,2.9398078197503885,-2.712476724865021,140.0,0.0,azimuth_elevation
G1923,391.609,-394.688,0.0,12.305,9.752,2.8173299043942777,-2.839480975425919,140.0,0.0,azimuth_elevation
G1924,373.822,-411.574,0.0,12.305,9.752,2.6893667100373357,-2.9609638125014217,140.0,0.0,azimuth_elevation
G1925,355.308,-427.659,0.0,12.305,9.752,2.556172681942929,-3.0766834773971627,140.0,0.0,azimuth_elevation
G1926,336.102,-442.912,0.0,12.305,9.752,2.418001587248173,-3.186419357847507,140.0,0.0,azimuth_elevation
G1927,316.243,-457.303,0.0,12.305,9.752,2.2751307149467177,-3.289951402362357,140.0,0.0,azimuth_elevation
G1928,295.768,-470.805,0.0,12.305,9.752,2.1278271390380508,-3.387086014020481,140.0,0.0,azimuth_elevation
G1929,274.718,-483.39,0.0,12.305,9.752,1.9763888995796797,-3.4776266213638034,140.0,0.0,azimuth_elevation
G1930,253.133,-495.035,0.0,12.305,9.752,1.82110081687824,-3.5614030682815736,140.0,0.0,azimuth_elevation
G1931,231.056,-505.716,0.0,12.305,9.752,1.662274597093425,-3.6382472653542797,140.0,0.0,azimuth_elevation
G1932,208.529,-515.414,0.0,12.305,9.752,1.5002087902379972,-3.7080147768978278,140.0,0.0,azimuth_elevation
G1933,185.597,-524.109,0.0,12.305,9.752,1.3352291569903798,-3.7705653552647456,140.0,0.0,azimuth_elevation
G1934,0.0,580.0,0.0,12.305,9.752,0.0,4.0,140.0,0.0,azimuth_elevation
G1935,-25.575,579.436,0.0,12.305,9.752,-0.17637926873500206,3.9961094021010624,140.0,0.0,azimuth_elevation
G1936,-51.1,577.745,0.0,12.305,9.752,-0.35241353380879104,3.9844453442340506,140.0,0.0,azimuth_elevation
G1937,-76.526,574.929,0.0,12.305,9.752,-0.5277658437871829,3.9650300394992724,140.0,0.0,azimuth_elevation
G1938,-101.803,570.996,0.0,12.305,9.752,-0.7020893600351048,3.937901792900059,140.0,0.0,azimuth_elevation
G1939,-126.882,565.951,0.0,12.305,9.752,-0.8750488268971885,3.9031128026929807,140.0,0.0,azimuth_elevation
G1940,-151.714,559.806,0.0,12.305,9.752,-1.0463036108945962,3.8607316345258873,140.0,0.0,azimuth_elevation
G1941,-176.252,552.572,0.0,12.305,9.752,-1.2155299817562022,3.8108380788813068,140.0,0.0,azimuth_elevation
G1942,-200.446,544.262,0.0,12.305,9.752,-1.382386774891615,3.7535325767341834,140.0,0.0,azimuth_elevation
G1943,-224.25,534.894,0.0,12.305,9.752,-1.5465525200885843,3.6889260364783203,140.0,0.0,azimuth_elevation
G1944,-247.618,524.486,0.0,12.305,9.752,-1.7077097404284016,3.617143547392882,140.0,0.0,azimuth_elevation
G1945,-270.504,513.057,0.0,12.305,9.752,-1.8655451069050246,3.5383246677068403,140.0,0.0,azimuth_elevation
G1946,-292.864,500.63,0.0,12.305,9.752,-2.01975256651422,3.4526221296370125,140.0,0.0,azimuth_elevation
G1947,-314.655,487.229,0.0,12.305,9.752,-2.170034910231027,3.3602006619216382,140.0,0.0,azimuth_elevation
G1948,-335.833,472.881,0.0,12.305,9.752,-2.3160888150395773,3.2612470928846484,140.0,0.0,azimuth_elevation
G1949,-356.358,457.612,0.0,12.305,9.752,-2.4576422314928226,3.1559459219040784,140.0,0.0,azimuth_elevation
G1950,-376.19,441.454,0.0,12.305,9.752,-2.594411671393834,3.0445078550293565,140.0,0.0,azimuth_elevation
G1951,-395.29,424.436,0.0,12.305,9.752,-2.726137516943626,2.9271443829631028,140.0,0.0,azimuth_elevation
G1952,-413.621,406.593,0.0,12.305,9.752,-2.8525577757340144,2.804088824573753,140.0,0.0,azimuth_elevation
G1953,-431.147,387.959,0.0,12.305,9.752,-2.973427934064397,2.6755796233574385,140.0,0.0,azimuth_elevation
G1954,-447.835,368.57,0.0,12.305,9.752,-3.088517093908131,2.541861947596146,140.0,0.0,azimuth_elevation
G1955,-463.651,348.464,0.0,12.305,9.752,-3.1975959118160624,2.40320211067176,140.0,0.0,azimuth_elevation
G1956,-478.566,327.681,0.0,12.305,9.752,-3.3004539258304226,2.2598681119637387,140.0,0.0,azimuth_elevation
G1957,-492.549,306.26,0.0,12.305,9.752,-3.3968911445893433,2.1121388571328583,140.0,0.0,azimuth_elevation
G1958,-505.575,284.243,0.0,12.305,9.752,-3.486723289705888,1.9602960748373055,140.0,0.0,azimuth_elevation
G1959,-517.617,261.673,0.0,12.305,9.752,-3.569771789730408,1.804641063825425,140.0,0.0,azimuth_elevation
G1960,-528.652,238.594,0.0,12.305,9.752,-3.6458756781494985,1.6454757790614647,140.0,0.0,azimuth_elevation
G1961,-538.658,215.052,0.0,12.305,9.752,-3.714883842673426,1.4831176741728622,140.0,0.0,azimuth_elevation
G1962,-547.617,191.09,0.0,12.305,9.752,-3.776670274615345,1.3178625257730243,140.0,0.0,azimuth_elevation
G1963,-555.511,166.757,0.0,12.305,9.752,-3.8311082483669177,1.1500476465325118,140.0,0.0,azimuth_elevation
G1964,-562.323,142.1,0.0,12.305,9.752,-3.8780921548998886,0.98000063168548,140.0,0.0,azimuth_elevation
G1965,-568.042,117.166,0.0,12.305,9.752,-3.9175334490536136,0.808041877346773,140.0,0.0,azimuth_elevation
G1966,-572.656,92.004,0.0,12.305,9.752,-3.9493538939821184,0.6345106934388723,140.0,0.0,azimuth_elevation
G1967,-576.156,66.664,0.0,12.305,9.752,-3.973490687335182,0.4597518435640913,140.0,0.0,azimuth_elevation
G1968,-578.535,41.193,0.0,12.305,9.752,-3.989898867657101,0.28408982007207684,140.0,0.0,azimuth_elevation
G1969,-579.789,15.643,0.0,12.305,9.752,-3.9985448990821872,0.10788276054968732,140.0,0.0,azimuth_elevation
G1970,-579.915,-9.938,0.0,12.305,9.752,-3.9994127761958125,-0.06853791360774249,140.0,0.0,azimuth_elevation
G1971,-578.913,-35.5,0.0,12.305,9.752,-3.992500412546571,-0.24482740005044498,140.0,0.0,azimuth_elevation
G1972,-576.784,-60.993,0.0,12.305,9.752,-3.9778211111753436,-0.4206414238847086,140.0,0.0,azimuth_elevation
G1973,-573.534,-86.367,0.0,12.305,9.752,-3.9554039109225014,-0.5956340331604468,140.0,0.0,azimuth_elevation
G1974,-569.167,-111.572,0.0,12.305,9.752,-3.9252932428208993,-0.7694627722408597,140.0,0.0,azimuth_elevation
G1975,-563.694,-136.561,0.0,12.305,9.752,-3.887545796254342,-0.9418002346703872,140.0,0.0,azimuth_elevation
G1976,-557.124,-161.285,0.0,12.305,9.752,-3.842234467904798,-1.1123103405274684,140.0,0.0,azimuth_elevation
G1977,-549.47,-185.694,0.0,12.305,9.752,-3.7894508524642307,-1.2806491466276462,140.0,0.0,azimuth_elevation
G1978,-540.748,-209.742,0.0,12.305,9.752,-3.7292959637946894,-1.4464963236816883,140.0,0.0,azimuth_elevation
G1979,-530.973,-233.382,0.0,12.305,9.752,-3.661885563529224,-1.6095322673423649,140.0,0.0,azimuth_elevation
G1980,-520.166,-256.569,0.0,12.305,9.752,-3.587350021549383,-1.7694405395179686,140.0,0.0,azimuth_elevation
G1981,-508.347,-279.256,0.0,12.305,9.752,-3.5058383260589423,-1.9259017709987785,140.0,0.0,azimuth_elevation
G1982,-495.538,-301.4,0.0,12.305,9.752,-3.4175041114383324,-2.078621093009039,140.0,0.0,azimuth_elevation
G1983,-481.766,-322.957,0.0,12.305,9.752,-3.322525606573605,-2.2272906396926966,140.0,0.0,azimuth_elevation
G1984,-467.057,-343.887,0.0,12.305,9.752,-3.221080316872297,-2.371632684936236,140.0,0.0,azimuth_elevation
G1985,-451.439,-364.147,0.0,12.305,9.752,-3.1133714497494442,-2.511357843057225,140.0,0.0,azimuth_elevation
G1986,-434.943,-383.699,0.0,12.305,9.752,-2.9996053992015135,-2.6461986790642027,140.0,0.0,azimuth_elevation
G1987,-417.6,-402.504,0.0,12.305,9.752,-2.8800032960132684,-2.7758928320366967,140.0,0.0,azimuth_elevation
G1988,-399.446,-420.527,0.0,12.305,9.752,-2.7547997353091254,-2.900185928236459,140.0,0.0,azimuth_elevation
G1989,-380.514,-437.732,0.0,12.305,9.752,-2.6242336713837635,-3.0188404459288165,140.0,0.0,azimuth_elevation
G1990,25.575,579.436,0.0,12.305,9.752,0.17637926873500206,3.9961094021010624,140.0,0.0,azimuth_elevation
G1991,51.1,577.745,0.0,12.305,9.752,0.35241353380879104,3.9844453442340506,140.0,0.0,azimuth_elevation
G1992,76.526,574.929,0.0,12.305,9.752,0.5277658437871829,3.9650300394992724,140.0,0.0,azimuth_elevation
G1993,101.803,570.996,0.0,12.305,9.752,0.7020893600351048,3.937901792900059,140.0,0.0,azimuth_elevation
G1994,126.882,565.951,0.0,12.305,9.752,0.8750488268971885,3.9031128026929807,140.0,0.0,azimuth_elevation
G1995,151.714,559.806,0.0,12.305,9.752,1.0463036108945962,3.8607316345258873,140.0,0.0,azimuth_elevation
G1996,176.252,552.572,0.0,12.305,9.752,1.2155299817562022,3.8108380788813068,140.0,0.0,azimuth_elevation
G1997,200.446,544.262,0.0,12.305,9.752,1.382386774891615,3.7535325767341834,140.0,0.0,azimuth_elevation
G1998,224.25,534.894,0.0,12.305,9.752,1.5465525200885843,3.6889260364783203,140.0,0.0,azimuth_elevation
G1999,247.618,524.486,0.0,12.305,9.752,1.7077097404284016,3.617143547392882,140.0,0.0,azimuth_elevation
G2000,270.504,513.057,0.0,12.305,9.752,1.8655451069050246,3.5383246677068403,140.0,0.0,azimuth_elevation
G2001,292.864,500.63,0.0,12.305,9.752,2.01975256651422,3.4526221296370125,140.0,0.0,azimuth_elevation
G2002,314.655,487.229,0.0,12.305,9.752,2.170034910231027,3.3602006619216382,140.0,0.0,azimuth_elevation
G2003,335.833,472.881,0.0,12.305,9.752,2.3160888150395773,3.2612470928846484,140.0,0.0,azimuth_elevation
G2004,356.358,457.612,0.0,12.305,9.752,2.4576422314928226,3.1559459219040784,140.0,0.0,azimuth_elevation
G2005,376.19,441.454,0.0,12.305,9.752,2.594411671393834,3.0445078550293565,140.0,0.0,azimuth_elevation
G2006,395.29,424.436,0.0,12.305,9.752,2.726137516943626,2.9271443829631028,140.0,0.0,azimuth_elevation
G2007,413.621,406.593,0.0,12.305,9.752,2.8525577757340144,2.804088824573753,140.0,0.0,azimuth_elevation
G2008,431.147,387.959,0.0,12.305,9.752,2.973427934064397,2.6755796233574385,140.0,0.0,azimuth_elevation
G2009,447.835,368.57,0.0,12.305,9.752,3.088517093908131,2.541861947596146,140.0,0.0,azimuth_elevation
G2010,463.651,348.464,0.0,12.305,9.752,3.1975959118160624,2.40320211067176,140.0,0.0,azimuth_elevation
G2011,478.566,327.681,0.0,12.305,9.752,3.3004539258304226,2.2598681119637387,140.0,0.0,azimuth_elevation
G2012,492.549,306.26,0.0,12.305,9.752,3.3968911445893433,2.1121388571328583,140.0,0.0,azimuth_elevation
G2013,505.575,284.243,0.0,12.305,9.752,3.486723289705888,1.9602960748373055,140.0,0.0,azimuth_elevation
G2014,517.617,261.673,0.0,12.305,9.752,3.569771789730408,1.804641063825425,140.0,0.0,azimuth_elevation
G2015,528.652,238.594,0.0,12.305,9.752,3.6458756781494985,1.6454757790614647,140.0,0.0,azimuth_elevation
G2016,538.658,215.052,0.0,12.305,9.752,3.714883842673426,1.4831176741728622,140.0,0.0,azimuth_elevation
G2017,547.617,191.09,0.0,12.305,9.752,3.776670274615345,1.3178625257730243,140.0,0.0,azimuth_elevation
G2018,555.511,166.757,0.0,12.305,9.752,3.8311082483669177,1.1500476465325118,140.0,0.0,azimuth_elevation
G2019,562.323,142.1,0.0,12.305,9.752,3.8780921548998886,0.98000063168548,140.0,0.0,azimuth_elevation
G2020,568.042,117.166,0.0,12.305,9.752,3.9175334490536136,0.808041877346773,140.0,0.0,azimuth_elevation
G2021,572.656,92.004,0.0,12.305,9.752,3.9493538939821184,0.6345106934388723,140.0,0.0,azimuth_elevation
G2022,576.156,66.664,0.0,12.305,9.752,3.973490687335182,0.4597518435640913,140.0,0.0,azimuth_elevation
G2023,578.535,41.193,0.0,12.305,9.752,3.989898867657101,0.28408982007207684,140.0,0.0,azimuth_elevation
G2024,579.789,15.643,0.0,12.305,9.752,3.9985448990821872,0.10788276054968732,140.0,0.0,azimuth_elevation
G2025,579.915,-9.938,0.0,12.305,9.752,3.9994127761958125,-0.06853791360774249,140.0,0.0,azimuth_elevation
G2026,578.913,-35.5,0.0,12.305,9.752,3.992500412546571,-0.24482740005044498,140.0,0.0,azimuth_elevation
G2027,576.784,-60.993,0.0,12.305,9.752,3.9778211111753436,-0.4206414238847086,140.0,0.0,azimuth_elevation
G2028,573.534,-86.367,0.0,12.305,9.752,3.9554039109225014,-0.5956340331604468,140.0,0.0,azimuth_elevation
G2029,569.167,-111.572,0.0,12.305,9.752,3.9252932428208993,-0.7694627722408597,140.0,0.0,azimuth_elevation
G2030,563.694,-136.561,0.0,12.305,9.752,3.887545796254342,-0.9418002346703872,140.0,0.0,azimuth_elevation
G2031,557.124,-161.285,0.0,12.305,9.752,3.842234467904798,-1.1123103405274684,140.0,0.0,azimuth_elevation
G2032,549.47,-185.694,0.0,12.305,9.752,3.7894508524642307,-1.2806491466276462,140.0,0.0,azimuth_elevation
G2033,540.748,-209.742,0.0,12.305,9.752,3.7292959637946894,-1.4464963236816883,140.0,0.0,azimuth_elevation
G2034,530.973,-233.382,0.0,12.305,9.752,3.661885563529224,-1.6095322673423649,140.0,0.0,azimuth_elevation
G2035,520.166,-256.569,0.0,12.305,9.752,3.587350021549383,-1.7694405395179686,140.0,0.0,azimuth_elevation
G2036,508.347,-279.256,0.0,12.305,9.752,3.5058383260589423,-1.9259017709987785,140.0,0.0,azimuth_elevation
G2037,495.538,-301.4,0.0,12.305,9.752,3.4175041114383324,-2.078621093009039,140.0,0.0,azimuth_elevation
G2038,481.766,-322.957,0.0,12.305,9.752,3.322525606573605,-2.2272906396926966,140.0,0.0,azimuth_elevation
G2039,467.057,-343.887,0.0,12.305,9.752,3.221080316872297,-2.371632684936236,140.0,0.0,azimuth_elevation
G2040,451.439,-364.147,0.0,12.305,9.752,3.1133714497494442,-2.511357843057225,140.0,0.0,azimuth_elevation
G2041,434.943,-383.699,0.0,12.305,9.752,2.9996053992015135,-2.6461986790642027,140.0,0.0,azimuth_elevation
G2042,417.6,-402.504,0.0,12.305,9.752,2.8800032960132684,-2.7758928320366967,140.0,0.0,azimuth_elevation
G2043,399.446,-420.527,0.0,12.305,9.752,2.7547997353091254,-2.900185928236459,140.0,0.0,azimuth_elevation
G2044,380.514,-437.732,0.0,12.305,9.752,2.6242336713837635,-3.0188404459288165,140.0,0.0,azimuth_elevation
G2045,-13.353,605.853,0.0,12.305,9.752,-0.08813859463480186,3.99902883062073,140.0,0.0,azimuth_elevation
G2046,-40.034,604.676,0.0,12.305,9.752,-0.2642509020286956,3.9912618882725575,140.0,0.0,azimuth_elevation
G2047,-66.637,602.325,0.0,12.305,9.752,-0.43984824746316953,3.975743140496325,140.0,0.0,azimuth_elevation
G2048,-93.111,598.804,0.0,12.305,9.752,-0.6145941525090057,3.9525022489179866,140.0,0.0,azimuth_elevation
G2049,-119.403,594.12,0.0,12.305,9.752,-0.788138988567443,3.9215860228611445,140.0,0.0,azimuth_elevation
G2050,-145.464,588.282,0.0,12.305,9.752,-0.960159086710742,3.8830522180633613,140.0,0.0,azimuth_elevation
G2051,-171.242,581.302,0.0,12.305,9.752,-1.1303104806889168,3.8369777452110396,140.0,0.0,azimuth_elevation
G2052,-196.688,573.193,0.0,12.305,9.752,-1.2982699472472699,3.7834501640796816,140.0,0.0,azimuth_elevation
G2053,-221.752,563.97,0.0,12.305,9.752,-1.4637093509359718,3.722573697857787,140.0,0.0,azimuth_elevation
G2054,-246.385,553.652,0.0,12.305,9.752,-1.6263033971384908,3.654468122785558,140.0,0.0,azimuth_elevation
G2055,-270.539,542.259,0.0,12.305,9.752,-1.7857355515156104,3.5792664807266363,140.0,0.0,azimuth_elevation
G2056,-294.168,529.812,0.0,12.305,9.752,-1.9417041135063562,3.4971109698710583,140.0,0.0,azimuth_elevation
G2057,-317.226,516.337,0.0,12.305,9.752,-2.093900326853353,3.4081639369612815,140.0,0.0,azimuth_elevation
G2058,-339.668,501.858,0.0,12.305,9.752,-2.2420336065265998,3.3125949506701433,140.0,0.0,azimuth_elevation
G2059,-361.449,486.405,0.0,12.305,9.752,-2.3858045670818715,3.210597540597588,140.0,0.0,azimuth_elevation
G2060,-382.529,470.008,0.0,12.305,9.752,-2.5249440459778056,3.102363222558124,140.0,0.0,azimuth_elevation
G2061,-402.866,452.697,0.0,12.305,9.752,-2.659183010664281,2.988100687024192,140.0,0.0,azimuth_elevation
G2062,-422.421,434.507,0.0,12.305,9.752,-2.7882580548234572,2.8680336503800143,140.0,0.0,azimuth_elevation
G2063,-441.155,415.474,0.0,12.305,9.752,-2.9119126900086547,2.7424012262552977,140.0,0.0,azimuth_elevation
G2064,-459.032,395.633,0.0,12.305,9.752,-3.029914819648245,2.6114394853559104,140.0,0.0,azimuth_elevation
G2065,-476.018,375.024,0.0,12.305,9.752,-3.1420324176494168,2.4754054791973306,140.0,0.0,azimuth_elevation
G2066,-492.079,353.687,0.0,12.305,9.752,-3.248045160032481,2.334566905956987,140.0,0.0,azimuth_elevation
G2067,-507.184,331.662,0.0,12.305,9.752,-3.3477524015552222,2.1891902288017917,140.0,0.0,azimuth_elevation
G2068,-521.305,308.994,0.0,12.305,9.752,-3.4409561818608947,2.0395638147685626,140.0,0.0,azimuth_elevation
G2069,-534.413,285.725,0.0,12.305,9.752,-3.5274784028408424,1.8859735198277359,140.0,0.0,azimuth_elevation
G2070,-546.483,261.902,0.0,12.305,9.752,-3.60714690941137,1.7287253032000203,140.0,0.0,azimuth_elevation
G2071,-557.491,237.57,0.0,12.305,9.752,-3.679809983793675,1.5681194097301363,140.0,0.0,azimuth_elevation
G2072,-567.417,212.776,0.0,12.305,9.752,-3.7453283743322476,1.404462661811187,140.0,0.0,azimuth_elevation
G2073,-576.241,187.569,0.0,12.305,9.752,-3.8035718900706748,1.2380795116082792,140.0,0.0,azimuth_elevation
G2074,-583.946,161.998,0.0,12.305,9.752,-3.8544275581718095,1.0692933174792134,140.0,0.0,azimuth_elevation
G2075,-590.516,136.112,0.0,12.305,9.752,-3.897797381315489,0.8984295043074427,140.0,0.0,azimuth_elevation
G2076,-595.94,109.962,0.0,12.305,9.752,-3.9335966900404338,0.7258216586069506,140.0,0.0,azimuth_elevation
G2077,-600.206,83.598,0.0,12.305,9.752,-3.96175648737247,0.5518020793383668,140.0,0.0,azimuth_elevation
G2078,-603.307,57.072,0.0,12.305,9.752,-3.982221443481772,0.3767125894816266,140.0,0.0,azimuth_elevation
G2079,-605.235,30.435,0.0,12.305,9.752,-3.9949521570024253,0.200891172682295,140.0,0.0,azimuth_elevation
G2080,-605.988,3.739,0.0,12.305,9.752,-3.999923862173022,0.02467988692955129,140.0,0.0,azimuth_elevation
G2081,-605.565,-22.964,0.0,12.305,9.752,-3.99712700119254,-0.15157749284616098,140.0,0.0,azimuth_elevation
G2082,-603.965,-49.623,0.0,12.305,9.752,-3.986566770113012,-0.32754448160624866,140.0,0.0,azimuth_elevation
G2083,-601.192,-76.185,0.0,12.305,9.752,-3.9682641609937894,-0.5028713041845397,140.0,0.0,azimuth_elevation
G2084,-597.251,-102.599,0.0,12.305,9.752,-3.942254518964571,-0.677221756667207,140.0,0.0,azimuth_elevation
G2085,-592.151,-128.815,0.0,12.305,9.752,-3.9085868679068323,-0.8502638978730402,140.0,0.0,azimuth_elevation
G2086,-585.9,-154.779,0.0,12.305,9.752,-3.867330161323994,-1.021644470113614,140.0,0.0,azimuth_elevation
G2087,-578.512,-180.444,0.0,12.305,9.752,-3.818560165611611,-1.1910492271960158,140.0,0.0,azimuth_elevation
G2088,-570.0,-205.758,0.0,12.305,9.752,-3.762374421350028,-1.3581379582248054,140.0,0.0,azimuth_elevation
G2089,-560.381,-230.672,0.0,12.305,9.752,-3.6988822889533366,-1.5225865533582403,140.0,0.0,azimuth_elevation
G2090,-549.673,-255.138,0.0,12.305,9.752,-3.628205578932807,-1.684079652807685,140.0,0.0,azimuth_elevation
G2091,-537.898,-279.109,0.0,12.305,9.752,-3.550481402073659,-1.8423033988811572,140.0,0.0,azimuth_elevation
G2092,-525.078,-302.537,0.0,12.305,9.752,-3.4658635452351643,-1.9969451384076478,140.0,0.0,azimuth_elevation
G2093,-511.239,-325.378,0.0,12.305,9.752,-3.374514125535014,-2.14770910892622,140.0,0.0,azimuth_elevation
G2094,-496.406,-347.587,0.0,12.305,9.752,-3.276608869404232,-2.2943047567708867,140.0,0.0,azimuth_elevation
G2095,13.353,605.853,0.0,12.305,9.752,0.08813859463480186,3.99902883062073,140.0,0.0,azimuth_elevation
G2096,40.034,604.676,0.0,12.305,9.752,0.2642509020286956,3.9912618882725575,140.0,0.0,azimuth_elevation
G2097,66.637,602.325,0.0,12.305,9.752,0.43984824746316953,3.975743140496325,140.0,0.0,azimuth_elevation
G2098,93.111,598.804,0.0,12.305,9.752,0.6145941525090057,3.9525022489179866,140.0,0.0,azimuth_elevation
G2099,119.403,594.12,0.0,12.305,9.752,0.788138988567443,3.9215860228611445,140.0,0.0,azimuth_elevation
G2100,145.464,588.282,0.0,12.305,9.752,0.960159086710742,3.8830522180633613,140.0,0.0,azimuth_elevation
G2101,171.242,581.302,0.0,12.305,9.752,1.1303104806889168,3.8369777452110396,140.0,0.0,azimuth_elevation
G2102,196.688,573.193,0.0,12.305,9.752,1.2982699472472699,3.7834501640796816,140.0,0.0,azimuth_elevation
G2103,221.752,563.97,0.0,12.305,9.752,1.4637093509359718,3.722573697857787,140.0,0.0,azimuth_elevation
G2104,246.385,553.652,0.0,12.305,9.752,1.6263033971384908,3.654468122785558,140.0,0.0,azimuth_elevation
G2105,270.539,542.259,0.0,12.305,9.752,1.7857355515156104,3.5792664807266363,140.0,0.0,azimuth_elevation
G2106,294.168,529.812,0.0,12.305,9.752,1.9417041135063562,3.4971109698710583,140.0,0.0,azimuth_elevation
G2107,317.226,516.337,0.0,12.305,9.752,2.093900326853353,3.4081639369612815,140.0,0.0,azimuth_elevation
G2108,339.668,501.858,0.0,12.305,9.752,2.2420336065265998,3.3125949506701433,140.0,0.0,azimuth_elevation
G2109,361.449,486.405,0.0,12.305,9.752,2.3858045670818715,3.210597540597588,140.0,0.0,azimuth_elevation
G2110,382.529,470.008,0.0,12.305,9.752,2.5249440459778056,3.102363222558124,140.0,0.0,azimuth_elevation
G2111,402.866,452.697,0.0,12.305,9.752,2.659183010664281,2.988100687024192,140.0,0.0,azimuth_elevation
G2112,422.421,434.507,0.0,12.305,9.752,2.7882580548234572,2.8680336503800143,140.0,0.0,azimuth_elevation
G2113,441.155,415.474,0.0,12.305,9.752,2.9119126900086547,2.7424012262552977,140.0,0.0,azimuth_elevation
G2114,459.032,395.633,0.0,12.305,9.752,3.029914819648245,2.6114394853559104,140.0,0.0,azimuth_elevation
G2115,476.018,375.024,0.0,12.305,9.752,3.1420324176494168,2.4754054791973306,140.0,0.0,azimuth_elevation
G2116,492.079,353.687,0.0,12.305,9.752,3.248045160032481,2.334566905956987,140.0,0.0,azimuth_elevation
G2117,507.184,331.662,0.0,12.305,9.752,3.3477524015552222,2.1891902288017917,140.0,0.0,azimuth_elevation
G2118,521.305,308.994,0.0,12.305,9.752,3.4409561818608947,2.0395638147685626,140.0,0.0,azimuth_elevation
G2119,534.413,285.725,0.0,12.305,9.752,3.5274784028408424,1.8859735198277359,140.0,0.0,azimuth_elevation
G2120,546.483,261.902,0.0,12.305,9.752,3.60714690941137,1.7287253032000203,140.0,0.0,azimuth_elevation
G2121,557.491,237.57,0.0,12.305,9.752,3.679809983793675,1.5681194097301363,140.0,0.0,azimuth_elevation
G2122,567.417,212.776,0.0,12.305,9.752,3.7453283743322476,1.404462661811187,140.0,0.0,azimuth_elevation
G2123,576.241,187.569,0.0,12.305,9.752,3.8035718900706748,1.2380795116082792,140.0,0.0,azimuth_elevation
G2124,583.946,161.998,0.0,12.305,9.752,3.8544275581718095,1.0692933174792134,140.0,0.0,azimuth_elevation
G2125,590.516,136.112,0.0,12.305,9.752,3.897797381315489,0.8984295043074427,140.0,0.0,azimuth_elevation
G2126,595.94,109.962,0.0,12.305,9.752,3.9335966900404338,0.7258216586069506,140.0,0.0,azimuth_elevation
G2127,600.206,83.598,0.0,12.305,9.752,3.96175648737247,0.5518020793383668,140.0,0.0,azimuth_elevation
G2128,603.307,57.072,0.0,12.305,9.752,3.982221443481772,0.3767125894816266,140.0,0.0,azimuth_elevation
G2129,605.235,30.435,0.0,12.305,9.752,3.9949521570024253,0.200891172682295,140.0,0.0,azimuth_elevation
G2130,605.988,3.739,0.0,12.305,9.752,3.999923862173022,0.02467988692955129,140.0,0.0,azimuth_elevation
G2131,605.565,-22.964,0.0,12.305,9.752,3.99712700119254,-0.15157749284616098,140.0,0.0,azimuth_elevation
G2132,603.965,-49.623,0.0,12.305,9.752,3.986566770113012,-0.32754448160624866,140.0,0.0,azimuth_elevation
G2133,601.192,-76.185,0.0,12.305,9.752,3.9682641609937894,-0.5028713041845397,140.0,0.0,azimuth_elevation
G2134,597.251,-102.599,0.0,12.305,9.752,3.942254518964571,-0.677221756667207,140.0,0.0,azimuth_elevation
G2135,592.151,-128.815,0.0,12.305,9.752,3.9085868679068323,-0.8502638978730402,140.0,0.0,azimuth_elevation
G2136,585.9,-154.779,0.0,12.305,9.752,3.867330161323994,-1.021644470113614,140.0,0.0,azimuth_elevation
G2137,578.512,-180.444,0.0,12.305,9.752,3.818560165611611,-1.1910492271960158,140.0,0.0,azimuth_elevation
G2138,570.0,-205.758,0.0,12.305,9.752,3.762374421350028,-1.3581379582248054,140.0,0.0,azimuth_elevation
G2139,560.381,-230.672,0.0,12.305,9.752,3.6988822889533366,-1.5225865533582403,140.0,0.0,azimuth_elevation
G2140,549.673,-255.138,0.0,12.305,9.752,3.628205578932807,-1.684079652807685,140.0,0.0,azimuth_elevation
G2141,537.898,-279.109,0.0,12.305,9.752,3.550481402073659,-1.8423033988811572,140.0,0.0,azimuth_elevation
G2142,525.078,-302.537,0.0,12.305,9.752,3.4658635452351643,-1.9969451384076478,140.0,0.0,azimuth_elevation
G2143,511.239,-325.378,0.0,12.305,9.752,3.374514125535014,-2.14770910892622,140.0,0.0,azimuth_elevation
G2144,496.406,-347.587,0.0,12.305,9.752,3.276608869404232,-2.2943047567708867,140.0,0.0,azimuth_elevation
G2145,0.0,633.0,0.0,12.305,9.752,0.0,4.0,140.0,0.0,azimuth_elevation
G2146,-27.979,632.381,0.0,12.305,9.752,-0.17680262613193862,3.9960906935895304,140.0,0.0,azimuth_elevation
G2147,-55.903,630.527,0.0,12.305,9.752,-0.35325730860880394,3.9843706245672563,140.0,0.0,azimuth_elevation
G2148,-83.718,627.439,0.0,12.305,9.752,-0.5290240912864013,3.9648623571113535,140.0,0.0,azimuth_elevation
G2149,-111.37,623.126,0.0,12.305,9.752,-0.7037596200184539,3.9376036363798073,140.0,0.0,azimuth_elevation
G2150,-138.803,617.594,0.0,12.305,9.752,-0.8771125784087008,3.9026495518810345,140.0,0.0,azimuth_elevation
G2151,-165.966,610.855,0.0,12.305,9.752,-1.048758890366799,3.8600653867359034,140.0,0.0,azimuth_elevation
G2152,-192.804,602.923,0.0,12.305,9.752,-1.2183499106886224,3.809937466038652,140.0,0.0,azimuth_elevation
G2153,-219.265,593.811,0.0,12.305,9.752,-1.3855614370931089,3.7523618567564188,140.0,0.0,azimuth_elevation
G2154,-245.297,583.539,0.0,12.305,9.752,-1.5500612255473214,3.687453077268203,140.0,0.0,azimuth_elevation
G2155,-270.85,572.127,0.0,12.305,9.752,-1.7115323285935058,3.6153363727569374,140.0,0.0,azimuth_elevation
G2156,-295.874,559.596,0.0,12.305,9.752,-1.8696616774783,3.536151186214898,140.0,0.0,azimuth_elevation
G2157,-320.319,545.971,0.0,12.305,9.752,-2.0241337253829923,3.4500554577813918,140.0,0.0,azimuth_elevation
G2158,-344.139,531.279,0.0,12.305,9.752,-2.174653954728044,3.3572131563524055,140.0,0.0,azimuth_elevation
G2159,-367.285,515.549,0.0,12.305,9.752,-2.320916148270393,3.2578134128119927,140.0,0.0,azimuth_elevation
G2160,-389.714,498.811,0.0,12.305,9.752,-2.462646432431147,3.152042599463742,140.0,0.0,azimuth_elevation
G2161,-411.381,481.098,0.0,12.305,9.752,-2.599561993316517,3.040111419488479,140.0,0.0,azimuth_elevation
G2162,-432.243,462.444,0.0,12.305,9.752,-2.7313951911869347,2.922238920684085,140.0,0.0,azimuth_elevation
G2163,-452.261,442.887,0.0,12.305,9.752,-2.8578897475325378,2.798654353604319,140.0,0.0,azimuth_elevation
G2164,-471.395,422.464,0.0,12.305,9.752,-2.97879908067889,2.6695984786005935,140.0,0.0,azimuth_elevation
G2165,-489.608,401.215,0.0,12.305,9.752,-3.0938876013774714,2.535322368071318,140.0,0.0,azimuth_elevation
G2166,-506.863,379.182,0.0,12.305,9.752,-3.2029253911131126,2.3960945179526862,140.0,0.0,azimuth_elevation
G2167,-523.128,356.408,0.0,12.305,9.752,-3.3057038228764233,2.252181661283166,140.0,0.0,azimuth_elevation
G2168,-538.37,332.937,0.0,12.305,9.752,-3.402020831160261,2.103866503453023,140.0,0.0,azimuth_elevation
G2169,-552.56,308.815,0.0,12.305,9.752,-3.4916892399783452,1.9514369709061692,140.0,0.0,azimuth_elevation
G2170,-565.669,284.09,0.0,12.305,9.752,-3.5745296726996463,1.7951984901368865,140.0,0.0,azimuth_elevation
G2171,-577.674,258.809,0.0,12.305,9.752,-3.650387036956649,1.6354432061122943,140.0,0.0,azimuth_elevation
G2172,-588.549,233.023,0.0,12.305,9.752,-3.7191060163331477,1.4724980269170436,140.0,0.0,azimuth_elevation
G2173,-598.273,206.781,0.0,12.305,9.752,-3.7805562496693894,1.3066730436822085,140.0,0.0,azimuth_elevation
G2174,-606.828,180.135,0.0,12.305,9.752,-3.8346168802627147,1.1382940664012275,140.0,0.0,azimuth_elevation
G2175,-614.197,153.137,0.0,12.305,9.752,-3.881182180295481,0.9676904894421645,140.0,0.0,azimuth_elevation
G2176,-620.366,125.839,0.0,12.305,9.752,-3.9201622039202526,0.7951907286652085,140.0,0.0,azimuth_elevation
G2177,-625.322,98.295,0.0,12.305,9.752,-3.95147931431184,0.6211370449149116,140.0,0.0,azimuth_elevation
G2178,-629.055,70.56,0.0,12.305,9.752,-3.9750715532149967,0.44587682920388555,140.0,0.0,azimuth_elevation
G2179,-631.559,42.686,0.0,12.305,9.752,-3.990894826740375,0.26973780212813003,140.0,0.0,azimuth_elevation
G2180,-632.829,14.729,0.0,12.305,9.752,-3.998917002712411,0.09307419308051797,140.0,0.0,azimuth_elevation
G2181,-632.861,-13.257,0.0,12.305,9.752,-3.999122674117364,-0.08377253344853593,140.0,0.0,azimuth_elevation
G2182,-631.657,-41.216,0.0,12.305,9.752,-3.991511812818699,-0.260448551788606,140.0,0.0,azimuth_elevation
G2183,-629.218,-69.096,0.0,12.305,9.752,-3.976098383230535,-0.4366252934399478,140.0,0.0,azimuth_elevation
G2184,-625.549,-96.84,0.0,12.305,9.752,-3.9529136228872552,-0.6119427179012386,140.0,0.0,azimuth_elevation
G2185,-620.657,-124.395,0.0,12.305,9.752,-3.9220020453047537,-0.786066127387083,140.0,0.0,azimuth_elevation
G2186,-614.552,-151.707,0.0,12.305,9.752,-3.8834241146334745,-0.9586538196258421,140.0,0.0,azimuth_elevation
G2187,-607.246,-178.722,0.0,12.305,9.752,-3.8372562695201173,-1.1293645655980846,140.0,0.0,azimuth_elevation
G2188,-598.753,-205.388,0.0,12.305,9.752,-3.783587437173049,-1.297869833714567,140.0,0.0,azimuth_elevation
G2189,-589.089,-231.653,0.0,12.305,9.752,-3.7225215019970457,-1.4638420909270442,140.0,0.0,azimuth_elevation
G2190,-578.274,-257.464,0.0,12.305,9.752,-3.654182236231589,-1.6269456611729558,140.0,0.0,azimuth_elevation
G2191,27.979,632.381,0.0,12.305,9.752,0.17680262613193862,3.9960906935895304,140.0,0.0,azimuth_elevation
G2192,55.903,630.527,0.0,12.305,9.752,0.35325730860880394,3.9843706245672563,140.0,0.0,azimuth_elevation
G2193,83.718,627.439,0.0,12.305,9.752,0.5290240912864013,3.9648623571113535,140.0,0.0,azimuth_elevation
G2194,111.37,623.126,0.0,12.305,9.752,0.7037596200184539,3.9376036363798073,140.0,0.0,azimuth_elevation
G2195,138.803,617.594,0.0,12.305,9.752,0.8771125784087008,3.9026495518810345,140.0,0.0,azimuth_elevation
G2196,165.966,610.855,0.0,12.305,9.752,1.048758890366799,3.8600653867359034,140.0,0.0,azimuth_elevation
G2197,192.804,602.923,0.0,12.305,9.752,1.2183499106886224,3.809937466038652,140.0,0.0,azimuth_elevation
G2198,219.265,593.811,0.0,12.305,9.752,1.3855614370931089,3.7523618567564188,140.0,0.0,azimuth_elevation
G2199,245.297,583.539,0.0,12.305,9.752,1.5500612255473214,3.687453077268203,140.0,0.0,azimuth_elevation
G2200,270.85,572.127,0.0,12.305,9.752,1.7115323285935058,3.6153363727569374,140.0,0.0,azimuth_elevation
G2201,295.874,559.596,0.0,12.305,9.752,1.8696616774783,3.536151186214898,140.0,0.0,azimuth_elevation
G2202,320.319,545.971,0.0,12.305,9.752,2.0241337253829923,3.4500554577813918,140.0,0.0,azimuth_elevation
G2203,344.139,531.279,0.0,12.305,9.752,2.174653954728044,3.3572131563524055,140.0,0.0,azimuth_elevation
G2204,367.285,515.549,0.0,12.305,9.752,2.320916148270393,3.2578134128119927,140.0,0.0,azimuth_elevation
G2205,389.714,498.811,0.0,12.305,9.752,2.462646432431147,3.152042599463742,140.0,0.0,azimuth_elevation
G2206,411.381,481.098,0.0,12.305,9.752,2.599561993316517,3.040111419488479,140.0,0.0,azimuth_elevation
G2207,432.243,462.444,0.0,12.305,9.752,2.7313951911869347,2.922238920684085,140.0,0.0,azimuth_elevation
G2208,452.261,442.887,0.0,12.305,9.752,2.8578897475325378,2.798654353604319,140.0,0.0,azimuth_elevation
G2209,471.395,422.464,0.0,12.305,9.752,2.97879908067889,2.6695984786005935,140.0,0.0,azimuth_elevation
G2210,489.608,401.215,0.0,12.305,9.752,3.0938876013774714,2.535322368071318,140.0,0.0,azimuth_elevation
G2211,506.863,379.182,0.0,12.305,9.752,3.2029253911131126,2.3960945179526862,140.0,0.0,azimuth_elevation
G2212,523.128,356.408,0.0,12.305,9.752,3.3057038228764233,2.252181661283166,140.0,0.0,azimuth_elevation
G2213,538.37,332.937,0.0,12.305,9.752,3.402020831160261,2.103866503453023,140.0,0.0,azimuth_elevation
G2214,552.56,308.815,0.0,12.305,9.752,3.4916892399783452,1.9514369709061692,140.0,0.0,azimuth_elevation
G2215,565.669,284.09,0.0,12.305,9.752,3.5745296726996463,1.7951984901368865,140.0,0.0,azimuth_elevation
G2216,577.674,258.809,0.0,12.305,9.752,3.650387036956649,1.6354432061122943,140.0,0.0,azimuth_elevation
G2217,588.549,233.023,0.0,12.305,9.752,3.7191060163331477,1.4724980269170436,140.0,0.0,azimuth_elevation
G2218,598.273,206.781,0.0,12.305,9.752,3.7805562496693894,1.3066730436822085,140.0,0.0,azimuth_elevation
G2219,606.828,180.135,0.0,12.305,9.752,3.8346168802627147,1.1382940664012275,140.0,0.0,azimuth_elevation
G2220,614.197,153.137,0.0,12.305,9.752,3.881182180295481,0.9676904894421645,140.0,0.0,azimuth_elevation
G2221,620.366,125.839,0.0,12.305,9.752,3.9201622039202526,0.7951907286652085,140.0,0.0,azimuth_elevation
G2222,625.322,98.295,0.0,12.305,9.752,3.95147931431184,0.6211370449149116,140.0,0.0,azimuth_elevation
G2223,629.055,70.56,0.0,12.305,9.752,3.9750715532149967,0.44587682920388555,140.0,0.0,azimuth_elevation
G2224,631.559,42.686,0.0,12.305,9.752,3.990894826740375,0.26973780212813003,140.0,0.0,azimuth_elevation
G2225,632.829,14.729,0.0,12.305,9.752,3.998917002712411,0.09307419308051797,140.0,0.0,azimuth_elevation
G2226,632.861,-13.257,0.0,12.305,9.752,3.999122674117364,-0.08377253344853593,140.0,0.0,azimuth_elevation
G2227,631.657,-41.216,0.0,12.305,9.752,3.991511812818699,-0.260448551788606,140.0,0.0,azimuth_elevation
G2228,629.218,-69.096,0.0,12.305,9.752,3.976098383230535,-0.4366252934399478,140.0,0.0,azimuth_elevation
G2229,625.549,-96.84,0.0,12.305,9.752,3.9529136228872552,-0.6119427179012386,140.0,0.0,azimuth_elevation
G2230,620.657,-124.395,0.0,12.305,9.752,3.9220020453047537,-0.786066127387083,140.0,0.0,azimuth_elevation
G2231,614.552,-151.707,0.0,12.305,9.752,3.8834241146334745,-0.9586538196258421,140.0,0.0,azimuth_elevation
G2232,607.246,-178.722,0.0,12.305,9.752,3.8372562695201173,-1.1293645655980846,140.0,0.0,azimuth_elevation
G2233,598.753,-205.388,0.0,12.305,9.752,3.783587437173049,-1.297869833714567,140.0,0.0,azimuth_elevation
G2234,589.089,-231.653,0.0,12.305,9.752,3.7225215019970457,-1.4638420909270442,140.0,0.0,azimuth_elevation
G2235,578.274,-257.464,0.0,12.305,9.752,3.654182236231589,-1.6269456611729558,140.0,0.0,azimuth_elevation
G2236,-14.615,661.839,0.0,12.305,9.752,-0.08830811073897958,3.999025090891242,140.0,0.0,azimuth_elevation
G2237,-43.818,660.548,0.0,12.305,9.752,-0.26476142674473424,3.9912280549860952,140.0,0.0,azimuth_elevation
G2238,-72.935,657.97,0.0,12.305,9.752,-0.4406948463876218,3.9756493875048124,140.0,0.0,azimuth_elevation
G2239,-101.909,654.109,0.0,12.305,9.752,-0.615764330668355,3.9523201147018128,140.0,0.0,azimuth_elevation
G2240,-130.685,648.973,0.0,12.305,9.752,-0.7896369902002812,3.9212846649672657,140.0,0.0,azimuth_elevation
G2241,-159.207,642.571,0.0,12.305,9.752,-0.9619754369217901,3.8826026398228195,140.0,0.0,azimuth_elevation
G2242,-187.417,634.916,0.0,12.305,9.752,-1.132429702068872,3.8363528213489704,140.0,0.0,azimuth_elevation
G2243,-215.263,626.024,0.0,12.305,9.752,-1.3006824711687464,3.782621459939438,140.0,0.0,azimuth_elevation
G2244,-242.689,615.911,0.0,12.305,9.752,-1.4663982718248156,3.721515297347197,140.0,0.0,azimuth_elevation
G2245,-269.641,604.597,0.0,12.305,9.752,-1.6292511246571861,3.6531549067625497,140.0,0.0,azimuth_elevation
G2246,-296.068,592.105,0.0,12.305,9.752,-1.7889293060282883,3.5776713010047683,140.0,0.0,azimuth_elevation
G2247,-321.918,578.458,0.0,12.305,9.752,-1.9451219663329007,3.495211086056067,140.0,0.0,azimuth_elevation
G2248,-347.139,563.683,0.0,12.305,9.752,-2.097516592837965,3.405939538918654,140.0,0.0,azimuth_elevation
G2249,-371.685,547.809,0.0,12.305,9.752,-2.245829689049318,3.310022508652267,140.0,0.0,azimuth_elevation
G2250,-395.505,530.867,0.0,12.305,9.752,-2.389758371646747,3.207655674342913,140.0,0.0,azimuth_elevation
G2251,-418.554,512.89,0.0,12.305,9.752,-2.5290283357946852,3.0990346362613574,140.0,0.0,azimuth_elevation
G2252,-440.788,493.913,0.0,12.305,9.752,-2.6633712593168744,2.98436819696311,140.0,0.0,azimuth_elevation
G2253,-462.162,473.973,0.0,12.305,9.752,-2.792519258410416,2.8638848076357646,140.0,0.0,azimuth_elevation
G2254,-482.634,453.109,0.0,12.305,9.752,-2.916219705821628,2.737820780726455,140.0,0.0,azimuth_elevation
G2255,-502.166,431.362,0.0,12.305,9.752,-3.0342361113524974,2.6064173151213663,140.0,0.0,azimuth_elevation
G2256,-520.719,408.773,0.0,12.305,9.752,-3.146339651938325,2.4699284999045257,140.0,0.0,azimuth_elevation
G2257,-538.256,385.388,0.0,12.305,9.752,-3.2523042221333465,2.3286299076267167,140.0,0.0,azimuth_elevation
G2258,-554.745,361.251,0.0,12.305,9.752,-3.351932387361043,2.182784751311979,140.0,0.0,azimuth_elevation
G2259,-570.151,336.41,0.0,12.305,9.752,-3.445021734067482,2.032689167532183,140.0,0.0,azimuth_elevation
G2260,-584.446,310.913,0.0,12.305,9.752,-3.5313956878580886,1.8786283548848344,140.0,0.0,azimuth_elevation
G2261,-597.601,284.81,0.0,12.305,9.752,-3.610883446979657,1.7209069505142665,140.0,0.0,azimuth_elevation
G2262,-609.592,258.151,0.0,12.305,9.752,-3.6833338964982665,1.5598241589701376,140.0,0.0,azimuth_elevation
G2263,-620.393,230.99,0.0,12.305,9.752,-3.7485988093818636,1.3957102014031697,140.0,0.0,azimuth_elevation
G2264,-629.985,203.377,0.0,12.305,9.752,-3.80655891240785,1.2288650236573433,140.0,0.0,azimuth_elevation
G2265,-638.349,175.369,0.0,12.305,9.752,-3.8570948351239758,1.0596317439846485,140.0,0.0,azimuth_elevation
G2266,-645.469,147.018,0.0,12.305,9.752,-3.9001124796122255,0.8883257546491469,140.0,0.0,azimuth_elevation
G2267,-651.329,118.381,0.0,12.305,9.752,-3.935524780626366,0.7152934370423086,140.0,0.0,azimuth_elevation
G2268,-655.92,89.513,0.0,12.305,9.752,-3.96326454200851,0.5408642806269176,140.0,0.0,azimuth_elevation
G2269,-659.232,60.47,0.0,12.305,9.752,-3.983277420705559,0.36537787247898335,140.0,0.0,azimuth_elevation
G2270,-661.259,31.31,0.0,12.305,9.752,-3.995523656110066,0.18918433726090106,140.0,0.0,azimuth_elevation
G2271,-661.997,2.088,0.0,12.305,9.752,-3.999980103545123,0.012616308618018235,140.0,0.0,azimuth_elevation
G2272,-661.444,-27.138,0.0,12.305,9.752,-3.9966375825111413,-0.1639757117975027,140.0,0.0,azimuth_elevation
G2273,-659.601,-56.31,0.0,12.305,9.752,-3.9855031889508137,-0.3402415772107992,140.0,0.0,azimuth_elevation
G2274,-656.472,-85.373,0.0,12.305,9.752,-3.966598024784787,-0.5158489214619232,140.0,0.0,azimuth_elevation
G2275,-652.063,-114.27,0.0,12.305,9.752,-3.939958652996402,-0.6904533385238832,140.0,0.0,azimuth_elevation
G2276,-646.383,-142.943,0.0,12.305,9.752,-3.905638870611184,-0.8637042389446729,140.0,0.0,azimuth_elevation
G2277,-639.443,-171.338,0.0,12.305,9.752,-3.8637036608293354,-1.0352748530192317,140.0,0.0,azimuth_elevation
G2278,14.615,661.839,0.0,12.305,9.752,0.08830811073897958,3.999025090891242,140.0,0.0,azimuth_elevation
G2279,43.818,660.548,0.0,12.305,9.752,0.26476142674473424,3.9912280549860952,140.0,0.0,azimuth_elevation
G2280,72.935,657.97,0.0,12.305,9.752,0.4406948463876218,3.9756493875048124,140.0,0.0,azimuth_elevation
G2281,101.909,654.109,0.0,12.305,9.752,0.615764330668355,3.9523201147018128,140.0,0.0,azimuth_elevation
G2282,130.685,648.973,0.0,12.305,9.752,0.7896369902002812,3.9212846649672657,140.0,0.0,azimuth_elevation
G2283,159.207,642.571,0.0,12.305,9.752,0.9619754369217901,3.8826026398228195,140.0,0.0,azimuth_elevation
G2284,187.417,634.916,0.0,12.305,9.752,1.132429702068872,3.8363528213489704,140.0,0.0,azimuth_elevation
G2285,215.263,626.024,0.0,12.305,9.752,1.3006824711687464,3.782621459939438,140.0,0.0,azimuth_elevation
G2286,242.689,615.911,0.0,12.305,9.752,1.4663982718248156,3.721515297347197,140.0,0.0,azimuth_elevation
G2287,269.641,604.597,0.0,12.305,9.752,1.6292511246571861,3.6531549067625497,140.0,0.0,azimuth_elevation
G2288,296.068,592.105,0.0,12.305,9.752,1.7889293060282883,3.5776713010047683,140.0,0.0,azimuth_elevation
G2289,321.918,578.458,0.0,12.305,9.752,1.9451219663329007,3.495211086056067,140.0,0.0,azimuth_elevation
G2290,347.139,563.683,0.0,12.305,9.752,2.097516592837965,3.405939538918654,140.0,0.0,azimuth_elevation
G2291,371.685,547.809,0.0,12.305,9.752,2.245829689049318,3.310022508652267,140.0,0.0,azimuth_elevation
G2292,395.505,530.867,0.0,12.305,9.752,2.389758371646747,3.207655674342913,140.0,0.0,azimuth_elevation
G2293,418.554,512.89,0.0,12.305,9.752,2.5290283357946852,3.0990346362613574,140.0,0.0,azimuth_elevation
G2294,440.788,493.913,0.0,12.305,9.752,2.6633712593168744,2.98436819696311,140.0,0.0,azimuth_elevation
G2295,462.162,473.973,0.0,12.305,9.752,2.792519258410416,2.8638848076357646,140.0,0.0,azimuth_elevation
G2296,482.634,453.109,0.0,12.305,9.752,2.916219705821628,2.737820780726455,140.0,0.0,azimuth_elevation
G2297,502.166,431.362,0.0,12.305,9.752,3.0342361113524974,2.6064173151213663,140.0,0.0,azimuth_elevation
G2298,520.719,408.773,0.0,12.305,9.752,3.146339651938325,2.4699284999045257,140.0,0.0,azimuth_elevation
G2299,538.256,385.388,0.0,12.305,9.752,3.2523042221333465,2.3286299076267167,140.0,0.0,azimuth_elevation
G2300,554.745,361.251,0.0,12.305,9.752,3.351932387361043,2.182784751311979,140.0,0.0,azimuth_elevation
G2301,570.151,336.41,0.0,12.305,9.752,3.445021734067482,2.032689167532183,140.0,0.0,azimuth_elevation
G2302,584.446,310.913,0.0,12.305,9.752,3.5313956878580886,1.8786283548848344,140.0,0.0,azimuth_elevation
G2303,597.601,284.81,0.0,12.305,9.752,3.610883446979657,1.7209069505142665,140.0,0.0,azimuth_elevation
G2304,609.592,258.151,0.0,12.305,9.752,3.6833338964982665,1.5598241589701376,140.0,0.0,azimuth_elevation
G2305,620.393,230.99,0.0,12.305,9.752,3.7485988093818636,1.3957102014031697,140.0,0.0,azimuth_elevation
G2306,629.985,203.377,0.0,12.305,9.752,3.80655891240785,1.2288650236573433,140.0,0.0,azimuth_elevation
G2307,638.349,175.369,0.0,12.305,9.752,3.8570948351239758,1.0596317439846485,140.0,0.0,azimuth_elevation
G2308,645.469,147.018,0.0,12.305,9.752,3.9001124796122255,0.8883257546491469,140.0,0.0,azimuth_elevation
G2309,651.329,118.381,0.0,12.305,9.752,3.935524780626366,0.7152934370423086,140.0,0.0,azimuth_elevation
G2310,655.92,89.513,0.0,12.305,9.752,3.96326454200851,0.5408642806269176,140.0,0.0,azimuth_elevation
G2311,659.232,60.47,0.0,12.305,9.752,3.983277420705559,0.36537787247898335,140.0,0.0,azimuth_elevation
G2312,661.259,31.31,0.0,12.305,9.752,3.995523656110066,0.18918433726090106,140.0,0.0,azimuth_elevation
G2313,661.997,2.088,0.0,12.305,9.752,3.999980103545123,0.012616308618018235,140.0,0.0,azimuth_elevation
G2314,661.444,-27.138,0.0,12.305,9.752,3.9966375825111413,-0.1639757117975027,140.0,0.0,azimuth_elevation
G2315,659.601,-56.31,0.0,12.305,9.752,3.9855031889508137,-0.3402415772107992,140.0,0.0,azimuth_elevation
G2316,656.472,-85.373,0.0,12.305,9.752,3.966598024784787,-0.5158489214619232,140.0,0.0,azimuth_elevation
G2317,652.063,-114.27,0.0,12.305,9.752,3.939958652996402,-0.6904533385238832,140.0,0.0,azimuth_elevation
G2318,646.383,-142.943,0.0,12.305,9.752,3.905638870611184,-0.8637042389446729,140.0,0.0,azimuth_elevation
G2319,639.443,-171.338,0.0,12.305,9.752,3.8637036608293354,-1.0352748530192317,140.0,0.0,azimuth_elevation
G2320,0.0,690.0,0.0,12.305,9.752,0.0,4.0,140.0,0.0,azimuth_elevation
G2321,-30.423,689.329,0.0,12.305,9.752,-0.17636521198847602,3.996110022509423,140.0,0.0,azimuth_elevation
G2322,-60.786,687.317,0.0,12.305,9.752,-0.35238275809938596,3.984448066143449,140.0,0.0,azimuth_elevation
G2323,-91.031,683.969,0.0,12.305,9.752,-0.5277158112794011,3.965036698761529,140.0,0.0,azimuth_elevation
G2324,-121.099,679.29,0.0,12.305,9.752,-0.7020232828486522,3.937913573243882,140.0,0.0,azimuth_elevation
G2325,-150.932,673.29,0.0,12.305,9.752,-0.8749682145170085,3.903130874514064,140.0,0.0,azimuth_elevation
G2326,-180.471,665.981,0.0,12.305,9.752,-1.046208174633601,3.860757497607151,140.0,0.0,azimuth_elevation
G2327,-209.659,657.376,0.0,12.305,9.752,-1.2154143629958294,3.8108749554693397,140.0,0.0,azimuth_elevation
G2328,-238.439,647.493,0.0,12.305,9.752,-1.3822545763357887,3.7535812614353734,140.0,0.0,azimuth_elevation
G2329,-266.756,636.35,0.0,12.305,9.752,-1.546411454476948,3.688985173928257,140.0,0.0,azimuth_elevation
G2330,-294.553,623.97,0.0,12.305,9.752,-1.7075535681188176,3.617217274647003,140.0,0.0,azimuth_elevation
G2331,-321.778,610.376,0.0,12.305,9.752,-1.8653798224751967,3.538411807280549,140.0,0.0,azimuth_elevation
G2332,-348.377,595.595,0.0,12.305,9.752,-2.0195769427670234,3.452724861937858,140.0,0.0,azimuth_elevation
G2333,-374.298,579.656,0.0,12.305,9.752,-2.1698433161492883,3.3603243866273176,140.0,0.0,azimuth_elevation
G2334,-399.492,562.589,0.0,12.305,9.752,-2.315895066061855,3.2613846818476286,140.0,0.0,azimuth_elevation
G2335,-423.908,544.428,0.0,12.305,9.752,-2.457438094995953,3.1561048793192312,140.0,0.0,azimuth_elevation
G2336,-447.5,525.208,0.0,12.305,9.752,-2.5942037342320994,3.0446850387677595,140.0,0.0,azimuth_elevation
G2337,-470.222,504.967,0.0,12.305,9.752,-2.725923491508153,2.92734369667178,140.0,0.0,azimuth_elevation
G2338,-492.029,483.743,0.0,12.305,9.752,-2.852342547541549,2.8043077562001257,140.0,0.0,azimuth_elevation
G2339,-512.879,461.579,0.0,12.305,9.752,-2.9732114634278095,2.675820172160577,140.0,0.0,azimuth_elevation
G2340,-532.731,438.517,0.0,12.305,9.752,-3.088297346326992,2.5421289307723285,140.0,0.0,azimuth_elevation
G2341,-551.548,414.602,0.0,12.305,9.752,-3.197379660757131,2.403489817947355,140.0,0.0,azimuth_elevation
G2342,-569.292,389.881,0.0,12.305,9.752,-3.3002414838890126,2.2601783442945482,140.0,0.0,azimuth_elevation
G2343,-585.928,364.401,0.0,12.305,9.752,-3.3966850925118433,2.1124702086201856,140.0,0.0,azimuth_elevation
G2344,-601.425,338.213,0.0,12.305,9.752,-3.486521504813642,1.9606549406950768,140.0,0.0,azimuth_elevation
G2345,-615.752,311.367,0.0,12.305,9.752,-3.5695770582893984,1.8050262117027558,140.0,0.0,azimuth_elevation
G2346,-628.882,283.915,0.0,12.305,9.752,-3.645691615927905,1.6458835443472246,140.0,0.0,azimuth_elevation
G2347,-640.788,255.911,0.0,12.305,9.752,-3.7147142104612585,1.48354249504259,140.0,0.0,azimuth_elevation
G2348,-651.448,227.41,0.0,12.305,9.752,-3.7765109190925235,1.318319110828233,140.0,0.0,azimuth_elevation
G2349,-660.841,198.466,0.0,12.305,9.752,-3.8309640068589643,1.1505280431832638,140.0,0.0,azimuth_elevation
G2350,-668.949,169.136,0.0,12.305,9.752,-3.8779662310833385,0.9804988070249175,140.0,0.0,azimuth_elevation
G2351,-675.756,139.477,0.0,12.305,9.752,-3.9174260661187112,0.808562314539626,140.0,0.0,azimuth_elevation
G2352,-681.248,109.547,0.0,12.305,9.752,-3.949266328325514,0.6350554841541921,140.0,0.0,azimuth_elevation
G2353,-685.416,79.404,0.0,12.305,9.752,-3.9734257186072055,0.4603130008057683,140.0,0.0,azimuth_elevation
G2354,-688.25,49.106,0.0,12.305,9.752,-3.9898573278693252,0.2846726246892134,140.0,0.0,azimuth_elevation
G2355,-689.746,18.713,0.0,12.305,9.752,-3.9985287083065577,0.10848119121900036,140.0,0.0,azimuth_elevation
G2356,-689.901,-11.717,0.0,12.305,9.752,-3.9994232396890834,-0.067924589324319,140.0,0.0,azimuth_elevation
G2357,-688.713,-42.123,0.0,12.305,9.752,-3.992539367345585,-0.24419131883774237,140.0,0.0,azimuth_elevation
G2358,30.423,689.329,0.0,12.305,9.752,0.17636521198847602,3.996110022509423,140.0,0.0,azimuth_elevation
G2359,60.786,687.317,0.0,12.305,9.752,0.35238275809938596,3.984448066143449,140.0,0.0,azimuth_elevation
G2360,91.031,683.969,0.0,12.305,9.752,0.5277158112794011,3.965036698761529,140.0,0.0,azimuth_elevation
G2361,121.099,679.29,0.0,12.305,9.752,0.7020232828486522,3.937913573243882,140.0,0.0,azimuth_elevation
G2362,150.932,673.29,0.0,12.305,9.752,0.8749682145170085,3.903130874514064,140.0,0.0,azimuth_elevation
G2363,180.471,665.981,0.0,12.305,9.752,1.046208174633601,3.860757497607151,140.0,0.0,azimuth_elevation
G2364,209.659,657.376,0.0,12.305,9.752,1.2154143629958294,3.8108749554693397,140.0,0.0,azimuth_elevation
G2365,238.439,647.493,0.0,12.305,9.752,1.3822545763357887,3.7535812614353734,140.0,0.0,azimuth_elevation
G2366,266.756,636.35,0.0,12.305,9.752,1.546411454476948,3.688985173928257,140.0,0.0,azimuth_elevation
G2367,294.553,623.97,0.0,12.305,9.752,1.7075535681188176,3.617217274647003,140.0,0.0,azimuth_elevation
G2368,321.778,610.376,0.0,12.305,9.752,1.8653798224751967,3.538411807280549,140.0,0.0,azimuth_elevation
G2369,348.377,595.595,0.0,12.305,9.752,2.0195769427670234,3.452724861937858,140.0,0.0,azimuth_elevation
G2370,374.298,579.656,0.0,12.305,9.752,2.1698433161492883,3.3603243866273176,140.0,0.0,azimuth_elevation
G2371,399.492,562.589,0.0,12.305,9.752,2.315895066061855,3.2613846818476286,140.0,0.0,azimuth_elevation
G2372,423.908,544.428,0.0,12.305,9.752,2.457438094995953,3.1561048793192312,140.0,0.0,azimuth_elevation
G2373,447.5,525.208,0.0,12.305,9.752,2.5942037342320994,3.0446850387677595,140.0,0.0,azimuth_elevation
G2374,470.222,504.967,0.0,12.305,9.752,2.725923491508153,2.92734369667178,140.0,0.0,azimuth_elevation
G2375,492.029,483.743,0.0,12.305,9.752,2.852342547541549,2.8043077562001257,140.0,0.0,azimuth_elevation
G2376,512.879,461.579,0.0,12.305,9.752,2.9732114634278095,2.675820172160577,140.0,0.0,azimuth_elevation
G2377,532.731,438.517,0.0,12.305,9.752,3.088297346326992,2.5421289307723285,140.0,0.0,azimuth_elevation
G2378,551.548,414.602,0.0,12.305,9.752,3.197379660757131,2.403489817947355,140.0,0.0,azimuth_elevation
G2379,569.292,389.881,0.0,12.305,9.752,3.3002414838890126,2.2601783442945482,140.0,0.0,azimuth_elevation
G2380,585.928,364.401,0.0,12.305,9.752,3.3966850925118433,2.1124702086201856,140.0,0.0,azimuth_elevation
G2381,601.425,338.213,0.0,12.305,9.752,3.486521504813642,1.9606549406950768,140.0,0.0,azimuth_elevation
G2382,615.752,311.367,0.0,12.305,9.752,3.5695770582893984,1.8050262117027558,140.0,0.0,azimuth_elevation
G2383,628.882,283.915,0.0,12.305,9.752,3.645691615927905,1.6458835443472246,140.0,0.0,azimuth_elevation
G2384,640.788,255.911,0.0,12.305,9.752,3.7147142104612585,1.48354249504259,140.0,0.0,azimuth_elevation
G2385,651.448,227.41,0.0,12.305,9.752,3.7765109190925235,1.318319110828233,140.0,0.0,azimuth_elevation
G2386,660.841,198.466,0.0,12.305,9.752,3.8309640068589643,1.1505280431832638,140.0,0.0,azimuth_elevation
G2387,668.949,169.136,0.0,12.305,9.752,3.8779662310833385,0.9804988070249175,140.0,0.0,azimuth_elevation
G2388,675.756,139.477,0.0,12.305,9.752,3.9174260661187112,0.808562314539626,140.0,0.0,azimuth_elevation
G2389,681.248,109.547,0.0,12.305,9.752,3.949266328325514,0.6350554841541921,140.0,0.0,azimuth_elevation
G2390,685.416,79.404,0.0,12.305,9.752,3.9734257186072055,0.4603130008057683,140.0,0.0,azimuth_elevation
G2391,688.25,49.106,0.0,12.305,9.752,3.9898573278693252,0.2846726246892134,140.0,0.0,azimuth_elevation
G2392,689.746,18.713,0.0,12.305,9.752,3.9985287083065577,0.10848119121900036,140.0,0.0,azimuth_elevation
G2393,689.901,-11.717,0.0,12.305,9.752,3.9994232396890834,-0.067924589324319,140.0,0.0,azimuth_elevation
G2394,688.713,-42.123,0.0,12.305,9.752,3.992539367345585,-0.24419131883774237,140.0,0.0,azimuth_elevation
G2395,-15.985,721.823,0.0,12.305,9.752,-0.08855955988256092,3.9990195303790914,140.0,0.0,azimuth_elevation
G2396,-47.925,720.408,0.0,12.305,9.752,-0.2655123400529547,3.991178171577862,140.0,0.0,azimuth_elevation
G2397,-79.77,717.58,0.0,12.305,9.752,-0.4419389270611702,3.97551128595405,140.0,0.0,azimuth_elevation
G2398,-111.459,713.345,0.0,12.305,9.752,-0.6175012679425284,3.9520491120543237,140.0,0.0,azimuth_elevation
G2399,-142.93,707.711,0.0,12.305,9.752,-0.7918560738447615,3.920837150190653,140.0,0.0,azimuth_elevation
G2400,-174.12,700.69,0.0,12.305,9.752,-0.9646535078328946,3.8819381254504424,140.0,0.0,azimuth_elevation
G2401,-204.969,692.295,0.0,12.305,9.752,-1.135561610193862,3.8354269422652183,140.0,0.0,azimuth_elevation
G2402,-235.416,682.542,0.0,12.305,9.752,-1.3042434235156553,3.7813951251113873,140.0,0.0,azimuth_elevation
G2403,-265.401,671.451,0.0,12.305,9.752,-1.4703654588797057,3.7199496525266946,140.0,0.0,azimuth_elevation
G2404,-294.866,659.043,0.0,12.305,9.752,-1.6336072219930993,3.651209038695537,140.0,0.0,azimuth_elevation
G2405,-323.753,645.343,0.0,12.305,9.752,-1.7936461301589388,3.5753088761344607,140.0,0.0,azimuth_elevation
G2406,-352.005,630.378,0.0,12.305,9.752,-1.9501663117772154,3.4923990832104588,140.0,0.0,azimuth_elevation
G2407,-379.567,614.177,0.0,12.305,9.752,-2.102863267878594,3.4026410443370243,140.0,0.0,azimuth_elevation
G2408,-406.384,596.771,0.0,12.305,9.752,-2.2514358059447956,3.3062118522123938,140.0,0.0,azimuth_elevation
G2409,-432.405,578.196,0.0,12.305,9.752,-2.3955939630024297,3.203299793092478,140.0,0.0,azimuth_elevation
G2410,-457.577,558.486,0.0,12.305,9.752,-2.5350542774336264,3.094107271971267,140.0,0.0,azimuth_elevation
G2411,-481.853,537.682,0.0,12.305,9.752,-2.6695450745996547,2.9788469404587947,140.0,0.0,azimuth_elevation
G2412,-505.184,515.823,0.0,12.305,9.752,-2.7988026766319845,2.8577444912513856,140.0,0.0,azimuth_elevation
G2413,-527.524,492.953,0.0,12.305,9.752,-2.922569990173072,2.731040946697755,140.0,0.0,azimuth_elevation
G2414,-548.83,469.116,0.0,12.305,9.752,-3.0406088631167583,2.5989801348867245,140.0,0.0,azimuth_elevation
G2415,-569.06,444.359,0.0,12.305,9.752,-3.152686362266637,2.461822231839245,140.0,0.0,azimuth_elevation
G2416,-588.173,418.731,0.0,12.305,9.752,-3.258578901843335,2.3198412748422004,140.0,0.0,azimuth_elevation
G2417,-606.134,392.282,0.0,12.305,9.752,-3.3580844118836772,2.173308326644855,140.0,0.0,azimuth_elevation
G2418,-622.906,365.064,0.0,12.305,9.752,-3.45100406455743,2.0225159941043973,140.0,0.0,azimuth_elevation
G2419,-638.457,337.13,0.0,12.305,9.752,-3.5371579702286113,1.8677562725495558,140.0,0.0,azimuth_elevation
G2420,-652.756,308.535,0.0,12.305,9.752,-3.6163758927009546,1.709334783677958,140.0,0.0,azimuth_elevation
G2421,-665.775,279.335,0.0,12.305,9.752,-3.688502765260359,1.5475617437332467,140.0,0.0,azimuth_elevation
G2422,-677.488,249.588,0.0,12.305,9.752,-3.753395546263782,1.3827587907105139,140.0,0.0,azimuth_elevation
G2423,-687.873,219.351,0.0,12.305,9.752,-3.810930289799932,1.2152408511424417,140.0,0.0,azimuth_elevation
G2424,-696.909,188.683,0.0,12.305,9.752,-3.8609938052156747,1.0453357528020288,140.0,0.0,azimuth_elevation
G2425,-704.579,157.646,0.0,12.305,9.752,-3.9034854064438034,0.8733851851733302,140.0,0.0,azimuth_elevation
G2426,-710.867,126.3,0.0,12.305,9.752,-3.938322909818952,0.6997232724407431,140.0,0.0,azimuth_elevation
G2427,-715.762,94.706,0.0,12.305,9.752,-3.9654386666609014,0.5246867455450098,140.0,0.0,azimuth_elevation
G2428,-719.253,62.926,0.0,12.305,9.752,-3.9847790250386597,0.3486203115309671,140.0,0.0,azimuth_elevation
G2429,15.985,721.823,0.0,12.305,9.752,0.08855955988256092,3.9990195303790914,140.0,0.0,azimuth_elevation
G2430,47.925,720.408,0.0,12.305,9.752,0.2655123400529547,3.991178171577862,140.0,0.0,azimuth_elevation
G2431,79.77,717.58,0.0,12.305,9.752,0.4419389270611702,3.97551128595405,140.0,0.0,azimuth_elevation
G2432,111.459,713.345,0.0,12.305,9.752,0.6175012679425284,3.9520491120543237,140.0,0.0,azimuth_elevation
G2433,142.93,707.711,0.0,12.305,9.752,0.7918560738447615,3.920837150190653,140.0,0.0,azimuth_elevation
G2434,174.12,700.69,0.0,12.305,9.752,0.9646535078328946,3.8819381254504424,140.0,0.0,azimuth_elevation
G2435,204.969,692.295,0.0,12.305,9.752,1.135561610193862,3.8354269422652183,140.0,0.0,azimuth_elevation
G2436,235.416,682.542,0.0,12.305,9.752,1.3042434235156553,3.7813951251113873,140.0,0.0,azimuth_elevation
G2437,265.401,671.451,0.0,12.305,9.752,1.4703654588797057,3.7199496525266946,140.0,0.0,azimuth_elevation
G2438,294.866,659.043,0.0,12.305,9.752,1.6336072219930993,3.651209038695537,140.0,0.0,azimuth_elevation
G2439,323.753,645.343,0.0,12.305,9.752,1.7936461301589388,3.5753088761344607,140.0,0.0,azimuth_elevation
G2440,352.005,630.378,0.0,12.305,9.752,1.9501663117772154,3.4923990832104588,140.0,0.0,azimuth_elevation
G2441,379.567,614.177,0.0,12.305,9.752,2.102863267878594,3.4026410443370243,140.0,0.0,azimuth_elevation
G2442,406.384,596.771,0.0,12.305,9.752,2.2514358059447956,3.3062118522123938,140.0,0.0,azimuth_elevation
G2443,432.405,578.196,0.0,12.305,9.752,2.3955939630024297,3.203299793092478,140.0,0.0,azimuth_elevation
G2444,457.577,558.486,0.0,12.305,9.752,2.5350542774336264,3.094107271971267,140.0,0.0,azimuth_elevation
G2445,481.853,537.682,0.0,12.305,9.752,2.6695450745996547,2.9788469404587947,140.0,0.0,azimuth_elevation
G2446,505.184,515.823,0.0,12.305,9.752,2.7988026766319845,2.8577444912513856,140.0,0.0,azimuth_elevation
G2447,527.524,492.953,0.0,12.305,9.752,2.922569990173072,2.731040946697755,140.0,0.0,azimuth_elevation
G2448,548.83,469.116,0.0,12.305,9.752,3.0406088631167583,2.5989801348867245,140.0,0.0,azimuth_elevation
G2449,569.06,444.359,0.0,12.305,9.752,3.152686362266637,2.461822231839245,140.0,0.0,azimuth_elevation
G2450,588.173,418.731,0.0,12.305,9.752,3.258578901843335,2.3198412748422004,140.0,0.0,azimuth_elevation
G2451,606.134,392.282,0.0,12.305,9.752,3.3580844118836772,2.173308326644855,140.0,0.0,azimuth_elevation
G2452,622.906,365.064,0.0,12.305,9.752,3.45100406455743,2.0225159941043973,140.0,0.0,azimuth_elevation
G2453,638.457,337.13,0.0,12.305,9.752,3.5371579702286113,1.8677562725495558,140.0,0.0,azimuth_elevation
G2454,652.756,308.535,0.0,12.305,9.752,3.6163758927009546,1.709334783677958,140.0,0.0,azimuth_elevation
G2455,665.775,279.335,0.0,12.305,9.752,3.688502765260359,1.5475617437332467,140.0,0.0,azimuth_elevation
G2456,677.488,249.588,0.0,12.305,9.752,3.753395546263782,1.3827587907105139,140.0,0.0,azimuth_elevation
G2457,687.873,219.351,0.0,12.305,9.752,3.810930289799932,1.2152408511424417,140.0,0.0,azimuth_elevation
G2458,696.909,188.683,0.0,12.305,9.752,3.8609938052156747,1.0453357528020288,140.0,0.0,azimuth_elevation
G2459,704.579,157.646,0.0,12.305,9.752,3.9034854064438034,0.8733851851733302,140.0,0.0,azimuth_elevation
G2460,710.867,126.3,0.0,12.305,9.752,3.938322909818952,0.6997232724407431,140.0,0.0,azimuth_elevation
G2461,715.762,94.706,0.0,12.305,9.752,3.9654386666609014,0.5246867455450098,140.0,0.0,azimuth_elevation
G2462,719.253,62.926,0.0,12.305,9.752,3.9847790250386597,0.3486203115309671,140.0,0.0,azimuth_elevation
G2463,0.0,753.0,0.0,12.305,9.752,0.0,4.0,140.0,0.0,azimuth_elevation
G2464,-33.283,752.264,0.0,12.305,9.752,-0.17680214295281213,3.9960907149672282,140.0,0.0,azimuth_elevation
G2465,-66.501,750.058,0.0,12.305,9.752,-0.3532588437865802,3.9843704884569364,140.0,0.0,azimuth_elevation
G2466,-99.589,746.385,0.0,12.305,9.752,-0.5290254483276234,3.9648621760436717,140.0,0.0,azimuth_elevation
G2467,-132.482,741.254,0.0,12.305,9.752,-0.7037556609454205,3.937604343974553,140.0,0.0,azimuth_elevation
G2468,-165.117,734.674,0.0,12.305,9.752,-0.877115143412253,3.9026489754007985,140.0,0.0,azimuth_elevation
G2469,-197.428,726.657,0.0,12.305,9.752,-1.04875504590153,3.8600664312542703,140.0,0.0,azimuth_elevation
G2470,-229.354,717.221,0.0,12.305,9.752,-1.2183477050384124,3.8099381713654665,140.0,0.0,azimuth_elevation
G2471,-260.832,706.382,0.0,12.305,9.752,-1.3855619214179085,3.752361677919216,140.0,0.0,azimuth_elevation
G2472,-291.799,694.163,0.0,12.305,9.752,-1.5500611888003295,3.687453092715202,140.0,0.0,azimuth_elevation
G2473,-322.196,680.587,0.0,12.305,9.752,-1.7115326467195056,3.6153362221532483,140.0,0.0,azimuth_elevation
G2474,-351.964,665.68,0.0,12.305,9.752,-1.8696634744836818,3.5361502360874897,140.0,0.0,azimuth_elevation
G2475,-381.043,649.473,0.0,12.305,9.752,-2.024132899263824,3.450055942462068,140.0,0.0,azimuth_elevation
G2476,-409.378,631.996,0.0,12.305,9.752,-2.174650172567231,3.3572156062656022,140.0,0.0,azimuth_elevation
G2477,-436.913,613.283,0.0,12.305,9.752,-2.3209189750307337,3.257811398982803,140.0,0.0,azimuth_elevation
G2478,-463.593,593.372,0.0,12.305,9.752,-2.462645852577249,3.15204305249533,140.0,0.0,azimuth_elevation
G2479,-489.367,572.301,0.0,12.305,9.752,-2.5995602539151474,3.0401129068283983,140.0,0.0,azimuth_elevation
G2480,-514.185,550.111,0.0,12.305,9.752,-2.731396044392715,2.922238123198695,140.0,0.0,azimuth_elevation
G2481,-537.998,526.846,0.0,12.305,9.752,-2.857892221908828,2.7986518268539626,140.0,0.0,azimuth_elevation
G2482,-560.759,502.552,0.0,12.305,9.752,-2.9787990254329686,2.6695985402452553,140.0,0.0,azimuth_elevation
G2483,-582.424,477.275,0.0,12.305,9.752,-3.0938854043952895,2.535325049075522,140.0,0.0,azimuth_elevation
G2484,-602.951,451.065,0.0,12.305,9.752,-3.202925426236447,2.396094471002358,140.0,0.0,azimuth_elevation
G2485,-622.299,423.973,0.0,12.305,9.752,-3.3057047416483516,2.2521803127288917,140.0,0.0,azimuth_elevation
G2486,-640.43,396.053,0.0,12.305,9.752,-3.4020199011576095,2.103868007296933,140.0,0.0,azimuth_elevation
G2487,-657.31,367.358,0.0,12.305,9.752,-3.491688630656765,1.9514380611595867,140.0,0.0,azimuth_elevation
G2488,-672.905,337.946,0.0,12.305,9.752,-3.574529693700499,1.7951984483208014,140.0,0.0,azimuth_elevation
G2489,-687.185,307.873,0.0,12.305,9.752,-3.6503850992706313,1.6354475311127965,140.0,0.0,azimuth_elevation
G2490,-700.122,277.198,0.0,12.305,9.752,-3.7191057787808064,1.4724986269057136,140.0,0.0,azimuth_elevation
G2491,-711.69,245.981,0.0,12.305,9.752,-3.7805567405859923,1.306671623327689,140.0,0.0,azimuth_elevation
G2492,-721.867,214.284,0.0,12.305,9.752,-3.834616834632956,1.1382942201160164,140.0,0.0,azimuth_elevation
G2493,-730.633,182.167,0.0,12.305,9.752,-3.881183237663232,0.9676862485754105,140.0,0.0,azimuth_elevation
G2494,33.283,752.264,0.0,12.305,9.752,0.17680214295281213,3.9960907149672282,140.0,0.0,azimuth_elevation
G2495,66.501,750.058,0.0,12.305,9.752,0.3532588437865802,3.9843704884569364,140.0,0.0,azimuth_elevation
G2496,99.589,746.385,0.0,12.305,9.752,0.5290254483276234,3.9648621760436717,140.0,0.0,azimuth_elevation
G2497,132.482,741.254,0.0,12.305,9.752,0.7037556609454205,3.937604343974553,140.0,0.0,azimuth_elevation
G2498,165.117,734.674,0.0,12.305,9.752,0.877115143412253,3.9026489754007985,140.0,0.0,azimuth_elevation
G2499,197.428,726.657,0.0,12.305,9.752,1.04875504590153,3.8600664312542703,140.0,0.0,azimuth_elevation
G2500,229.354,717.221,0.0,12.305,9.752,1.2183477050384124,3.8099381713654665,140.0,0.0,azimuth_elevation
G2501,260.832,706.382,0.0,12.305,9.752,1.3855619214179085,3.752361677919216,140.0,0.0,azimuth_elevation
G2502,291.799,694.163,0.0,12.305,9.752,1.5500611888003295,3.687453092715202,140.0,0.0,azimuth_elevation
G2503,322.196,680.587,0.0,12.305,9.752,1.7115326467195056,3.6153362221532483,140.0,0.0,azimuth_elevation
G2504,351.964,665.68,0.0,12.305,9.752,1.8696634744836818,3.5361502360874897,140.0,0.0,azimuth_elevation
G2505,381.043,649.473,0.0,12.305,9.752,2.024132899263824,3.450055942462068,140.0,0.0,azimuth_elevation
G2506,409.378,631.996,0.0,12.305,9.752,2.174650172567231,3.3572156062656022,140.0,0.0,azimuth_elevation
G2507,436.913,613.283,0.0,12.305,9.752,2.3209189750307337,3.257811398982803,140.0,0.0,azimuth_elevation
G2508,463.593,593.372,0.0,12.305,9.752,2.462645852577249,3.15204305249533,140.0,0.0,azimuth_elevation
G2509,489.367,572.301,0.0,12.305,9.752,2.5995602539151474,3.0401129068283983,140.0,0.0,azimuth_elevation
G2510,514.185,550.111,0.0,12.305,9.752,2.731396044392715,2.922238123198695,140.0,0.0,azimuth_elevation
G2511,537.998,526.846,0.0,12.305,9.752,2.857892221908828,2.7986518268539626,140.0,0.0,azimuth_elevation
G2512,560.759,502.552,0.0,12.305,9.752,2.9787990254329686,2.6695985402452553,140.0,0.0,azimuth_elevation
G2513,582.424,477.275,0.0,12.305,9.752,3.0938854043952895,2.535325049075522,140.0,0.0,azimuth_elevation
G2514,602.951,451.065,0.0,12.305,9.752,3.202925426236447,2.396094471002358,140.0,0.0,azimuth_elevation
G2515,622.299,423.973,0.0,12.305,9.752,3.3057047416483516,2.2521803127288917,140.0,0.0,azimuth_elevation
G2516,640.43,396.053,0.0,12.305,9.752,3.4020199011576095,2.103868007296933,140.0,0.0,azimuth_elevation
G2517,657.31,367.358,0.0,12.305,9.752,3.491688630656765,1.9514380611595867,140.0,0.0,azimuth_elevation
G2518,672.905,337.946,0.0,12.305,9.752,3.574529693700499,1.7951984483208014,140.0,0.0,azimuth_elevation
G2519,687.185,307.873,0.0,12.305,9.752,3.6503850992706313,1.6354475311127965,140.0,0.0,azimuth_elevation
G2520,700.122,277.198,0.0,12.305,9.752,3.7191057787808064,1.4724986269057136,140.0,0.0,azimuth_elevation
G2521,711.69,245.981,0.0,12.305,9.752,3.7805567405859923,1.306671623327689,140.0,0.0,azimuth_elevation
G2522,721.867,214.284,0.0,12.305,9.752,3.834616834632956,1.1382942201160164,140.0,0.0,azimuth_elevation
G2523,730.633,182.167,0.0,12.305,9.752,3.881183237663232,0.9676862485754105,140.0,0.0,azimuth_elevation
G2524,-17.214,785.811,0.0,12.305,9.752,-0.08760310664415295,3.9990405969064997,140.0,0.0,azimuth_elevation
G2525,-51.608,784.304,0.0,12.305,9.752,-0.26263610041468094,3.9913684719352798,140.0,0.0,azimuth_elevation
G2526,-85.904,781.292,0.0,12.305,9.752,-0.4371702405741188,3.9760385034298107,140.0,0.0,azimuth_elevation
G2527,-120.034,776.78,0.0,12.305,9.752,-0.6108603823493429,3.9530810253871618,140.0,0.0,azimuth_elevation
G2528,-153.935,770.779,0.0,12.305,9.752,-0.7833840647389401,3.9225386431637737,140.0,0.0,azimuth_elevation
G2529,-187.54,763.299,0.0,12.305,9.752,-0.9544015605816741,3.884471348994515,140.0,0.0,azimuth_elevation
G2530,-220.785,754.354,0.0,12.305,9.752,-1.1235878103200816,3.838951736151436,140.0,0.0,azimuth_elevation
G2531,-253.606,743.962,0.0,12.305,9.752,-1.2906163394189636,3.7860678103310295,140.0,0.0,azimuth_elevation
G2532,-285.941,732.143,0.0,12.305,9.752,-1.4551709216517477,3.7259196970384645,140.0,0.0,azimuth_elevation
G2533,-317.728,718.919,0.0,12.305,9.752,-1.616936896422329,3.658622018327136,140.0,0.0,azimuth_elevation
G2534,-348.905,704.316,0.0,12.305,9.752,-1.7755983568602751,3.584306135797428,140.0,0.0,azimuth_elevation
G2535,-379.412,688.362,0.0,12.305,9.752,-1.9308503278483933,3.503115329452879,140.0,0.0,azimuth_elevation
G2536,-409.192,671.087,0.0,12.305,9.752,-2.08240228095445,3.4152014201618774,140.0,0.0,azimuth_elevation
G2537,-438.187,652.525,0.0,12.305,9.752,-2.2299579834170276,3.3207359714669673,140.0,0.0,azimuth_elevation
G2538,-466.341,632.71,0.0,12.305,9.752,-2.3732368863428492,3.2198985513990497,140.0,0.0,azimuth_elevation
G2539,-493.6,611.682,0.0,12.305,9.752,-2.5119596349228908,3.112885926679302,140.0,0.0,azimuth_elevation
G2540,-519.912,589.481,0.0,12.305,9.752,-2.6458618735528026,2.9999024894285564,140.0,0.0,azimuth_elevation
G2541,-545.227,566.148,0.0,12.305,9.752,-2.774692023407056,2.881160213393427,140.0,0.0,azimuth_elevation
G2542,-569.496,541.729,0.0,12.305,9.752,-2.8981984651737207,2.7568905775283667,140.0,0.0,azimuth_elevation
G2543,-592.672,516.271,0.0,12.305,9.752,-3.0161428719405525,2.6273336628685358,140.0,0.0,azimuth_elevation
G2544,-614.711,489.823,0.0,12.305,9.752,-3.128299786445548,2.4927375405615284,140.0,0.0,azimuth_elevation
G2545,-635.571,462.434,0.0,12.305,9.752,-3.2344587995500755,2.353354260202463,140.0,0.0,azimuth_elevation
G2546,-655.211,434.159,0.0,12.305,9.752,-3.33440849612176,2.209461468546357,140.0,0.0,azimuth_elevation
G2547,-673.595,405.05,0.0,12.305,9.752,-3.4279651353058846,2.0613236114514635,140.0,0.0,azimuth_elevation
G2548,-690.686,375.165,0.0,12.305,9.752,-3.5149416811576826,1.909236752752368,140.0,0.0,azimuth_elevation
G2549,-706.452,344.56,0.0,12.305,9.752,-3.5951755087854864,1.7534859740040756,140.0,0.0,azimuth_elevation
G2550,17.214,785.811,0.0,12.305,9.752,0.08760310664415295,3.9990405969064997,140.0,0.0,azimuth_elevation
G2551,51.608,784.304,0.0,12.305,9.752,0.26263610041468094,3.9913684719352798,140.0,0.0,azimuth_elevation
G2552,85.904,781.292,0.0,12.305,9.752,0.4371702405741188,3.9760385034298107,140.0,0.0,azimuth_elevation
G2553,120.034,776.78,0.0,12.305,9.752,0.6108603823493429,3.9530810253871618,140.0,0.0,azimuth_elevation
G2554,153.935,770.779,0.0,12.305,9.752,0.7833840647389401,3.9225386431637737,140.0,0.0,azimuth_elevation
G2555,187.54,763.299,0.0,12.305,9.752,0.9544015605816741,3.884471348994515,140.0,0.0,azimuth_elevation
G2556,220.785,754.354,0.0,12.305,9.752,1.1235878103200816,3.838951736151436,140.0,0.0,azimuth_elevation
G2557,253.606,743.962,0.0,12.305,9.752,1.2906163394189636,3.7860678103310295,140.0,0.0,azimuth_elevation
G2558,285.941,732.143,0.0,12.305,9.752,1.4551709216517477,3.7259196970384645,140.0,0.0,azimuth_elevation
G2559,317.728,718.919,0.0,12.305,9.752,1.616936896422329,3.658622018327136,140.0,0.0,azimuth_elevation
G2560,348.905,704.316,0.0,12.305,9.752,1.7755983568602751,3.584306135797428,140.0,0.0,azimuth_elevation
G2561,379.412,688.362,0.0,12.305,9.752,1.9308503278483933,3.503115329452879,140.0,0.0,azimuth_elevation
G2562,409.192,671.087,0.0,12.305,9.752,2.08240228095445,3.4152014201618774,140.0,0.0,azimuth_elevation
G2563,438.187,652.525,0.0,12.305,9.752,2.2299579834170276,3.3207359714669673,140.0,0.0,azimuth_elevation
G2564,466.341,632.71,0.0,12.305,9.752,2.3732368863428492,3.2198985513990497,140.0,0.0,azimuth_elevation
G2565,493.6,611.682,0.0,12.305,9.752,2.5119596349228908,3.112885926679302,140.0,0.0,azimuth_elevation
G2566,519.912,589.481,0.0,12.305,9.752,2.6458618735528026,2.9999024894285564,140.0,0.0,azimuth_elevation
G2567,545.227,566.148,0.0,12.305,9.752,2.774692023407056,2.881160213393427,140.0,0.0,azimuth_elevation
G2568,569.496,541.729,0.0,12.305,9.752,2.8981984651737207,2.7568905775283667,140.0,0.0,azimuth_elevation
G2569,592.672,516.271,0.0,12.305,9.752,3.0161428719405525,2.6273336628685358,140.0,0.0,azimuth_elevation
G2570,614.711,489.823,0.0,12.305,9.752,3.128299786445548,2.4927375405615284,140.0,0.0,azimuth_elevation
G2571,635.571,462.434,0.0,12.305,9.752,3.2344587995500755,2.353354260202463,140.0,0.0,azimuth_elevation
G2572,655.211,434.159,0.0,12.305,9.752,3.33440849612176,2.209461468546357,140.0,0.0,azimuth_elevation
G2573,673.595,405.05,0.0,12.305,9.752,3.4279651353058846,2.0613236114514635,140.0,0.0,azimuth_elevation
G2574,690.686,375.165,0.0,12.305,9.752,3.5149416811576826,1.909236752752368,140.0,0.0,azimuth_elevation
G2575,706.452,344.56,0.0,12.305,9.752,3.5951755087854864,1.7534859740040756,140.0,0.0,azimuth_elevation
G2576,0.0,820.0,0.0,12.305,9.752,0.0,4.0,140.0,0.0,azimuth_elevation
G2577,-36.108,819.205,0.0,12.305,9.752,-0.1761365042014954,3.9961201097924572,140.0,0.0,azimuth_elevation
G2578,-72.147,816.82,0.0,12.305,9.752,-0.3519365586699174,3.984487502637143,140.0,0.0,azimuth_elevation
G2579,-108.045,812.851,0.0,12.305,9.752,-0.5270485961987582,3.965125442813243,140.0,0.0,azimuth_elevation
G2580,-143.734,807.305,0.0,12.305,9.752,-0.701141032875695,3.938070752540894,140.0,0.0,azimuth_elevation
G2581,-179.143,800.192,0.0,12.305,9.752,-0.8738686492269969,3.9033772023592834,140.0,0.0,azimuth_elevation
G2582,-214.206,791.528,0.0,12.305,9.752,-1.044906706959098,3.8611099406455516,140.0,0.0,azimuth_elevation
G2583,-248.853,781.327,0.0,12.305,9.752,-1.213917347098325,3.811352079566222,140.0,0.0,azimuth_elevation
G2584,-283.017,769.611,0.0,12.305,9.752,-1.380571025715183,3.7542007994985735,140.0,0.0,azimuth_elevation
G2585,-316.632,756.402,0.0,12.305,9.752,-1.5445465608009865,3.6897663776339344,140.0,0.0,azimuth_elevation
G2586,-349.632,741.726,0.0,12.305,9.752,-1.7055219581948027,3.6181756245538113,140.0,0.0,azimuth_elevation
G2587,-381.955,725.611,0.0,12.305,9.752,-1.8631938121934872,3.539563365473756,140.0,0.0,azimuth_elevation
G2588,-413.536,708.087,0.0,12.305,9.752,-2.0172499462195046,3.4540849228815156,140.0,0.0,azimuth_elevation
G2589,-444.315,689.191,0.0,12.305,9.752,-2.167390157345439,3.3619071828118803,140.0,0.0,azimuth_elevation
G2590,-474.233,668.957,0.0,12.305,9.752,-2.313331008676764,3.2632038925409703,140.0,0.0,azimuth_elevation
G2591,-503.23,647.426,0.0,12.305,9.752,-2.4547789209379545,3.1581735939176445,140.0,0.0,azimuth_elevation
G2592,-531.251,624.638,0.0,12.305,9.752,-2.5914677992769857,3.047014054006069,140.0,0.0,azimuth_elevation
G2593,-558.241,600.639,0.0,12.305,9.752,-2.723126378919763,2.9299458569112398,140.0,0.0,azimuth_elevation
G2594,-584.148,575.474,0.0,12.305,9.752,-2.849504111731258,2.8071918917713217,140.0,0.0,azimuth_elevation
G2595,-608.923,549.193,0.0,12.305,9.752,-2.9703557194679364,2.6789899028970074,140.0,0.0,azimuth_elevation
G2596,-632.515,521.847,0.0,12.305,9.752,-3.0854401334005974,2.5455960369235537,140.0,0.0,azimuth_elevation
G2597,-654.881,493.488,0.0,12.305,9.752,-3.194542579164886,2.4072593773630953,140.0,0.0,azimuth_elevation
G2598,36.108,819.205,0.0,12.305,9.752,0.1761365042014954,3.9961201097924572,140.0,0.0,azimuth_elevation
G2599,72.147,816.82,0.0,12.305,9.752,0.3519365586699174,3.984487502637143,140.0,0.0,azimuth_elevation
G2600,108.045,812.851,0.0,12.305,9.752,0.5270485961987582,3.965125442813243,140.0,0.0,azimuth_elevation
G2601,143.734,807.305,0.0,12.305,9.752,0.701141032875695,3.938070752540894,140.0,0.0,azimuth_elevation
G2602,179.143,800.192,0.0,12.305,9.752,0.8738686492269969,3.9033772023592834,140.0,0.0,azimuth_elevation
G2603,214.206,791.528,0.0,12.305,9.752,1.044906706959098,3.8611099406455516,140.0,0.0,azimuth_elevation
G2604,248.853,781.327,0.0,12.305,9.752,1.213917347098325,3.811352079566222,140.0,0.0,azimuth_elevation
G2605,283.017,769.611,0.0,12.305,9.752,1.380571025715183,3.7542007994985735,140.0,0.0,azimuth_elevation
G2606,316.632,756.402,0.0,12.305,9.752,1.5445465608009865,3.6897663776339344,140.0,0.0,azimuth_elevation
G2607,349.632,741.726,0.0,12.305,9.752,1.7055219581948027,3.6181756245538113,140.0,0.0,azimuth_elevation
G2608,381.955,725.611,0.0,12.305,9.752,1.8631938121934872,3.539563365473756,140.0,0.0,azimuth_elevation
G2609,413.536,708.087,0.0,12.305,9.752,2.0172499462195046,3.4540849228815156,140.0,0.0,azimuth_elevation
G2610,444.315,689.191,0.0,12.305,9.752,2.167390157345439,3.3619071828118803,140.0,0.0,azimuth_elevation
G2611,474.233,668.957,0.0,12.305,9.752,2.313331008676764,3.2632038925409703,140.0,0.0,azimuth_elevation
G2612,503.23,647.426,0.0,12.305,9.752,2.4547789209379545,3.1581735939176445,140.0,0.0,azimuth_elevation
G2613,531.251,624.638,0.0,12.305,9.752,2.5914677992769857,3.047014054006069,140.0,0.0,azimuth_elevation
G2614,558.241,600.639,0.0,12.305,9.752,2.723126378919763,2.9299458569112398,140.0,0.0,azimuth_elevation
G2615,584.148,575.474,0.0,12.305,9.752,2.849504111731258,2.8071918917713217,140.0,0.0,azimuth_elevation
G2616,608.923,549.193,0.0,12.305,9.752,2.9703557194679364,2.6789899028970074,140.0,0.0,azimuth_elevation
G2617,632.515,521.847,0.0,12.305,9.752,3.0854401334005974,2.5455960369235537,140.0,0.0,azimuth_elevation
G2618,654.881,493.488,0.0,12.305,9.752,3.194542579164886,2.4072593773630953,140.0,0.0,azimuth_elevation
G2619,-18.816,856.793,0.0,12.305,9.752,-0.08782267975277627,3.9990357809003214,140.0,0.0,azimuth_elevation
G2620,-56.412,855.141,0.0,12.305,9.752,-0.26329998304412955,3.991324732332482,140.0,0.0,azimuth_elevation
G2621,-93.898,851.84,0.0,12.305,9.752,-0.43826394333998236,3.975918097240949,140.0,0.0,azimuth_elevation
G2622,-131.204,846.897,0.0,12.305,9.752,-0.6123873903016002,3.9528447584239372,140.0,0.0,azimuth_elevation
G2623,-168.257,840.321,0.0,12.305,9.752,-0.7853297934099763,3.9221495529342896,140.0,0.0,azimuth_elevation
G2624,-204.985,832.124,0.0,12.305,9.752,-0.9567559947096721,3.8838921157245223,140.0,0.0,azimuth_elevation
G2625,-241.319,822.323,0.0,12.305,9.752,-1.126342308716399,3.838144474038909,140.0,0.0,azimuth_elevation
G2626,-277.186,810.936,0.0,12.305,9.752,-1.2937500497769379,3.7849981253234684,140.0,0.0,azimuth_elevation
G2627,-312.52,797.985,0.0,12.305,9.752,-1.458669966352764,3.7245512386407604,140.0,0.0,azimuth_elevation
G2628,-347.25,783.496,0.0,12.305,9.752,-1.6207706309323073,3.656925287985426,140.0,0.0,azimuth_elevation
G2629,-381.312,767.496,0.0,12.305,9.752,-1.7797526843709857,3.5822451594599536,140.0,0.0,azimuth_elevation
G2630,-414.638,750.016,0.0,12.305,9.752,-1.9353003163822708,3.5006588930386635,140.0,0.0,azimuth_elevation
G2631,-447.164,731.091,0.0,12.305,9.752,-2.087112200617175,3.4123251108349764,140.0,0.0,azimuth_elevation
G2632,-478.828,710.755,0.0,12.305,9.752,-2.2349032667526947,3.317409740785442,140.0,0.0,azimuth_elevation
G2633,-509.569,689.049,0.0,12.305,9.752,-2.378384918190416,3.216097818929699,140.0,0.0,azimuth_elevation
G2634,-539.328,666.014,0.0,12.305,9.752,-2.5172829649694486,3.108582711506101,140.0,0.0,azimuth_elevation
G2635,18.816,856.793,0.0,12.305,9.752,0.08782267975277627,3.9990357809003214,140.0,0.0,azimuth_elevation
G2636,56.412,855.141,0.0,12.305,9.752,0.26329998304412955,3.991324732332482,140.0,0.0,azimuth_elevation
G2637,93.898,851.84,0.0,12.305,9.752,0.43826394333998236,3.975918097240949,140.0,0.0,azimuth_elevation
G2638,131.204,846.897,0.0,12.305,9.752,0.6123873903016002,3.9528447584239372,140.0,0.0,azimuth_elevation
G2639,168.257,840.321,0.0,12.305,9.752,0.7853297934099763,3.9221495529342896,140.0,0.0,azimuth_elevation
G2640,204.985,832.124,0.0,12.305,9.752,0.9567559947096721,3.8838921157245223,140.0,0.0,azimuth_elevation
G2641,241.319,822.323,0.0,12.305,9.752,1.126342308716399,3.838144474038909,140.0,0.0,azimuth_elevation
G2642,277.186,810.936,0.0,12.305,9.752,1.2937500497769379,3.7849981253234684,140.0,0.0,azimuth_elevation
G2643,312.52,797.985,0.0,12.305,9.752,1.458669966352764,3.7245512386407604,140.0,0.0,azimuth_elevation
G2644,347.25,783.496,0.0,12.305,9.752,1.6207706309323073,3.656925287985426,140.0,0.0,azimuth_elevation
G2645,381.312,767.496,0.0,12.305,9.752,1.7797526843709857,3.5822451594599536,140.0,0.0,azimuth_elevation
G2646,414.638,750.016,0.0,12.305,9.752,1.9353003163822708,3.5006588930386635,140.0,0.0,azimuth_elevation
G2647,447.164,731.091,0.0,12.305,9.752,2.087112200617175,3.4123251108349764,140.0,0.0,azimuth_elevation
G2648,478.828,710.755,0.0,12.305,9.752,2.2349032667526947,3.317409740785442,140.0,0.0,azimuth_elevation
G2649,509.569,689.049,0.0,12.305,9.752,2.378384918190416,3.216097818929699,140.0,0.0,azimuth_elevation
G2650,539.328,666.014,0.0,12.305,9.752,2.5172829649694486,3.108582711506101,140.0,0.0,azimuth_elevation
