incident_normal_wh,receiver_incident_wh,timestamp,duration_hours,dni_w_m2
14760008.337196529,2087901.5585159122,2025-01-01T08:00:00+00:00,1.0,197.11549595615332
51477773.8330747,18905420.795531128,2025-01-01T09:00:00+00:00,1.0,687.4702702066679
62918884.179609105,30383786.522097737,2025-01-01T10:00:00+00:00,1.0,840.262876330239
67478718.01686797,36196089.7032975,2025-01-01T11:00:00+00:00,1.0,901.1580931739774
69224067.78936476,38658593.014477745,2025-01-01T12:00:00+00:00,1.0,924.4667172724954
69189778.463874,38618493.95208228,2025-01-01T13:00:00+00:00,1.0,924.0087935880704
67357928.83651736,36050191.113962926,2025-01-01T14:00:00+00:00,1.0,899.5449898039105
62630222.20784718,30041591.2932234,2025-01-01T15:00:00+00:00,1.0,836.4078820492321
50689223.17697695,18215547.44214172,2025-01-01T16:00:00+00:00,1.0,676.9394120856946
12355907.83167449,1574340.679929769,2025-01-01T17:00:00+00:00,1.0,165.00945288027003
14555265.04105029,2050657.2618805123,2025-01-02T08:00:00+00:00,1.0,194.381210484115
51373885.08132898,18866354.80621337,2025-01-02T09:00:00+00:00,1.0,686.0828670049326
62862620.54813588,30371423.649480596,2025-01-02T10:00:00+00:00,1.0,839.5114923629201
67443733.39117703,36202884.7482005,2025-01-02T11:00:00+00:00,1.0,900.6908839633686
69202769.01213671,38681207.08671402,2025-01-02T12:00:00+00:00,1.0,924.1822784740481
69181529.45130841,38659737.49307315,2025-01-02T13:00:00+00:00,1.0,923.8986304929143
67368940.94856668,36119952.68622113,2025-01-02T14:00:00+00:00,1.0,899.6920532661072
62684054.56933873,30163366.280077714,2025-01-02T15:00:00+00:00,1.0,837.1267971332715
50887211.93542232,18423060.786586735,2025-01-02T16:00:00+00:00,1.0,679.5834927273229
13063211.051563263,1721303.6854491024,2025-01-02T17:00:00+00:00,1.0,174.4552757954485
14386098.599753166,2021246.625824011,2025-01-03T08:00:00+00:00,1.0,192.12204326593675
51283276.80778343,18838202.642275773,2025-01-03T09:00:00+00:00,1.0,684.8728206167717
62812600.79032523,30366488.772187084,2025-01-03T10:00:00+00:00,1.0,838.843493460531
67412704.95824175,36215486.99795979,2025-01-03T11:00:00+00:00,1.0,900.2765085235359
69184556.67873698,38708539.252048135,2025-01-03T12:00:00+00:00,1.0,923.9390582096181
69176161.74099472,38705289.66104846,2025-01-03T13:00:00+00:00,1.0,923.8269463273787
67383149.57019617,36193861.1552164,2025-01-03T14:00:00+00:00,1.0,899.8818051575282
62742090.75237617,30289083.53822868,2025-01-03T15:00:00+00:00,1.0,837.9018529964853
51091525.46416275,18636848.675422993,2025-01-03T16:00:00+00:00,1.0,682.3120387842217
13794913.891195355,1878726.6335872868,2025-01-03T17:00:00+00:00,1.0,184.22694833327202
14252488.445435544,1999657.037042721,2025-01-04T08:00:00+00:00,1.0,190.33771962387303
51206070.294373855,18821244.91425623,2025-01-04T09:00:00+00:00,1.0,683.8417507261395
62768841.83459794,30368867.887719348,2025-01-04T10:00:00+00:00,1.0,838.2591056970862
67385612.92404401,36233798.651141204,2025-01-04T11:00:00+00:00,1.0,899.9147025112774
69169386.95884772,38740613.5491691,2025-01-04T12:00:00+00:00,1.0,923.7364711384565
69173603.45839894,38755114.90202673,2025-01-04T13:00:00+00:00,1.0,923.7927812286096
67400434.34675159,36271784.81106545,2025-01-04T14:00:00+00:00,1.0,900.1126381777642
62804098.19508964,30415596.900658432,2025-01-04T15:00:00+00:00,1.0,838.7299438446892
51301570.73935881,18856958.882861692,2025-01-04T16:00:00+00:00,1.0,685.1171306004064
14548924.664973479,2046924.0197365633,2025-01-04T17:00:00+00:00,1.0,194.2965366582976
14154378.5843642,1985783.9775988087,2025-01-05T08:00:00+00:00,1.0,189.02749177836722
51142342.7770467,18815638.612219308,2025-01-05T09:00:00+00:00,1.0,682.9906887960235
62731342.91821066,30378648.435010854,2025-01-05T10:00:00+00:00,1.0,837.7583188863676
67362427.51189898,36257781.6253818,2025-01-05T11:00:00+00:00,1.0,899.6050682678795
69157209.1817896,38777423.0871454,2025-01-05T12:00:00+00:00,1.0,923.5738405687723
69173777.52956757,38809251.71439786,2025-01-05T13:00:00+00:00,1.0,923.7951058969956
67420671.08057982,36354044.07061282,2025-01-05T14:00:00+00:00,1.0,900.3828937043294
62869843.50967429,30544581.787303884,2025-01-05T15:00:00+00:00,1.0,839.6079528535657
51516769.556099504,19082803.994281426,2025-01-05T16:00:00+00:00,1.0,687.9910464222631
15323035.746378323,2226588.3767828494,2025-01-05T17:00:00+00:00,1.0,204.63455857877256
14091678.042430745,1979502.5185453307,2025-01-06T08:00:00+00:00,1.0,188.19014479742228
51092124.71211111,18821312.579243284,2025-01-06T09:00:00+00:00,1.0,682.320041561311
62700084.68294349,30395914.028958607,2025-01-06T10:00:00+00:00,1.0,837.3408745051325
67343108.63662378,36287405.70305061,2025-01-06T11:00:00+00:00,1.0,899.347070467738
69147965.79366036,38818907.88392377,2025-01-06T12:00:00+00:00,1.0,923.4503978854351
69176601.86177458,38867634.68458278,2025-01-06T13:00:00+00:00,1.0,923.8328240087517
67443732.19524626,36440639.961429246,2025-01-06T14:00:00+00:00,1.0,900.6908679920796
62939093.46230394,30678426.957613744,2025-01-06T15:00:00+00:00,1.0,840.5327652551366
51736560.690032616,19313166.18577214,2025-01-06T16:00:00+00:00,1.0,690.9262912664698
16114959.794333909,2417030.063855891,2025-01-06T17:00:00+00:00,1.0,215.21046733886453
14064261.947659822,1980910.6984551805,2025-01-07T08:00:00+00:00,1.0,187.82401105315162
51055398.31446871,18838177.244559087,2025-01-07T09:00:00+00:00,1.0,681.8295715073303
62675028.79801824,30420602.902061976,2025-01-07T10:00:00+00:00,1.0,837.0062606572859
67327605.8662125,36322530.37639757,2025-01-07T11:00:00+00:00,1.0,899.140035606456
69141592.49942344,38864871.89739997,2025-01-07T12:00:00+00:00,1.0,923.3652844474201
69181989.64606547,38929965.04041404,2025-01-07T13:00:00+00:00,1.0,923.9047762562114
67469487.26066929,36531371.9094667,2025-01-07T14:00:00+00:00,1.0,901.0348191862795
63011615.91685333,30817045.17031187,2025-01-07T15:00:00+00:00,1.0,841.5012809408865
51960401.65485435,19547220.00980293,2025-01-07T16:00:00+00:00,1.0,693.9156203906805
16922364.903932437,2618450.325412852,2025-01-07T17:00:00+00:00,1.0,225.99312104610345
14071973.779395018,1989974.8040260298,2025-01-08T08:00:00+00:00,1.0,187.92700025901343
51032097.69563056,18866125.21519874,2025-01-08T09:00:00+00:00,1.0,681.5183987130223
62656118.23299945,30452634.015353832,2025-01-08T10:00:00+00:00,1.0,836.7537157184771
67315858.74534498,36363089.097315304,2025-01-08T11:00:00+00:00,1.0,898.9831563213726
69138018.63601881,38915197.675408185,2025-01-08T12:00:00+00:00,1.0,923.3175565707536
69189849.81532538,38996115.94619891,2025-01-08T13:00:00+00:00,1.0,924.0097464653609
67497803.61020626,36626132.9788195,2025-01-08T14:00:00+00:00,1.0,901.4129755636386
63087180.75825023,30960146.953104515,2025-01-08T15:00:00+00:00,1.0,842.5104267928645
52187770.108446196,19784899.99522525,2025-01-08T16:00:00+00:00,1.0,696.9520580721938
17742907.54536811,2831196.1933365427,2025-01-08T17:00:00+00:00,1.0,236.95122256100535
14114628.804148402,2006546.297059355,2025-01-09T08:00:00+00:00,1.0,188.49664535454764
51022110.60949769,18904971.203161716,2025-01-09T09:00:00+00:00,1.0,681.3850241653024
62643278.19578212,30492043.984976254,2025-01-09T10:00:00+00:00,1.0,836.5822408624828
67307797.47912972,36409086.10261928,2025-01-09T11:00:00+00:00,1.0,898.8755005225713
69137167.77393436,38969793.471936315,2025-01-09T12:00:00+00:00,1.0,923.3061935621537
69200087.6537971,39066167.09407178,2025-01-09T13:00:00+00:00,1.0,924.1464697355367
67528547.04314353,36724843.37521062,2025-01-09T14:00:00+00:00,1.0,901.8235449137708
63165560.80213574,31107531.61123373,2025-01-09T15:00:00+00:00,1.0,843.5571688319542
52418164.93933049,20026248.454261985,2025-01-09T16:00:00+00:00,1.0,700.0289121171212
18574262.485207193,3055029.609097335,2025-01-09T17:00:00+00:00,1.0,248.05371908663378
14192018.253417945,2030768.7004707255,2025-01-10T08:00:00+00:00,1.0,189.53015829885138
51025281.62581522,18954988.448837735,2025-01-10T09:00:00+00:00,1.0,681.4273721396211
62636417.63789974,30538614.889627796,2025-01-10T10:00:00+00:00,1.0,836.4906201642518
67303343.92235145,36460529.528239176,2025-01-10T11:00:00+00:00,1.0,898.8160246040405
69138958.50822486,39028455.3408843,2025-01-10T12:00:00+00:00,1.0,923.3301082829275
69212605.52716681,39139787.92503956,2025-01-10T13:00:00+00:00,1.0,924.3136421897341
67561582.58740714,36827284.17536432,2025-01-10T14:00:00+00:00,1.0,902.2647247249911
63246532.675020985,31258894.43294856,2025-01-10T15:00:00+00:00,1.0,844.6385239719579
52651107.06079397,20271889.692904335,2025-01-10T16:00:00+00:00,1.0,703.1397844657379
19414149.23202569,3288891.396585856,2025-01-10T17:00:00+00:00,1.0,259.27015534222465
14303913.339517863,2062824.0066876553,2025-01-11T08:00:00+00:00,1.0,191.02448370082644
51041416.29329326,19015777.794745076,2025-01-11T09:00:00+00:00,1.0,681.6428457971928
62635431.13853653,30592059.60042751,2025-01-11T10:00:00+00:00,1.0,836.4774457603753
67302412.75893216,36517275.0115351,2025-01-11T11:00:00+00:00,1.0,898.803589195151
69143305.35374472,39090977.49242881,2025-01-11T12:00:00+00:00,1.0,923.3881591044966
69227303.6643791,39216697.936856635,2025-01-11T13:00:00+00:00,1.0,924.509931415319
67596775.26524453,36933124.1703565,2025-01-11T14:00:00+00:00,1.0,902.7347124097735
63329877.60778036,31413924.159665205,2025-01-11T15:00:00+00:00,1.0,845.7515706167275
52886139.89668781,20521723.418972984,2025-01-11T16:00:00+00:00,1.0,706.2785776801228
20260354.559735116,3532433.8585055433,2025-01-11T17:00:00+00:00,1.0,270.57097435543517
14450067.771451684,2102877.9089885317,2025-01-12T08:00:00+00:00,1.0,192.97633241789126
51070285.61202042,19086825.339771055,2025-01-12T09:00:00+00:00,1.0,682.028386912665
62640200.8612739,30651980.40756035,2025-01-12T10:00:00+00:00,1.0,836.5411439806949
67304912.67980383,36579212.151036955,2025-01-12T11:00:00+00:00,1.0,898.8369748905511
69150119.60517004,39157086.03279542,2025-01-12T12:00:00+00:00,1.0,923.4791613938306
69244080.87224007,39296165.45993349,2025-01-12T13:00:00+00:00,1.0,924.7339860074756
67633990.7434139,37042004.74258261,2025-01-12T14:00:00+00:00,1.0,903.2317139879078
63415382.02723709,31572403.51989028,2025-01-12T15:00:00+00:00,1.0,846.8934565603312
53122829.400529526,20775522.26430562,2025-01-12T16:00:00+00:00,1.0,709.4394951993884
21110750.69334287,3785990.310142131,2025-01-12T17:00:00+00:00,1.0,281.92776032776305
14630217.225941418,2150808.465462684,2025-01-13T08:00:00+00:00,1.0,195.38217449173706
51111630.09213596,19167974.74581598,2025-01-13T09:00:00+00:00,1.0,682.5805300766065
62650598.23789736,30718423.866915092,2025-01-13T10:00:00+00:00,1.0,836.6799978351555
67310747.35069562,36646100.81785615,2025-01-13T11:00:00+00:00,1.0,898.9148951748784
69159310.00277159,39226380.64926168,2025-01-13T12:00:00+00:00,1.0,923.6018964045367
69262835.04628873,39377657.54137002,2025-01-13T13:00:00+00:00,1.0,924.9844423916732
67673095.7389308,37153651.487301745,2025-01-13T14:00:00+00:00,1.0,903.7539495049418
63502837.78671534,31734434.88201135,2025-01-13T15:00:00+00:00,1.0,848.0614020661822
53360763.41324114,21033481.051418725,2025-01-13T16:00:00+00:00,1.0,712.6170327622926
21963308.591799226,4049676.4003567435,2025-01-13T17:00:00+00:00,1.0,293.313416022956
14844074.840567622,2206922.3072647126,2025-01-14T08:00:00+00:00,1.0,198.23817896057
51165162.85268955,19258813.335967813,2025-01-14T09:00:00+00:00,1.0,683.2954440797213
62666485.155857466,30791468.779876325,2025-01-14T10:00:00+00:00,1.0,836.8921628720195
67319816.02966739,36717769.498569354,2025-01-14T11:00:00+00:00,1.0,899.0360046696945
69170783.10669664,39298702.51303673,2025-01-14T12:00:00+00:00,1.0,923.7551162753372
69283463.39957716,39461467.6406479,2025-01-14T13:00:00+00:00,1.0,925.2599278789743
67713958.10772297,37267972.597667925,2025-01-14T14:00:00+00:00,1.0,904.2996542163968
63592041.97893748,31899744.20287646,2025-01-14T15:00:00+00:00,1.0,849.252697368293
53599550.31306086,21295158.62747671,2025-01-14T16:00:00+00:00,1.0,715.8059603774132
22816106.41488556,4322766.7777238665,2025-01-14T17:00:00+00:00,1.0,304.7022758398143
15091322.872044588,2271634.307436704,2025-01-15T08:00:00+00:00,1.0,201.54010245785972
51230571.7352854,19358851.575400732,2025-01-15T09:00:00+00:00,1.0,684.1689601400373
62687714.63709035,30871053.455333065,2025-01-15T10:00:00+00:00,1.0,837.1756762431963
67332013.84946044,36793914.77365687,2025-01-15T11:00:00+00:00,1.0,899.1989029041258
69184443.4039723,39373925.45147169,2025-01-15T12:00:00+00:00,1.0,923.9375454590283
69305862.44630238,39547491.52107989,2025-01-15T13:00:00+00:00,1.0,925.559060447411
67756446.67610294,37384921.39827713,2025-01-15T14:00:00+00:00,1.0,904.8670763368557
63682796.43204738,32068051.070832442,2025-01-15T15:00:00+00:00,1.0,850.4646959408153
53838817.19122131,21559630.208326094,2025-01-15T16:00:00+00:00,1.0,719.0012979596899
23667334.015678413,4605006.346607034,2025-01-15T17:00:00+00:00,1.0,316.0701658076734
15335711.633263826,2339631.7874114183,2025-01-16T08:00:00+00:00,1.0,204.80384125619304
51270727.54498487,19454089.493152477,2025-01-16T09:00:00+00:00,1.0,684.7052289661359
62686071.66449016,30943220.805010393,2025-01-16T10:00:00+00:00,1.0,837.1537348355967
67323549.27500208,36861361.140397236,2025-01-16T11:00:00+00:00,1.0,899.08586104436
69178382.92836733,39439536.58036393,2025-01-16T12:00:00+00:00,1.0,923.8566096202995
69308251.13514304,39623371.07300854,2025-01-16T13:00:00+00:00,1.0,925.5909606723204
67777200.0029829,37491654.42405682,2025-01-16T14:00:00+00:00,1.0,905.1442308090757
63747810.23164624,32225523.780603006,2025-01-16T15:00:00+00:00,1.0,851.3329357858701
54043248.47745074,21813145.751104914,2025-01-16T16:00:00+00:00,1.0,721.7314166326233
24473406.67054132,4886131.246212509,2025-01-16T17:00:00+00:00,1.0,326.8350249805221
15576551.806053992,2410623.2270867657,2025-01-17T08:00:00+00:00,1.0,208.02018971760228
51285937.45473686,19544605.85244439,2025-01-17T09:00:00+00:00,1.0,684.9083527609124
62661849.366575584,31008150.670721423,2025-01-17T10:00:00+00:00,1.0,836.8302532929474
67294678.99270996,36920323.2246962,2025-01-17T11:00:00+00:00,1.0,898.7003070607512
69152848.97497694,39495507.092789285,2025-01-17T12:00:00+00:00,1.0,923.5156113111285
69290894.07284515,39689245.30264487,2025-01-17T13:00:00+00:00,1.0,925.3591622976251
67776533.98190491,37588240.53199593,2025-01-17T14:00:00+00:00,1.0,905.1353362968032
63787509.11696761,32372252.046302572,2025-01-17T15:00:00+00:00,1.0,851.863102523596
54213474.597823985,22055315.557112955,2025-01-17T16:00:00+00:00,1.0,724.0047355478637
25232546.67638889,5166370.755705578,2025-01-17T17:00:00+00:00,1.0,336.97311266544676
15849052.251765901,2490285.821457716,2025-01-18T08:00:00+00:00,1.0,211.6593516528537
51312865.29389305,19644828.662687074,2025-01-18T09:00:00+00:00,1.0,685.2679659974984
62643107.97885669,31079516.234418124,2025-01-18T10:00:00+00:00,1.0,836.5799676663567
67269105.74893507,36983839.26221145,2025-01-18T11:00:00+00:00,1.0,898.3587840402782
69129675.7315635,39554078.1656901,2025-01-18T12:00:00+00:00,1.0,923.206139577509
69275492.65973875,39757103.650184914,2025-01-18T13:00:00+00:00,1.0,925.153481032846
67777703.91126996,37687223.31737496,2025-01-18T14:00:00+00:00,1.0,905.1509603534852
63829009.94995337,32521928.901259374,2025-01-18T15:00:00+00:00,1.0,852.4173337333473
54384446.786186375,22299952.69339799,2025-01-18T16:00:00+00:00,1.0,726.2880179779235
25985295.156768475,5452596.61643165,2025-01-18T17:00:00+00:00,1.0,347.0258434397534
16152547.544948375,2578988.108005194,2025-01-19T08:00:00+00:00,1.0,215.71244050411897
51351144.29335313,19755117.128629934,2025-01-19T09:00:00+00:00,1.0,685.779170584314
62629691.31969869,31156801.978054177,2025-01-19T10:00:00+00:00,1.0,836.4007921968365
67246724.66758493,37051536.98284146,2025-01-19T11:00:00+00:00,1.0,898.0598913940325
69108770.6311612,39615195.91084527,2025-01-19T12:00:00+00:00,1.0,922.9269582152883
69261948.2181855,39826580.191405304,2025-01-19T13:00:00+00:00,1.0,924.9725990676349
67780586.28283347,37787995.43627869,2025-01-19T14:00:00+00:00,1.0,905.1894535634909
63872130.26912863,32674351.692569345,2025-01-19T15:00:00+00:00,1.0,852.9931926967007
54555845.04186487,22547032.45510054,2025-01-19T16:00:00+00:00,1.0,728.5769904095217
26730509.73698827,5744552.37721123,2025-01-19T17:00:00+00:00,1.0,356.97796123114466
16486312.059857216,2677045.1257209745,2025-01-20T08:00:00+00:00,1.0,220.16976575664378
51400388.05239422,19874690.742495175,2025-01-20T09:00:00+00:00,1.0,686.4368062552605
62621435.03770157,31240106.211330447,2025-01-20T10:00:00+00:00,1.0,836.290532020576
67227426.55608566,37123182.95712838,2025-01-20T11:00:00+00:00,1.0,897.8021708878878
69090038.54532115,39678239.79783497,2025-01-20T12:00:00+00:00,1.0,922.6767968125204
69250160.66257153,39897437.66637185,2025-01-20T13:00:00+00:00,1.0,924.8151797886062
67785057.51200551,37890040.191823825,2025-01-20T14:00:00+00:00,1.0,905.2491654915402
63916690.45533115,32829123.918726332,2025-01-20T15:00:00+00:00,1.0,853.5882806534707
54727362.550001286,22796237.778097082,2025-01-20T16:00:00+00:00,1.0,730.8675554220285
27467148.299286097,6041552.768427698,2025-01-20T17:00:00+00:00,1.0,366.8155488686738
16849551.73223221,2784620.0392646133,2025-01-21T08:00:00+00:00,1.0,225.0207229197702
51460192.337709956,20003026.420357347,2025-01-21T09:00:00+00:00,1.0,687.2354745954796
62618167.25484705,31329253.888874855,2025-01-21T10:00:00+00:00,1.0,836.2468917581127
67211098.28216235,37198819.955364116,2025-01-21T11:00:00+00:00,1.0,897.584111674164
69073382.08754753,39742878.23302861,2025-01-21T12:00:00+00:00,1.0,922.4543548016491
69240028.79671094,39968953.29956311,2025-01-21T13:00:00+00:00,1.0,924.6798717509531
67790994.26976998,37993204.7350311,2025-01-21T14:00:00+00:00,1.0,905.328449115511
63962514.11526563,32984669.831158698,2025-01-21T15:00:00+00:00,1.0,854.2002419239565
54898705.90015553,23047226.291222032,2025-01-21T16:00:00+00:00,1.0,733.1557946067735
28194267.655848194,6343762.43552566,2025-01-21T17:00:00+00:00,1.0,376.5260103612189
17241397.47707144,2901742.799057144,2025-01-22T08:00:00+00:00,1.0,230.25370562328465
51530137.0445996,20139882.820103664,2025-01-22T09:00:00+00:00,1.0,688.1695652323755
62619709.273532465,31424347.304101523,2025-01-22T10:00:00+00:00,1.0,836.267484956374
67197623.18441169,37277871.312368624,2025-01-22T11:00:00+00:00,1.0,897.404155774737
69058701.93386486,39809241.45323029,2025-01-22T12:00:00+00:00,1.0,922.2583057407063
69231450.61481707,40041160.47640405,2025-01-22T13:00:00+00:00,1.0,924.565312697892
67798273.80010535,38097719.039747536,2025-01-22T14:00:00+00:00,1.0,905.4256650654988
64009428.42215956,33140852.038635187,2025-01-22T15:00:00+00:00,1.0,854.8267684583345
55069595.18203818,23299224.965477236,2025-01-22T16:00:00+00:00,1.0,735.4379698455954
28911021.07637354,6650635.472972008,2025-01-22T17:00:00+00:00,1.0,386.09803787891786
17660900.867526576,3028802.691147804,2025-01-23T08:00:00+00:00,1.0,235.85604791034487
51609788.38128856,20285062.292953413,2025-01-23T09:00:00+00:00,1.0,689.2332850065301
62625876.37474674,31525213.244946674,2025-01-23T10:00:00+00:00,1.0,836.3498447482294
67186881.52375732,37359930.64593837,2025-01-23T11:00:00+00:00,1.0,897.260704110013
69045897.15554096,39877155.744321845,2025-01-23T12:00:00+00:00,1.0,922.0873017566921
69224323.59225275,40113848.399095386,2025-01-23T13:00:00+00:00,1.0,924.4701334435407
67806774.20068179,38203628.11931213,2025-01-23T14:00:00+00:00,1.0,905.5391853723439
64057264.363121785,33298491.681336563,2025-01-23T15:00:00+00:00,1.0,855.4656031399709
55239763.868669696,23552618.6207891,2025-01-23T16:00:00+00:00,1.0,737.7105217503896
29616654.49311418,6961346.919283959,2025-01-23T17:00:00+00:00,1.0,395.52156107256667
18107032.229301635,3166255.402639391,2025-01-24T08:00:00+00:00,1.0,241.8139987887505
51698701.227268,20437941.781376846,2025-01-24T09:00:00+00:00,1.0,690.4206894667224
62636478.68560003,31631456.829483025,2025-01-24T10:00:00+00:00,1.0,836.4914354380394
67178750.95438021,37445233.70865362,2025-01-24T11:00:00+00:00,1.0,897.1521227882085
69034865.54601245,39946385.31412836,2025-01-24T12:00:00+00:00,1.0,921.9399779115029
69218544.94710647,40187115.36245358,2025-01-24T13:00:00+00:00,1.0,924.3929613662647
67816374.6418183,38310796.77574018,2025-01-24T14:00:00+00:00,1.0,905.6673963918045
64105856.87243534,33457139.125965793,2025-01-24T15:00:00+00:00,1.0,856.1145415656545
55408958.444399625,23806443.686770253,2025-01-24T16:00:00+00:00,1.0,739.9700646955168
30310501.54920072,7276130.385238353,2025-01-24T17:00:00+00:00,1.0,404.78768094552674
18578680.9962562,3313925.7386810863,2025-01-25T08:00:00+00:00,1.0,248.11272697991447
51796421.56969813,20599317.269740846,2025-01-25T09:00:00+00:00,1.0,691.7257154072895
62651322.062247574,31742696.919070717,2025-01-25T10:00:00+00:00,1.0,836.6896642928441
67173106.99144821,37533777.66392264,2025-01-25T11:00:00+00:00,1.0,897.0767493515921
69025503.92735046,40016413.356107175,2025-01-25T12:00:00+00:00,1.0,921.8149562947411
69214011.86484389,40260919.07928834,2025-01-25T13:00:00+00:00,1.0,924.3324234087163
67826955.5263287,38418975.21115152,2025-01-25T14:00:00+00:00,1.0,905.808700939226
64155044.85939153,33616300.48472185,2025-01-25T15:00:00+00:00,1.0,856.771432417099
55576937.84655948,24060056.934640516,2025-01-25T16:00:00+00:00,1.0,742.2133793610974
30991977.806503356,7594731.051452942,2025-01-25T17:00:00+00:00,1.0,413.88859250137546
19074658.237942487,3471769.192677856,2025-01-26T08:00:00+00:00,1.0,254.7363546733798
51902488.94714672,20769189.707672644,2025-01-26T09:00:00+00:00,1.0,693.1422135035539
62670208.99519526,31858975.25872063,2025-01-26T10:00:00+00:00,1.0,836.9418936324257
67169823.486159,37625252.13852504,2025-01-26T11:00:00+00:00,1.0,897.0328991207255
69017708.45842838,40087057.0528062,2025-01-26T12:00:00+00:00,1.0,921.7108501392627
69210621.72001483,40334824.15192755,2025-01-26T13:00:00+00:00,1.0,924.2871490386538
67838398.64076138,38526824.30926866,2025-01-26T14:00:00+00:00,1.0,905.9615203093186
64204671.22561869,33774677.61130312,2025-01-26T15:00:00+00:00,1.0,857.4341776925627
55743472.90184997,24313067.621881578,2025-01-26T16:00:00+00:00,1.0,744.4374052063392
31660574.88042226,7917410.44231289,2025-01-26T17:00:00+00:00,1.0,422.81750641589963
19593701.31719244,3640114.8946480267,2025-01-27T08:00:00+00:00,1.0,261.6680197274662
52016438.95767938,20947645.789903063,2025-01-27T09:00:00+00:00,1.0,694.6639818066232
62692939.572204374,31980264.88371672,2025-01-27T10:00:00+00:00,1.0,837.2454536886293
67168773.15836504,37719325.62196765,2025-01-27T11:00:00+00:00,1.0,897.0188723072106
69011374.9998236,40157982.02158302,2025-01-27T12:00:00+00:00,1.0,921.6262686942168
69208272.36238216,40408794.517051175,2025-01-27T13:00:00+00:00,1.0,924.2557740702835
67850587.3921717,38633453.863678746,2025-01-27T14:00:00+00:00,1.0,906.1242974381969
64254583.01614093,33930454.93882915,2025-01-27T15:00:00+00:00,1.0,858.1007347241042
55908346.06273848,24565145.965492383,2025-01-27T16:00:00+00:00,1.0,746.6392369489722
32315855.362279207,8243231.540003733,2025-01-27T17:00:00+00:00,1.0,431.56858122701453
20134480.532505047,3818620.665381096,2025-01-28T08:00:00+00:00,1.0,268.8899643764053
52137805.794825815,21133707.937980685,2025-01-28T09:00:00+00:00,1.0,696.284799610382
62719312.52203579,32106444.715687335,2025-01-28T10:00:00+00:00,1.0,837.5976565442679
67169828.21262209,37815409.34167727,2025-01-28T11:00:00+00:00,1.0,897.032962241224
69006399.57419944,40229188.1413695,2025-01-28T12:00:00+00:00,1.0,921.5598233733843
69206862.51953746,40482301.308753215,2025-01-28T13:00:00+00:00,1.0,924.2369460408381
67863407.20246054,38739387.64741848,2025-01-28T14:00:00+00:00,1.0,906.2955021696018
64304631.82167161,34086328.7453012,2025-01-28T15:00:00+00:00,1.0,858.769121550114
56071351.65496839,24816399.29704236,2025-01-28T16:00:00+00:00,1.0,748.8161278708337
32957449.260716673,8572444.227213748,2025-01-28T17:00:00+00:00,1.0,440.13687581085725
20695606.8489971,4007592.718845761,2025-01-29T08:00:00+00:00,1.0,276.38363847485687
52266124.5990712,21326781.299884003,2025-01-29T09:00:00+00:00,1.0,697.9984588551199
62749126.232332416,32237037.179137725,2025-01-29T10:00:00+00:00,1.0,837.9958097266535
67172860.98368156,37912704.45031589,2025-01-29T11:00:00+00:00,1.0,897.0734639914806
69002678.88535412,40300839.40798407,2025-01-29T12:00:00+00:00,1.0,921.5101346868744
69206292.29150516,40555618.76088592,2025-01-29T13:00:00+00:00,1.0,924.22933081603
67876746.04583766,38845272.43048297,2025-01-29T14:00:00+00:00,1.0,906.4736384326665
64354674.42348904,34242592.11852797,2025-01-29T15:00:00+00:00,1.0,859.4374255273739
56232296.62952637,25067119.292803515,2025-01-29T16:00:00+00:00,1.0,750.965499860134
33585051.9380751,8903956.169367818,2025-01-29T17:00:00+00:00,1.0,448.51832182258664
21275639.474689744,4207503.79716583,2025-01-30T08:00:00+00:00,1.0,284.1298006769452
52400933.18740295,21526452.26987448,2025-01-30T09:00:00+00:00,1.0,699.7987872249395
62782179.52730203,32372082.646254234,2025-01-30T10:00:00+00:00,1.0,838.4372265932367
67177744.46492404,38011186.26256961,2025-01-30T11:00:00+00:00,1.0,897.1386814225897
69000110.78168772,40373191.9391862,2025-01-30T12:00:00+00:00,1.0,921.4758384306602
69206463.62995635,40628776.3391554,2025-01-30T13:00:00+00:00,1.0,924.2316189897917
67890495.01132408,38950958.4112996,2025-01-30T14:00:00+00:00,1.0,906.6572517537993
64404573.523705326,34399127.62242319,2025-01-30T15:00:00+00:00,1.0,860.1038130836829
56391001.55220068,25316737.573150057,2025-01-30T16:00:00+00:00,1.0,753.0849566266203
34198422.83984863,9237959.646535471,2025-01-30T17:00:00+00:00,1.0,456.70970672874324
21873092.085041117,4417997.025253921,2025-01-31T08:00:00+00:00,1.0,292.1086015630474
52541772.832647756,21733010.62213484,2025-01-31T09:00:00+00:00,1.0,701.6796585556573
62818272.01532033,32511165.653765813,2025-01-31T10:00:00+00:00,1.0,838.9192309738208
67184352.5790631,38111502.25024877,2025-01-31T11:00:00+00:00,1.0,897.2269308101311
68998594.53840014,40445345.46038462,2025-01-31T12:00:00+00:00,1.0,921.4555894551403
69207280.67495656,40701486.1741887,2025-01-31T13:00:00+00:00,1.0,924.2425303813594
67904548.7397565,39056016.57293194,2025-01-31T14:00:00+00:00,1.0,906.8449350929114
64454198.3507601,34555942.672768466,2025-01-31T15:00:00+00:00,1.0,860.7665378039432
56547301.427150525,25565702.112573285,2025-01-31T16:00:00+00:00,1.0,755.1722947001915
34797384.01327361,9574713.567569159,2025-01-31T17:00:00+00:00,1.0,464.7086540234125
22486437.601243727,4639038.558663876,2025-02-01T08:00:00+00:00,1.0,300.2996474525093
52688188.11024721,21945930.00106554,2025-02-01T09:00:00+00:00,1.0,703.6349907885533
62857203.97614145,32653694.878958702,2025-02-01T10:00:00+00:00,1.0,839.4391556642755
67192560.1554627,38213285.55729746,2025-02-01T11:00:00+00:00,1.0,897.3365405376871
68998030.91294734,40516535.80124025,2025-02-01T12:00:00+00:00,1.0,921.448062405825
69208649.88880506,40772925.38127826,2025-02-01T13:00:00+00:00,1.0,924.2608158227237
67918805.65089004,39159534.41103565,2025-02-01T14:00:00+00:00,1.0,907.0353318761977
64503425.001323715,34711077.17845266,2025-02-01T15:00:00+00:00,1.0,861.4239449963181
56701046.10365513,25813872.179488942,2025-02-01T16:00:00+00:00,1.0,757.2255088629067
35381817.63959206,9912638.641204419,2025-02-01T17:00:00+00:00,1.0,472.51359027233013
23114112.657517467,4870833.068294126,2025-02-02T08:00:00+00:00,1.0,308.6820600629984
52839726.26643386,22164483.534497317,2025-02-02T09:00:00+00:00,1.0,705.6587375325121
62898776.00056552,32799360.15757728,2025-02-02T10:00:00+00:00,1.0,839.994337614396
67202242.7298236,38316687.49145909,2025-02-02T11:00:00+00:00,1.0,897.4658484217808
68998322.05132754,40587257.456708826,2025-02-02T12:00:00+00:00,1.0,921.4519504717908
69210480.04195453,40842878.63620782,2025-02-02T13:00:00+00:00,1.0,924.2852569705407
67933167.99754524,39260803.34250133,2025-02-02T14:00:00+00:00,1.0,907.2271367193607
64552136.542690046,34865011.48135001,2025-02-02T15:00:00+00:00,1.0,862.0744730594371
56852100.24503728,26061470.737776544,2025-02-02T16:00:00+00:00,1.0,759.2427917339314
35951662.58701848,10251307.964312272,2025-02-02T17:00:00+00:00,1.0,480.1236990787767
23754523.434874896,5113218.674045084,2025-02-03T08:00:00+00:00,1.0,317.2345544187358
52995936.817537345,22388610.291374415,2025-02-03T09:00:00+00:00,1.0,707.7448827128399
62942788.713057734,32948148.779354416,2025-02-03T10:00:00+00:00,1.0,840.5821142235319
67213276.38108402,38420561.21129378,2025-02-03T11:00:00+00:00,1.0,897.6131995337029
68999371.40237097,40657841.7669149,2025-02-03T12:00:00+00:00,1.0,921.4659642410564
69212682.185004,40912338.22230235,2025-02-03T13:00:00+00:00,1.0,924.3146659322193
67947541.87934367,39360171.3525454,2025-02-03T14:00:00+00:00,1.0,907.4190956108998
64600223.02228674,35018516.1057388,2025-02-03T15:00:00+00:00,1.0,862.7166536096046
57000343.09778059,26307944.366577253,2025-02-03T16:00:00+00:00,1.0,761.2225306861737
36506910.44196185,10590681.777383136,2025-02-03T17:00:00+00:00,1.0,487.5388680817524
24406054.322948772,5365605.49101305,2025-02-04T08:00:00+00:00,1.0,325.9355545265575
53156371.92233717,22617384.600577056,2025-02-04T09:00:00+00:00,1.0,709.8874455440383
62989042.86837725,33099228.500578076,2025-02-04T10:00:00+00:00,1.0,841.1998246311201
67225537.78936215,38523907.51026706,2025-02-04T11:00:00+00:00,1.0,897.7769469733313
69001083.78636934,40728293.65436697,2025-02-04T12:00:00+00:00,1.0,921.4888326171068
69215169.73619263,40980916.043712124,2025-02-04T13:00:00+00:00,1.0,924.3478864341895
67961837.345056,39457900.358744554,2025-02-04T14:00:00+00:00,1.0,907.6100072790671
64647581.54759275,35171437.80151809,2025-02-04T15:00:00+00:00,1.0,863.3491125479666
57145668.296363264,26553072.849934194,2025-02-04T16:00:00+00:00,1.0,763.1633052399036
37047601.67118852,10929787.131764388,2025-02-04T17:00:00+00:00,1.0,494.7596377028378
25067079.66022378,5627666.81621282,2025-02-05T08:00:00+00:00,1.0,334.76335016324424
53320587.743155375,22850132.80699221,2025-02-05T09:00:00+00:00,1.0,712.0804987066609
63037339.92553772,33250385.86191737,2025-02-05T10:00:00+00:00,1.0,841.8448173816367
67238904.59001489,38626871.68474768,2025-02-05T11:00:00+00:00,1.0,897.9554565974246
69003365.67111088,40797603.00419842,2025-02-05T12:00:00+00:00,1.0,921.5193065052131
69217858.73173913,41048858.42158002,2025-02-05T13:00:00+00:00,1.0,924.3837971653212
67975968.6341456,39554156.41083028,2025-02-05T14:00:00+00:00,1.0,907.7987264175293
64694116.488084175,35323751.49839746,2025-02-05T15:00:00+00:00,1.0,863.970572757531
57287983.79983934,26796085.53509343,2025-02-05T16:00:00+00:00,1.0,765.0638862158096
37573822.12048501,11267882.570784893,2025-02-05T17:00:00+00:00,1.0,501.78715438682326
25735977.86337552,5899552.5663244575,2025-02-06T08:00:00+00:00,1.0,343.69628556858635
53488146.58099784,23087704.991987016,2025-02-06T09:00:00+00:00,1.0,714.3181968616108
63087483.01169668,33403883.37230393,2025-02-06T10:00:00+00:00,1.0,842.5144632972418
67253255.9587286,38729434.69535953,2025-02-06T11:00:00+00:00,1.0,898.147114833456
69006125.60551062,40866004.41981076,2025-02-06T12:00:00+00:00,1.0,921.5561646035114
69220668.18873884,41115448.32552418,2025-02-06T13:00:00+00:00,1.0,924.4213166231069
67989854.49832714,39648750.015395544,2025-02-06T14:00:00+00:00,1.0,907.9841679798059
64739739.72978203,35474864.58119357,2025-02-06T15:00:00+00:00,1.0,864.5798575024259
57427211.83831009,27036483.55615396,2025-02-06T16:00:00+00:00,1.0,766.9232350201725
38085699.55941664,11604937.104160856,2025-02-06T17:00:00+00:00,1.0,508.6231244580252
26411146.571765196,6181352.165407274,2025-02-07T08:00:00+00:00,1.0,352.71296169557854
53658619.40247996,23329769.70317693,2025-02-07T09:00:00+00:00,1.0,716.5948103963618
63139278.07081145,33559755.61818071,2025-02-07T10:00:00+00:00,1.0,843.2061708174513
67268473.29412986,38831471.3460437,2025-02-07T11:00:00+00:00,1.0,898.3503377955325
69009274.69742393,40933766.35760393,2025-02-07T12:00:00+00:00,1.0,921.5982197839653
69223520.47368486,41181168.65686202,2025-02-07T13:00:00+00:00,1.0,924.4594080353309
68003418.48677894,39740586.085509636,2025-02-07T14:00:00+00:00,1.0,908.1653109879757
64784370.82918907,35624286.085317805,2025-02-07T15:00:00+00:00,1.0,865.1758924838356
57563288.6247968,27273842.10561231,2025-02-07T16:00:00+00:00,1.0,768.7404997969626
38583399.802506365,11943013.25129286,2025-02-07T17:00:00+00:00,1.0,515.2697623197955
27091017.47533089,6472507.1778687695,2025-02-08T08:00:00+00:00,1.0,361.7924342325118
53831588.34287639,23576448.97997321,2025-02-08T09:00:00+00:00,1.0,718.9047588525101
63192534.99354013,33717426.83202847,2025-02-08T10:00:00+00:00,1.0,843.9174010889299
67284440.85793215,38932988.49203907,2025-02-08T11:00:00+00:00,1.0,898.5635798334895
69012727.02524444,41001527.910000786,2025-02-08T12:00:00+00:00,1.0,921.6443245892596
69226341.5743877,41245946.78307188,2025-02-08T13:00:00+00:00,1.0,924.4970829912959
68016589.08930644,39829943.674264245,2025-02-08T14:00:00+00:00,1.0,908.3412004448019
64827936.93845479,35772203.10508069,2025-02-08T15:00:00+00:00,1.0,865.7577048404692
57696163.65904349,27507100.416641075,2025-02-08T16:00:00+00:00,1.0,770.5150061303909
39067121.98893199,12280322.478162104,2025-02-08T17:00:00+00:00,1.0,521.7297274162844
27774069.75388401,6773292.06341373,2025-02-09T08:00:00+00:00,1.0,370.9143930807176
54006648.88387449,23826915.653639074,2025-02-09T09:00:00+00:00,1.0,721.2426400090022
63247068.57938962,33877215.177158296,2025-02-09T10:00:00+00:00,1.0,844.6456808145073
67301046.278591,39032797.8486575,2025-02-09T11:00:00+00:00,1.0,898.7853402589506
69016399.91449879,41068009.57736702,2025-02-09T12:00:00+00:00,1.0,921.6933749265345
69229061.21838711,41309657.73271704,2025-02-09T13:00:00+00:00,1.0,924.5334030233297
68029299.68431364,39917823.21782581,2025-02-09T14:00:00+00:00,1.0,908.5109466387904
64870372.45623889,35918721.743166484,2025-02-09T15:00:00+00:00,1.0,866.3244184860994
57825798.56867417,27736596.86539384,2025-02-09T16:00:00+00:00,1.0,772.2462415688249
39537093.07499409,12616288.037355257,2025-02-09T17:00:00+00:00,1.0,528.0060506810058
28458841.42270511,7083500.39103357,2025-02-10T08:00:00+00:00,1.0,380.0593138716007
54183411.54571931,24080035.195243455,2025-02-10T09:00:00+00:00,1.0,723.6032524802206
63302699.251777716,34037227.25060766,2025-02-10T10:00:00+00:00,1.0,845.388611802597
67318180.87974918,39131342.90539738,2025-02-10T11:00:00+00:00,1.0,899.0141677316992
69020214.05680221,41133806.4467081,2025-02-10T12:00:00+00:00,1.0,921.7443116560239
69231612.83049832,41371636.19009028,2025-02-10T13:00:00+00:00,1.0,924.567479039765
68041488.30156906,40004401.994268306,2025-02-10T14:00:00+00:00,1.0,908.6737219760881
64911618.433016114,36064300.21211699,2025-02-10T15:00:00+00:00,1.0,866.875246167406
57952165.594040856,27962370.246801957,2025-02-10T16:00:00+00:00,1.0,773.9338353904933
39993561.831881754,12951883.222394615,2025-02-10T17:00:00+00:00,1.0,534.1020543787627
29143938.245298687,7402714.143360593,2025-02-11T08:00:00+00:00,1.0,389.2085769938449
54361503.008639194,24335123.75503706,2025-02-11T09:00:00+00:00,1.0,725.9816106923042
63359253.50721029,34197714.79944854,2025-02-11T10:00:00+00:00,1.0,846.1438769659396
67335739.82941882,39228470.23804365,2025-02-11T11:00:00+00:00,1.0,899.2486622518473
69024093.48571666,41198501.67901209,2025-02-11T12:00:00+00:00,1.0,921.7961202686465
69233933.35641433,41432479.51260367,2025-02-11T13:00:00+00:00,1.0,924.5984689692142
68053097.24467006,40087873.54603286,2025-02-11T14:00:00+00:00,1.0,908.8287559384307
64951621.81900761,36208199.44950107,2025-02-11T15:00:00+00:00,1.0,867.4094794205042
58075245.87925925,28176908.58504685,2025-02-11T16:00:00+00:00,1.0,775.5775357807092
40436792.83690026,13286888.275496392,2025-02-11T17:00:00+00:00,1.0,540.0212718603127
29828040.13933349,7731246.390897785,2025-02-12T08:00:00+00:00,1.0,398.34455314280217
54540566.7018933,24592086.58429355,2025-02-12T09:00:00+00:00,1.0,728.37295274965
63416564.11593676,34359202.96988572,2025-02-12T10:00:00+00:00,1.0,846.9092430012925
67353622.14007941,39324449.957225904,2025-02-12T11:00:00+00:00,1.0,899.4874751613179
69027965.44217631,41262108.64463668,2025-02-12T12:00:00+00:00,1.0,921.8478290889019
69235962.99625845,41492459.03913064,2025-02-12T13:00:00+00:00,1.0,924.6255742021827
68064072.63530289,40168018.502555124,2025-02-12T14:00:00+00:00,1.0,908.975328997107
64990334.642953075,36349353.210270986,2025-02-12T15:00:00+00:00,1.0,867.9264776035336
58195027.75004089,28386033.096548595,2025-02-12T16:00:00+00:00,1.0,777.1771868328044
40867060.875094764,13620682.857750662,2025-02-12T17:00:00+00:00,1.0,545.7673727977389
30509905.321519833,8068053.4004351795,2025-02-13T08:00:00+00:00,1.0,407.4506586741494
54720262.94385955,24850723.53058473,2025-02-13T09:00:00+00:00,1.0,730.7727423058122
63474470.13701327,34521210.13115067,2025-02-13T10:00:00+00:00,1.0,847.6825605904457
67371730.56433325,39418807.880775675,2025-02-13T11:00:00+00:00,1.0,899.7293077501732
69031760.17705245,41324649.603234984,2025-02-13T12:00:00+00:00,1.0,921.8985066379937
69237644.9006536,41551753.00358501,2025-02-13T13:00:00+00:00,1.0,924.6480355322253
68074363.9439403,40246037.69281631,2025-02-13T14:00:00+00:00,1.0,909.1127663453672
65027713.22208029,36487991.88262668,2025-02-13T15:00:00+00:00,1.0,868.4256573461462
58311505.13318636,28593096.66074639,2025-02-13T16:00:00+00:00,1.0,778.7327074410689
41284646.11416016,13952627.607089205,2025-02-13T17:00:00+00:00,1.0,551.3440987467986
31188372.56554293,8412724.509016031,2025-02-14T08:00:00+00:00,1.0,416.5113857577808
54900268.77655151,25110852.99322582,2025-02-14T09:00:00+00:00,1.0,733.1766663535212
63532816.81362996,34683855.129325,2025-02-14T10:00:00+00:00,1.0,848.4617630025342
67389971.4433941,39511512.83462626,2025-02-14T11:00:00+00:00,1.0,899.9729092333736
69035410.74089721,41386454.11133372,2025-02-14T12:00:00+00:00,1.0,921.9472588260753
69238924.88177542,41610173.84134157,2025-02-14T13:00:00+00:00,1.0,924.6651292972049
68083923.57097623,40322202.778819114,2025-02-14T14:00:00+00:00,1.0,909.2404323047064
65063717.48215317,36624445.70022504,2025-02-14T15:00:00+00:00,1.0,868.9064834689391
58424676.2596044,28797162.885237224,2025-02-14T16:00:00+00:00,1.0,780.2440739797673
41689830.296770066,14281511.674798245,2025-02-14T17:00:00+00:00,1.0,556.7552122966123
32132556.347376812,8839457.536436185,2025-02-15T08:00:00+00:00,1.0,429.12067771603483
55291641.58272771,25470526.23122878,2025-02-15T09:00:00+00:00,1.0,738.403333102673
63758204.554721266,34938617.155006304,2025-02-15T10:00:00+00:00,1.0,851.4717488611419
67551811.20820181,39687165.80043569,2025-02-15T11:00:00+00:00,1.0,902.1342308787653
69171943.10049519,41527412.616202556,2025-02-15T12:00:00+00:00,1.0,923.7706076455053
69371529.49342945,41747270.56975761,2025-02-15T13:00:00+00:00,1.0,926.4360242178166
68231909.64711797,40478841.12037939,2025-02-15T14:00:00+00:00,1.0,911.2167420822311
65256126.41237168,36848019.41848743,2025-02-15T15:00:00+00:00,1.0,871.4760471737752
58729040.7909311,29094423.41339048,2025-02-15T16:00:00+00:00,1.0,784.3087712464006
42340339.99961934,14697119.41049152,2025-02-15T17:00:00+00:00,1.0,565.4425747812393
997607.6064526876,53924.84077211883,2025-02-15T18:00:00+00:00,1.0,13.322751154549836
33070264.105340168,9275386.117232759,2025-02-16T08:00:00+00:00,1.0,441.64348431277523
55679255.317047745,25831747.758132953,2025-02-16T09:00:00+00:00,1.0,743.579798571673
63981294.89337472,35193285.95025144,2025-02-16T10:00:00+00:00,1.0,854.4510535974275
67711702.12961869,39860496.4580054,2025-02-16T11:00:00+00:00,1.0,904.2695263036528
69306539.82454713,41666955.458340235,2025-02-16T12:00:00+00:00,1.0,925.5681066312335
69502009.37398267,41882761.74666063,2025-02-16T13:00:00+00:00,1.0,928.1785439901455
68377320.63626802,40632043.133967996,2025-02-16T14:00:00+00:00,1.0,913.1586623433167
65444958.78874011,37068190.14580282,2025-02-16T15:00:00+00:00,1.0,873.9978470718564
59027197.22727562,29388951.159007713,2025-02-16T16:00:00+00:00,1.0,788.2905612616825
42975713.8414701,15110533.974392954,2025-02-16T17:00:00+00:00,1.0,573.9278023700695
1329369.2284783637,77076.0492544822,2025-02-16T18:00:00+00:00,1.0,17.753328371772994
34000073.348664515,9720397.865956016,2025-02-17T08:00:00+00:00,1.0,454.0608086093012
56062828.50444358,26193707.70810219,2025-02-17T09:00:00+00:00,1.0,748.7023037452465
64201958.90666189,35446802.06022677,2025-02-17T10:00:00+00:00,1.0,857.3979554842748
67869570.94410653,40029979.48961476,2025-02-17T11:00:00+00:00,1.0,906.3778170954292
69439154.49266912,41805084.70905541,2025-02-17T12:00:00+00:00,1.0,927.3391358529534
69630334.23990688,42016797.20753644,2025-02-17T13:00:00+00:00,1.0,929.8922841867774
68520139.80467327,40782677.17591629,2025-02-17T14:00:00+00:00,1.0,915.0659696136981
65630218.075892985,37284175.136133395,2025-02-17T15:00:00+00:00,1.0,876.4719294323431
59319205.08521359,29681467.668951526,2025-02-17T16:00:00+00:00,1.0,792.1902388516692
43596171.623487964,15520520.95920468,2025-02-17T17:00:00+00:00,1.0,582.2138304418826
1729804.724066858,111187.73998898575,2025-02-17T18:00:00+00:00,1.0,23.101024626960886
34920677.67097932,10175836.747122291,2025-02-18T08:00:00+00:00,1.0,466.3552039393666
56442101.125076935,26556013.285749108,2025-02-18T09:00:00+00:00,1.0,753.767376136187
64420076.69777812,35699720.08543159,2025-02-18T10:00:00+00:00,1.0,860.3108533357254
68025349.79659402,40196659.38318905,2025-02-18T11:00:00+00:00,1.0,908.4581970698898
69569744.6886532,41941860.40345705,2025-02-18T12:00:00+00:00,1.0,929.0831288548682
69756477.22824937,42149302.082265496,2025-02-18T13:00:00+00:00,1.0,931.5768860610209
68660353.66396724,40930308.417846456,2025-02-18T14:00:00+00:00,1.0,916.9384837602413
65811911.0354082,37496308.405872166,2025-02-18T15:00:00+00:00,1.0,878.8983845540582
59605127.08076278,29971971.388708904,2025-02-18T16:00:00+00:00,1.0,796.0086415700239
44201944.65841624,15929091.748396518,2025-02-18T17:00:00+00:00,1.0,590.3037481091877
2201747.563550833,158213.41861267807,2025-02-18T18:00:00+00:00,1.0,29.40368006878756
35830886.18492764,10639822.824542645,2025-02-19T08:00:00+00:00,1.0,478.5107663585358
56816834.03846413,26917587.086511075,2025-02-19T09:00:00+00:00,1.0,758.7718220948855
64635537.18135254,35951096.46915223,2025-02-19T10:00:00+00:00,1.0,863.1882636398531
68178976.10912341,40361343.991503514,2025-02-19T11:00:00+00:00,1.0,910.5098305171458
69698271.89304413,42077163.14384259,2025-02-19T12:00:00+00:00,1.0,930.7995712212156
69880414.78903255,42279625.56464977,2025-02-19T13:00:00+00:00,1.0,933.2320351099359
68797951.84612648,41075201.79575866,2025-02-19T14:00:00+00:00,1.0,918.7760663211284
65990047.55388025,37704848.30681876,2025-02-19T15:00:00+00:00,1.0,881.2773444695648
59885028.84382967,30259369.423441704,2025-02-19T16:00:00+00:00,1.0,799.7466458844822
44793273.79235392,16335559.10847237,2025-02-19T17:00:00+00:00,1.0,598.2007717995912
2746035.845563683,218634.22291193533,2025-02-19T18:00:00+00:00,1.0,36.67248725378804
36729622.035182156,11110462.618502356,2025-02-20T08:00:00+00:00,1.0,490.5131147860894
57186808.46255215,27278228.047329362,2025-02-20T09:00:00+00:00,1.0,763.7127198524489
64848237.897287905,36200742.49372669,2025-02-20T10:00:00+00:00,1.0,866.028818072765
68330392.46307787,40523235.205554195,2025-02-20T11:00:00+00:00,1.0,912.5319506287198
69824701.37767838,42210899.42825782,2025-02-20T12:00:00+00:00,1.0,932.4879991677058
70002126.57002483,42408303.30588316,2025-02-20T13:00:00+00:00,1.0,934.8574595355992
68932926.95698483,41216466.90400623,2025-02-20T14:00:00+00:00,1.0,920.5786185494649
66164640.43180174,37909343.025721416,2025-02-20T15:00:00+00:00,1.0,883.6089801255465
60158978.542958535,30543310.931735627,2025-02-20T16:00:00+00:00,1.0,803.4051621655879
45370407.36814516,16739543.499044223,2025-02-20T17:00:00+00:00,1.0,605.9082180574908
3361594.052495304,293656.6154295848,2025-02-20T18:00:00+00:00,1.0,44.89308296601668
37615920.125341184,11588333.114753375,2025-02-21T08:00:00+00:00,1.0,502.3493606482479
57551825.48485329,27638404.22657979,2025-02-21T09:00:00+00:00,1.0,768.587412992155
65058084.836937785,36447947.77684587,2025-02-21T10:00:00+00:00,1.0,868.831261177061
68479546.48138832,40682217.60483943,2025-02-21T11:00:00+00:00,1.0,914.5238579245148
69949002.08934252,42342643.634083316,2025-02-21T12:00:00+00:00,1.0,934.1479979880089
70121595.2797524,42535601.59072165,2025-02-21T13:00:00+00:00,1.0,936.4529284154981
69065274.39522323,41355221.946275495,2025-02-21T14:00:00+00:00,1.0,922.3460789960337
66335705.1105942,38109276.13767845,2025-02-21T15:00:00+00:00,1.0,885.893497737648
60427046.40322783,30823930.192962017,2025-02-21T16:00:00+00:00,1.0,806.9851282482367
45933599.03073181,17138224.00212872,2025-02-21T17:00:00+00:00,1.0,613.4294742351955
4045644.6743190037,384594.9397158712,2025-02-21T18:00:00+00:00,1.0,54.02837438994422
38488924.13471994,12072995.287911927,2025-02-22T08:00:00+00:00,1.0,514.0080680384578
57911705.56941417,27991616.36943467,2025-02-22T09:00:00+00:00,1.0,773.393503865033
65264992.269954205,36692666.651531674,2025-02-22T10:00:00+00:00,1.0,871.594448049594
68626390.70222206,40838583.18798895,2025-02-22T11:00:00+00:00,1.0,916.4849185660074
70071146.5198088,42472964.03105779,2025-02-22T12:00:00+00:00,1.0,935.7792003179619
70238806.52940708,42661512.45689059,2025-02-22T13:00:00+00:00,1.0,938.0182495914441
69194992.13790256,41491654.81414277,2025-02-22T14:00:00+00:00,1.0,924.0784206450745
66503259.350317016,38304888.9325923,2025-02-22T15:00:00+00:00,1.0,888.1311344860645
60689304.13017187,31101358.025416132,2025-02-22T16:00:00+00:00,1.0,810.487501738403
46483105.48471831,17528736.206785593,2025-02-22T17:00:00+00:00,1.0,620.7679685459223
4794001.200846996,492546.47998397244,2025-02-22T18:00:00+00:00,1.0,64.02245193438733
39347882.884842366,12562422.678942231,2025-02-23T08:00:00+00:00,1.0,525.4792051928706
58266288.069010265,28333644.890774358,2025-02-23T09:00:00+00:00,1.0,778.1288470754679
65468882.57382942,36935557.50859422,2025-02-23T10:00:00+00:00,1.0,874.3173420650377
68770882.45645115,40993043.428827405,2025-02-23T11:00:00+00:00,1.0,918.4145627197103
70191110.57634676,42602031.37660792,2025-02-23T12:00:00+00:00,1.0,937.3812844063337
70353748.67394303,42785991.232723705,2025-02-23T13:00:00+00:00,1.0,939.5532675473212
69322080.52557084,41625641.109966815,2025-02-23T14:00:00+00:00,1.0,925.7756480444833
66667322.90484224,38496602.092038356,2025-02-23T15:00:00+00:00,1.0,890.3221541779201
60945824.34606171,31375583.921670564,2025-02-23T16:00:00+00:00,1.0,813.9132524847985
47019184.39323985,17913582.97083921,2025-02-23T17:00:00+00:00,1.0,627.9271420037369
5601397.065329713,614953.6423152132,2025-02-23T18:00:00+00:00,1.0,74.80498217587744
40192146.28622566,13057916.318212235,2025-02-24T08:00:00+00:00,1.0,536.7540903609155
58615430.76033852,28675247.03550695,2025-02-24T09:00:00+00:00,1.0,782.7915432737493
65669686.098046005,37176796.311867915,2025-02-24T10:00:00+00:00,1.0,876.9990130615154
68912983.77738982,41144813.776167184,2025-02-24T11:00:00+00:00,1.0,920.3122833518978
70308873.48800276,42729786.34735865,2025-02-24T12:00:00+00:00,1.0,938.9539728632932
70466412.69499639,42909008.094440416,2025-02-24T13:00:00+00:00,1.0,941.057861845581
69446542.1019039,41757389.097223945,2025-02-24T14:00:00+00:00,1.0,927.4377951643202
66827917.28424094,38684924.42505676,2025-02-24T15:00:00+00:00,1.0,892.4668440737206
61196680.183791436,31644559.638920527,2025-02-24T16:00:00+00:00,1.0,817.2633571553285
47542092.81764342,18293178.540317267,2025-02-24T17:00:00+00:00,1.0,634.9104275860441
6461814.502504627,751500.4322312109,2025-02-24T18:00:00+00:00,1.0,86.29559965951748
41021160.96631446,13558053.453487441,2025-02-25T08:00:00+00:00,1.0,547.8253334176607
58959009.448569715,29016612.832714614,2025-02-25T09:00:00+00:00,1.0,787.3799338751339
65867341.08866115,37414743.07188024,2025-02-25T10:00:00+00:00,1.0,879.638636333607
69052661.37441567,41293341.12299299,2025-02-25T11:00:00+00:00,1.0,922.1776358762792
70424417.78222232,42856185.64020798,2025-02-25T12:00:00+00:00,1.0,940.4970323480434
70576792.17012745,43030506.35024267,2025-02-25T13:00:00+00:00,1.0,942.5319467164345
69568381.57006711,41886869.845111735,2025-02-25T14:00:00+00:00,1.0,929.0649248139255
66985065.69164473,38868392.16029706,2025-02-25T15:00:00+00:00,1.0,894.5655140443969
61441945.208498776,31910001.98068027,2025-02-25T16:00:00+00:00,1.0,820.5387981904331
48052086.5410259,18668648.754432302,2025-02-25T17:00:00+00:00,1.0,641.7212411996
7368788.8470761245,904182.4887371153,2025-02-25T18:00:00+00:00,1.0,98.4079707141572
41834465.56440139,14063159.744467461,2025-02-26T08:00:00+00:00,1.0,558.6867730288646
59296917.57320769,29357410.584781945,2025-02-26T09:00:00+00:00,1.0,791.892595796052
66061793.654249564,37646732.70808556,2025-02-26T10:00:00+00:00,1.0,882.2354921774634
69189886.66263093,41439191.651741296,2025-02-26T11:00:00+00:00,1.0,924.0102385500816
70537729.33526696,42981224.607411236,2025-02-26T12:00:00+00:00,1.0,942.0102742423352
70684883.33909568,43150519.26544767,2025-02-26T13:00:00+00:00,1.0,943.9754719430431
69687605.8855147,42014155.82043751,2025-02-26T14:00:00+00:00,1.0,930.6571298813354
67138793.17664947,39046344.77829501,2025-02-26T15:00:00+00:00,1.0,896.6184986197936
61681693.72982346,32171683.85493087,2025-02-26T16:00:00+00:00,1.0,823.7405679730681
48549420.43340335,19040176.68394217,2025-02-26T17:00:00+00:00,1.0,648.3629865572069
8315674.070995788,1072834.39643952,2025-02-26T18:00:00+00:00,1.0,111.05333962334011
42631685.34222506,14573934.936647087,2025-02-27T08:00:00+00:00,1.0,569.3334046771472
59629065.65777448,29696480.44235943,2025-02-27T09:00:00+00:00,1.0,796.328334104902
66252997.67199881,37874796.091282494,2025-02-27T10:00:00+00:00,1.0,884.788964636731
69324635.78194216,41583128.42881751,2025-02-27T11:00:00+00:00,1.0,925.8097727289218
70648797.44089228,43104886.23027562,2025-02-27T12:00:00+00:00,1.0,943.4935555674701
70790685.2169741,43269084.164819464,2025-02-27T13:00:00+00:00,1.0,945.3884243719758
69804224.43307899,42139264.30451252,2025-02-27T14:00:00+00:00,1.0,932.2145356981702
67289126.93263432,39219498.60416011,2025-02-27T15:00:00+00:00,1.0,898.6261609593158
61916001.39972824,32428681.40841282,2025-02-27T16:00:00+00:00,1.0,826.8696768126023
49034349.57462129,19407877.573438663,2025-02-27T17:00:00+00:00,1.0,654.8390701738925
9295863.05196882,1256807.3262853685,2025-02-27T18:00:00+00:00,1.0,124.14347024530902
43412525.70991589,15088554.198248465,2025-02-28T08:00:00+00:00,1.0,579.7612942029318
59955380.37342202,30034182.091871046,2025-02-28T09:00:00+00:00,1.0,800.6861695168525
66440914.50106183,38099934.2765109,2025-02-28T10:00:00+00:00,1.0,887.2985376744463
69456889.49845679,41724910.78703638,2025-02-28T11:00:00+00:00,1.0,927.57598154989
70757614.80438429,43227174.80874804,2025-02-28T12:00:00+00:00,1.0,944.9467789047044
70894199.6591292,43386142.90647439,2025-02-28T13:00:00+00:00,1.0,946.7708287811113
69918249.17655161,42262032.77546778,2025-02-28T14:00:00+00:00,1.0,933.7373020372892
67436096.59260884,39388288.65449872,2025-02-28T15:00:00+00:00,1.0,900.5888968030101
62144945.838409886,32681183.940771382,2025-02-28T16:00:00+00:00,1.0,829.9271613035592
49507130.54129519,19773292.232594512,2025-02-28T17:00:00+00:00,1.0,661.152918553631
10302960.798315521,1456244.1278301503,2025-02-28T18:00:00+00:00,1.0,137.592959379214
44176764.5154411,15604730.70834956,2025-03-01T08:00:00+00:00,1.0,589.9674748322798
60275803.10242971,30370425.76239306,2025-03-01T09:00:00+00:00,1.0,804.9653192098092
66625512.40921704,38321258.58375543,2025-03-01T10:00:00+00:00,1.0,889.7637875162413
69586632.91559887,41864719.393004514,2025-03-01T11:00:00+00:00,1.0,929.3086660736957
70864177.38795485,43348048.12761788,2025-03-01T12:00:00+00:00,1.0,946.3698903305808
70995431.29662892,43501658.06777233,2025-03-01T13:00:00+00:00,1.0,948.1227470169429
70029694.68150039,42382204.2397919,2025-03-01T14:00:00+00:00,1.0,935.2256234174762
67579734.37575504,39553415.741145395,2025-03-01T15:00:00+00:00,1.0,902.5071364283446
62368607.04745017,32927410.533871755,2025-03-01T16:00:00+00:00,1.0,832.9140898430882
49968022.26311935,20135344.966496624,2025-03-01T17:00:00+00:00,1.0,667.3079896249834
11330912.358871013,1669576.031390567,2025-03-01T18:00:00+00:00,1.0,151.3209449635554
1511067.6693920738,87449.49476059653,2025-03-02T07:00:00+00:00,1.0,20.179856695941282
44924243.546332136,16119739.496642614,2025-03-02T08:00:00+00:00,1.0,599.9498336849911
60590288.11463634,30705432.336084858,2025-03-02T09:00:00+00:00,1.0,809.1651724710989
66806765.768644884,38537623.59253684,2025-03-02T10:00:00+00:00,1.0,892.1843719103339
69713855.01441675,42002524.036113806,2025-03-02T11:00:00+00:00,1.0,931.007679145515
70968484.11582398,43467444.857895516,2025-03-02T12:00:00+00:00,1.0,947.7628754784213
71094387.33939816,43615567.30251595,2025-03-02T13:00:00+00:00,1.0,949.4442753658957
70138577.99381281,42500358.748620145,2025-03-02T14:00:00+00:00,1.0,936.6797274814622
67720075.05327554,39714330.52879204,2025-03-02T15:00:00+00:00,1.0,904.3813441943765
62587067.53040095,33169592.042709127,2025-03-02T16:00:00+00:00,1.0,835.8315642414761
50417286.27980759,20493317.74916646,2025-03-02T17:00:00+00:00,1.0,673.3077761726391
12374089.837672526,1896747.9225270192,2025-03-02T18:00:00+00:00,1.0,165.2522681313118
2116545.962239703,140048.4909047386,2025-03-03T07:00:00+00:00,1.0,28.26583817093587
45654860.18039508,16631790.297915252,2025-03-03T08:00:00+00:00,1.0,609.7070002723754
60898800.71080642,31039020.227416538,2025-03-03T09:00:00+00:00,1.0,813.2852659028596
66984654.20431759,38748498.99288102,2025-03-03T10:00:00+00:00,1.0,894.5600187542335
69838548.15407214,42138314.74562171,2025-03-03T11:00:00+00:00,1.0,932.6729187242413
71070536.53837812,43585274.78260103,2025-03-03T12:00:00+00:00,1.0,949.125755053121
71191077.33435586,43727886.43341203,2025-03-03T13:00:00+00:00,1.0,950.7355413242065
70244918.46405314,42616617.964203045,2025-03-03T14:00:00+00:00,1.0,938.099872650286
67857155.83344494,39870919.233709104,2025-03-03T15:00:00+00:00,1.0,906.2120170064693
62800412.27389376,33408709.94403651,2025-03-03T16:00:00+00:00,1.0,838.6807194697302
50855186.67604632,20846996.83315467,2025-03-03T17:00:00+00:00,1.0,679.1558049685735
13427345.30926163,2136121.556645628,2025-03-03T18:00:00+00:00,1.0,179.31817987796074
2864357.052250653,219335.66859100727,2025-03-04T07:00:00+00:00,1.0,38.25263157386015
46368560.268037885,17141861.323638782,2025-03-04T08:00:00+00:00,1.0,619.23825144281
61201315.73715844,31370719.858314563,2025-03-04T09:00:00+00:00,1.0,817.3252635838493
67159161.93424825,38954347.58810593,2025-03-04T10:00:00+00:00,1.0,896.8905172843031
69960707.69369367,42272210.21457787,2025-03-04T11:00:00+00:00,1.0,934.3043228324425
71170338.58899315,43701521.5575222,2025-03-04T12:00:00+00:00,1.0,950.4585815837828
71285513.00209086,43838603.86956682,2025-03-04T13:00:00+00:00,1.0,951.99670141681
70348737.64410268,42731048.45181041,2025-03-04T14:00:00+00:00,1.0,939.4863467428241
67991016.32467602,40023477.84119332,2025-03-04T15:00:00+00:00,1.0,907.9996838231411
63008728.822152175,33644038.50220659,2025-03-04T16:00:00+00:00,1.0,841.4627246548043
51281990.210749574,21196317.721550193,2025-03-04T17:00:00+00:00,1.0,684.8556384982643
14486037.36328267,2387189.421157563,2025-03-04T18:00:00+00:00,1.0,193.45669555666095
3756066.780032879,327389.46480040485,2025-03-05T07:00:00+00:00,1.0,50.16114823761838
47065332.806374066,17647815.13828124,2025-03-05T08:00:00+00:00,1.0,628.5434402560611
61497816.72816349,31699263.592768703,2025-03-05T09:00:00+00:00,1.0,821.2849456218474
67330277.44088735,39155519.18526829,2025-03-05T10:00:00+00:00,1.0,899.1757136870489
70080331.8371922,42403502.89938701,2025-03-05T11:00:00+00:00,1.0,935.9018674838715
71267896.51240242,43816181.33387673,2025-03-05T12:00:00+00:00,1.0,951.7614384669106
71377708.22315077,43947632.79084792,2025-03-05T13:00:00+00:00,1.0,953.2279410142925
70450059.33121932,42843614.91242407,2025-03-05T14:00:00+00:00,1.0,940.8394675643668
68121698.6606118,40171913.86755609,2025-03-05T15:00:00+00:00,1.0,909.7449073265377
63212107.5685501,33875876.53664843,2025-03-05T16:00:00+00:00,1.0,844.1787869731581
51697966.85764433,21540793.437705558,2025-03-05T17:00:00+00:00,1.0,690.4108821800862
15546038.069742337,2649842.309161596,2025-03-05T18:00:00+00:00,1.0,207.6126878971978
4786707.943806109,467952.22517284506,2025-03-06T07:00:00+00:00,1.0,63.92505266835028
47745206.31735294,18147392.788544025,2025-03-06T08:00:00+00:00,1.0,637.6229476142231
61788295.620745294,32024990.524108272,2025-03-06T09:00:00+00:00,1.0,825.1642043368705
67497993.44933036,39351793.87745409,2025-03-06T10:00:00+00:00,1.0,901.4155108083615
70197421.67590374,42532796.02403827,2025-03-06T11:00:00+00:00,1.0,937.4655672529946
71363218.94022441,43929321.31009634,2025-03-06T12:00:00+00:00,1.0,953.0344409752262
71467679.14443699,44054997.54821391,2025-03-06T13:00:00+00:00,1.0,954.4294757537028
70548909.7185294,42954305.05909219,2025-03-06T14:00:00+00:00,1.0,942.1595849162543
68249247.73100823,40315507.215817474,2025-03-06T15:00:00+00:00,1.0,911.4482870060004
63410642.16257772,34103547.893794276,2025-03-06T16:00:00+00:00,1.0,846.8301570857111
52103390.51406166,21881670.513123374,2025-03-06T17:00:00+00:00,1.0,695.8251938309484
16603725.183085082,2923577.2302264073,2025-03-06T18:00:00+00:00,1.0,221.73778289376398
5945819.154615309,642437.9686473437,2025-03-07T07:00:00+00:00,1.0,79.40463614603884
48408246.21942898,18642155.741707243,2025-03-07T08:00:00+00:00,1.0,646.4776471611832
62072752.78480412,32347749.452816576,2025-03-07T09:00:00+00:00,1.0,828.9630446688604
67662307.05200678,39543442.74001919,2025-03-07T10:00:00+00:00,1.0,903.609869818477
70311981.31093109,42660357.344895415,2025-03-07T11:00:00+00:00,1.0,938.9954769088083
71456317.0074648,44040904.75251774,2025-03-07T12:00:00+00:00,1.0,954.2777378133583
71555444.29907282,44160740.22025558,2025-03-07T13:00:00+00:00,1.0,955.6015531393186
70645317.5307321,43063181.70301113,2025-03-07T14:00:00+00:00,1.0,943.4470824082924
68373711.35529672,40455213.714319326,2025-03-07T15:00:00+00:00,1.0,913.1104614756546
63604429.77044098,34325896.69074857,2025-03-07T16:00:00+00:00,1.0,849.4181326180636
52498539.32999431,22218293.953584608,2025-03-07T17:00:00+00:00,1.0,701.1022880608208
17655962.319548346,3206263.495919635,2025-03-07T18:00:00+00:00,1.0,235.79009507943587
7218895.121591044,847998.167343096,2025-03-08T07:00:00+00:00,1.0,96.40618485030903
49054552.47637869,19134993.241946362,2025-03-08T08:00:00+00:00,1.0,655.1088738832638
62351197.05539197,32666903.288899276,2025-03-08T09:00:00+00:00,1.0,832.6815846072739
67823219.80545337,39730383.339132965,2025-03-08T10:00:00+00:00,1.0,905.7588115044451
70424017.92581405,42786119.12340236,2025-03-08T11:00:00+00:00,1.0,940.4916923853443
71547204.40101892,44150907.217661366,2025-03-08T12:00:00+00:00,1.0,955.491511765749
71641024.63277666,44264821.64904228,2025-03-08T13:00:00+00:00,1.0,956.7444528949973
70739314.02708605,43170232.740158886,2025-03-08T14:00:00+00:00,1.0,944.7023774984901
68495140.24906538,40591750.15329862,2025-03-08T15:00:00+00:00,1.0,914.732108027039
63793570.964977875,34544366.17770471,2025-03-08T16:00:00+00:00,1.0,851.9440566904029
52883695.17274013,22549625.508583203,2025-03-08T17:00:00+00:00,1.0,706.2459291231241
18700069.21812873,3496803.8772343234,2025-03-08T18:00:00+00:00,1.0,249.73383037031078
8588926.342720298,1086874.6488023147,2025-03-09T07:00:00+00:00,1.0,114.7025419700902
49684257.077710345,19624683.781088524,2025-03-09T08:00:00+00:00,1.0,663.5183904608816
62623645.6092054,32978430.991516765,2025-03-09T09:00:00+00:00,1.0,836.3200535417496
67980737.70307794,39912325.261569604,2025-03-09T10:00:00+00:00,1.0,907.8624159064966
70533541.74731608,42910017.04829013,2025-03-09T11:00:00+00:00,1.0,941.9543502579538
71635897.2899395,44259328.04849212,2025-03-09T12:00:00+00:00,1.0,956.6759787652215
71724443.39353554,44367285.06268082,2025-03-09T13:00:00+00:00,1.0,957.8584854906028
70830932.82816404,43275381.544691086,2025-03-09T14:00:00+00:00,1.0,945.9259191795348
68613587.73865487,40724403.07694245,2025-03-09T15:00:00+00:00,1.0,916.313938817508
63978169.18706166,34759427.32177754,2025-03-09T16:00:00+00:00,1.0,854.4093107246472
53259142.183537535,22875779.956760064,2025-03-09T17:00:00+00:00,1.0,711.2599116391291
19733784.528503098,3794863.239367045,2025-03-09T18:00:00+00:00,1.0,263.53878910928137
10037799.171777245,1359969.7419459461,2025-03-10T07:00:00+00:00,1.0,134.05180517864804
50297521.34639708,20109644.419550996,2025-03-10T08:00:00+00:00,1.0,671.7083513140567
62890123.67660936,33283198.927589927,2025-03-10T09:00:00+00:00,1.0,839.8787884162443
68134871.03651667,40088876.90358502,2025-03-10T10:00:00+00:00,1.0,909.9208204662935
70640565.90737335,43032157.93486598,2025-03-10T11:00:00+00:00,1.0,943.383625899746
71722414.15855494,44366142.91270411,2025-03-10T12:00:00+00:00,1.0,957.8313856644635
71805725.91267024,44468160.59500459,2025-03-10T13:00:00+00:00,1.0,958.9439892183599
70920209.60929729,43378560.228626154,2025-03-10T14:00:00+00:00,1.0,947.1181838848505
68729109.28787611,40852877.12273131,2025-03-10T15:00:00+00:00,1.0,917.8566945496202
64158329.90468804,34970956.17447547,2025-03-10T16:00:00+00:00,1.0,856.8153032143123
53625164.70882003,23197742.276384074,2025-03-10T17:00:00+00:00,1.0,716.1480329703489
20755224.256650418,4099705.5967240613,2025-03-10T18:00:00+00:00,1.0,277.17981111979867
11547432.350565515,1666208.6643522887,2025-03-11T07:00:00+00:00,1.0,154.21250468169885
50894533.18484404,20592535.47369024,2025-03-11T08:00:00+00:00,1.0,679.6812658232466
63150664.16586515,33584728.057028644,2025-03-11T09:00:00+00:00,1.0,843.3582287108148
68285634.19367181,40261061.9715511,2025-03-11T10:00:00+00:00,1.0,911.9342173300221
70745106.25695714,43152495.26871309,2025-03-11T11:00:00+00:00,1.0,944.7797309956914
71806775.59296836,44471254.4844523,2025-03-11T12:00:00+00:00,1.0,958.9580073847417
71884899.33653648,44567431.14602668,2025-03-11T13:00:00+00:00,1.0,960.0013266097321
71007181.73503645,43479822.05667386,2025-03-11T14:00:00+00:00,1.0,948.279670606781
68841761.95018442,40978053.63685121,2025-03-11T15:00:00+00:00,1.0,919.3611371552283
64334159.65839965,35179012.77846506,2025-03-11T16:00:00+00:00,1.0,859.1634569765001
53982045.07486977,23515581.35136395,2025-03-11T17:00:00+00:00,1.0,720.9140634998549
21762838.95455253,4409794.620264354,2025-03-11T18:00:00+00:00,1.0,290.6362039870794
13100611.141174708,2004518.4597333134,2025-03-12T07:00:00+00:00,1.0,174.9547428041477
51475504.370395936,21072794.301334094,2025-03-12T08:00:00+00:00,1.0,687.4399622114812
63405307.23963643,33883391.253194965,2025-03-12T09:00:00+00:00,1.0,846.7589107857499
68433045.43397994,40428898.009387664,2025-03-12T10:00:00+00:00,1.0,913.9028503469592
70847181.16379479,43271077.681843236,2025-03-12T11:00:00+00:00,1.0,946.1429108412696
71889004.05842182,44574641.276604995,2025-03-12T12:00:00+00:00,1.0,960.0561439425965
71961992.35388315,44664941.44958166,2025-03-12T13:00:00+00:00,1.0,961.0308807943865
71091887.89536792,43579375.16419169,2025-03-12T14:00:00+00:00,1.0,949.4108960385594
68951603.83050017,41100268.38599119,2025-03-12T15:00:00+00:00,1.0,920.8280426081687
64505765.150021546,35383054.5820077,2025-03-12T16:00:00+00:00,1.0,861.4551969821247
54330061.525123715,23828561.08776735,2025-03-12T17:00:00+00:00,1.0,725.5617190855094
22755372.130090352,4725942.489676402,2025-03-12T18:00:00+00:00,1.0,303.8911876347535
14681535.769222314,2373422.762170601,2025-03-13T07:00:00+00:00,1.0,196.067518285557
52040667.822553776,21549505.981609836,2025-03-13T08:00:00+00:00,1.0,694.9875510490573
63654099.83433451,34177420.14876969,2025-03-13T09:00:00+00:00,1.0,850.0814614627944
68577126.6345145,40591970.6091002,2025-03-13T10:00:00+00:00,1.0,915.8270116788925
70946811.30156325,43387905.96796021,2025-03-13T11:00:00+00:00,1.0,947.4734415272866
71969123.67990968,44676303.61736658,2025-03-13T12:00:00+00:00,1.0,961.1261175201668
72037034.93753661,44760718.0691008,2025-03-13T13:00:00+00:00,1.0,962.0330520504294
71174367.77100031,43677225.314607084,2025-03-13T14:00:00+00:00,1.0,950.5123901041607
69058693.6055613,41219430.58198866,2025-03-13T15:00:00+00:00,1.0,922.2581945187243
64673252.44612404,35583254.66546792,2025-03-13T16:00:00+00:00,1.0,863.6919397185429
54669486.507727586,24135907.248667046,2025-03-13T17:00:00+00:00,1.0,730.0946381908136
23731821.346098565,5046430.466034737,2025-03-13T18:00:00+00:00,1.0,316.93137481434684
16276129.527463468,2769757.093208904,2025-03-14T07:00:00+00:00,1.0,217.36284091164006
52590274.805452086,22021040.3244677,2025-03-14T08:00:00+00:00,1.0,702.3273878933204
63897095.093754895,34465695.54289866,2025-03-14T09:00:00+00:00,1.0,853.3265904614703
68717903.00150166,40750942.2802282,2025-03-14T10:00:00+00:00,1.0,917.7070379474137
71044019.42796348,43502904.89868273,2025-03-14T11:00:00+00:00,1.0,948.7716269760081
72047160.02808635,44776218.09027449,2025-03-14T12:00:00+00:00,1.0,962.1682696058446
72110058.10752738,44854810.27017704,2025-03-14T13:00:00+00:00,1.0,963.0082546411305
71254661.74125518,43773297.54468788,2025-03-14T14:00:00+00:00,1.0,951.584692057376
69163090.11988656,41335478.51108222,2025-03-14T15:00:00+00:00,1.0,923.6523787377946
64836726.344980456,35779862.97240916,2025-03-14T16:00:00+00:00,1.0,865.8750847353066
55000585.38456347,24437394.91949767,2025-03-14T17:00:00+00:00,1.0,734.5163646442696
24691402.9903061,5370453.7454170855,2025-03-14T18:00:00+00:00,1.0,329.74630061840213
17872161.719764292,3191662.1717633097,2025-03-15T07:00:00+00:00,1.0,238.6773733942866
53124592.0873646,22487640.353032984,2025-03-15T08:00:00+00:00,1.0,709.4630353547585
64134351.74225844,34750117.43311769,2025-03-15T09:00:00+00:00,1.0,856.4950820280241
68855402.75614196,40906764.849193715,2025-03-15T10:00:00+00:00,1.0,919.5433060382231
71138830.16045873,43616036.312166035,2025-03-15T11:00:00+00:00,1.0,950.0377959462903
72123139.92111118,44874454.67616578,2025-03-15T12:00:00+00:00,1.0,963.182958348177
72181093.72749561,44947189.40526568,2025-03-15T13:00:00+00:00,1.0,963.9569140958232
71332810.6480879,43867681.779996574,2025-03-15T14:00:00+00:00,1.0,952.6283473302315
69264852.08104898,41447874.828389816,2025-03-15T15:00:00+00:00,1.0,925.0113792875067
64996289.92557848,35973120.11533649,2025-03-15T16:00:00+00:00,1.0,868.006008621522
55323615.61507659,24734910.864302795,2025-03-15T17:00:00+00:00,1.0,738.8303367398005
25633521.124825943,5697243.868475869,2025-03-15T18:00:00+00:00,1.0,342.3280064747081
19262831.15955368,3600124.765301527,2025-03-16T07:00:00+00:00,1.0,257.2493477504488
53472763.78501254,22876966.854885694,2025-03-16T08:00:00+00:00,1.0,714.1127642229308
64240761.82003439,34962319.035908885,2025-03-16T09:00:00+00:00,1.0,857.91615678466
68888235.64743327,40998093.725172274,2025-03-16T10:00:00+00:00,1.0,919.9817794796161
71142140.65105271,43672711.37465917,2025-03-16T11:00:00+00:00,1.0,950.0820065578711
72113409.05032884,44918876.7777608,2025-03-16T12:00:00+00:00,1.0,963.0530054798124
72166794.10327405,44985876.98477215,2025-03-16T13:00:00+00:00,1.0,963.7659468920045
71320721.29840781,43906027.929185934,2025-03-16T14:00:00+00:00,1.0,952.4668976817288
69264635.15634856,41497788.18985706,2025-03-16T15:00:00+00:00,1.0,925.0084823230327
65030753.59938698,36095767.36934349,2025-03-16T16:00:00+00:00,1.0,868.4662606755634
55475206.40798097,24954971.91931662,2025-03-16T17:00:00+00:00,1.0,740.8547864313746
26345776.19540421,5979483.576472777,2025-03-16T18:00:00+00:00,1.0,351.83995987451704
20429085.494408,3984945.654546222,2025-03-17T07:00:00+00:00,1.0,272.8243255129266
53641078.53080354,23188821.547417257,2025-03-17T08:00:00+00:00,1.0,716.3605573023957
64219881.48408426,35102874.701640755,2025-03-17T09:00:00+00:00,1.0,857.6373061442949
68818735.37642458,41026470.351963356,2025-03-17T10:00:00+00:00,1.0,919.0536241509759
71055720.5075698,43673844.30157351,2025-03-17T11:00:00+00:00,1.0,948.9278913938286
72019478.28898019,44910201.11307402,2025-03-17T12:00:00+00:00,1.0,961.7985882609569
72068594.92956564,44971586.838000126,2025-03-17T13:00:00+00:00,1.0,962.4545263029487
71219913.90900858,43889147.278631635,2025-03-17T14:00:00+00:00,1.0,951.1206451523624
69164258.54459147,41486724.71457118,2025-03-17T15:00:00+00:00,1.0,923.6679827001982
64942650.482563846,36149285.11903867,2025-03-17T16:00:00+00:00,1.0,867.2896699060274
55459566.357492335,25097809.338903263,2025-03-17T17:00:00+00:00,1.0,740.6459182357424
26828015.13756753,6212275.808134133,2025-03-17T18:00:00+00:00,1.0,358.28011668760604
21560388.335933432,4378938.810977838,2025-03-18T07:00:00+00:00,1.0,287.93253653757125
53802786.10716498,23494187.92822791,2025-03-18T08:00:00+00:00,1.0,718.5201136106341
64198008.16888713,35240621.109857425,2025-03-18T09:00:00+00:00,1.0,857.3451945631166
68749059.44916628,41052386.71779486,2025-03-18T10:00:00+00:00,1.0,918.1231229856595
70969260.34983847,43674392.42630724,2025-03-18T11:00:00+00:00,1.0,947.7732418514663
71925512.62278774,44900754.425489254,2025-03-18T12:00:00+00:00,1.0,960.5437048983425
71970338.25442344,44956440.23046037,2025-03-18T13:00:00+00:00,1.0,961.1423377994689
71119014.74643615,43871496.85474197,2025-03-18T14:00:00+00:00,1.0,949.7731670197217
69063717.3528343,41474306.850687124,2025-03-18T15:00:00+00:00,1.0,922.325285160709
64854104.57334948,36200254.79900172,2025-03-18T16:00:00+00:00,1.0,866.107165776577
55441747.19693434,25237892.835919794,2025-03-18T17:00:00+00:00,1.0,740.4079486770122
27292759.468427893,6443940.32853253,2025-03-18T18:00:00+00:00,1.0,364.48663820015815
22654882.494763546,4779017.33052965,2025-03-19T07:00:00+00:00,1.0,302.54917861596624
53957968.664374,23793533.864953462,2025-03-19T08:00:00+00:00,1.0,720.5925302400283
64175087.395225145,35375429.04499623,2025-03-19T09:00:00+00:00,1.0,857.0390944875121
68679166.46592428,41075653.256654546,2025-03-19T10:00:00+00:00,1.0,917.189723102615
70882732.81881611,43674280.85209404,2025-03-19T11:00:00+00:00,1.0,946.6176925589842
71831493.66061908,44890485.002546884,2025-03-19T12:00:00+00:00,1.0,959.2881097839181
71872011.33992618,44940615.744996555,2025-03-19T13:00:00+00:00,1.0,959.8292112703855
71018015.04967338,43853137.67644947,2025-03-19T14:00:00+00:00,1.0,948.424346283036
68963007.13315398,41460587.919789456,2025-03-19T15:00:00+00:00,1.0,920.9803303038742
64765123.00258218,36248540.77208961,2025-03-19T16:00:00+00:00,1.0,864.9188435173879
55421829.51132061,25375442.8751709,2025-03-19T17:00:00+00:00,1.0,740.141953943922
27740659.64644588,6674566.520195368,2025-03-19T18:00:00+00:00,1.0,370.46821109036034
23711393.713452302,5183795.214837009,2025-03-20T07:00:00+00:00,1.0,316.65856989118726
54106711.293975875,24087236.64456097,2025-03-20T08:00:00+00:00,1.0,722.5789435627182
64151068.71071125,35506583.75802174,2025-03-20T09:00:00+00:00,1.0,856.7183321409207
68609017.21656975,41096911.292761296,2025-03-20T10:00:00+00:00,1.0,916.2529008623044
70796111.92563419,43673369.3181335,2025-03-20T11:00:00+00:00,1.0,945.4608964427626
71737404.02391034,44879446.42490525,2025-03-20T12:00:00+00:00,1.0,958.0315708321389
71773602.30555514,44924076.75834058,2025-03-20T13:00:00+00:00,1.0,958.5149880549588
70916906.85426365,43834187.279286325,2025-03-20T14:00:00+00:00,1.0,947.0740765793684
68862124.18027717,41445512.99437741,2025-03-20T15:00:00+00:00,1.0,919.6330686468672
64675713.278148405,36293903.60586689,2025-03-20T16:00:00+00:00,1.0,863.7248033940689
55399890.47949169,25509638.98046989,2025-03-20T17:00:00+00:00,1.0,739.8489647368093
28172350.68534722,6904448.305856683,2025-03-20T18:00:00+00:00,1.0,376.23331577654227
24729303.9764621,5592599.985092466,2025-03-21T07:00:00+00:00,1.0,330.2524569506183
54249101.570889086,24375539.093462937,2025-03-21T08:00:00+00:00,1.0,724.4805231155019
64125905.52089798,35633351.61244145,2025-03-21T09:00:00+00:00,1.0,856.3822852683899
68538574.6202847,41116105.617266074,2025-03-21T10:00:00+00:00,1.0,915.3121610615055
70709373.01243658,43671532.86294478,2025-03-21T11:00:00+00:00,1.0,944.3025242045373
71643227.30484948,44867681.89885002,2025-03-21T12:00:00+00:00,1.0,956.7738689216061
71675100.07175738,44906651.85412859,2025-03-21T13:00:00+00:00,1.0,957.1995201890718
70815682.9084023,43814583.905598596,2025-03-21T14:00:00+00:00,1.0,945.7222610630596
68761065.39953771,41429297.32350139,2025-03-21T15:00:00+00:00,1.0,918.2834588613537
64585883.05833938,36336448.15696999,2025-03-21T16:00:00+00:00,1.0,862.5251476808178
55376003.573794104,25640456.108662207,2025-03-21T17:00:00+00:00,1.0,739.5299622568746
28588448.261093788,7132034.230252707,2025-03-21T18:00:00+00:00,1.0,381.79017442699785
25708443.00565678,6004378.733454387,2025-03-22T07:00:00+00:00,1.0,343.3285657806757
54385229.31561407,24658490.393715743,2025-03-22T08:00:00+00:00,1.0,726.2984684243395
64099554.99070414,35756515.96505371,2025-03-22T09:00:00+00:00,1.0,856.0303818203056
68467803.69564922,41133642.96304901,2025-03-22T10:00:00+00:00,1.0,914.3670365337694
70622492.72630478,43668867.55926747,2025-03-22T11:00:00+00:00,1.0,943.1422639730973
71548948.02534027,44855159.67219066,2025-03-22T12:00:00+00:00,1.0,955.5147973469481
71576494.29407665,44888254.208992705,2025-03-22T13:00:00+00:00,1.0,955.8826695256032
70714336.56801933,43794084.1082327,2025-03-22T14:00:00+00:00,1.0,944.3688110045236
68659828.13262473,41411775.29631292,2025-03-22T15:00:00+00:00,1.0,916.9314654463737
64495639.85110534,36376733.54955033,2025-03-22T16:00:00+00:00,1.0,861.3199766440421
55350238.073500894,25767655.197828215,2025-03-22T17:00:00+00:00,1.0,739.1858717080704
28989545.025115505,7357327.812611538,2025-03-22T18:00:00+00:00,1.0,387.14670172429595
26648996.670602374,6417563.940478409,2025-03-23T07:00:00+00:00,1.0,355.8893786138089
54515186.48381182,24935839.60359475,2025-03-23T08:00:00+00:00,1.0,728.0340075295334
64071977.99534362,35876216.580489084,2025-03-23T09:00:00+00:00,1.0,855.6620992967979
68396671.55143312,41149687.08151599,2025-03-23T10:00:00+00:00,1.0,913.4170880266199
70535449.00011921,43665367.777431436,2025-03-23T11:00:00+00:00,1.0,941.979821048597
71454551.5953752,44841838.157332934,2025-03-23T12:00:00+00:00,1.0,954.2541612630372
71477775.28939445,44868948.56775189,2025-03-23T13:00:00+00:00,1.0,954.564306749383
70612861.67491509,43772701.8693474,2025-03-23T14:00:00+00:00,1.0,943.0136441628591
68558409.95649678,41393045.85494498,2025-03-23T15:00:00+00:00,1.0,915.5770560429455
64404990.65761125,36414498.06919437,2025-03-23T16:00:00+00:00,1.0,860.1093837822134
55322658.4737145,25891095.99328647,2025-03-23T17:00:00+00:00,1.0,738.8175544032465
29376207.2167106,7581455.6042430345,2025-03-23T18:00:00+00:00,1.0,392.31045962487093
27551430.43417093,6830460.723718813,2025-03-24T07:00:00+00:00,1.0,367.9411115674506
54639067.13713353,25205682.36690292,2025-03-24T08:00:00+00:00,1.0,729.6883965963293
64043139.09610476,35992012.095181696,2025-03-24T09:00:00+00:00,1.0,855.2769644244696
68325147.39077611,41164291.31539291,2025-03-24T10:00:00+00:00,1.0,912.46190425715
70448221.04354052,43660999.695986345,2025-03-24T11:00:00+00:00,1.0,940.8149177823359
71360024.27843791,44827674.36112214,2025-03-24T12:00:00+00:00,1.0,952.9917772227323
71378933.96828905,44848805.805434875,2025-03-24T13:00:00+00:00,1.0,953.2443104739393
70511252.44231601,43750548.33295804,2025-03-24T14:00:00+00:00,1.0,941.6566832574329
68456808.49085581,41373234.00954308,2025-03-24T15:00:00+00:00,1.0,914.2201988629203
64313941.64402401,36449033.74363423,2025-03-24T16:00:00+00:00,1.0,858.8934514426211
55293323.95830739,26011230.2232995,2025-03-24T17:00:00+00:00,1.0,738.4258007252594
29748972.130117428,7803383.025581612,2025-03-24T18:00:00+00:00,1.0,397.2886235325454
28416426.048088025,7243590.193809488,2025-03-25T07:00:00+00:00,1.0,379.4928692319474
54756967.48474673,25470095.36488988,2025-03-25T08:00:00+00:00,1.0,731.2629204693815
64013006.56028997,36102333.27302726,2025-03-25T09:00:00+00:00,1.0,854.874553422664
68253202.54710864,41177400.459428154,2025-03-25T10:00:00+00:00,1.0,911.5011023919442
70360789.36307555,43655758.54111645,2025-03-25T11:00:00+00:00,1.0,939.6472938444844
71265353.18965492,44812574.79943559,2025-03-25T12:00:00+00:00,1.0,951.7274731524545
71279961.80718575,44827887.89595895,2025-03-25T13:00:00+00:00,1.0,951.9225668694525
70409503.39321372,43727504.61300737,2025-03-25T14:00:00+00:00,1.0,940.2978551444075
68355021.28868923,41352771.88132627,2025-03-25T15:00:00+00:00,1.0,912.8608612271474
64222497.95416132,36481200.757452235,2025-03-25T16:00:00+00:00,1.0,857.6722483194576
55262288.20624786,26127581.544000667,2025-03-25T17:00:00+00:00,1.0,738.0113275407093
30108347.083652485,8022239.539386873,2025-03-25T18:00:00+00:00,1.0,402.0879685316804
29244829.78142161,7657311.134276856,2025-03-26T07:00:00+00:00,1.0,390.55595327753855
54868986.037445344,25729707.82212172,2025-03-26T08:00:00+00:00,1.0,732.758894730833
63981552.440706305,36207698.45704103,2025-03-26T09:00:00+00:00,1.0,854.4544930649768
68180810.57343136,41189275.17199716,2025-03-26T10:00:00+00:00,1.0,910.5343292391867
70273135.8357191,43649570.28840267,2025-03-26T11:00:00+00:00,1.0,938.4767072077955
71170526.35266824,44796420.53209778,2025-03-26T12:00:00+00:00,1.0,950.4610891114769
71180850.89235063,44806188.50244337,2025-03-26T13:00:00+00:00,1.0,950.5989702503975
70307609.39620468,43703554.782014415,2025-03-26T14:00:00+00:00,1.0,938.937091295463
68253045.87045185,41331052.20265408,2025-03-26T15:00:00+00:00,1.0,911.4990100220687
64130663.77797955,36511132.88426629,2025-03-26T16:00:00+00:00,1.0,856.4458303683264
55229599.73926206,26240710.434777316,2025-03-26T17:00:00+00:00,1.0,737.5747828427138
30454810.46533153,8240380.727548833,2025-03-26T18:00:00+00:00,1.0,406.71488335111883
30037610.352771174,8071311.74706821,2025-03-27T07:00:00+00:00,1.0,401.14330065132583
54975223.808432944,25983681.13494256,2025-03-27T08:00:00+00:00,1.0,734.1776683818408
63948752.69674186,36309332.271071486,2025-03-27T09:00:00+00:00,1.0,854.016462296222
68107947.36709665,41199105.258647636,2025-03-27T10:00:00+00:00,1.0,909.5612629152921
70185243.82486133,43642354.45876301,2025-03-27T11:00:00+00:00,1.0,937.3029356952538
71075532.80990845,44779136.35770504,2025-03-27T12:00:00+00:00,1.0,949.1924787648078
71081594.03343499,44783472.813169785,2025-03-27T13:00:00+00:00,1.0,949.2734245918163
70205565.79692265,43678656.60054583,2025-03-27T14:00:00+00:00,1.0,937.5743295529113
68150879.90585718,41308138.88313549,2025-03-27T15:00:00+00:00,1.0,910.134614127361
64038442.67039118,36539406.86453418,2025-03-27T16:00:00+00:00,1.0,855.2142450639767
55195302.80613323,26350327.538008228,2025-03-27T17:00:00+00:00,1.0,737.1167575605492
30788814.56438496,8457076.700219817,2025-03-27T18:00:00+00:00,1.0,411.1754081782113
30795824.32161904,8484617.363734882,2025-03-28T07:00:00+00:00,1.0,411.26902138914596
55075784.3275112,26229519.536444265,2025-03-28T08:00:00+00:00,1.0,735.520624031934
63914587.22582244,36407279.45505115,2025-03-28T09:00:00+00:00,1.0,853.5601926525419
68034591.25429952,41207293.514388904,2025-03-28T10:00:00+00:00,1.0,908.5816139730072
70097098.27867787,43634169.67801117,2025-03-28T11:00:00+00:00,1.0,936.1257782943168
70980362.73173244,44760721.486372866,2025-03-28T12:00:00+00:00,1.0,947.921510840435
70982184.89188516,44759637.92794882,2025-03-28T13:00:00+00:00,1.0,947.9458452441877
70103368.58501306,43652907.281768695,2025-03-28T14:00:00+00:00,1.0,936.2095163596862
68048521.45934464,41284188.52220808,2025-03-28T15:00:00+00:00,1.0,908.767647694245
63945837.991621114,36565450.08637023,2025-03-28T16:00:00+00:00,1.0,853.97753728127
55159438.49732072,26455612.48496463,2025-03-28T17:00:00+00:00,1.0,736.6378004449948
31110789.19965297,8672672.030350443,2025-03-28T18:00:00+00:00,1.0,415.475283115029
31520586.745455123,8895928.53121311,2025-03-29T07:00:00+00:00,1.0,420.94800675019803
55170773.12872694,26469072.544898733,2025-03-29T08:00:00+00:00,1.0,736.7891710567274
63879039.641646676,36500425.002326444,2025-03-29T09:00:00+00:00,1.0,853.0854652997579
67960722.91798468,41214340.9857967,2025-03-29T10:00:00+00:00,1.0,907.5951244388887
70008685.72300664,43625041.910632096,2025-03-29T11:00:00+00:00,1.0,934.9450550615237
70885007.44724618,44741357.90374079,2025-03-29T12:00:00+00:00,1.0,946.6480695412167
70882618.04666507,44734890.731495075,2025-03-29T13:00:00+00:00,1.0,946.6161598112262
70001014.50565691,43626352.09323017,2025-03-29T14:00:00+00:00,1.0,934.8426082486209
67945969.18325174,41259499.5672528,2025-03-29T15:00:00+00:00,1.0,907.3980927250382
63852853.28103437,36588550.69949082,2025-03-29T16:00:00+00:00,1.0,852.7357542873245
55122045.729103014,26557757.75389338,2025-03-29T17:00:00+00:00,1.0,736.1384312113071
31421144.88544362,8886239.186919184,2025-03-29T18:00:00+00:00,1.0,419.61999045730965
32213045.479711033,9304643.045715151,2025-03-30T07:00:00+00:00,1.0,430.19558600041756
55260296.55571168,26697726.147282697,2025-03-30T08:00:00+00:00,1.0,737.9847296435784
63842096.70004227,36588038.3514942,2025-03-30T09:00:00+00:00,1.0,852.5921033659631
67886325.11018036,41220159.55777879,2025-03-30T10:00:00+00:00,1.0,906.6015639714203
69919994.10047223,43614900.356979646,2025-03-30T11:00:00+00:00,1.0,933.7606049742574
70789459.35482095,44721029.87059277,2025-03-30T12:00:00+00:00,1.0,945.3720533496376
70782888.95551945,44709297.95445671,2025-03-30T13:00:00+00:00,1.0,945.2843076324724
69898501.07094692,43598994.65242156,2025-03-30T14:00:00+00:00,1.0,933.4735719944955
67843222.39684454,41233948.76725314,2025-03-30T15:00:00+00:00,1.0,906.0259401288043
63759492.47441146,36608478.460738584,2025-03-30T16:00:00+00:00,1.0,851.488948643302
55083161.89873045,26655989.528513752,2025-03-30T17:00:00+00:00,1.0,735.6191492886082
31720275.091992233,9097492.396214623,2025-03-30T18:00:00+00:00,1.0,423.61478488238026
32874358.855319887,9710204.155779243,2025-03-31T07:00:00+00:00,1.0,439.02722830288843
55344460.05111235,26909676.808182303,2025-03-31T08:00:00+00:00,1.0,739.1087079475524
63803747.46039147,36670608.3612286,2025-03-31T09:00:00+00:00,1.0,852.0799607424123
67811382.19921802,41224645.165609375,2025-03-31T10:00:00+00:00,1.0,905.6007238143416
69831012.49747343,43603764.210890315,2025-03-31T11:00:00+00:00,1.0,932.5722822846438
70693711.74759872,44699656.83910187,2025-03-31T12:00:00+00:00,1.0,944.0933726976381
70682993.84735325,44682796.452130355,2025-03-31T13:00:00+00:00,1.0,943.9502383460731
69795826.50935987,43570962.68887282,2025-03-31T14:00:00+00:00,1.0,932.102383939096
67740281.10556525,41207571.03728335,2025-03-31T15:00:00+00:00,1.0,904.6511899781578
63665760.04365827,36625778.387766056,2025-03-31T16:00:00+00:00,1.0,850.2371800702355
55042823.40439017,26746810.27408723,2025-03-31T17:00:00+00:00,1.0,735.0804407637617
32008558.082300592,9306465.937989857,2025-03-31T18:00:00+00:00,1.0,427.4647179794345
33505677.361658398,10111554.369633678,2025-04-01T07:00:00+00:00,1.0,447.4582980990671
55423366.45234508,27115786.44560298,2025-04-01T08:00:00+00:00,1.0,740.1624793315347
63763982.42536025,36748420.91003649,2025-04-01T09:00:00+00:00,1.0,851.5489105950805
67735879.70716804,41227930.94297485,2025-04-01T10:00:00+00:00,1.0,904.5924106192209
69741730.87139283,43591686.70469655,2025-04-01T11:00:00+00:00,1.0,931.3799528765026
70597758.65136766,44677128.837299086,2025-04-01T12:00:00+00:00,1.0,942.8119478013803
70582929.6385774,44655273.64703951,2025-04-01T13:00:00+00:00,1.0,942.6139107716034
69692989.75553373,43542259.12344547,2025-04-01T14:00:00+00:00,1.0,930.7290298548867
67637146.08361104,41180529.89155203,2025-04-01T15:00:00+00:00,1.0,903.2738526123302
63571661.25319425,36640687.60501666,2025-04-01T16:00:00+00:00,1.0,848.9805188727798
55001066.38495124,26830232.58342078,2025-04-01T17:00:00+00:00,1.0,734.5227882605684
32286359.4442474,9514285.718372969,2025-04-01T18:00:00+00:00,1.0,431.1746720652653
34108130.20759745,10508734.242819993,2025-04-02T07:00:00+00:00,1.0,455.50387563564396
55497114.80735778,27316341.01880151,2025-04-02T08:00:00+00:00,1.0,741.1473665512624
63722792.925355904,36821010.66845443,2025-04-02T09:00:00+00:00,1.0,850.9988371441754
67659803.99798518,41230178.60940466,2025-04-02T10:00:00+00:00,1.0,903.5764422807894
69652139.89534642,43578589.943457365,2025-04-02T11:00:00+00:00,1.0,930.183492192119
70501594.76696497,44653492.541107655,2025-04-02T12:00:00+00:00,1.0,941.5277078921649
70482693.95634334,44626610.899583966,2025-04-02T13:00:00+00:00,1.0,941.2752932203992
69589990.56279466,43512801.778423876,2025-04-02T14:00:00+00:00,1.0,929.3535064475909
67533819.118689,41152719.08927858,2025-04-02T15:00:00+00:00,1.0,901.8939519055642
63477202.65536879,36653380.29897033,2025-04-02T16:00:00+00:00,1.0,847.7190525556781
54957927.91561416,26910551.843584146,2025-04-02T17:00:00+00:00,1.0,733.9466869072452
32554035.81878769,9718703.45508948,2025-04-02T18:00:00+00:00,1.0,434.7494099731295
34682816.777813606,10900504.144763906,2025-04-03T07:00:00+00:00,1.0,463.1786428660962
55565799.976243615,27511714.791190106,2025-04-03T08:00:00+00:00,1.0,742.0646364348817
63680170.86715605,36888357.40649672,2025-04-03T09:00:00+00:00,1.0,850.4296323071125
67583142.18694988,41231221.019602016,2025-04-03T10:00:00+00:00,1.0,902.5526467274364
69562230.95898901,43564459.64630158,2025-04-03T11:00:00+00:00,1.0,928.9827852429033
70405215.54026432,44628748.59112782,2025-04-03T12:00:00+00:00,1.0,940.2405921509744
70382285.27781336,44596876.46557642,2025-04-03T13:00:00+00:00,1.0,939.9343653554157
69486829.73349825,43482633.374623545,2025-04-03T14:00:00+00:00,1.0,927.9758244324119
67430303.39155884,41123891.15361347,2025-04-03T15:00:00+00:00,1.0,900.5115303359794
63382392.77318366,36663867.8179383,2025-04-03T16:00:00+00:00,1.0,846.4528949410118
54913447.493647836,26988913.33083572,2025-04-03T17:00:00+00:00,1.0,733.3526641779915
32811939.28053098,9920821.872782078,2025-04-03T18:00:00+00:00,1.0,438.19363355409865
35230802.026725285,11289193.060559055,2025-04-04T07:00:00+00:00,1.0,470.4968219380982
55629512.87641778,27702241.949767977,2025-04-04T08:00:00+00:00,1.0,742.9155031572863
63636108.786411375,36951090.08881342,2025-04-04T09:00:00+00:00,1.0,849.8411963997108
67505882.21645181,41230925.550313815,2025-04-04T10:00:00+00:00,1.0,901.52086293339
69471996.27523796,43549366.216235936,2025-04-04T11:00:00+00:00,1.0,927.7777280347086
70308617.30200487,44602844.91142918,2025-04-04T12:00:00+00:00,1.0,938.9505515759231
70281703.11567591,44566098.62029063,2025-04-04T13:00:00+00:00,1.0,938.5911206687472
69383509.37622063,43451556.39939616,2025-04-04T14:00:00+00:00,1.0,926.5960119687492
67326603.85768203,41094269.20455868,2025-04-04T15:00:00+00:00,1.0,899.1266540823008
63287242.73553514,36671733.262524046,2025-04-04T16:00:00+00:00,1.0,845.1821946519105
54867668.34592257,27065502.61972448,2025-04-04T17:00:00+00:00,1.0,732.7412973547329
33060420.951817717,10120304.28881237,2025-04-04T18:00:00+00:00,1.0,441.5120319420072
35753114.29845654,11672015.312712718,2025-04-05T07:00:00+00:00,1.0,477.4721460798184
55688341.02620347,27888434.223498933,2025-04-05T08:00:00+00:00,1.0,743.7011354995064
63590600.02142257,37009818.378691,2025-04-05T09:00:00+00:00,1.0,849.2334404570241
67428012.9847628,41229377.34174796,2025-04-05T10:00:00+00:00,1.0,900.4809426383842
69381428.99690372,43533268.255433306,2025-04-05T11:00:00+00:00,1.0,926.5682291253203
70211797.38837785,44575764.82763368,2025-04-05T12:00:00+00:00,1.0,937.6575505926498
70180948.1546684,44534230.37494911,2025-04-05T13:00:00+00:00,1.0,937.2455683048514
69280033.07393998,43419425.881303504,2025-04-05T14:00:00+00:00,1.0,925.2141169062453
67222727.47649106,41063883.38865206,2025-04-05T15:00:00+00:00,1.0,897.7394160856145
63191766.62580609,36677068.086521395,2025-04-05T16:00:00+00:00,1.0,843.9071397677149
54820638.08153957,27140381.274199277,2025-04-05T17:00:00+00:00,1.0,732.1132222427873
33299832.595687635,10317241.134629987,2025-04-05T18:00:00+00:00,1.0,444.7093028270174
36250744.33682858,12049065.0301353,2025-04-06T07:00:00+00:00,1.0,484.11784637858443
55742369.07487795,28069769.792190965,2025-04-06T08:00:00+00:00,1.0,744.4226639273181
63543638.86807636,37064404.04241167,2025-04-06T09:00:00+00:00,1.0,848.6062883022928
67349524.43088225,41226495.98885102,2025-04-06T10:00:00+00:00,1.0,899.432751480794
69290523.27465634,43515943.72037145,2025-04-06T11:00:00+00:00,1.0,925.3542103987328
70114754.18231688,44547391.277770616,2025-04-06T12:00:00+00:00,1.0,936.3615676057331
70080022.28082857,44501285.32688433,2025-04-06T13:00:00+00:00,1.0,935.8977334512335
69176405.90134455,43386386.12310021,2025-04-06T14:00:00+00:00,1.0,923.8302070158143
67118683.2077888,41032789.14115104,2025-04-06T15:00:00+00:00,1.0,896.3499360014667
63095981.434768565,36680550.094856456,2025-04-06T16:00:00+00:00,1.0,842.6279571950871
54772408.50911448,27213412.214120273,2025-04-06T17:00:00+00:00,1.0,731.4691307307032
33530525.81803408,10512788.37225156,2025-04-06T18:00:00+00:00,1.0,447.7901418006743
36724644.84886824,12420152.940013299,2025-04-07T07:00:00+00:00,1.0,490.4466459517616
55791679.21190345,28245974.7963442,2025-04-07T08:00:00+00:00,1.0,745.0811860564089
63495220.659632295,37114091.16717278,2025-04-07T09:00:00+00:00,1.0,847.9596776126207
67270407.55671574,41222425.179388605,2025-04-07T10:00:00+00:00,1.0,898.3761692937479
69199274.2453122,43497328.39987858,2025-04-07T11:00:00+00:00,1.0,924.135606908548
70017487.07374272,44517651.08474702,2025-04-07T12:00:00+00:00,1.0,935.0625944677246
69978928.508974,44467329.605014116,2025-04-07T13:00:00+00:00,1.0,934.5476563698599
69072634.30416441,43352634.34858248,2025-04-07T14:00:00+00:00,1.0,922.4443683782698
67014481.80806379,41001017.98331252,2025-04-07T15:00:00+00:00,1.0,894.9583574794796
62999906.67404429,36682179.49891068,2025-04-07T16:00:00+00:00,1.0,841.344907505927
54723034.78315408,27284900.94427014,2025-04-07T17:00:00+00:00,1.0,730.8097593904047
33752849.49728402,10706080.593879633,2025-04-07T18:00:00+00:00,1.0,450.75920802996455
37175730.54017467,12784485.312279152,2025-04-08T07:00:00+00:00,1.0,496.47076041900215
55836351.483610146,28418110.977344465,2025-04-08T08:00:00+00:00,1.0,745.6777708815557
63445341.80565557,37159216.9177672,2025-04-08T09:00:00+00:00,1.0,847.2935604387691
67190654.40996124,41217095.05807095,2025-04-08T10:00:00+00:00,1.0,897.3110898766289
69107677.9808183,43477564.93538241,2025-04-08T11:00:00+00:00,1.0,922.9123661968249
69919996.37302418,44486627.79718742,2025-04-08T12:00:00+00:00,1.0,933.760635323504
69877670.851446,44432345.196025826,2025-04-08T13:00:00+00:00,1.0,933.1953906443212
68968725.90061851,43318326.37453618,2025-04-08T14:00:00+00:00,1.0,921.0567027326265
66910135.5113542,40968571.17419257,2025-04-08T15:00:00+00:00,1.0,893.564843901642
62903563.81244716,36681794.4100044,2025-04-08T16:00:00+00:00,1.0,840.0582774098064
54672574.20868383,27354043.045829073,2025-04-08T17:00:00+00:00,1.0,730.1358735134025
33967146.468257785,10897018.751195028,2025-04-08T18:00:00+00:00,1.0,453.6210799713872
37604878.580748975,13141307.750533786,2025-04-09T07:00:00+00:00,1.0,502.20190412325064
55876464.085194886,28585817.23230259,2025-04-09T08:00:00+00:00,1.0,746.2134626762048
63393999.81989213,37201137.88793748,2025-04-09T09:00:00+00:00,1.0,846.6079035776055
67110258.06054662,41210397.51858421,2025-04-09T10:00:00+00:00,1.0,896.2374206803826
69015731.42734492,43456848.23571432,2025-04-09T11:00:00+00:00,1.0,921.6844474805753
69822283.2127261,44454385.11541954,2025-04-09T12:00:00+00:00,1.0,932.4557052981514
69776254.17147292,44396116.30846539,2025-04-09T13:00:00+00:00,1.0,931.8410012215849
68864689.26134759,43283374.89413893,2025-04-09T14:00:00+00:00,1.0,919.6673245372292
66805657.68303944,40935517.525089756,2025-04-09T15:00:00+00:00,1.0,892.169573758533
62806975.6677771,36679199.58924588,2025-04-09T16:00:00+00:00,1.0,838.768371631632
54621085.00133515,27421061.41130846,2025-04-09T17:00:00+00:00,1.0,729.4482505520198
34173750.280669816,11084821.077517008,2025-04-09T18:00:00+00:00,1.0,456.38021208159205
38012929.367680706,13489785.810416048,2025-04-10T07:00:00+00:00,1.0,507.651300316257
55912093.6021589,28748683.258855443,2025-04-10T08:00:00+00:00,1.0,746.6892842168763
63341193.33865021,37239681.10565994,2025-04-10T09:00:00+00:00,1.0,845.90268881745
67029212.573056616,41202491.541689456,2025-04-10T10:00:00+00:00,1.0,895.1550824393333
68923432.34556843,43435168.67020151,2025-04-10T11:00:00+00:00,1.0,920.4518208542742
69724349.45208688,44420746.202830225,2025-04-10T12:00:00+00:00,1.0,931.1478292212406
69674684.04199168,44358705.60880964,2025-04-10T13:00:00+00:00,1.0,930.484562526611
68760533.70016477,43247469.27701144,2025-04-10T14:00:00+00:00,1.0,918.2763581752747
66701062.49128682,40902013.83906296,2025-04-10T15:00:00+00:00,1.0,890.7727362618334
62710165.84411716,36674344.33767885,2025-04-10T16:00:00+00:00,1.0,837.4755053968747
54568625.16191024,27486363.564881604,2025-04-10T17:00:00+00:00,1.0,728.7476650896062
34372982.47791831,11270272.694206154,2025-04-10T18:00:00+00:00,1.0,459.04089847646964
450979.92769098113,24510.596999204827,2025-04-11T06:00:00+00:00,1.0,6.022702025787758
38400687.343182445,13830245.034693645,2025-04-11T07:00:00+00:00,1.0,512.8296920830946
55943315.16843575,28904595.49927536,2025-04-11T08:00:00+00:00,1.0,747.1062388947007
63286922.103342526,37273435.4596103,2025-04-11T09:00:00+00:00,1.0,845.1779127048945
66947512.964866504,41193470.0702223,2025-04-11T10:00:00+00:00,1.0,894.0640086119972
68830779.24602224,43412394.84696968,2025-04-11T11:00:00+00:00,1.0,919.2144664265734
69626197.58570129,44385560.9553347,2025-04-11T12:00:00+00:00,1.0,929.8370404073388
69572966.61684553,44320117.13951411,2025-04-11T13:00:00+00:00,1.0,929.1261567420602
68656269.08699097,43210601.48428675,2025-04-11T14:00:00+00:00,1.0,916.8839354566148
66596364.621790126,40867759.60763372,2025-04-11T15:00:00+00:00,1.0,889.374527534581
62613158.24881451,36667762.1822471,2025-04-11T16:00:00+00:00,1.0,836.1799979809526
54515251.555547476,27549989.529708844,2025-04-11T17:00:00+00:00,1.0,728.0348765431125
34565150.559348114,11453499.98146077,2025-04-11T18:00:00+00:00,1.0,461.60724571779326
665930.5518334799,39289.33893117283,2025-04-12T06:00:00+00:00,1.0,8.893303309742093
38768921.73963355,14162735.339118697,2025-04-12T07:00:00+00:00,1.0,517.7473522921139
55970202.49671758,29054704.024973564,2025-04-12T08:00:00+00:00,1.0,747.4653111206841
63231186.89567029,37302633.81605118,2025-04-12T09:00:00+00:00,1.0,844.4335856793641
66865155.14241284,41183283.44387731,2025-04-12T10:00:00+00:00,1.0,892.9641445300899
68737771.31978342,43388439.8963013,2025-04-12T11:00:00+00:00,1.0,917.9723733945402
69527830.65811457,44348780.06349257,2025-04-12T12:00:00+00:00,1.0,928.5233795154168
69471108.51950124,44280292.78338094,2025-04-12T13:00:00+00:00,1.0,927.7658723224074
68551905.69484863,43172963.55380425,2025-04-12T14:00:00+00:00,1.0,915.4901935743627
66491579.048901565,40832640.55252677,2025-04-12T15:00:00+00:00,1.0,887.9751475547758
62515976.721767865,36659618.489598416,2025-04-12T16:00:00+00:00,1.0,834.8821677586396
54461019.233658694,27611942.600406095,2025-04-12T17:00:00+00:00,1.0,727.3106201076138
34750546.75049892,11634807.360749977,2025-04-12T18:00:00+00:00,1.0,464.0831563902106
941985.1433900615,63946.798490589186,2025-04-13T06:00:00+00:00,1.0,12.579929799546782
39118367.224955864,14484700.235704346,2025-04-13T07:00:00+00:00,1.0,522.4140922136199
55992827.811113775,29199842.525506344,2025-04-13T08:00:00+00:00,1.0,747.767465426191
63173989.42896782,37328459.72241435,2025-04-13T09:00:00+00:00,1.0,843.6697306219044
66782135.82243923,41171773.24363274,2025-04-13T10:00:00+00:00,1.0,891.8554463466884
68644408.36766748,43363233.14237923,2025-04-13T11:00:00+00:00,1.0,916.7255390981264
69429252.1899571,44310219.53199184,2025-04-13T12:00:00+00:00,1.0,927.2068935624613
69369116.75591932,44239207.01097809,2025-04-13T13:00:00+00:00,1.0,926.4038028301295
68447454.08665343,43134800.87933094,2025-04-13T14:00:00+00:00,1.0,914.0952735931245
66386720.87800479,40796928.64866022,2025-04-13T15:00:00+00:00,1.0,886.5747980502852
62418644.78927327,36650223.590091534,2025-04-13T16:00:00+00:00,1.0,833.582328916572
54405981.03662117,27672292.612858262,2025-04-13T17:00:00+00:00,1.0,726.5756014506072
34929447.54676718,11813929.734543359,2025-04-13T18:00:00+00:00,1.0,466.472323007036
1281803.0749365175,100070.80012438259,2025-04-14T06:00:00+00:00,1.0,17.118096620412807
39449724.54617732,14795417.228179151,2025-04-14T07:00:00+00:00,1.0,526.8392701145493
56011261.71166424,29339932.449176025,2025-04-14T08:00:00+00:00,1.0,748.013644653641
63115332.218264826,37350821.771864876,2025-04-14T09:00:00+00:00,1.0,842.8863811199966
66698452.444797926,41158759.6763047,2025-04-14T10:00:00+00:00,1.0,890.7378798717774
68550690.7341687,43336861.50549448,2025-04-14T11:00:00+00:00,1.0,915.473968137943
69330466.11751735,44269940.216917664,2025-04-14T12:00:00+00:00,1.0,925.8876351164301
69266998.65119584,44196695.07634842,2025-04-14T13:00:00+00:00,1.0,925.0400460896835
68342925.04105645,43095974.03180023,2025-04-14T14:00:00+00:00,1.0,912.6993194585444
66281805.24716584,40760506.35559569,2025-04-14T15:00:00+00:00,1.0,885.1736811854286
62321185.52720106,36639109.0314564,2025-04-14T16:00:00+00:00,1.0,832.2807896260879
54350187.41131388,27731545.9316828,2025-04-14T17:00:00+00:00,1.0,725.830494275035
35102113.89838323,11991515.126801273,2025-04-14T18:00:00+00:00,1.0,468.77823048054967
1684854.2976547566,148519.00663442054,2025-04-15T06:00:00+00:00,1.0,22.500725128936548
39763661.195434846,15094772.787484927,2025-04-15T07:00:00+00:00,1.0,531.0318001527073
56025573.01326259,29473098.92838311,2025-04-15T08:00:00+00:00,1.0,748.2047678053175
63055218.43679733,37370019.582555,2025-04-15T09:00:00+00:00,1.0,842.0835795512559
66614103.08536693,41144408.70938345,2025-04-15T10:00:00+00:00,1.0,889.6114194092931
68456619.24513912,43309284.36675758,2025-04-15T11:00:00+00:00,1.0,914.2176715429987
69231476.741746,44227974.822893664,2025-04-15T12:00:00+00:00,1.0,924.5656616151989
69164761.80117081,44152698.91990853,2025-04-15T13:00:00+00:00,1.0,923.6747035412832
68238329.49976122,43056328.339657865,2025-04-15T14:00:00+00:00,1.0,911.3024772938107
66176847.26488876,40723513.01837603,2025-04-15T15:00:00+00:00,1.0,883.7719987298282
62223621.47985411,36625964.54664885,2025-04-15T16:00:00+00:00,1.0,830.9778509596011
54293686.34868901,27789087.758239266,2025-04-15T17:00:00+00:00,1.0,725.0759394857047
35268791.64833568,12168182.225182623,2025-04-15T18:00:00+00:00,1.0,471.00416197029944
2181746.157871595,213950.1834890847,2025-04-16T06:00:00+00:00,1.0,29.136567279268224
40187939.95167651,15432110.341936909,2025-04-16T07:00:00+00:00,1.0,536.6979160213173
56132951.701658905,29649787.004152473,2025-04-16T08:00:00+00:00,1.0,749.638778067036
63071225.36008258,37432171.86884771,2025-04-16T09:00:00+00:00,1.0,842.2973472233299
66595444.789289474,41169791.41947067,2025-04-16T10:00:00+00:00,1.0,889.3622434467077
68422420.16037875,43318602.30598463,2025-04-16T11:00:00+00:00,1.0,913.760952996502
69189874.1468743,44221392.84435413,2025-04-16T12:00:00+00:00,1.0,924.0100714059178
69120240.50870728,44144279.73247322,2025-04-16T13:00:00+00:00,1.0,923.0801349987695
68194679.6815904,43054454.78448411,2025-04-16T14:00:00+00:00,1.0,910.7195470297955
66139716.842660084,40727794.06498014,2025-04-16T15:00:00+00:00,1.0,883.2761330483396
62206172.97824746,36658506.20333142,2025-04-16T16:00:00+00:00,1.0,830.7448314402566
54338118.95683693,27897126.834220592,2025-04-16T17:00:00+00:00,1.0,725.6693236757064
35560839.643291526,12388611.223241054,2025-04-16T18:00:00+00:00,1.0,474.9043755781391
2744245.7830384495,295030.0816318062,2025-04-17T06:00:00+00:00,1.0,36.648581504253045
40593651.35257743,15760692.496834734,2025-04-17T07:00:00+00:00,1.0,542.116070413697
56234713.68586954,29820504.325647447,2025-04-17T08:00:00+00:00,1.0,750.9977789245346
63084766.39240201,37491012.04688283,2025-04-17T09:00:00+00:00,1.0,842.4781836592067
66575403.92822612,41193471.70624144,2025-04-17T10:00:00+00:00,1.0,889.0946037423263
68387308.960501,43326313.2621173,2025-04-17T11:00:00+00:00,1.0,913.2920534254879
69147588.81930181,44213335.04844727,2025-04-17T12:00:00+00:00,1.0,923.4453635056409
69075144.58716676,44134282.64174721,2025-04-17T13:00:00+00:00,1.0,922.4778924568124
68150479.19684379,43051703.22287274,2025-04-17T14:00:00+00:00,1.0,910.1292627783718
66101962.23875285,40731276.80179466,2025-04-17T15:00:00+00:00,1.0,882.7719316072771
62187816.5107361,36689469.14242498,2025-04-17T16:00:00+00:00,1.0,830.4996863079114
54380577.87693579,28002936.56032937,2025-04-17T17:00:00+00:00,1.0,726.2363498522325
35845452.16978199,12606947.201000223,2025-04-17T18:00:00+00:00,1.0,478.7052907289237
3365202.9421859775,390375.264155424,2025-04-18T06:00:00+00:00,1.0,44.9412786082531
40981428.09831193,16081120.256048238,2025-04-18T07:00:00+00:00,1.0,547.294712851394
56330985.587372586,29985726.903741416,2025-04-18T08:00:00+00:00,1.0,752.2834613698336
63095883.09672198,37546481.509027384,2025-04-18T09:00:00+00:00,1.0,842.6266439199079
66554004.48273809,41215464.34602875,2025-04-18T10:00:00+00:00,1.0,888.808820549382
68351305.80745712,43332578.78985792,2025-04-18T11:00:00+00:00,1.0,912.8112420867812
69104640.93131562,44203585.73019804,2025-04-18T12:00:00+00:00,1.0,922.8718073092246
69029495.83443645,44122983.1642966,2025-04-18T13:00:00+00:00,1.0,921.8682670197271
68105752.83918087,43048091.37891198,2025-04-18T14:00:00+00:00,1.0,909.53195565146
66063613.482866004,40734010.16516278,2025-04-18T15:00:00+00:00,1.0,882.259795444247
62168592.931686655,36719158.60060792,2025-04-18T16:00:00+00:00,1.0,830.2429611603524
54421136.56516177,28106579.786523737,2025-04-18T17:00:00+00:00,1.0,726.7779990005515
36122855.95474709,12821545.62260278,2025-04-18T18:00:00+00:00,1.0,482.40993529309293
4036224.603809203,500818.5555839415,2025-04-19T06:00:00+00:00,1.0,53.90257216625515
41351878.43869367,16394073.588018345,2025-04-19T07:00:00+00:00,1.0,552.2419663287106
56421890.51016388,30145388.577301167,2025-04-19T08:00:00+00:00,1.0,753.4974694199212
63104616.61200491,37598689.40232466,2025-04-19T09:00:00+00:00,1.0,842.7432774039197
66531270.40702839,41235762.714726634,2025-04-19T10:00:00+00:00,1.0,888.5052137690645
68314430.83964753,43337484.53857395,2025-04-19T11:00:00+00:00,1.0,912.3187879226351
69061050.54678664,44192132.29657302,2025-04-19T12:00:00+00:00,1.0,922.2896707637077
68983315.80351946,44110375.00719967,2025-04-19T13:00:00+00:00,1.0,921.2515465213569
68060524.9356172,43043575.48313645,2025-04-19T14:00:00+00:00,1.0,908.9279505290863
66024699.725441575,40735914.640701644,2025-04-19T15:00:00+00:00,1.0,881.7401138547289
62148541.29468303,36747353.53620405,2025-04-19T16:00:00+00:00,1.0,829.9751775465054
54459863.987398975,28207267.695703186,2025-04-19T17:00:00+00:00,1.0,727.295192139408
36393263.642818995,13032991.931715263,2025-04-19T18:00:00+00:00,1.0,486.02114907610377
4748359.639195836,626260.2798634492,2025-04-20T06:00:00+00:00,1.0,63.41292253199629
41705587.31231392,16699454.51603623,2025-04-20T07:00:00+00:00,1.0,556.9656425255507
56507548.43404201,30299611.169985104,2025-04-20T08:00:00+00:00,1.0,754.6414053691431
63111007.792574376,37647757.50091281,2025-04-20T09:00:00+00:00,1.0,842.8286297085189
66507225.69450844,41254333.44216123,2025-04-20T10:00:00+00:00,1.0,888.1841038262255
68276704.19354731,43340993.97244083,2025-04-20T11:00:00+00:00,1.0,911.8149598497188
69016837.60879885,44178950.195891246,2025-04-20T12:00:00+00:00,1.0,921.6992202029707
68936625.75479464,44096477.34601987,2025-04-20T13:00:00+00:00,1.0,920.6280148877593
68014819.25401813,43038080.129753366,2025-04-20T14:00:00+00:00,1.0,908.3175648239471
65985249.078008346,40737068.99988726,2025-04-20T15:00:00+00:00,1.0,881.2132622597381
62127698.57962424,36773437.52464318,2025-04-20T16:00:00+00:00,1.0,829.6968293218972
54496824.13008573,28305127.53340649,2025-04-20T17:00:00+00:00,1.0,727.7887837885294
36656872.74064205,13242521.003345577,2025-04-20T18:00:00+00:00,1.0,489.54156972011424
416703.54160808417,23367.668918175757,2025-04-20T19:00:00+00:00,1.0,5.564951143270436
5492642.416558195,766005.8850083335,2025-04-21T06:00:00+00:00,1.0,73.3525963749758
42043117.6642685,16996809.705665924,2025-04-21T07:00:00+00:00,1.0,561.4732594052966
56588076.64029948,30447138.2385529,2025-04-21T08:00:00+00:00,1.0,755.7168354740826
63115097.372143775,37693635.90290735,2025-04-21T09:00:00+00:00,1.0,842.8832448202874
66481894.45248355,41271276.256879516,2025-04-21T10:00:00+00:00,1.0,887.8458126667055
68238146.03010815,43343013.88966472,2025-04-21T11:00:00+00:00,1.0,911.3000271114913
68972021.92670704,44164188.07568465,2025-04-21T12:00:00+00:00,1.0,921.1007201750364
68889446.60348079,44081097.98256119,2025-04-21T13:00:00+00:00,1.0,919.9979514353827
67968658.90133291,43031677.56515113,2025-04-21T14:00:00+00:00,1.0,907.7011071225063
65945288.43821426,40737382.246646,2025-04-21T15:00:00+00:00,1.0,880.6795998693204
62106099.39473903,36797877.79042847,2025-04-21T16:00:00+00:00,1.0,829.4083786690516
54532075.481496684,28401512.730157297,2025-04-21T17:00:00+00:00,1.0,728.2595550413536
36913864.54013143,13449217.98530815,2025-04-21T18:00:00+00:00,1.0,492.97361832439964
538546.3957491877,32384.260688387418,2025-04-21T19:00:00+00:00,1.0,7.192126011607636
6260486.999013623,919046.847724291,2025-04-22T06:00:00+00:00,1.0,83.60693107657002
42365011.83317965,17285216.867349353,2025-04-22T07:00:00+00:00,1.0,565.7720597379765
56663590.15827021,30588649.459798064,2025-04-22T08:00:00+00:00,1.0,756.7252959170764
63116926.14222184,37736465.0350446,2025-04-22T09:00:00+00:00,1.0,842.9076674976274
66455300.99359532,41286654.88361267,2025-04-22T10:00:00+00:00,1.0,887.490664978561
68198776.57479356,43343484.40557025,2025-04-22T11:00:00+00:00,1.0,910.7742598129555
68926623.178275,44148014.17740518,2025-04-22T12:00:00+00:00,1.0,920.4944334705432
68841798.88539498,44064385.35847985,2025-04-22T13:00:00+00:00,1.0,919.361630413923
67922066.24653332,43024434.9173755,2025-04-22T14:00:00+00:00,1.0,907.0788761556332
65904843.354437344,40737067.34206645,2025-04-22T15:00:00+00:00,1.0,880.1394678744387
62083775.74927579,36820850.12583474,2025-04-22T16:00:00+00:00,1.0,829.1102530619017
54565670.6665964,28496264.75219552,2025-04-22T17:00:00+00:00,1.0,728.7082086885172
37164403.52965991,13654051.836670322,2025-04-22T18:00:00+00:00,1.0,496.319491582001
683916.151881554,44769.27260124628,2025-04-22T19:00:00+00:00,1.0,9.133495618076317
7043946.692434469,1084301.9858492906,2025-04-23T06:00:00+00:00,1.0,94.06980091392101
42671793.11588437,17565078.41321305,2025-04-23T07:00:00+00:00,1.0,569.8690319963171
56734202.26687453,30724988.587794278,2025-04-23T08:00:00+00:00,1.0,757.6682995042075
63116535.176228374,37776374.91969866,2025-04-23T09:00:00+00:00,1.0,842.9024462637423
66427469.961992264,41300475.938830554,2025-04-23T10:00:00+00:00,1.0,887.1189898770405
68158616.19349165,43342504.57527684,2025-04-23T11:00:00+00:00,1.0,910.2379299344511
68880660.95098417,44130475.44144739,2025-04-23T12:00:00+00:00,1.0,919.8806216744632
68793702.77105144,44046378.539493315,2025-04-23T13:00:00+00:00,1.0,918.7193211945934
67875062.91024154,43016341.46413782,2025-04-23T14:00:00+00:00,1.0,906.4511606602894
65863937.99062079,40736149.556948304,2025-04-23T15:00:00+00:00,1.0,879.5931889773185
62060757.00251901,36842501.54976621,2025-04-23T16:00:00+00:00,1.0,828.8028445849275
54597656.440558426,28589316.481549114,2025-04-23T17:00:00+00:00,1.0,729.1353691313864
37408637.776969075,13857267.060381168,2025-04-23T18:00:00+00:00,1.0,499.5811668932851
854281.8036995406,61253.11931816447,2025-04-23T19:00:00+00:00,1.0,11.408677934021542
7835863.857590136,1260495.9261707258,2025-04-24T06:00:00+00:00,1.0,104.6456177562782
42963967.52065369,17837064.14689444,2025-04-24T07:00:00+00:00,1.0,573.7709337694139
56800025.07673363,30856274.042423476,2025-04-24T08:00:00+00:00,1.0,758.5473434392818
63113966.102628045,37813561.61255681,2025-04-24T09:00:00+00:00,1.0,842.868137054318
66398426.50238354,41312784.50776669,2025-04-24T10:00:00+00:00,1.0,886.7311231621695
68117685.50896624,43340159.15744328,2025-04-24T11:00:00+00:00,1.0,909.6913128868345
68834154.82997812,44111807.71458971,2025-04-24T12:00:00+00:00,1.0,919.259546340532
68745178.13828842,44027239.659756206,2025-04-24T13:00:00+00:00,1.0,918.0712892399758
67827669.83371915,43007299.91382718,2025-04-24T14:00:00+00:00,1.0,905.8182403007232
65822595.211796425,40734545.80681334,2025-04-24T15:00:00+00:00,1.0,879.0410685335942
62037070.011757195,36863022.236880176,2025-04-24T16:00:00+00:00,1.0,828.4865119091412
54628074.085271984,28680411.190517604,2025-04-24T17:00:00+00:00,1.0,729.5415876772495
37646700.34101873,14057457.793949837,2025-04-24T18:00:00+00:00,1.0,502.7604212208698
1050646.0735345865,82101.90248586006,2025-04-24T19:00:00+00:00,1.0,14.031064016220348
8629936.201643137,1446378.9033523842,2025-04-25T06:00:00+00:00,1.0,115.25021636809791
43242025.45511696,18100708.732945465,2025-04-25T07:00:00+00:00,1.0,577.484314304444
56861170.06667188,30982624.20491452,2025-04-25T08:00:00+00:00,1.0,759.3639164886672
63109261.36397064,37847953.768605374,2025-04-25T09:00:00+00:00,1.0,842.8053066769527
66368196.42481688,41323674.60650502,2025-04-25T10:00:00+00:00,1.0,886.3274095194665
68076005.52370591,43336360.632843286,2025-04-25T11:00:00+00:00,1.0,909.1346891520561
68787124.50079298,44091950.57867199,2025-04-25T12:00:00+00:00,1.0,918.6314703631534
68696244.67121898,44006960.07178596,2025-04-25T13:00:00+00:00,1.0,917.4177974254764
67779907.39190643,42997454.74943259,2025-04-25T14:00:00+00:00,1.0,905.1803871782338
65780836.73971515,40732146.77052764,2025-04-25T15:00:00+00:00,1.0,878.4833966308221
62012739.40668725,36882267.61085216,2025-04-25T16:00:00+00:00,1.0,828.161583956827
54656960.03930747,28768947.972254835,2025-04-25T17:00:00+00:00,1.0,729.9273509522899
37878711.24000845,14252736.571750188,2025-04-25T18:00:00+00:00,1.0,505.8588573719105
1273517.8694201065,107698.97188986317,2025-04-25T19:00:00+00:00,1.0,17.00745017922155
9420722.479321823,1640524.660322301,2025-04-26T06:00:00+00:00,1.0,125.81093054649975
43506442.7736811,18356392.77194022,2025-04-26T07:00:00+00:00,1.0,581.0155284946662
56917748.34728411,31103943.852842864,2025-04-26T08:00:00+00:00,1.0,760.1195025011144
63102464.32511618,37879689.110608004,2025-04-26T09:00:00+00:00,1.0,842.7145342563625
66336806.27667224,41333094.34199901,2025-04-26T10:00:00+00:00,1.0,885.9082034811992
68033597.67887133,43331171.00409952,2025-04-26T11:00:00+00:00,1.0,908.5683450704105
68739589.80783674,44070989.19783722,2025-04-26T12:00:00+00:00,1.0,917.996658758494
68646921.92752914,43985736.76099743,2025-04-26T13:00:00+00:00,1.0,916.7591069381488
67731795.48323816,42986897.52814157,2025-04-26T14:00:00+00:00,1.0,904.5378670304136
65738683.2949413,40728994.77757549,2025-04-26T15:00:00+00:00,1.0,877.9204499858527
61987787.85023087,36899748.09121538,2025-04-26T16:00:00+00:00,1.0,827.8283633844969
54684346.50859231,28855621.016092032,2025-04-26T17:00:00+00:00,1.0,730.293089057051
38104779.26713466,14443852.745535301,2025-04-26T18:00:00+00:00,1.0,508.8779282469851
1522913.601377026,138545.83047773977,2025-04-26T19:00:00+00:00,1.0,20.338055573945578
10203605.970005328,1841375.4755655462,2025-04-27T06:00:00+00:00,1.0,136.26610536866067
43757680.64826396,18603677.41656582,2025-04-27T07:00:00+00:00,1.0,584.3707351530932
56969870.40390053,31219969.2275194,2025-04-27T08:00:00+00:00,1.0,760.8155769751578
63093619.10514892,37909092.32441634,2025-04-27T09:00:00+00:00,1.0,842.5964089896968
66304283.240039065,41341009.56977893,2025-04-27T10:00:00+00:00,1.0,885.4738680560821
67990483.7934386,43324611.85389336,2025-04-27T11:00:00+00:00,1.0,907.9925720277641
68691570.72208852,44049026.813379765,2025-04-27T12:00:00+00:00,1.0,917.3553782330162
68597229.33258523,43963672.155515045,2025-04-27T13:00:00+00:00,1.0,916.0954771979765
67683353.55605008,42975638.84577674,2025-04-27T14:00:00+00:00,1.0,903.8909395840026
65696154.67182652,40725112.6066816,2025-04-27T15:00:00+00:00,1.0,877.3524929464097
61962236.21736858,36916026.7229639,2025-04-27T16:00:00+00:00,1.0,827.4871289712654
54710261.91323448,28939856.188808408,2025-04-27T17:00:00+00:00,1.0,730.6391815335802
38325003.35248707,14631637.855549308,2025-04-27T18:00:00+00:00,1.0,511.8189550278761
1798382.6952049558,175047.25793149645,2025-04-27T19:00:00+00:00,1.0,24.01686291673261
10974730.548489869,2047826.7944314613,2025-04-28T06:00:00+00:00,1.0,146.5642434360279
43996184.14570683,18842571.210046828,2025-04-28T07:00:00+00:00,1.0,587.5558780142533
57017645.280308895,31330741.94898108,2025-04-28T08:00:00+00:00,1.0,761.453596157984
63082770.10735655,37936210.95010161,2025-04-28T09:00:00+00:00,1.0,842.4515238696185
66270654.84711586,41347429.9225674,2025-04-28T10:00:00+00:00,1.0,885.024770928369
67946685.88168675,43316585.40870759,2025-04-28T11:00:00+00:00,1.0,907.4076640182636
68643087.22485185,44026237.48958451,2025-04-28T12:00:00+00:00,1.0,916.7078956310354
68547186.11346157,43940738.2227546,2025-04-28T13:00:00+00:00,1.0,915.4271649767771
67634600.59078997,42963606.72615542,2025-04-28T14:00:00+00:00,1.0,903.2398583171632
65653269.78552203,40720531.48285881,2025-04-28T15:00:00+00:00,1.0,876.7797781186117
61936103.751193576,36931161.048173815,2025-04-28T16:00:00+00:00,1.0,827.138137702912
54734731.31421446,29021855.22706811,2025-04-28T17:00:00+00:00,1.0,730.9659630637608
38539473.79014887,14817041.047862535,2025-04-28T18:00:00+00:00,1.0,514.6831435650222
2099051.698470393,217501.8570481222,2025-04-28T19:00:00+00:00,1.0,28.03220751162402
11730921.681773176,2258608.97610195,2025-04-29T06:00:00+00:00,1.0,156.6629498100032
44222380.05817521,19073052.99785622,2025-04-29T07:00:00+00:00,1.0,590.5766567598163
57061179.42144755,31436654.046345506,2025-04-29T08:00:00+00:00,1.0,762.0349815898547
63069961.373443924,37961095.20159447,2025-04-29T09:00:00+00:00,1.0,842.2804670598671
66235948.59526126,41352336.70984939,2025-04-29T10:00:00+00:00,1.0,884.5612793170664
67902225.9169587,43307028.38582023,2025-04-29T11:00:00+00:00,1.0,906.813914489293
68594159.16816007,44002828.62434297,2025-04-29T12:00:00+00:00,1.0,916.0544760705026
68496811.23561731,43916990.15213757,2025-04-29T13:00:00+00:00,1.0,914.754423552596
67585555.11349541,42950727.92207709,2025-04-29T14:00:00+00:00,1.0,902.5848706396258
65610046.78441042,40715314.9493024,2025-04-29T15:00:00+00:00,1.0,876.20254786874
61909408.350190826,36945091.59055783,2025-04-29T16:00:00+00:00,1.0,826.7816286083105
54757777.09212182,29102426.224154353,2025-04-29T17:00:00+00:00,1.0,731.2737325336753
38748274.09963426,14999522.764911614,2025-04-29T18:00:00+00:00,1.0,517.4716092365653
2423681.6628968115,265388.3005419742,2025-04-29T19:00:00+00:00,1.0,32.367543575010785
12469602.646057472,2472369.427216824,2025-04-30T06:00:00+00:00,1.0,166.52781311508483
44436674.8836902,19295184.787262384,2025-04-30T07:00:00+00:00,1.0,593.4385000492903
57100575.55486285,31537944.679345395,2025-04-30T08:00:00+00:00,1.0,762.5611051664363
63055235.96651922,37983641.4400865,2025-04-30T09:00:00+00:00,1.0,842.0838136554363
66200191.59586472,41355720.80640861,2025-04-30T10:00:00+00:00,1.0,884.0837552866452
67857125.6362964,43295983.43043303,2025-04-30T11:00:00+00:00,1.0,906.2116137326012
68544806.18794811,43978840.31983316,2025-04-30T12:00:00+00:00,1.0,915.3953817834918
68446123.410102,43892478.923743,2025-04-30T13:00:00+00:00,1.0,914.0775028058374
67536235.30689743,42937113.3442996,2025-04-30T14:00:00+00:00,1.0,901.9262193763045
65566503.310015686,40709415.30456953,2025-04-30T15:00:00+00:00,1.0,875.6210377939993
61882167.09176205,36958063.67217093,2025-04-30T16:00:00+00:00,1.0,826.417829751089
54779420.079517744,29181624.741285373,2025-04-30T17:00:00+00:00,1.0,731.5627681559447
38951483.917984135,15179131.322933858,2025-04-30T18:00:00+00:00,1.0,520.1854155713695
2770734.1042770003,318482.27858853416,2025-04-30T19:00:00+00:00,1.0,37.00232511053652
13188713.604595358,2687785.5602713246,2025-05-01T06:00:00+00:00,1.0,176.13132484769366
44639453.76011825,19508757.693267033,2025-05-01T07:00:00+00:00,1.0,596.1465512836253
57135931.96597174,31634669.729000267,2025-05-01T08:00:00+00:00,1.0,763.0332794600853
63038635.56310007,38003977.04153339,2025-05-01T09:00:00+00:00,1.0,841.8621202336972
66163410.35975659,41357627.41488258,2025-05-01T10:00:00+00:00,1.0,883.5925528813561
67811406.44980207,43283427.736040935,2025-05-01T11:00:00+00:00,1.0,905.6010476736444
68495047.70977809,43954308.08375825,2025-05-01T12:00:00+00:00,1.0,914.7308721925588
68395141.19234288,43867322.7500106,2025-05-01T13:00:00+00:00,1.0,913.3966505387613
67486659.22413585,42922853.97630458,2025-05-01T14:00:00+00:00,1.0,901.2641456214767
65522656.886621736,40702843.65771228,2025-05-01T15:00:00+00:00,1.0,875.0354819260258
61854396.94874513,36970069.926262744,2025-05-01T16:00:00+00:00,1.0,826.0469677984178
54799681.01949944,29259121.741509058,2025-05-01T17:00:00+00:00,1.0,731.8333469484338
39149182.62251385,15356165.163320784,2025-05-01T18:00:00+00:00,1.0,522.825622629727
3138440.9681997197,377190.3675876846,2025-05-01T19:00:00+00:00,1.0,41.91294028044477
13886637.885460569,2904277.2241744893,2025-05-02T06:00:00+00:00,1.0,185.45189483788076
44831080.64101991,19713697.54397464,2025-05-02T07:00:00+00:00,1.0,598.7056709537957
57167342.28478604,31726579.28161993,2025-05-02T08:00:00+00:00,1.0,763.452754871605
63020200.316406704,38022177.25194687,2025-05-02T09:00:00+00:00,1.0,841.6159230289335
66125630.74457526,41358062.92779746,2025-05-02T10:00:00+00:00,1.0,883.0880174222194
67765089.45718153,43269446.53377277,2025-05-02T11:00:00+00:00,1.0,904.9824980927074
68444903.0282692,43929263.70491805,2025-05-02T12:00:00+00:00,1.0,914.061204971535
68343883.13363115,43841693.06989588,2025-05-02T13:00:00+00:00,1.0,912.712114498287
67436845.03941794,42907921.32765891,2025-05-02T14:00:00+00:00,1.0,900.5988920862354
65478525.33036119,40695601.318702094,2025-05-02T15:00:00+00:00,1.0,874.4461181939213
61826115.49977661,36980818.22854322,2025-05-02T16:00:00+00:00,1.0,825.669277507706
54818581.96254345,29334964.564325057,2025-05-02T17:00:00+00:00,1.0,732.0857633886601
39341452.67695052,15530305.960772699,2025-05-02T18:00:00+00:00,1.0,525.3933316900419
3524873.886099794,441713.9772135228,2025-05-02T19:00:00+00:00,1.0,47.07363629940932
14562136.860616969,3120458.8178785215,2025-05-03T06:00:00+00:00,1.0,194.472981578754
45011899.4244739,19910626.26275925,2025-05-03T07:00:00+00:00,1.0,601.1204517157315
57194895.68957158,31813406.90471887,2025-05-03T08:00:00+00:00,1.0,763.8207223500552
62999968.92550924,38038206.36681156,2025-05-03T09:00:00+00:00,1.0,841.3457388556279
66086878.013874374,41357133.253781855,2025-05-03T10:00:00+00:00,1.0,882.5704862963911
67718195.5192708,43254104.171688505,2025-05-03T11:00:00+00:00,1.0,904.3562435799932
68394391.40351994,43903760.64113106,2025-05-03T12:00:00+00:00,1.0,913.3866373333248
68292367.91468215,43815635.68644206,2025-05-03T13:00:00+00:00,1.0,912.0241441597436
67386811.23963565,42892282.20233924,2025-05-03T14:00:00+00:00,1.0,899.9307056575236
65434127.0428161,40687810.406067625,2025-05-03T15:00:00+00:00,1.0,873.8531923452969
61797341.41486744,36990551.60107164,2025-05-03T16:00:00+00:00,1.0,825.2850082113649
54836147.18686971,29409314.36744816,2025-05-03T17:00:00+00:00,1.0,732.3203417050009
39528381.69218954,15702436.572697433,2025-05-03T18:00:00+00:00,1.0,527.8897127696262
3928008.201250197,512122.37403526925,2025-05-03T19:00:00+00:00,1.0,52.45737448250776
15214292.807309458,3335482.352812285,2025-05-04T06:00:00+00:00,1.0,203.1823291574432
45182235.51370501,20099869.703120466,2025-05-04T07:00:00+00:00,1.0,603.3952392321772
57218677.300373055,31895230.958911214,2025-05-04T08:00:00+00:00,1.0,764.1383186481526
62977978.79585759,38052259.34045417,2025-05-04T09:00:00+00:00,1.0,841.0520672523666
66047176.92820775,41354958.9553355,2025-05-04T10:00:00+00:00,1.0,882.0402901737218
67670745.3253615,43237529.345845744,2025-05-04T11:00:00+00:00,1.0,903.7225604348442
68343532.12025814,43877824.94966792,2025-05-04T12:00:00+00:00,1.0,912.7074268196714
68240614.40650949,43789151.525342695,2025-05-04T13:00:00+00:00,1.0,911.3329915399188
67336576.69636784,42876033.32421464,2025-05-04T14:00:00+00:00,1.0,899.2598383596052
65389481.10445647,40679485.54009011,2025-05-04T15:00:00+00:00,1.0,873.2569591941236
61768094.59471811,36999413.08976955,2025-05-04T16:00:00+00:00,1.0,824.8944256773318
54852403.42001119,29481974.11243035,2025-05-04T17:00:00+00:00,1.0,732.5374388356099
39710062.77262095,15872775.44123863,2025-05-04T18:00:00+00:00,1.0,530.3160092497462
4345778.443882292,588215.5389070403,2025-05-04T19:00:00+00:00,1.0,58.03657109885456
15842458.7190537,3548909.4654743974,2025-05-05T06:00:00+00:00,1.0,211.5712969959104
45342397.32804369,20281513.84472319,2025-05-05T07:00:00+00:00,1.0,605.5341523510172
57238768.5803404,31972436.225475397,2025-05-05T08:00:00+00:00,1.0,764.4066316819022
62954266.19324348,38064148.85000437,2025-05-05T09:00:00+00:00,1.0,840.7353925379786
66006551.816345766,41351519.04516063,2025-05-05T10:00:00+00:00,1.0,881.4977539576157
67622759.42193146,43219796.80431885,2025-05-05T11:00:00+00:00,1.0,903.0817230493137
68292344.48926562,43851471.65808639,2025-05-05T12:00:00+00:00,1.0,912.0238313203331
68188641.64761391,43762277.09598987,2025-05-05T13:00:00+00:00,1.0,910.6389108922687
67286160.61392589,42859141.67235509,2025-05-05T14:00:00+00:00,1.0,898.5865466603262
65344607.1800943,40670661.04044028,2025-05-05T15:00:00+00:00,1.0,872.6576813580926
61738395.99058473,37007374.19645472,2025-05-05T16:00:00+00:00,1.0,824.4978097033127
54867379.454397514,29552755.309629124,2025-05-05T17:00:00+00:00,1.0,732.737439294832
39886593.37593516,16040635.58262821,2025-05-05T18:00:00+00:00,1.0,532.6735226487023
4776123.704619565,669943.0836788103,2025-05-05T19:00:00+00:00,1.0,63.78370332023934
16446214.199075207,3760092.8306336836,2025-05-06T06:00:00+00:00,1.0,219.63427082098028
45492677.61117868,20455587.71993377,2025-05-06T07:00:00+00:00,1.0,607.5411005766289
57255247.66701338,32045279.613267757,2025-05-06T08:00:00+00:00,1.0,764.6267049547628
62928866.36032742,38074009.4697748,2025-05-06T09:00:00+00:00,1.0,840.3961853676299
65965026.611461274,41346699.68452514,2025-05-06T10:00:00+00:00,1.0,880.9431972684546
67574258.20506233,43201087.10048467,2025-05-06T11:00:00+00:00,1.0,902.4340038069248
68240847.80394086,43824718.22455849,2025-05-06T12:00:00+00:00,1.0,911.3361084927948
68136468.76221868,43735084.232948996,2025-05-06T13:00:00+00:00,1.0,909.9421576150967
67235582.39670044,42841591.177002445,2025-05-06T14:00:00+00:00,1.0,897.9110896995144
65299525.30278617,40661390.00433047,2025-05-06T15:00:00+00:00,1.0,872.055626372667
61708267.231596164,37014473.35575298,2025-05-06T16:00:00+00:00,1.0,824.0954491398937
54881105.396693915,29621594.577550776,2025-05-06T17:00:00+00:00,1.0,732.9207451481653
40058073.376509875,16206026.788274793,2025-05-06T18:00:00+00:00,1.0,534.9635867589441
5217023.014291013,756997.6796903401,2025-05-06T19:00:00+00:00,1.0,69.67178170794685
17025327.076415442,3967880.153240329,2025-05-07T06:00:00+00:00,1.0,227.36815005896972
45633354.54849719,20622436.468784362,2025-05-07T07:00:00+00:00,1.0,609.4197989916778
57268189.651253074,32113778.7674374,2025-05-07T08:00:00+00:00,1.0,764.7995412827493
62901813.60780459,38081872.77820984,2025-05-07T09:00:00+00:00,1.0,840.0349039503906
65922624.87194551,41340432.90640835,2025-05-07T10:00:00+00:00,1.0,880.3769347214866
67525261.89657821,43181383.24365901,2025-05-07T11:00:00+00:00,1.0,901.779672764141
68189061.27879547,43797597.975328796,2025-05-07T12:00:00+00:00,1.0,910.644514941185
68084114.85641262,43707617.769142695,2025-05-07T13:00:00+00:00,1.0,909.2429868644923
67184861.4862286,42823334.20130502,2025-05-07T14:00:00+00:00,1.0,897.2337271130956
65254255.615997955,40651771.27926758,2025-05-07T15:00:00+00:00,1.0,871.451063247845
61677730.18385028,37020705.82739511,2025-05-07T16:00:00+00:00,1.0,823.6876360022685
54893611.814664885,29688667.142223928,2025-05-07T17:00:00+00:00,1.0,733.0877646189284
40224602.93387554,16368908.412371607,2025-05-07T18:00:00+00:00,1.0,537.1875391810283
5666521.848785554,849291.478874205,2025-05-07T19:00:00+00:00,1.0,75.67470417715712
17579720.412637167,4171876.890496693,2025-05-08T06:00:00+00:00,1.0,234.77190722004616
45764692.800413206,20782156.054953225,2025-05-08T07:00:00+00:00,1.0,611.1737820567988
57277666.837909006,32177985.07319129,2025-05-08T08:00:00+00:00,1.0,764.9261062754962
62873141.40246215,38087841.05424859,2025-05-08T09:00:00+00:00,1.0,839.6519952251922
65879369.80094563,41332777.57539393,2025-05-08T10:00:00+00:00,1.0,879.7992761878509
67475790.52189174,43160711.829934664,2025-05-08T11:00:00+00:00,1.0,901.1189973543344
68137003.99033397,43770125.06534088,2025-05-08T12:00:00+00:00,1.0,909.9493054264825
68031598.91734956,43679906.830764346,2025-05-08T13:00:00+00:00,1.0,908.5416522081936
67134017.20392233,42804441.59011252,2025-05-08T14:00:00+00:00,1.0,896.5547169327291
65208818.125083685,40641813.162788674,2025-05-08T15:00:00+00:00,1.0,870.8442591490949
61646806.53436726,37026164.87943242,2025-05-08T16:00:00+00:00,1.0,823.2746599141014
54904928.93371896,29754012.126951214,2025-05-08T17:00:00+00:00,1.0,733.2389013584336
40386280.57398834,16528987.389392702,2025-05-08T18:00:00+00:00,1.0,539.3466956996351
6122751.119897521,946474.9824211841,2025-05-08T19:00:00+00:00,1.0,81.7675096140154
18109444.33470753,4372122.713071428,2025-05-09T06:00:00+00:00,1.0,241.84621173487247
45886944.4671673,20934972.21079718,2025-05-09T07:00:00+00:00,1.0,612.8064164952924
57283748.990472704,32237689.74434503,2025-05-09T08:00:00+00:00,1.0,765.0073316035456
62842882.45314839,38092032.96891837,2025-05-09T09:00:00+00:00,1.0,839.247896008922
65835284.26947332,41323849.91955738,2025-05-09T10:00:00+00:00,1.0,879.2105271030014
67425863.89410886,43138936.58454833,2025-05-09T11:00:00+00:00,1.0,900.4522421755875
68084694.82780923,43742306.2592652,2025-05-09T12:00:00+00:00,1.0,909.2507322090056
67978939.72747159,43651963.53879589,2025-05-09T13:00:00+00:00,1.0,907.8384044801309
67083068.61599967,42784990.56630472,2025-05-09T14:00:00+00:00,1.0,895.8743137820622
65163232.48543837,40631401.80427406,2025-05-09T15:00:00+00:00,1.0,870.2354765683643
61615517.436162226,37030784.6323418,2025-05-09T16:00:00+00:00,1.0,822.8568033675595
54915085.97890986,29817829.632647533,2025-05-09T17:00:00+00:00,1.0,733.3745456585218
40543201.652774304,16686368.9224015,2025-05-09T18:00:00+00:00,1.0,541.4423297646109
6583940.097893835,1048076.8798097584,2025-05-09T19:00:00+00:00,1.0,87.92655045264142
18614652.00677902,4567954.9120269315,2025-05-10T06:00:00+00:00,1.0,248.59310906489137
46000349.908094585,21080722.248922996,2025-05-10T07:00:00+00:00,1.0,614.3209122341609
57286503.529615015,32292804.476869054,2025-05-10T08:00:00+00:00,1.0,765.0441176497816
62811068.77591216,38094443.21196097,2025-05-10T09:00:00+00:00,1.0,838.8230338663479
65790390.8323838,41313683.445024244,2025-05-10T10:00:00+00:00,1.0,878.6109886803482
67375501.59904002,43116139.28891507,2025-05-10T11:00:00+00:00,1.0,899.7796687905984
68032152.45260026,43714150.49012888,2025-05-10T12:00:00+00:00,1.0,908.5490445058803
67926155.79579441,43623802.96851167,2025-05-10T13:00:00+00:00,1.0,907.1334908626458
67032034.42764367,42764940.309850454,2025-05-10T14:00:00+00:00,1.0,895.1927674631924
65117517.839343965,40620538.10425277,2025-05-10T15:00:00+00:00,1.0,869.6249711450955
61583883.24404607,37034615.02387882,2025-05-10T16:00:00+00:00,1.0,822.4343381950523
54924110.69041202,29880136.320780024,2025-05-10T17:00:00+00:00,1.0,733.4950679809225
40695457.289402366,16841015.099891413,2025-05-10T18:00:00+00:00,1.0,543.475658245228
7048424.528162853,1153807.6455285463,2025-05-10T19:00:00+00:00,1.0,94.12960107055207
19095578.915037032,4759339.720344829,2025-05-11T06:00:00+00:00,1.0,255.01574405765368
46105138.3596753,21219411.12303831,2025-05-11T07:00:00+00:00,1.0,615.7203306580517
57285995.6445594,32343334.66214635,2025-05-11T08:00:00+00:00,1.0,765.037334996793
62777731.71833769,38095071.456812605,2025-05-11T09:00:00+00:00,1.0,838.3778274350776
65744711.72317071,41302335.94322227,2025-05-11T10:00:00+00:00,1.0,878.000957841495
67324722.9741749,43092407.4401713,2025-05-11T11:00:00+00:00,1.0,899.1015354457159
67979395.26234542,43685658.88824229,2025-05-11T12:00:00+00:00,1.0,907.8444880120772
67873265.3052512,43595433.08664309,2025-05-11T13:00:00+00:00,1.0,906.4271541833696
66980932.90808969,42744296.24130877,2025-05-11T14:00:00+00:00,1.0,894.510321956332
65071692.70617765,40609253.85201909,2025-05-11T15:00:00+00:00,1.0,869.0129902000178
61551923.34420109,37037762.158724405,2025-05-11T16:00:00+00:00,1.0,822.0075232932795
54932029.03051551,29940852.27053173,2025-05-11T17:00:00+00:00,1.0,733.6008150442714
40843133.76545167,16992693.41359716,2025-05-11T18:00:00+00:00,1.0,545.447833406141
7514651.098271406,1263365.3534401294,2025-05-11T19:00:00+00:00,1.0,100.35591744486341
19552524.924553063,4945476.318460503,2025-05-12T06:00:00+00:00,1.0,261.1181213214878
46201528.302860655,21350805.782129914,2025-05-12T07:00:00+00:00,1.0,617.0075895147015
57282288.307827815,32389809.273865398,2025-05-12T08:00:00+00:00,1.0,764.9878246237623
62742901.933912486,38093877.80657522,2025-05-12T09:00:00+00:00,1.0,837.9126860832409
65698268.825511396,41289852.78075579,2025-05-12T10:00:00+00:00,1.0,877.3807268364183
67273547.07751136,43067818.05877982,2025-05-12T11:00:00+00:00,1.0,898.418096654794
67926441.35664512,43656852.06406493,2025-05-12T12:00:00+00:00,1.0,907.1373044423783
67820286.07288069,43566858.78864396,2025-05-12T13:00:00+00:00,1.0,905.7196323835454
66929781.84132837,42723103.22367871,2025-05-12T14:00:00+00:00,1.0,893.8272147613346
65025774.91847471,40597535.45288068,2025-05-12T15:00:00+00:00,1.0,868.3997718813337
61519656.0633656,37040083.467933685,2025-05-12T16:00:00+00:00,1.0,821.5766034103341
54938865.04932323,30000046.464408416,2025-05-12T17:00:00+00:00,1.0,733.6921080304862
40986312.29278171,17141979.486112896,2025-05-12T18:00:00+00:00,1.0,547.3599398074512
7981179.075778898,1376555.616434649,2025-05-12T19:00:00+00:00,1.0,106.58625902482639
19985838.74538228,5126237.594914586,2025-05-13T06:00:00+00:00,1.0,266.90489777487124
46289727.65581456,21474880.875560526,2025-05-13T07:00:00+00:00,1.0,618.1854654889789
57275442.21181331,32432390.138182044,2025-05-13T08:00:00+00:00,1.0,764.8963970594701
62706609.3211202,38090887.5513447,2025-05-13T09:00:00+00:00,1.0,837.4280090961473
65651083.624843486,41276205.64735284,2025-05-13T10:00:00+00:00,1.0,876.7505825967439
67221992.6489424,43042419.18363617,2025-05-13T11:00:00+00:00,1.0,897.7296026835344
67873308.50272495,43627736.449304685,2025-05-13T12:00:00+00:00,1.0,906.4277310727164
67767235.51667531,43538065.959414765,2025-05-13T13:00:00+00:00,1.0,905.0111580752622
66878598.492008366,42701333.73904698,2025-05-13T14:00:00+00:00,1.0,893.1436764424316
64979781.583513424,40585409.20586489,2025-05-13T15:00:00+00:00,1.0,867.785544651616
61487098.62532002,37041629.96338299,2025-05-13T16:00:00+00:00,1.0,821.1418085646301
54944640.82730119,30057875.138466317,2025-05-13T17:00:00+00:00,1.0,733.7692418175842
41125068.96926764,17289082.71716149,2025-05-13T18:00:00+00:00,1.0,549.2129937135091
8446679.571222898,1493202.5647686739,2025-05-13T19:00:00+00:00,1.0,112.80287888919564
20395904.718718108,5301448.3619467495,2025-05-14T06:00:00+00:00,1.0,272.38120617946083
46369933.90288666,21592007.901543435,2025-05-14T07:00:00+00:00,1.0,619.2565959252986
57265515.69215474,32471167.992831808,2025-05-14T08:00:00+00:00,1.0,764.7638313589136
62668882.95370489,38086191.373936094,2025-05-14T09:00:00+00:00,1.0,836.9241847449869
65603177.158611655,41261313.341171056,2025-05-14T10:00:00+00:00,1.0,876.1108060712097
67170078.07114126,43016282.417229734,2025-05-14T11:00:00+00:00,1.0,897.0362990269851
67820014.10267475,43598339.15464794,2025-05-14T12:00:00+00:00,1.0,905.7160003028059
67714130.62528014,43509070.61516962,2025-05-14T13:00:00+00:00,1.0,904.3019581367458
66827399.57419561,42679024.83681176,2025-05-14T14:00:00+00:00,1.0,892.459930210954
64933729.04936852,40572900.622333586,2025-05-14T15:00:00+00:00,1.0,867.1705268345186
61454267.10823721,37042626.15487088,2025-05-14T16:00:00+00:00,1.0,820.7033534753787
54949376.42945974,30114362.23672386,2025-05-14T17:00:00+00:00,1.0,733.8324843677797
41259474.73316958,17433441.7834567,2025-05-14T18:00:00+00:00,1.0,551.0079424835607
8909932.80292581,1612780.995327497,2025-05-14T19:00:00+00:00,1.0,118.98948721855965
20783131.95988838,5470834.13767874,2025-05-15T06:00:00+00:00,1.0,277.5525101480845
46442334.316154584,21702365.362462595,2025-05-15T07:00:00+00:00,1.0,620.2234817862579
57252564.69681098,32506204.993733853,2025-05-15T08:00:00+00:00,1.0,764.5908746903239
62629751.04278636,38079823.588787705,2025-05-15T09:00:00+00:00,1.0,836.4015897808073
65554569.98427999,41245173.864195585,2025-05-15T10:00:00+00:00,1.0,875.4616717986037
67117821.34242871,42989404.021531515,2025-05-15T11:00:00+00:00,1.0,896.3384260474038
67766575.16662724,43568698.55404669,2025-05-15T12:00:00+00:00,1.0,905.002339297913
67660987.92874798,43479894.729827166,2025-05-15T13:00:00+00:00,1.0,903.5922533219456
66776201.21676914,42656262.02109817,2025-05-15T14:00:00+00:00,1.0,891.7761914632715
64887632.8587258,40560013.86830844,2025-05-15T15:00:00+00:00,1.0,866.55492599795
61421176.38128601,37043165.11949448,2025-05-15T16:00:00+00:00,1.0,820.2614367158814
54953089.802718736,30169482.11022051,2025-05-15T17:00:00+00:00,1.0,733.8820753568292
41389595.20710621,17574849.669025518,2025-05-15T18:00:00+00:00,1.0,552.7456624880657
9369823.609093351,1734921.1333375622,2025-05-15T19:00:00+00:00,1.0,125.13119136075491
21181687.791262854,5642965.318159852,2025-05-16T06:00:00+00:00,1.0,282.8751040499829
46538411.395379655,21820154.130664688,2025-05-16T07:00:00+00:00,1.0,621.506562438295
57261271.17720224,32551642.55838074,2025-05-16T08:00:00+00:00,1.0,764.7071471314458
62609628.156353176,38084267.44144006,2025-05-16T09:00:00+00:00,1.0,836.1328546521447
65523130.72140555,41239075.66426696,2025-05-16T10:00:00+00:00,1.0,875.0418098478399
67081667.8326144,42972363.550270855,2025-05-16T11:00:00+00:00,1.0,895.8556067389715
67728833.57503338,43549006.11680541,2025-05-16T12:00:00+00:00,1.0,904.498311632404
67623747.07497889,43460778.456018806,2025-05-16T13:00:00+00:00,1.0,903.0949128602994
66741760.196809955,42643779.62609199,2025-05-16T14:00:00+00:00,1.0,891.3162419445671
64859947.670497194,40558263.860275626,2025-05-16T15:00:00+00:00,1.0,866.1851985910506
61409227.362983294,37055942.44530414,2025-05-16T16:00:00+00:00,1.0,820.1018611509646
54982057.43207503,30237651.65278255,2025-05-16T17:00:00+00:00,1.0,734.2689293813419
41548950.294881634,17727502.252541903,2025-05-16T18:00:00+00:00,1.0,554.8738020149783
9849835.862700714,1864004.2982372537,2025-05-16T19:00:00+00:00,1.0,131.5416114142727
21592245.479425367,5818038.10358529,2025-05-17T06:00:00+00:00,1.0,288.35797915898974
46657949.39335344,21945947.41699085,2025-05-17T07:00:00+00:00,1.0,623.1029566420042
57291444.856442474,32607097.19179019,2025-05-17T08:00:00+00:00,1.0,765.110107591385
62608382.892418265,38099470.02420421,2025-05-17T09:00:00+00:00,1.0,836.1162245248229
65508763.38494832,41243072.673654675,2025-05-17T10:00:00+00:00,1.0,874.8499383673553
67061539.794184744,42965192.7554256,2025-05-17T11:00:00+00:00,1.0,895.5868028069581
67706718.20363314,43539201.9341701,2025-05-17T12:00:00+00:00,1.0,904.2029674630445
67602333.96454741,43451659.264964856,2025-05-17T13:00:00+00:00,1.0,902.808947176116
66723988.74385757,42641542.717187166,2025-05-17T14:00:00+00:00,1.0,891.0789095066335
64850556.29532672,40567594.540722385,2025-05-17T15:00:00+00:00,1.0,866.0597795850207
61418245.7654767,37080941.90529635,2025-05-17T16:00:00+00:00,1.0,820.2222992184425
55035999.24552449,30318694.63570408,2025-05-17T17:00:00+00:00,1.0,734.9893061635127
41737166.16893244,17891352.37296842,2025-05-17T18:00:00+00:00,1.0,557.387368709028
10350727.024525613,2000159.2952135953,2025-05-17T19:00:00+00:00,1.0,138.23086304120696
21981501.66140108,5987169.785951001,2025-05-18T06:00:00+00:00,1.0,293.556379025123
46769697.534932695,22065205.43513051,2025-05-18T07:00:00+00:00,1.0,624.5953196438694
57318441.67879358,32658534.574961677,2025-05-18T08:00:00+00:00,1.0,765.4706420778983
62605611.06211519,38112900.81053001,2025-05-18T09:00:00+00:00,1.0,836.0792075603046
65493606.87228714,41245982.43695316,2025-05-18T10:00:00+00:00,1.0,874.6475276747798
67040999.71363921,42957369.122589864,2025-05-18T11:00:00+00:00,1.0,895.3124961757272
67684394.52013482,43529084.79957177,2025-05-18T12:00:00+00:00,1.0,903.9048413479424
67580813.70228328,43442309.681551516,2025-05-18T13:00:00+00:00,1.0,902.5215505112662
66706128.96790581,42638857.63550932,2025-05-18T14:00:00+00:00,1.0,890.840397541488
64840991.64486437,40576517.761347055,2025-05-18T15:00:00+00:00,1.0,865.932046539311
61426797.628936246,37105282.40857435,2025-05-18T16:00:00+00:00,1.0,820.3365067966965
55088574.748421885,30398114.308980912,2025-05-18T17:00:00+00:00,1.0,735.6914362769948
41920695.62313055,18052322.292378042,2025-05-18T18:00:00+00:00,1.0,559.8383496678808
10847544.563505188,2138724.688251291,2025-05-18T19:00:00+00:00,1.0,144.86571265364822
22349813.50392921,6149597.488370343,2025-05-19T06:00:00+00:00,1.0,298.47507350332563
46873835.281092554,22177950.044966817,2025-05-19T07:00:00+00:00,1.0,625.9860480915169
57342327.90755584,32706021.86384341,2025-05-19T08:00:00+00:00,1.0,765.7896355175748
62601349.723624244,38124610.63733462,2025-05-19T09:00:00+00:00,1.0,836.022298659519
65477688.1358135,41247848.126594305,2025-05-19T10:00:00+00:00,1.0,874.4349377111873
67020070.11221401,42948904.768345036,2025-05-19T11:00:00+00:00,1.0,895.0329876097053
67661882.69109313,43518660.426837415,2025-05-19T12:00:00+00:00,1.0,903.6042026054054
67559204.92567755,43432750.55252933,2025-05-19T13:00:00+00:00,1.0,902.2329717638506
66688198.233580194,42635795.81255092,2025-05-19T14:00:00+00:00,1.0,890.6009379484668
64831269.70860504,40585024.7227313,2025-05-19T15:00:00+00:00,1.0,865.8022129888618
61434897.47105104,37128935.84878733,2025-05-19T16:00:00+00:00,1.0,820.4446777650961
55139800.04725743,30475933.04802682,2025-05-19T17:00:00+00:00,1.0,736.375534819147
42099587.88210223,18210504.786373816,2025-05-19T18:00:00+00:00,1.0,562.2274022716678
11339323.676497493,2279099.054418902,2025-05-19T19:00:00+00:00,1.0,151.43327559424932
22697551.11326494,6305114.820293971,2025-05-20T06:00:00+00:00,1.0,303.11900525193926
46970536.12405356,22283875.96575019,2025-05-20T07:00:00+00:00,1.0,627.2774589216608
57363168.67749473,32749627.459933918,2025-05-20T08:00:00+00:00,1.0,766.0679577656945
62595635.62531871,38134710.03849929,2025-05-20T09:00:00+00:00,1.0,835.9459885859911
65461033.892446086,41248681.58793586,2025-05-20T10:00:00+00:00,1.0,874.2125252730465
66998773.17993477,42939836.781639434,2025-05-20T11:00:00+00:00,1.0,894.7485734499684
67639202.39256932,43507940.95491735,2025-05-20T12:00:00+00:00,1.0,903.3013140033246
67537525.56667504,43423006.54669896,2025-05-20T13:00:00+00:00,1.0,901.943450409645
66670212.89680309,42632377.04210958,2025-05-20T14:00:00+00:00,1.0,890.3607491560138
64821404.998180315,40593091.510812484,2025-05-20T15:00:00+00:00,1.0,865.6704727320979
61442557.5174294,37151936.85529378,2025-05-20T16:00:00+00:00,1.0,820.5469753930116
55189687.26331649,30552171.966311123,2025-05-20T17:00:00+00:00,1.0,737.0417636660839
42273883.61842234,18365899.246173367,2025-05-20T18:00:00+00:00,1.0,564.555069690471
11825175.35263296,2420869.564003067,2025-05-20T19:00:00+00:00,1.0,157.92167938879612
23025095.730306365,6453904.958307303,2025-05-21T06:00:00+00:00,1.0,307.4932656290875
47059968.97651051,22382745.23660093,2025-05-21T07:00:00+00:00,1.0,628.4718079128065
57381028.58693254,32789509.537933562,2025-05-21T08:00:00+00:00,1.0,766.3064715135222
62588505.51049214,38143247.270418614,2025-05-21T09:00:00+00:00,1.0,835.8507680354318
65443670.796510056,41248461.26785394,2025-05-21T10:00:00+00:00,1.0,873.9806463209053
66977130.87075956,42930234.04736978,2025-05-21T11:00:00+00:00,1.0,894.4595468851486
67616372.8532825,43496949.42231487,2025-05-21T12:00:00+00:00,1.0,902.9964323355119
67515792.85266088,43413086.24979114,2025-05-21T13:00:00+00:00,1.0,901.6532165152412
66652188.26511183,42628585.73666772,2025-05-21T14:00:00+00:00,1.0,890.1200355917637
64811410.462840326,40600706.38231102,2025-05-21T15:00:00+00:00,1.0,865.5369987024629
61449787.55513759,37174277.896524325,2025-05-21T16:00:00+00:00,1.0,820.6435303837902
55238244.302713744,30626930.205415573,2025-05-21T17:00:00+00:00,1.0,737.690228401636
42443614.58477817,18518513.424704112,2025-05-21T18:00:00+00:00,1.0,566.8217759719303
12304279.6133597,2563679.3924730173,2025-05-21T19:00:00+00:00,1.0,164.3199734690123
23332838.98744591,6595901.693277724,2025-05-22T06:00:00+00:00,1.0,311.60308476824395
47142299.647385135,22474859.062750563,2025-05-22T07:00:00+00:00,1.0,629.5713093934892
57395972.32548746,32825881.967153788,2025-05-22T08:00:00+00:00,1.0,766.5060406715628
62579996.448256485,38150209.20410247,2025-05-22T09:00:00+00:00,1.0,835.7371320547172
65425625.631139815,41247203.711848564,2025-05-22T10:00:00+00:00,1.0,873.7396585355242
66955165.01808588,42920125.53612685,2025-05-22T11:00:00+00:00,1.0,894.166199493674
67593412.92211945,43485702.53394315,2025-05-22T12:00:00+00:00,1.0,902.6898093231829
67494023.34133928,43402995.6171681,2025-05-22T13:00:00+00:00,1.0,901.3624912037859
66634138.6087819,42624426.424795076,2025-05-22T14:00:00+00:00,1.0,889.878987830968
64801297.48311604,40607863.76977091,2025-05-22T15:00:00+00:00,1.0,865.401942883496
61456594.92478299,37196000.56245521,2025-05-22T16:00:00+00:00,1.0,820.7344407689985
55285474.8877766,30700173.9185525,2025-05-22T17:00:00+00:00,1.0,738.3209787363344
42608803.87519467,18668304.284910962,2025-05-22T18:00:00+00:00,1.0,569.0278295298492
12775880.200437475,2707338.6779939164,2025-05-22T19:00:00+00:00,1.0,170.61805823233647
23621182.74793552,6730983.31695034,2025-05-23T06:00:00+00:00,1.0,315.45382943289786
47217692.25705333,22560837.40934122,2025-05-23T07:00:00+00:00,1.0,630.5781551422743
57408065.27245322,32858884.028615855,2025-05-23T08:00:00+00:00,1.0,766.6675383607477
62570146.145843804,38155630.05793802,2025-05-23T09:00:00+00:00,1.0,835.6055842126719
65406925.49163699,41244920.8097308,2025-05-23T10:00:00+00:00,1.0,873.4899237665343
66932897.45021871,42909537.51792775,2025-05-23T11:00:00+00:00,1.0,893.8688227860512
67570341.14501728,43474220.41977161,2025-05-23T12:00:00+00:00,1.0,902.3816926417963
67472232.97602737,43392747.51305763,2025-05-23T13:00:00+00:00,1.0,901.0714873935193
66616077.20788859,42619936.505420834,2025-05-23T14:00:00+00:00,1.0,889.6377832250146
64791075.926972024,40614605.3791388,2025-05-23T15:00:00+00:00,1.0,865.2654370589263
61462984.61714854,37217148.59599705,2025-05-23T16:00:00+00:00,1.0,820.819773199102
55331378.78652371,30771902.572521567,2025-05-23T17:00:00+00:00,1.0,738.9340115721653
42769466.5954378,18814966.878699735,2025-05-23T18:00:00+00:00,1.0,571.1734320971923
13239280.398159927,2851325.3480039365,2025-05-23T19:00:00+00:00,1.0,176.80662924893304
23890538.623952843,6858493.730371091,2025-05-24T06:00:00+00:00,1.0,319.0509965805693
47286310.271479696,22640533.32790788,2025-05-24T07:00:00+00:00,1.0,631.4945281981771
57417373.915361494,32888555.3872898,2025-05-24T08:00:00+00:00,1.0,766.791852502165
62558993.1574829,38159555.295144245,2025-05-24T09:00:00+00:00,1.0,835.4566393894728
65387597.90585662,41241620.22985315,2025-05-24T10:00:00+00:00,1.0,873.2318096401794
66910350.065896295,42898500.82668559,2025-05-24T11:00:00+00:00,1.0,893.5677092133507
67547175.81809367,43462517.344509356,2025-05-24T12:00:00+00:00,1.0,902.0723266305107
67450437.12975933,43382364.85063859,2025-05-24T13:00:00+00:00,1.0,900.7804103867373
66598016.399463154,42615108.64485982,2025-05-24T14:00:00+00:00,1.0,889.396586531307
64780754.21740555,40620995.27316487,2025-05-24T15:00:00+00:00,1.0,865.1275937153449
61468959.39635476,37237677.9470898,2025-05-24T16:00:00+00:00,1.0,820.8995645880769
55375952.0865948,30842065.416989557,2025-05-24T17:00:00+00:00,1.0,739.5292746607176
42925610.59399695,18958349.200480662,2025-05-24T18:00:00+00:00,1.0,573.2586884882043
13693839.108235808,2995366.275349941,2025-05-24T19:00:00+00:00,1.0,182.87712484289295
24141325.952568427,6978723.971376143,2025-05-25T06:00:00+00:00,1.0,322.400186332379
47348316.75250058,22714281.008154824,2025-05-25T07:00:00+00:00,1.0,632.3226062032621
57423965.895229265,32915019.92132814,2025-05-25T08:00:00+00:00,1.0,766.8798864213437
62546576.89029516,38161993.320073105,2025-05-25T09:00:00+00:00,1.0,835.2908238554397
65367670.82760553,41237345.35185815,2025-05-25T10:00:00+00:00,1.0,872.9656894712223
66887544.827306196,42887050.48986775,2025-05-25T11:00:00+00:00,1.0,893.2631520740626
67523934.9843269,43450609.95393194,2025-05-25T12:00:00+00:00,1.0,901.7619522479481
67428650.61084355,43371868.592181034,2025-05-25T13:00:00+00:00,1.0,900.4894579439427
66579967.59904539,42609910.78750982,2025-05-25T14:00:00+00:00,1.0,889.1555502009253
64770339.38184291,40627049.70868881,2025-05-25T15:00:00+00:00,1.0,864.9885067019657
61474519.90623975,37257592.88178134,2025-05-25T16:00:00+00:00,1.0,820.9738235341771
55419187.42408774,30910602.23114804,2025-05-25T17:00:00+00:00,1.0,740.1066696592887
43077237.016407534,19098366.97416174,2025-05-25T18:00:00+00:00,1.0,575.283614001162
14138966.622920044,3138959.318766855,2025-05-25T19:00:00+00:00,1.0,188.82166964369492
24373967.500003792,7091744.197907221,2025-05-26T06:00:00+00:00,1.0,325.50704460474736
47403873.54857152,22782104.73917964,2025-05-26T07:00:00+00:00,1.0,633.0645505952488
57427909.56356362,32938390.123104848,2025-05-26T08:00:00+00:00,1.0,766.9325529322134
62532937.33668975,38162969.52843945,2025-05-26T09:00:00+00:00,1.0,835.108671697257
65347172.46753369,41232106.25436484,2025-05-26T10:00:00+00:00,1.0,872.6919400044692
66864503.64947185,42875218.67607631,2025-05-26T11:00:00+00:00,1.0,892.9554440367639
67500636.36528572,43438507.31631005,2025-05-26T12:00:00+00:00,1.0,901.4508061603317
67406887.62986103,43361263.18765856,2025-05-26T13:00:00+00:00,1.0,900.1988198432166
66561941.30405764,42604416.76081073,2025-05-26T14:00:00+00:00,1.0,888.9148144238588
64759837.103666715,40632767.01468792,2025-05-26T15:00:00+00:00,1.0,864.8482519186158
61479664.79440881,37276879.91587038,2025-05-26T16:00:00+00:00,1.0,821.042531976619
55461074.25050425,30977439.897034563,2025-05-26T17:00:00+00:00,1.0,740.6660556958362
43224340.878881246,19235107.016625464,2025-05-26T18:00:00+00:00,1.0,577.2481420790732
14574120.553702714,3282160.994940309,2025-05-26T19:00:00+00:00,1.0,194.63302021504728
24588883.042867962,7197257.929722489,2025-05-27T06:00:00+00:00,1.0,328.3771773887314
47453139.52246279,22843860.81310003,2025-05-27T07:00:00+00:00,1.0,633.722482938864
57429273.08386516,32958746.66445461,2025-05-27T08:00:00+00:00,1.0,766.9507623379426
62518114.56704184,38162510.774814695,2025-05-27T09:00:00+00:00,1.0,834.9107180427484
65326130.98411733,41225940.086792804,2025-05-27T10:00:00+00:00,1.0,872.4109372878812
66841248.21070084,42863032.183236204,2025-05-27T11:00:00+00:00,1.0,892.6448746087335
67477297.25329566,43426210.363543585,2025-05-27T12:00:00+00:00,1.0,901.1391193014991
67385161.75973794,43350558.51137333,2025-05-27T13:00:00+00:00,1.0,899.9086773469176
66543947.12278314,42598642.610373415,2025-05-27T14:00:00+00:00,1.0,888.6745075157892
64749251.836468466,40638145.88309698,2025-05-27T15:00:00+00:00,1.0,864.7068888417332
61484390.96094771,37295519.78049432,2025-05-27T16:00:00+00:00,1.0,821.1056485169399
55501599.32699668,31042438.61159177,2025-05-27T17:00:00+00:00,1.0,741.2072559695052
43366912.12586983,19368190.042367168,2025-05-27T18:00:00+00:00,1.0,579.152138433093
14998803.065456266,3424612.5210710173,2025-05-27T19:00:00+00:00,1.0,200.3045281177378
24786482.15458505,7295329.014817102,2025-05-28T06:00:00+00:00,1.0,331.016054414863
47496268.318139404,22899461.39360849,2025-05-28T07:00:00+00:00,1.0,634.2984551033505
57428123.31599193,32976142.059753653,2025-05-28T08:00:00+00:00,1.0,766.93540753194
62502148.106791995,38160641.13913502,2025-05-28T09:00:00+00:00,1.0,834.6974907424055
65304574.11841265,41218888.781219885,2025-05-28T10:00:00+00:00,1.0,872.1230517950341
66817799.74234017,42850509.111672305,2025-05-28T11:00:00+00:00,1.0,892.3317273282491
67453934.41231085,43413721.62200375,2025-05-28T12:00:00+00:00,1.0,900.8271155490243
67363485.9322652,43339755.92197454,2025-05-28T13:00:00+00:00,1.0,899.619203155255
66525993.873169184,42592597.44780908,2025-05-28T14:00:00+00:00,1.0,888.4347472378363
64738587.03970767,40643185.43980604,2025-05-28T15:00:00+00:00,1.0,864.5644636713167
61488694.011074945,37313474.06972418,2025-05-28T16:00:00+00:00,1.0,821.163114464128
55540747.60143257,31105589.36611175,2025-05-28T17:00:00+00:00,1.0,741.730069463576
43504937.50406172,19497801.594814252,2025-05-28T18:00:00+00:00,1.0,580.9954260692027
15412560.454151766,3565761.2031658315,2025-05-28T19:00:00+00:00,1.0,205.8301342701927
24967157.999540173,7386262.044324809,2025-05-29T06:00:00+00:00,1.0,333.42892627590794
47533406.37105442,22949021.75825831,2025-05-29T07:00:00+00:00,1.0,634.7944226903596
57424524.808783196,32990540.12464933,2025-05-29T08:00:00+00:00,1.0,766.887350544653
62485076.3784583,38157398.72229453,2025-05-29T09:00:00+00:00,1.0,834.4695029174572
65282528.87799091,41210982.45492589,2025-05-29T10:00:00+00:00,1.0,871.8286442039283
66794178.865086295,42837673.00002532,2025-05-29T11:00:00+00:00,1.0,892.0162775786176
67430564.02890746,43401057.177301265,2025-05-29T12:00:00+00:00,1.0,900.5150110698174
67341872.49504943,43328858.847048484,2025-05-29T13:00:00+00:00,1.0,899.3305621667815
66508089.76151298,42586302.444722265,2025-05-29T14:00:00+00:00,1.0,888.1956431826051
64727845.52703088,40647903.27050627,2025-05-29T15:00:00+00:00,1.0,864.421013982793
61492568.889503166,37330711.111538865,2025-05-29T16:00:00+00:00,1.0,821.2148623063857
55578503.41204545,31166911.409997195,2025-05-29T17:00:00+00:00,1.0,742.2342870198497
43638403.161932595,19624074.416334216,2025-05-29T18:00:00+00:00,1.0,582.7778200044409
15814984.88419182,3705347.6644240925,2025-05-29T19:00:00+00:00,1.0,211.20439214999607
25131283.483337134,7469970.984403306,2025-05-30T06:00:00+00:00,1.0,335.6207730146543
47564691.721231155,22992632.41598722,2025-05-30T07:00:00+00:00,1.0,635.2122291831015
57418539.154553615,33002014.080925252,2025-05-30T08:00:00+00:00,1.0,766.807413922984
62466936.34455824,38152808.25063616,2025-05-30T09:00:00+00:00,1.0,834.2272481912212
65260021.344515815,41202254.07387737,2025-05-30T10:00:00+00:00,1.0,871.5280628274098
66770405.50948974,42824559.92610091,2025-05-30T11:00:00+00:00,1.0,891.6987915262933
67407201.72444461,43388246.91440438,2025-05-30T12:00:00+00:00,1.0,900.2030144824326
67320333.31626529,43317871.36679834,2025-05-30T13:00:00+00:00,1.0,899.0429128774701
66490242.60128575,42579762.815220304,2025-05-30T14:00:00+00:00,1.0,887.9572996966683
64717029.85303731,40652297.8739846,2025-05-30T15:00:00+00:00,1.0,864.2765738920501
61496010.55627386,37347246.29953241,2025-05-30T16:00:00+00:00,1.0,821.2608247365501
55614851.747487076,31226436.22281896,2025-05-30T17:00:00+00:00,1.0,742.7197081662332
43767297.34882519,19746964.90518004,2025-05-30T18:00:00+00:00,1.0,584.4991633123071
16205716.932833372,3843123.216671758,2025-05-30T19:00:00+00:00,1.0,216.422501773953
25279210.070637934,7546431.9499397045,2025-05-31T06:00:00+00:00,1.0,337.5962883365118
47590253.764719255,23030301.920036994,2025-05-31T07:00:00+00:00,1.0,635.5536026271318
57410224.78523215,33010676.02793697,2025-05-31T08:00:00+00:00,1.0,766.6963780079154
62447763.38184075,38146900.42511024,2025-05-31T09:00:00+00:00,1.0,833.9711990096147
65237076.616034806,41192734.30155335,2025-05-31T10:00:00+00:00,1.0,871.2216428423566
66746498.91291253,42811191.50748592,2025-05-31T11:00:00+00:00,1.0,891.3795260805574
67383862.60568069,43375317.46173112,2025-05-31T12:00:00+00:00,1.0,899.8913275331338
67298879.89591473,43306803.53325396,2025-05-31T13:00:00+00:00,1.0,898.7564088663895
66472460.005573116,42573011.13375151,2025-05-31T14:00:00+00:00,1.0,887.7198184504847
64706142.63151939,40656356.69642115,2025-05-31T15:00:00+00:00,1.0,864.1311783055531
61499014.5235157,37363111.42747736,2025-05-31T16:00:00+00:00,1.0,821.3009418204589
55649779.229681894,31284146.062700544,2025-05-31T17:00:00+00:00,1.0,743.1861542425536
43891612.46898578,19866496.473269574,2025-05-31T18:00:00+00:00,1.0,586.1593545537637
16584446.970798949,3978928.5721336566,2025-05-31T19:00:00+00:00,1.0,221.48032813566664
25411268.422891792,7615816.266227323,2025-06-01T06:00:00+00:00,1.0,339.3598881262237
47610213.683184564,23062436.63841058,2025-06-01T07:00:00+00:00,1.0,635.8201613673136
57399637.08364648,33016602.189693335,2025-06-01T08:00:00+00:00,1.0,766.5549824204959
62427591.32609211,38139723.23194818,2025-06-01T09:00:00+00:00,1.0,833.7018072394822
65213718.83718224,41182449.057639025,2025-06-01T10:00:00+00:00,1.0,870.9097066931299
66722477.65563935,42797584.80026688,2025-06-01T11:00:00+00:00,1.0,891.058729375521
67360561.31496122,43362278.16708503,2025-06-01T12:00:00+00:00,1.0,899.5801457660515
67277523.43963012,43295666.04174301,2025-06-01T13:00:00+00:00,1.0,898.4711997813833
66454749.49749984,42566097.972161,2025-06-01T14:00:00+00:00,1.0,887.4832999131869
64695186.70404953,40660065.030093774,2025-06-01T15:00:00+00:00,1.0,863.9848651716115
61501577.128784,37378306.66017399,2025-06-01T16:00:00+00:00,1.0,821.33516464721
55683274.585091546,31340054.269140575,2025-06-01T17:00:00+00:00,1.0,743.6334746940585
44011345.99594913,19982600.790082287,2025-06-01T18:00:00+00:00,1.0,587.7583599886375
16950914.061478887,4112418.0735123036,2025-06-01T19:00:00+00:00,1.0,226.37438650479527
25527769.70358516,7678084.91431688,2025-06-02T06:00:00+00:00,1.0,340.9157278790725
47624685.112675644,23089322.836138256,2025-06-02T07:00:00+00:00,1.0,636.0134229791149
57386828.624184266,33019858.22861467,2025-06-02T08:00:00+00:00,1.0,766.3839292759542
62406452.57941253,38131333.75857943,2025-06-02T09:00:00+00:00,1.0,833.4195056011329
65189971.25631129,41171419.30359251,2025-06-02T10:00:00+00:00,1.0,870.592564854583
66698359.6937624,42783755.67728947,2025-06-02T11:00:00+00:00,1.0,890.7366412094235
67337312.05161996,43349139.536578916,2025-06-02T12:00:00+00:00,1.0,899.2696588090174
67256274.87364793,43284471.8102634,2025-06-02T13:00:00+00:00,1.0,898.1874315391086
66437118.52105427,42558998.934133634,2025-06-02T14:00:00+00:00,1.0,887.2478434969765
64684165.147097304,40663407.6128022,2025-06-02T15:00:00+00:00,1.0,863.8376755755563
61503695.528627634,37392843.88606014,2025-06-02T16:00:00+00:00,1.0,821.3634552434324
55715328.59321872,31394138.972972263,2025-06-02T17:00:00+00:00,1.0,744.0615463837921
44126500.20903685,20095046.53945303,2025-06-02T18:00:00+00:00,1.0,589.296210056575
17304902.20718652,4243433.093566447,2025-06-02T19:00:00+00:00,1.0,231.10179229682652
25629006.73604765,7733179.499356746,2025-06-03T06:00:00+00:00,1.0,342.26771816302534
47633774.763790056,23111153.198330246,2025-06-03T07:00:00+00:00,1.0,636.1348125506111
57371849.40524883,33020477.96073911,2025-06-03T08:00:00+00:00,1.0,766.1838862880485
62384378.213036165,38121777.59815331,2025-06-03T09:00:00+00:00,1.0,833.1247090416186
65165856.27010008,41159665.27174693,2025-06-03T10:00:00+00:00,1.0,870.2705164276246
66674162.371352375,42769706.92136994,2025-06-03T11:00:00+00:00,1.0,890.4134932071747
67314128.55945043,43335910.633400105,2025-06-03T12:00:00+00:00,1.0,898.9600502063466
67235144.80835927,43273232.1370269,2025-06-03T13:00:00+00:00,1.0,897.9052458381364
66419574.374225244,42551726.03335997,2025-06-03T14:00:00+00:00,1.0,887.0135466643394
64673081.15609293,40666361.67813059,2025-06-03T15:00:00+00:00,1.0,863.6896521914066
61505367.4906083,37406738.45431968,2025-06-03T16:00:00+00:00,1.0,821.3857837955222
55745933.660654105,31446355.671893194,2025-06-03T17:00:00+00:00,1.0,744.4702679040225
44237081.133604914,20203991.82197631,2025-06-03T18:00:00+00:00,1.0,590.7729852244215
17646234.72652312,4371709.669811396,2025-06-03T19:00:00+00:00,1.0,235.66018598454815
25715254.85154469,7781130.728395157,2025-06-04T06:00:00+00:00,1.0,343.41953594477644
47637582.92464295,23128069.311044637,2025-06-04T07:00:00+00:00,1.0,636.185669399615
57354747.04034987,33018537.24283998,2025-06-04T08:00:00+00:00,1.0,765.9554893209039
62361398.05299061,38111097.79711284,2025-06-04T09:00:00+00:00,1.0,832.8178158786098
65141395.45574075,41147213.92537599,2025-06-04T10:00:00+00:00,1.0,869.9438495691917
66649902.41804004,42755441.71727768,2025-06-04T11:00:00+00:00,1.0,890.0895087879379
67291024.09537995,43322605.15981412,2025-06-04T12:00:00+00:00,1.0,898.6514970002612
67214143.47555198,43261958.79132314,2025-06-04T13:00:00+00:00,1.0,897.624779320934
66402124.10385278,42544281.68266007,2025-06-04T14:00:00+00:00,1.0,886.7805035236851
64661937.872100584,40668921.89571815,2025-06-04T15:00:00+00:00,1.0,863.5408369671543
61506591.09142201,37419986.46991059,2025-06-04T16:00:00+00:00,1.0,821.4021246183365
55775083.231162556,31496659.243408218,2025-06-04T17:00:00+00:00,1.0,744.8595516982185
44343097.1362592,20309359.62339428,2025-06-04T18:00:00+00:00,1.0,592.1887972256895
17974767.98923859,4496916.005518654,2025-06-04T19:00:00+00:00,1.0,240.04764942893607
25786772.73481279,7821967.7675701585,2025-06-05T06:00:00+00:00,1.0,344.37463588157874
47636203.93859597,23140172.70300021,2025-06-05T07:00:00+00:00,1.0,636.1672534534758
57335566.9526734,33014069.72300562,2025-06-05T08:00:00+00:00,1.0,765.6993449876327
62337540.76575875,38099320.8804999,2025-06-05T09:00:00+00:00,1.0,832.4992089444329
65116609.60466533,41134106.34155505,2025-06-05T10:00:00+00:00,1.0,869.6128419426421
66625595.94750841,42740981.75449373,2025-06-05T11:00:00+00:00,1.0,889.7649031451326
67268011.3979225,43309237.04915505,2025-06-05T12:00:00+00:00,1.0,898.3441693098677
67193280.66408964,43250656.78003115,2025-06-05T13:00:00+00:00,1.0,897.3461627148772
66384774.3973742,42536706.34304846,2025-06-05T14:00:00+00:00,1.0,886.5488033837456
64650738.204779975,40671087.599776685,2025-06-05T15:00:00+00:00,1.0,863.3912687604286
61507364.41023737,37432582.09876833,2025-06-05T16:00:00+00:00,1.0,821.412452059786
55802771.1948713,31545076.267235707,2025-06-05T17:00:00+00:00,1.0,745.2293161708234
44444557.55797579,20410984.75899469,2025-06-05T18:00:00+00:00,1.0,593.5437708062966
18290385.38869734,4618827.09703731,2025-06-05T19:00:00+00:00,1.0,244.26262538324542
25843803.39726774,7855684.910298983,2025-06-06T06:00:00+00:00,1.0,345.13626331821405
47629726.71524,23147548.22774641,2025-06-06T07:00:00+00:00,1.0,636.0807520731869
57314352.58269634,33007131.32900342,2025-06-06T08:00:00+00:00,1.0,765.4160334227643
62312833.95796096,38086459.59977099,2025-06-06T09:00:00+00:00,1.0,832.1692569172192
65091518.76486671,41120365.82788578,2025-06-06T10:00:00+00:00,1.0,869.2777612829277
66601258.46419424,42726359.00177095,2025-06-06T11:00:00+00:00,1.0,889.4398833359234
67245102.66445129,43295819.43697324,2025-06-06T12:00:00+00:00,1.0,898.0382300273997
67172565.66699456,43239331.55698404,2025-06-06T13:00:00+00:00,1.0,897.0695201254515
66367531.49114896,42529017.438501075,2025-06-06T14:00:00+00:00,1.0,886.3185295292176
64639484.6796511,40672876.41831736,2025-06-06T15:00:00+00:00,1.0,863.2409812987643
61507685.26781261,37444508.41061463,2025-06-06T16:00:00+00:00,1.0,821.4167370167332
55828991.388695545,31591577.5920547,2025-06-06T17:00:00+00:00,1.0,745.5794790157084
44541471.581307575,20508900.603390347,2025-06-06T18:00:00+00:00,1.0,594.8380285965142
18592992.068026975,4737446.96418494,2025-06-06T19:00:00+00:00,1.0,248.30384706232627
25886575.16152796,7882347.626816141,2025-06-07T06:00:00+00:00,1.0,345.707467434936
47618235.19787573,23150271.375761703,2025-06-07T07:00:00+00:00,1.0,635.9272862964201
57291145.57930254,32997747.38966446,2025-06-07T08:00:00+00:00,1.0,765.1061108347013
62287304.26393652,38072537.00674879,2025-06-07T09:00:00+00:00,1.0,831.8283154905995
65066142.279967666,41106006.761505395,2025-06-07T10:00:00+00:00,1.0,868.9388659183855
66576904.87101191,42711587.76167817,2025-06-07T11:00:00+00:00,1.0,889.1146483842473
67222309.53511514,43282361.77298745,2025-06-07T12:00:00+00:00,1.0,897.7338346035764
67152007.24154902,43227987.72680461,2025-06-07T13:00:00+00:00,1.0,896.7949685035993
66350401.100819804,42521231.940481335,2025-06-07T14:00:00+00:00,1.0,886.0897582908777
64628179.324502714,40674295.514494285,2025-06-07T15:00:00+00:00,1.0,863.0900016626974
61507551.029945664,37455747.99241675,2025-06-07T16:00:00+00:00,1.0,821.4149443101628
55853737.22355368,31636077.16747377,2025-06-07T17:00:00+00:00,1.0,745.9099522376274
44633847.377324164,20603073.476149984,2025-06-07T18:00:00+00:00,1.0,596.0716797185312
18882510.538762927,4852595.930542404,2025-06-07T19:00:00+00:00,1.0,252.1702796309173
25915302.32788932,7902068.927668657,2025-06-08T06:00:00+00:00,1.0,346.0911101480944
47601808.673976704,23148370.29520944,2025-06-08T07:00:00+00:00,1.0,635.7079149836579
57265985.91276279,32985959.221231733,2025-06-08T08:00:00+00:00,1.0,764.770111014468
62260977.39138777,38057581.71975625,2025-06-08T09:00:00+00:00,1.0,831.4767279832639
65040498.80373072,41091041.24487685,2025-06-08T10:00:00+00:00,1.0,868.5964049643512
66552549.46637462,42696681.5178456,2025-06-08T11:00:00+00:00,1.0,888.7893892411122
67199643.0758995,43268865.862964734,2025-06-08T12:00:00+00:00,1.0,897.4311308212973
67131613.57856402,43216631.19856206,2025-06-08T13:00:00+00:00,1.0,896.5226172350935
66333388.37296376,42513366.14022555,2025-06-08T14:00:00+00:00,1.0,885.8625583996139
64616823.59208219,40675346.53883601,2025-06-08T15:00:00+00:00,1.0,862.9383492532234
61506958.478874266,37466280.51596108,2025-06-08T16:00:00+00:00,1.0,821.4070309678754
55877001.437078886,31678553.823580157,2025-06-08T17:00:00+00:00,1.0,746.2206388498685
44721691.54399148,20693428.474747248,2025-06-08T18:00:00+00:00,1.0,597.2448122862135
19158877.107645866,4963932.367701715,2025-06-08T19:00:00+00:00,1.0,255.86107248458345
25930185.30454141,7914851.949665955,2025-06-09T06:00:00+00:00,1.0,346.28986784910734
47580521.8483352,23141833.838669654,2025-06-09T07:00:00+00:00,1.0,635.4236357950722
57238911.873298734,32971826.51967426,2025-06-09T08:00:00+00:00,1.0,764.4085453164788
62233878.108420804,38041610.81058763,2025-06-09T09:00:00+00:00,1.0,831.1148251658641
65014606.282652445,41075488.18442369,2025-06-09T10:00:00+00:00,1.0,868.2506180909828
66528205.92455846,42681653.69055681,2025-06-09T11:00:00+00:00,1.0,888.4642885224088
67177113.75692667,43255338.6385813,2025-06-09T12:00:00+00:00,1.0,897.1302585059545
67111392.27727388,43205267.21033833,2025-06-09T13:00:00+00:00,1.0,896.2525678054719
66316497.85363741,42505422.327209435,2025-06-09T14:00:00+00:00,1.0,885.6369905667444
64605418.316675924,40676035.23559391,2025-06-09T15:00:00+00:00,1.0,862.7860352120266
61505903.74126272,37476121.54420315,2025-06-09T16:00:00+00:00,1.0,821.3929452625806
55898775.95322622,31718975.88871673,2025-06-09T17:00:00+00:00,1.0,746.5114309992911
44805008.75882322,20779941.020273264,2025-06-09T18:00:00+00:00,1.0,598.3574887663433
19422039.022381082,5071229.185718648,2025-06-09T19:00:00+00:00,1.0,259.37552113222705
25931410.334565416,7920798.26251691,2025-06-10T06:00:00+00:00,1.0,346.30622775861667
47554444.72629087,23130820.202328864,2025-06-10T07:00:00+00:00,1.0,635.0753836310297
57209959.98708814,32955386.454597216,2025-06-10T08:00:00+00:00,1.0,764.0219015369652
62206030.18228464,38024640.508035794,2025-06-10T09:00:00+00:00,1.0,830.7429244429162
64988481.9129588,41059367.78696503,2025-06-10T10:00:00+00:00,1.0,867.9017349486918
66503887.263427876,42666509.86646155,2025-06-10T11:00:00+00:00,1.0,888.1395200778219
67154731.42711551,43241789.67363906,2025-06-10T12:00:00+00:00,1.0,896.8313491868968
67091350.324019894,43193898.41481778,2025-06-10T13:00:00+00:00,1.0,895.9849135152135
66299733.46833676,42497402.54047758,2025-06-10T14:00:00+00:00,1.0,885.4131072160297
64593963.69118172,40676366.85802799,2025-06-10T15:00:00+00:00,1.0,862.6330621151487
61504382.25256706,37485266.43938034,2025-06-10T16:00:00+00:00,1.0,821.3726262362072
55919051.80645215,31757349.45231202,2025-06-10T17:00:00+00:00,1.0,746.7822089536926
44883801.57102056,20862574.059817497,2025-06-10T18:00:00+00:00,1.0,599.4097432027405
19671952.075973466,5174418.923768868,2025-06-10T19:00:00+00:00,1.0,262.7130352026377
25919149.04936118,7920032.438090613,2025-06-11T06:00:00+00:00,1.0,346.14248196262395
47523642.42707961,23115444.56194123,2025-06-11T07:00:00+00:00,1.0,634.6640281394266
57179164.896656446,32936662.35613969,2025-06-11T08:00:00+00:00,1.0,763.6106423164716
62177456.30585992,38006688.481982306,2025-06-11T09:00:00+00:00,1.0,830.3613288709989
64962142.090292625,41042696.59615816,2025-06-11T10:00:00+00:00,1.0,867.5499744964376
66479605.80946942,42651257.02860824,2025-06-11T11:00:00+00:00,1.0,887.8152485238877
67132505.28870068,43228229.603715695,2025-06-11T12:00:00+00:00,1.0,896.5345257572191
67071494.07311762,43182528.53273867,2025-06-11T13:00:00+00:00,1.0,895.7197392243286
66283098.506441355,42489308.95610875,2025-06-11T14:00:00+00:00,1.0,885.1909522762013
64582459.25052101,40676348.73680088,2025-06-11T15:00:00+00:00,1.0,862.4794237516068
61502388.73299559,37493710.19395631,2025-06-11T16:00:00+00:00,1.0,821.3460033786869
55937819.08270356,31793668.27746104,2025-06-11T17:00:00+00:00,1.0,747.0328403138769
44958070.232427806,20941268.87863912,2025-06-11T18:00:00+00:00,1.0,600.4015789587017
19908578.459764127,5273267.465580462,2025-06-11T19:00:00+00:00,1.0,265.8731097724913
25893558.167973295,7912630.698118571,2025-06-12T06:00:00+00:00,1.0,345.8007233970766
47488175.03669031,23095754.118226424,2025-06-12T07:00:00+00:00,1.0,634.1903717506761
57146559.2695739,32915704.18633841,2025-06-12T08:00:00+00:00,1.0,763.1752039205975
62148178.0378651,37987775.748632774,2025-06-12T09:00:00+00:00,1.0,829.9703263603813
64935602.37034887,41025490.7545878,2025-06-12T10:00:00+00:00,1.0,867.1955444758086
66455373.1691484,42635906.40973245,2025-06-12T11:00:00+00:00,1.0,887.4916288614961
67110443.87548476,43214667.18835454,2025-06-12T12:00:00+00:00,1.0,896.2399021832948
67051829.228481606,43171161.98788038,2025-06-12T13:00:00+00:00,1.0,895.4571211068651
66266595.60289765,42481145.59754057,2025-06-12T14:00:00+00:00,1.0,884.9705609361334
64570903.84924089,40675976.16023402,2025-06-12T15:00:00+00:00,1.0,862.3251048242558
61499917.14635672,37501449.072265714,2025-06-12T16:00:00+00:00,1.0,821.3129960784873
55955066.83304453,31827925.129633605,2025-06-12T17:00:00+00:00,1.0,747.2631788601092
45027812.4596518,21015969.692492984,2025-06-12T18:00:00+00:00,1.0,601.3329655402246
20131884.651839364,5367637.912881045,2025-06-12T19:00:00+00:00,1.0,268.8552971666601
25854779.571846657,7898664.584321286,2025-06-13T06:00:00+00:00,1.0,345.28284684623804
47448097.611847565,23071809.34235895,2025-06-13T07:00:00+00:00,1.0,633.6551497308704
57112173.78063723,32892540.901305526,2025-06-13T08:00:00+00:00,1.0,762.7159960021075
62118215.78602542,37967917.073992394,2025-06-13T09:00:00+00:00,1.0,829.570189450133
64908877.45337397,41007765.05178847,2025-06-13T10:00:00+00:00,1.0,866.8386412042365
66431200.21471779,42620469.895242,2025-06-13T11:00:00+00:00,1.0,887.1688062863072
67088555.03740747,43201109.14755037,2025-06-13T12:00:00+00:00,1.0,895.9475832987241
67032360.82473596,43159804.82608894,2025-06-13T13:00:00+00:00,1.0,895.1971263987054
66250226.71207464,42472912.345720425,2025-06-13T14:00:00+00:00,1.0,884.7519592958585
64559295.6197899,40675243.59856262,2025-06-13T15:00:00+00:00,1.0,862.1700803924832
61496960.62831409,37508473.04074012,2025-06-13T16:00:00+00:00,1.0,821.2735126644595
55970782.923149616,31860139.893645484,2025-06-13T17:00:00+00:00,1.0,747.4730625420499
45093023.08073976,21086624.97329796,2025-06-13T18:00:00+00:00,1.0,602.2038338773963
20341839.14458191,5457459.701630149,2025-06-13T19:00:00+00:00,1.0,271.6591766103326
25802940.957502164,7878201.025427421,2025-06-14T06:00:00+00:00,1.0,344.5905576589477
47403460.41933233,23043677.338350534,2025-06-14T07:00:00+00:00,1.0,633.0590333778257
57076037.21249308,32867210.199530687,2025-06-14T08:00:00+00:00,1.0,762.2334029446248
62087588.85760929,37947132.99443037,2025-06-14T09:00:00+00:00,1.0,829.1611759830369
64881981.20889821,40989533.07114649,2025-06-14T10:00:00+00:00,1.0,866.4794499051675
66407097.09237606,42604955.21649027,2025-06-14T11:00:00+00:00,1.0,886.8469162977462
67066845.93543977,43187562.91844698,2025-06-14T12:00:00+00:00,1.0,895.6576647360966
67013093.208117574,43148460.11066162,2025-06-14T13:00:00+00:00,1.0,894.9398131426108
66233993.07024676,42464611.28069428,2025-06-14T14:00:00+00:00,1.0,884.5351638654703
64547631.90586399,40674145.26758187,2025-06-14T15:00:00+00:00,1.0,862.0143149821512
61493511.3653471,37514773.76997094,2025-06-14T16:00:00+00:00,1.0,821.2274487893714
55984953.79813412,31890334.94286239,2025-06-14T17:00:00+00:00,1.0,747.662310338323
45153693.501560844,21153218.761932082,2025-06-14T18:00:00+00:00,1.0,603.0140691981918
20538409.966397647,5542543.201797666,2025-06-14T19:00:00+00:00,1.0,274.28432113244594
25738157.344817292,7851277.920874366,2025-06-15T06:00:00+00:00,1.0,343.7253918912538
47354309.510313556,23011414.66251077,2025-06-15T07:00:00+00:00,1.0,632.4026376911467
57038176.72163488,32839754.886918686,2025-06-15T08:00:00+00:00,1.0,761.7277874149856
62056315.598662965,37925448.050683364,2025-06-15T09:00:00+00:00,1.0,828.7435309650542
64854926.75299036,40970809.83470849,2025-06-15T10:00:00+00:00,1.0,866.1181457397216
66383073.26075854,42589369.229180075,2025-06-15T11:00:00+00:00,1.0,886.5260852131066
67045323.05116903,43174035.5970051,2025-06-15T12:00:00+00:00,1.0,895.3702330551419
66994030.019016184,43137131.56499536,2025-06-15T13:00:00+00:00,1.0,894.6852299548187
66217895.14649111,42456244.31047343,2025-06-15T14:00:00+00:00,1.0,884.3201809093403
64535909.16881161,40672674.61327575,2025-06-15T15:00:00+00:00,1.0,861.8577613356347
61489560.42311825,37520338.03873669,2025-06-15T16:00:00+00:00,1.0,821.1746851378073
55997564.15420474,31918515.836550858,2025-06-15T17:00:00+00:00,1.0,747.8307178713202
45209810.997938626,21215702.821538657,2025-06-15T18:00:00+00:00,1.0,603.7635015750419
20721561.940658037,5622642.429705444,2025-06-15T19:00:00+00:00,1.0,276.7302609596448
25705955.536471553,7831827.4612227855,2025-06-16T06:00:00+00:00,1.0,343.29534637382346
47340277.372312374,22994287.20668298,2025-06-16T07:00:00+00:00,1.0,632.2152426857956
57030115.028518885,32828342.419761904,2025-06-16T08:00:00+00:00,1.0,761.6201259150552
62050697.18874449,37918943.847467534,2025-06-16T09:00:00+00:00,1.0,828.6684987813028
64850829.540485606,40966205.37169295,2025-06-16T10:00:00+00:00,1.0,866.063428692374
66380424.54896807,42587374.12069777,2025-06-16T11:00:00+00:00,1.0,886.4907124595092
67044473.98469688,43173718.94814041,2025-06-16T12:00:00+00:00,1.0,895.3588940263946
66995715.416467436,43139049.264635645,2025-06-16T13:00:00+00:00,1.0,894.7077379335861
66223408.485387355,42461584.78907611,2025-06-16T14:00:00+00:00,1.0,884.3938099010159
64547579.34477368,40685609.70019342,2025-06-16T15:00:00+00:00,1.0,862.0136130445151
61511971.12810427,37541557.97373761,2025-06-16T16:00:00+00:00,1.0,821.4739733988207
56041042.4761989,31963166.257492922,2025-06-16T17:00:00+00:00,1.0,748.4113578552111
45302282.91843845,21293263.407894336,2025-06-16T18:00:00+00:00,1.0,604.9984364107713
20934792.178374782,5709407.280282993,2025-06-16T19:00:00+00:00,1.0,279.57788699752786
25660964.92154507,7806057.702609255,2025-06-17T06:00:00+00:00,1.0,342.69451017021134
47321843.08275106,22973084.576587256,2025-06-17T07:00:00+00:00,1.0,631.9690582632282
57020400.541539036,32814869.645290487,2025-06-17T08:00:00+00:00,1.0,761.4903918474691
62044477.51471663,37911577.30921693,2025-06-17T09:00:00+00:00,1.0,828.5854368952595
64846601.63834775,40961138.00536391,2025-06-17T10:00:00+00:00,1.0,866.0069663240886
66377869.35308722,42585315.88310703,2025-06-17T11:00:00+00:00,1.0,886.4565885829057
67043813.67632009,43173421.98292998,2025-06-17T12:00:00+00:00,1.0,895.3500758055515
66997595.72533886,43140979.489663325,2025-06-17T13:00:00+00:00,1.0,894.7328488960795
66229033.54600823,42466850.48295006,2025-06-17T14:00:00+00:00,1.0,884.4689309028796
64559146.85829526,40698140.41011392,2025-06-17T15:00:00+00:00,1.0,862.1680937272426
61533807.54313152,37561996.377283186,2025-06-17T16:00:00+00:00,1.0,821.7655921892518
56082845.01527097,32005730.898816325,2025-06-17T17:00:00+00:00,1.0,748.969618259498
45390053.21106159,21366571.04918721,2025-06-17T18:00:00+00:00,1.0,606.1705824126877
21134697.41536404,5791018.975839924,2025-06-17T19:00:00+00:00,1.0,282.24756163680667
25603271.632611405,7774046.355517795,2025-06-18T06:00:00+00:00,1.0,341.9240335551783
47299058.142849736,22947844.44240834,2025-06-18T07:00:00+00:00,1.0,631.6647722068695
57009066.072653614,32799365.15516419,2025-06-18T08:00:00+00:00,1.0,761.3390234061544
62037678.42081965,37903368.34651248,2025-06-18T09:00:00+00:00,1.0,828.4946370301784
64842258.10083111,40955622.9264648,2025-06-18T10:00:00+00:00,1.0,865.9489596799075
66375418.078794755,42583202.90802262,2025-06-18T11:00:00+00:00,1.0,886.4238525480158
67043348.9335606,43173149.41933632,2025-06-18T12:00:00+00:00,1.0,895.3438693050293
66999674.536694705,43142926.47542277,2025-06-18T13:00:00+00:00,1.0,894.7606107998831
66234770.5558793,42472041.361726515,2025-06-18T14:00:00+00:00,1.0,884.5455469535227
64570607.898479156,40710259.5337168,2025-06-18T15:00:00+00:00,1.0,862.3211524903621
61555060.54230982,37581640.989790305,2025-06-18T16:00:00+00:00,1.0,822.0494196355554
56122955.88320775,32046171.48768193,2025-06-18T17:00:00+00:00,1.0,749.5052869018054
45473102.13295611,21435553.38914388,2025-06-18T18:00:00+00:00,1.0,607.2796759208924
21321189.22121354,5867407.848941182,2025-06-18T19:00:00+00:00,1.0,284.7381039157754
25532962.851581782,7735885.127958844,2025-06-19T06:00:00+00:00,1.0,340.9850808170672
47271975.21045109,22918622.441926934,2025-06-19T07:00:00+00:00,1.0,631.3030877464012
56996145.282997385,32781861.45233753,2025-06-19T08:00:00+00:00,1.0,761.1664701254883
62030322.10029821,37894340.68901033,2025-06-19T09:00:00+00:00,1.0,828.3963955702113
64837813.96766149,40949674.77574033,2025-06-19T10:00:00+00:00,1.0,865.8896096108764
66373080.85756181,42581044.346431285,2025-06-19T11:00:00+00:00,1.0,886.3926396576164
67043086.08061187,43172908.348210625,2025-06-19T12:00:00+00:00,1.0,895.3403589825174
67001954.75945248,43144893.99435283,2025-06-19T13:00:00+00:00,1.0,894.7910624926825
66240618.830694266,42477157.57562198,2025-06-19T14:00:00+00:00,1.0,884.6236489141811
64581957.42046301,40721958.79965646,2025-06-19T15:00:00+00:00,1.0,862.4727219613013
61575719.21460195,37600477.85114558,2025-06-19T16:00:00+00:00,1.0,822.3253100240745
56161356.197736055,32084460.346636392,2025-06-19T17:00:00+00:00,1.0,750.0181116150563
45551403.327253625,21500224.04807512,2025-06-19T18:00:00+00:00,1.0,608.325364947293
21494168.893927384,5938386.165879894,2025-06-19T19:00:00+00:00,1.0,287.0481956988159
25450130.9048375,7691655.174997518,2025-06-20T06:00:00+00:00,1.0,339.87888494707937
47240649.656131074,22885467.443762466,2025-06-20T07:00:00+00:00,1.0,630.8847443393549
56981673.388837375,32762399.72196726,2025-06-20T08:00:00+00:00,1.0,760.9732023081879
62022431.46436383,37884520.65451295,2025-06-20T09:00:00+00:00,1.0,828.2910184877721
64833284.476236895,40943311.21766551,2025-06-20T10:00:00+00:00,1.0,865.8291196078559
66370867.67263585,42578848.668875195,2025-06-20T11:00:00+00:00,1.0,886.3630832349835
67043031.03190934,43172704.412416175,2025-06-20T12:00:00+00:00,1.0,895.3396238235749
67004438.65769233,43146882.868423395,2025-06-20T13:00:00+00:00,1.0,894.8242342106281
66246576.78284418,42482197.72796328,2025-06-20T14:00:00+00:00,1.0,884.7032155828543
64593189.12787408,40733228.80460791,2025-06-20T15:00:00+00:00,1.0,862.6227180538838
61595770.81521404,37618490.353643574,2025-06-20T16:00:00+00:00,1.0,822.5930931518939
56198023.99439515,32120559.005846042,2025-06-20T17:00:00+00:00,1.0,750.5077990704391
45624923.664103456,21560521.550950933,2025-06-20T18:00:00+00:00,1.0,609.3072070526716
21653526.455874506,6003852.758625762,2025-06-20T19:00:00+00:00,1.0,289.17636826755484
25354876.580746956,7641466.298073203,2025-06-21T06:00:00+00:00,1.0,338.60679194373114
47205140.78145089,22848391.402981475,2025-06-21T07:00:00+00:00,1.0,630.4105339403219
56965687.69383355,32741016.04815676,2025-06-21T08:00:00+00:00,1.0,760.7597181334645
62014030.41517645,37873934.41468189,2025-06-21T09:00:00+00:00,1.0,828.1788249890058
64828685.21470512,40936548.72888406,2025-06-21T10:00:00+00:00,1.0,865.7676978459497
66368788.450433396,42576623.43120108,2025-06-21T11:00:00+00:00,1.0,886.3353158444494
67043189.347551316,43172543.79894731,2025-06-21T12:00:00+00:00,1.0,895.3417380816289
67007127.88342454,43148894.90476746,2025-06-21T13:00:00+00:00,1.0,894.8601480158296
66252641.93878402,42487159.927435644,2025-06-21T14:00:00+00:00,1.0,884.7842139260546
64604295.477177575,40744057.48701202,2025-06-21T15:00:00+00:00,1.0,862.7710400264153
61615200.760452025,37635661.086250044,2025-06-21T16:00:00+00:00,1.0,822.8525742581733
56232934.205345325,32154449.923375454,2025-06-21T17:00:00+00:00,1.0,750.9740144944717
45693623.199158296,21616380.39591051,2025-06-21T18:00:00+00:00,1.0,610.2246687921727
21799139.87427181,6063680.190382736,2025-06-21T19:00:00+00:00,1.0,291.12099191067836
25247310.90393288,7585448.999918946,2025-06-22T06:00:00+00:00,1.0,337.17028450765355
47165512.390483,22807260.77861593,2025-06-22T07:00:00+00:00,1.0,629.8813086335922
56948227.807959415,32717732.66754003,2025-06-22T08:00:00+00:00,1.0,760.5265465806511
62005143.94331835,37862608.43881636,2025-06-22T09:00:00+00:00,1.0,828.0601488156767
64824032.17048885,40929404.666712366,2025-06-22T10:00:00+00:00,1.0,865.7055578323921
66366853.08712285,42574376.08839535,2025-06-22T11:00:00+00:00,1.0,886.309469646417
67043566.250255875,43172431.78827721,2025-06-22T12:00:00+00:00,1.0,895.3467715044952
67010023.489870116,43150932.690195955,2025-06-22T13:00:00+00:00,1.0,894.8988179736806
66258810.95206534,42492041.68753246,2025-06-22T14:00:00+00:00,1.0,884.8665992530158
64615267.693564944,40754431.74793136,2025-06-22T15:00:00+00:00,1.0,862.9175706939717
61633992.64454871,37651970.166345835,2025-06-22T16:00:00+00:00,1.0,823.1035342487766
56266058.67505045,32186100.904243767,2025-06-22T17:00:00+00:00,1.0,751.4163818783494
45757455.143833704,21667734.45114704,2025-06-22T18:00:00+00:00,1.0,611.0771253183018
21930874.246989556,6117730.635996028,2025-06-22T19:00:00+00:00,1.0,292.88026505061026
25127554.59732149,7523745.82613466,2025-06-23T06:00:00+00:00,1.0,335.57097485739376
47121832.419605285,22761847.699411668,2025-06-23T07:00:00+00:00,1.0,629.297975689176
56929335.41863592,32692572.702377323,2025-06-23T08:00:00+00:00,1.0,760.2742443728109
61995797.97879994,37850569.6233566,2025-06-23T09:00:00+00:00,1.0,827.935336255335
64819341.63337069,40921896.908486776,2025-06-23T10:00:00+00:00,1.0,865.6429171123176
66365071.38666156,42572113.90376822,2025-06-23T11:00:00+00:00,1.0,886.285675569719
67044166.589893155,43172371.01684399,2025-06-23T12:00:00+00:00,1.0,895.3547888607586
67013125.918464884,43152997.63340271,2025-06-23T13:00:00+00:00,1.0,894.9402499795051
66265079.612007156,42496839.658790335,2025-06-23T14:00:00+00:00,1.0,884.9503153312861
64626095.80275579,40764338.681929596,2025-06-23T15:00:00+00:00,1.0,863.0621768530337
61652128.29861153,37667392.85381308,2025-06-23T16:00:00+00:00,1.0,823.3457304835949
56297366.24503829,32215466.05414511,2025-06-23T17:00:00+00:00,1.0,751.8344851100225
45816365.94206992,21714508.481230106,2025-06-23T18:00:00+00:00,1.0,611.8638614058441
22048581.08481098,6165854.937665014,2025-06-23T19:00:00+00:00,1.0,294.45220465826566
24995734.95818962,7456487.994863497,2025-06-24T06:00:00+00:00,1.0,333.810563010016
47074171.53658989,22712210.54314238,2025-06-24T07:00:00+00:00,1.0,628.6614788540271
56909053.574750595,32665576.04296304,2025-06-24T08:00:00+00:00,1.0,760.0033864149503
61986018.98181688,37837845.49248012,2025-06-24T09:00:00+00:00,1.0,827.8047406759716
64814629.94614476,40914043.450340375,2025-06-24T10:00:00+00:00,1.0,865.5799939388887
66363452.910047784,42569843.99574719,2025-06-24T11:00:00+00:00,1.0,886.2640612987097
67044994.76101601,43172362.561568774,2025-06-24T12:00:00+00:00,1.0,895.3658488383631
67016434.97129832,43155088.87872871,2025-06-24T13:00:00+00:00,1.0,894.984441390208
66271442.86814887,42501549.90717976,2025-06-24T14:00:00+00:00,1.0,885.035294713534
64636768.712557085,40773765.22001922,2025-06-24T15:00:00+00:00,1.0,863.2047103706952
61669587.94661958,37681904.596349694,2025-06-24T16:00:00+00:00,1.0,823.5788988597747
56326823.01376387,32242502.132514235,2025-06-24T17:00:00+00:00,1.0,752.2278714444903
45870295.67935491,21756612.013025045,2025-06-24T18:00:00+00:00,1.0,612.5840769144684
22152098.380612615,6207905.747681599,2025-06-24T19:00:00+00:00,1.0,295.83464717698683
24851980.854004186,7383827.2875041505,2025-06-25T06:00:00+00:00,1.0,331.89076995198224
47022600.967514955,22658529.029622294,2025-06-25T07:00:00+00:00,1.0,627.9727693311344
56887425.6116599,32636797.580817968,2025-06-25T08:00:00+00:00,1.0,759.7145514377554
61975833.34100957,37824463.503133915,2025-06-25T09:00:00+00:00,1.0,827.6687144899885
64809913.15091168,40905862.25797132,2025-06-25T10:00:00+00:00,1.0,865.5170025495607
66362006.77012925,42567573.15622088,2025-06-25T11:00:00+00:00,1.0,886.2447485327035
67046054.60157907,43172408.57912538,2025-06-25T12:00:00+00:00,1.0,895.3800026920198
67019949.79487486,43157205.44399586,2025-06-25T13:00:00+00:00,1.0,895.0313808076371
66277894.897736564,42506167.83548103,2025-06-25T14:00:00+00:00,1.0,885.1214596385779
64647274.38128157,40782695.27636739,2025-06-25T15:00:00+00:00,1.0,863.3450104337867
61686350.51513839,37695483.77337602,2025-06-25T16:00:00+00:00,1.0,823.8027579479004
56354392.88786706,32267165.0611057,2025-06-25T17:00:00+00:00,1.0,752.5960588657407
45919179.09873471,21793971.35397086,2025-06-25T18:00:00+00:00,1.0,613.2369003570379
22241252.214346327,6243730.680492902,2025-06-25T19:00:00+00:00,1.0,297.02526995655245
24696417.290718067,7305902.838280522,2025-06-26T06:00:00+00:00,1.0,329.8132651004046
46967190.134540275,22600926.515521385,2025-06-26T07:00:00+00:00,1.0,627.2327742326466
56864493.99230222,32606272.92760128,2025-06-26T08:00:00+00:00,1.0,759.4083065211377
61965266.73432802,37810450.371807605,2025-06-26T09:00:00+00:00,1.0,827.5276006186888
64805206.62091923,40897371.07463738,2025-06-26T10:00:00+00:00,1.0,865.4541482494623
66360741.429976776,42565307.65459711,2025-06-26T11:00:00+00:00,1.0,886.2278502934982
67047349.310639195,43172510.33215736,2025-06-26T12:00:00+00:00,1.0,895.3972931442307
67023668.900168255,43159347.186733864,2025-06-26T13:00:00+00:00,1.0,895.0810483462774
66284429.233053744,42510687.107493244,2025-06-26T14:00:00+00:00,1.0,885.208723732017
64657600.08102864,40791114.64278304,2025-06-26T15:00:00+00:00,1.0,863.4829070650287
61702394.10632599,37708105.060638554,2025-06-26T16:00:00+00:00,1.0,824.0170153088504
56380038.42980578,32289405.848927416,2025-06-26T17:00:00+00:00,1.0,752.9385474065978
45962947.27520187,21826544.90282129,2025-06-26T18:00:00+00:00,1.0,613.8214112607013
22315860.119635656,6273174.329529841,2025-06-26T19:00:00+00:00,1.0,298.0216362130844
24529161.14727192,7222874.945331222,2025-06-27T06:00:00+00:00,1.0,327.57960933857015
46908004.73240694,22539572.2111655,2025-06-27T07:00:00+00:00,1.0,626.4423708921785
56840299.354153015,32574025.355730906,2025-06-27T08:00:00+00:00,1.0,759.0851943663546
61954343.608167656,37795831.85782155,2025-06-27T09:00:00+00:00,1.0,827.3817255364376
64800524.77006886,40888586.67681879,2025-06-27T10:00:00+00:00,1.0,865.3916235318999
66359664.55810551,42563053.13359737,2025-06-27T11:00:00+00:00,1.0,886.2134689918054
67048881.41252786,43172667.279835,2025-06-27T12:00:00+00:00,1.0,895.4177539066291
67027590.22574996,43161513.713733815,2025-06-27T13:00:00+00:00,1.0,895.1334164763718
66291038.93489516,42515101.11318642,2025-06-27T14:00:00+00:00,1.0,885.2969943228603
64667732.71988888,40799008.84112596,2025-06-27T15:00:00+00:00,1.0,863.6182254258715
61717696.556813814,37719742.88761568,2025-06-27T16:00:00+00:00,1.0,824.2213749574458
56403721.86779238,32309177.20602874,2025-06-27T17:00:00+00:00,1.0,753.2548326361111
46001529.64916059,21854260.003911283,2025-06-27T18:00:00+00:00,1.0,614.3366673231902
22375735.583996527,6296109.176074172,2025-06-27T19:00:00+00:00,1.0,298.8212551281609
24350319.005046293,7134880.340278599,2025-06-28T06:00:00+00:00,1.0,325.1912260289286
46845105.605018474,22474506.83349816,2025-06-28T07:00:00+00:00,1.0,625.6023718618892
56814879.93833401,32540090.74237509,2025-06-28T08:00:00+00:00,1.0,758.7457256721985
61943086.86317582,37780632.88890767,2025-06-28T09:00:00+00:00,1.0,827.231395074457
64795880.886636384,40879524.723199286,2025-06-28T10:00:00+00:00,1.0,865.3296058578711
66358782.96022553,42560814.636696756,2025-06-28T11:00:00+00:00,1.0,886.2016955158217
67050652.7676241,43172878.171993576,2025-06-28T12:00:00+00:00,1.0,895.4414098240319
67031711.22512454,43163703.26325047,2025-06-28T13:00:00+00:00,1.0,895.1884511902362
66297716.770185895,42519403.93097047,2025-06-28T14:00:00+00:00,1.0,885.3861748155063
64677659.14766437,40806363.6374874,2025-06-28T15:00:00+00:00,1.0,863.7507898993549
61732235.954077125,37730377.33601208,2025-06-28T16:00:00+00:00,1.0,824.4155442585173
56425406.01906652,32326428.437414546,2025-06-28T17:00:00+00:00,1.0,753.5444179896605
46034855.89767149,21877043.658164516,2025-06-28T18:00:00+00:00,1.0,614.7817294026725
22420692.309147812,6312422.132374344,2025-06-28T19:00:00+00:00,1.0,299.4216387439618
24159986.8695768,7042079.252317267,2025-06-29T06:00:00+00:00,1.0,322.649397296699
46778548.381969295,22405951.98724593,2025-06-29T07:00:00+00:00,1.0,624.7135200583473
56788271.37930534,32504495.099503044,2025-06-29T08:00:00+00:00,1.0,758.3903763261909
61931517.738614686,37764876.405176975,2025-06-29T09:00:00+00:00,1.0,827.0768928767956
64791287.07821266,40870199.69953308,2025-06-29T10:00:00+00:00,1.0,865.2682569205696
66358102.571665235,42558596.83421702,2025-06-29T11:00:00+00:00,1.0,886.1926091301406
67052664.6063448,43173140.68265529,2025-06-29T12:00:00+00:00,1.0,895.4682773283124
67036028.94483985,43165911.43803732,2025-06-29T13:00:00+00:00,1.0,895.246113045413
66304455.34556103,42523587.493235536,2025-06-29T14:00:00+00:00,1.0,885.4761664738471
64687366.36870647,40813162.300192125,2025-06-29T15:00:00+00:00,1.0,863.8804269325194
61745990.98305945,37739990.417548835,2025-06-29T16:00:00+00:00,1.0,824.5992385558105
56445054.89101771,32341109.764329985,2025-06-29T17:00:00+00:00,1.0,753.8068227967087
46062857.12769278,21894798.775970496,2025-06-29T18:00:00+00:00,1.0,615.1556774531606
22450546.92380691,6322024.433132346,2025-06-29T19:00:00+00:00,1.0,299.820338191863
23958250.987877786,6944679.194712992,2025-06-30T06:00:00+00:00,1.0,319.9552749449521
46708383.569021024,22333997.344575632,2025-06-30T07:00:00+00:00,1.0,623.7764899709073
56760506.71661017,32467288.804466,2025-06-30T08:00:00+00:00,1.0,758.019587561575
61919655.813650005,37748583.73791396,2025-06-30T09:00:00+00:00,1.0,826.9184804173426
64786754.27980768,40860624.51396721,2025-06-30T10:00:00+00:00,1.0,865.2077227538337
66357628.475028716,42556403.637760416,2025-06-30T11:00:00+00:00,1.0,886.1862777113796
67054917.55805442,43173453.72095899,2025-06-30T12:00:00+00:00,1.0,895.4983648244599
67040540.06652533,43168135.05525455,2025-06-30T13:00:00+00:00,1.0,895.3063577260432
66311247.16603143,42527643.58197623,2025-06-30T14:00:00+00:00,1.0,885.5668692044751
64696841.62461901,40819387.87236845,2025-06-30T15:00:00+00:00,1.0,864.006966140752
61758941.04384817,37748563.01294604,2025-06-30T16:00:00+00:00,1.0,824.772182743705
56462633.86028263,32353181.667319335,2025-06-30T17:00:00+00:00,1.0,754.0415846725715
46085466.15502161,21907430.52257909,2025-06-30T18:00:00+00:00,1.0,615.4576142497584
22465119.500729386,6324819.912257505,2025-06-30T19:00:00+00:00,1.0,300.0149505973447
23745188.926508203,6842816.296503363,2025-07-01T06:00:00+00:00,1.0,317.10989485186934
46634656.773201145,22258777.484091077,2025-07-01T07:00:00+00:00,1.0,622.7918906677468
56731616.49032561,32428534.596970413,2025-07-01T08:00:00+00:00,1.0,757.6337672319106
61907519.05598105,37731771.55099913,2025-07-01T09:00:00+00:00,1.0,826.7563976493119
64782292.28259282,40850809.43608351,2025-07-01T10:00:00+00:00,1.0,865.148134115818
66357364.91753804,42554237.918658026,2025-07-01T11:00:00+00:00,1.0,886.1827579799408
67057411.660135254,43173817.41229032,2025-07-01T12:00:00+00:00,1.0,895.5316728116408
67045240.90667905,43170369.08310674,2025-07-01T13:00:00+00:00,1.0,895.3691360400602
66318084.62128246,42531560.443721905,2025-07-01T14:00:00+00:00,1.0,885.6581813739712
64706072.35725643,40825023.33688446,2025-07-01T15:00:00+00:00,1.0,864.1302398137958
61771066.16872392,37756070.81722776,2025-07-01T16:00:00+00:00,1.0,824.9341101592371
56478109.48136252,32362616.230449602,2025-07-01T17:00:00+00:00,1.0,754.2482569626521
46102617.00538949,21914859.162815657,2025-07-01T18:00:00+00:00,1.0,615.6866587258176
22464232.171189412,6320725.723010441,2025-07-01T19:00:00+00:00,1.0,300.0031005767834
23520870.606920376,6736611.9777982645,2025-07-02T06:00:00+00:00,1.0,314.1141907975499
46557408.94908378,22180338.31284013,2025-07-02T07:00:00+00:00,1.0,621.7602690849835
56701628.85399195,32388206.44783924,2025-07-02T08:00:00+00:00,1.0,757.2332913193392
61895123.8830167,37714451.85078935,2025-07-02T09:00:00+00:00,1.0,826.5908638223369
64777909.765756495,40840764.23535972,2025-07-02T10:00:00+00:00,1.0,865.0896069144841
66357315.323595375,42552096.8323184,2025-07-02T11:00:00+00:00,1.0,886.1820956676864
67060146.35181857,43174233.5655966,2025-07-02T12:00:00+00:00,1.0,895.5681938009965
67050127.389026456,43172608.19600514,2025-07-02T13:00:00+00:00,1.0,895.4343935500393
66324959.92814277,42535332.53274352,2025-07-02T14:00:00+00:00,1.0,885.7499990403734
64715046.101523474,40830050.96767607,2025-07-02T15:00:00+00:00,1.0,864.2500814840263
61782346.82283842,37762480.1144613,2025-07-02T16:00:00+00:00,1.0,825.0847599203747
56491449.0842901,32369386.378689207,2025-07-02T17:00:00+00:00,1.0,754.4264033692634
46114243.9706221,21917016.85786631,2025-07-02T18:00:00+00:00,1.0,615.8419333683527
22447706.72388127,6309687.436029092,2025-07-02T19:00:00+00:00,1.0,299.7824081714947
23285359.44287274,6626264.944228921,2025-07-03T06:00:00+00:00,1.0,310.9690096537473
46476676.67820038,22098672.163910553,2025-07-03T07:00:00+00:00,1.0,620.6821137580127
56670569.714227736,32346315.38588072,2025-07-03T08:00:00+00:00,1.0,756.818505798993
61882485.23695188,37696640.50260466,2025-07-03T09:00:00+00:00,1.0,826.4220784849464
64773614.33733761,40830498.18443101,2025-07-03T10:00:00+00:00,1.0,865.0322427528931
66357482.30941942,42549975.083860025,2025-07-03T11:00:00+00:00,1.0,886.1843257133874
67063120.46603836,43174701.55622831,2025-07-03T12:00:00+00:00,1.0,895.607912206703
67055195.01014105,43174848.194031745,2025-07-03T13:00:00+00:00,1.0,895.5020701140494
66331865.060108826,42538958.12420823,2025-07-03T14:00:00+00:00,1.0,885.8422150121322
64723750.35896689,40834451.909324154,2025-07-03T15:00:00+00:00,1.0,864.3663242383303
61792763.674439125,37767753.43004905,2025-07-03T16:00:00+00:00,1.0,825.223873857367
56502620.32750794,32373435.15460001,2025-07-03T17:00:00+00:00,1.0,754.5755919806171
46120280.57886559,21913861.232340205,2025-07-03T18:00:00+00:00,1.0,615.9225504656232
22415362.078045994,6291726.907362953,2025-07-03T19:00:00+00:00,1.0,299.3504551021138
23038713.670324344,6512049.11847532,2025-07-04T06:00:00+00:00,1.0,307.67512914428943
46392492.5070348,22013419.014714535,2025-07-04T07:00:00+00:00,1.0,619.5578593353948
56638462.897963226,32302928.285174485,2025-07-04T08:00:00+00:00,1.0,756.3897288723847
61869616.67565248,37678353.37189041,2025-07-04T09:00:00+00:00,1.0,826.2502226983478
64769412.58270802,40820019.6887464,2025-07-04T10:00:00+00:00,1.0,864.9761295767727
66357867.70422652,42547868.022343375,2025-07-04T11:00:00+00:00,1.0,886.1894725457697
67066332.226658195,43175217.09948691,2025-07-04T12:00:00+00:00,1.0,895.6508043090183
67060438.81121831,43177085.07731578,2025-07-04T13:00:00+00:00,1.0,895.5720995087967
66338791.68607883,42542432.40892291,2025-07-04T14:00:00+00:00,1.0,885.9347180299095
64732172.48462546,40838210.97855009,2025-07-04T15:00:00+00:00,1.0,864.4787992070638
61802297.3897738,37771866.01208476,2025-07-04T16:00:00+00:00,1.0,825.3511937736985
56511590.794798195,32374714.85293778,2025-07-04T17:00:00+00:00,1.0,754.6953898877852
46120658.67590562,21905350.270025317,2025-07-04T18:00:00+00:00,1.0,615.9275998384833
22367012.11916471,6266762.628183676,2025-07-04T19:00:00+00:00,1.0,298.7047558649142
22780987.715597022,6394004.811768652,2025-07-05T06:00:00+00:00,1.0,304.2332761164122
46304885.26764359,21924667.185830913,2025-07-05T07:00:00+00:00,1.0,618.387890860627
56605330.3001888,32258077.55738785,2025-07-05T08:00:00+00:00,1.0,755.9472529405489
61856530.45281212,37659595.87438331,2025-07-05T09:00:00+00:00,1.0,826.0754601069897
64765310.10895665,40809337.252868704,2025-07-05T10:00:00+00:00,1.0,864.9213422670599
66358472.570398085,42545769.963937424,2025-07-05T11:00:00+00:00,1.0,886.1975503525373
67069779.24860827,43175778.383715935,2025-07-05T12:00:00+00:00,1.0,895.6968382559978
67065853.3573761,43179309.04042699,2025-07-05T13:00:00+00:00,1.0,895.6444091530011
66345731.1228269,42545749.692756996,2025-07-05T14:00:00+00:00,1.0,886.0273921317607
64740299.598267786,40841311.096663974,2025-07-05T15:00:00+00:00,1.0,864.587334378588
61810928.470059454,37774801.67654705,2025-07-05T16:00:00+00:00,1.0,825.4664592689646
56518327.67316549,32373191.592696812,2025-07-05T17:00:00+00:00,1.0,754.7853588830967
46115307.67376445,21891437.376271874,2025-07-05T18:00:00+00:00,1.0,615.8561388056216
22302464.029452328,6234777.439551467,2025-07-05T19:00:00+00:00,1.0,297.84273543606275
22512233.270320028,6272222.768575352,2025-07-06T06:00:00+00:00,1.0,300.64414089637114
46213880.233104646,21832924.58058271,2025-07-06T07:00:00+00:00,1.0,617.1725458480813
56571191.958591074,32211789.645399854,2025-07-06T08:00:00+00:00,1.0,755.4913456008364
61843237.554731004,37640382.32583484,2025-07-06T09:00:00+00:00,1.0,825.8979374296329
64761311.5635963,40798446.45245924,2025-07-06T10:00:00+00:00,1.0,864.8679428899168
66359297.209637575,42543675.60958168,2025-07-06T11:00:00+00:00,1.0,886.2085631629001
67073458.53334753,43176379.24433327,2025-07-06T12:00:00+00:00,1.0,895.7459740030438
67071432.72041464,43181513.21035644,2025-07-06T13:00:00+00:00,1.0,895.718919877324
66352674.2996604,42548901.614841826,2025-07-06T14:00:00+00:00,1.0,886.120116181368
64748118.52052914,40843725.60598441,2025-07-06T15:00:00+00:00,1.0,864.6917537463823
61818637.13268675,37776557.64358004,2025-07-06T16:00:00+00:00,1.0,825.5694061523402
56522797.5144682,32368819.02284901,2025-07-06T17:00:00+00:00,1.0,754.8450522765529
46104153.96429364,21872058.97149913,2025-07-06T18:00:00+00:00,1.0,615.7071843522132
22221517.081316702,6195749.868492729,2025-07-06T19:00:00+00:00,1.0,296.76171315861035
22232499.828357507,6146941.781022608,2025-07-07T06:00:00+00:00,1.0,296.9083844599045
46119499.035303846,21738196.111293174,2025-07-07T07:00:00+00:00,1.0,615.912113185146
56536066.01023217,32164104.609711923,2025-07-07T08:00:00+00:00,1.0,755.0222490682734
61829747.67651682,37620735.60602419,2025-07-07T09:00:00+00:00,1.0,825.7177841415291
64757420.618699744,40787332.37453753,2025-07-07T10:00:00+00:00,1.0,864.8159804847779
66360341.150799476,42541577.447813325,2025-07-07T11:00:00+00:00,1.0,886.2225046848133
67077366.45628077,43177016.53362029,2025-07-07T12:00:00+00:00,1.0,895.7981631447681
67077170.46272776,43183685.973188065,2025-07-07T13:00:00+00:00,1.0,895.7955457095021
66359611.7346342,42551876.224852726,2025-07-07T14:00:00+00:00,1.0,886.2127635501447
64755615.731989935,40845422.940208904,2025-07-07T15:00:00+00:00,1.0,864.7918767626971
61825403.23556433,37777110.04457421,2025-07-07T16:00:00+00:00,1.0,825.6597654322127
56524966.0712343,32361560.20586102,2025-07-07T17:00:00+00:00,1.0,754.8740127034537
46087120.49563678,21847189.5438754,2025-07-07T18:00:00+00:00,1.0,615.4797074737804
22123961.890055764,6149602.68951254,2025-07-07T19:00:00+00:00,1.0,295.4588927624972
21941834.77970837,6018256.311811953,2025-07-08T06:00:00+00:00,1.0,293.02663968627496
46021759.37018625,21640515.47325148,2025-07-08T07:00:00+00:00,1.0,614.6068291958662
56499968.55231452,32115007.818517134,2025-07-08T08:00:00+00:00,1.0,754.5401783161747
61816069.14689058,37600667.09572866,2025-07-08T09:00:00+00:00,1.0,825.5351114702395
64753639.92679585,40775991.3438425,2025-07-08T10:00:00+00:00,1.0,864.7654904753799
66361603.12236111,42539468.37479981,2025-07-08T11:00:00+00:00,1.0,886.2393579375268
67081498.74825753,43177686.605749026,2025-07-08T12:00:00+00:00,1.0,895.8533486679595
67083059.62299813,43185814.94696542,2025-07-08T13:00:00+00:00,1.0,895.8741936831949
66366533.519751936,42554662.6500319,2025-07-08T14:00:00+00:00,1.0,886.305201919774
64762777.352589175,40846384.15142473,2025-07-08T15:00:00+00:00,1.0,864.8875180634203
61831206.237629354,37776438.890403606,2025-07-08T16:00:00+00:00,1.0,825.7372627888612
56524798.204196356,32351329.787570894,2025-07-08T17:00:00+00:00,1.0,754.8717708893762
46064126.475167334,21816704.420401875,2025-07-08T18:00:00+00:00,1.0,615.1726292089601
22009580.09246904,6096277.592060322,2025-07-08T19:00:00+00:00,1.0,293.93135807250405
21640283.26722232,5886104.179045478,2025-07-09T06:00:00+00:00,1.0,288.9995094447459
45920674.57137761,21539874.452748388,2025-07-09T07:00:00+00:00,1.0,613.25687194681
56462913.45096056,32064404.777740266,2025-07-09T08:00:00+00:00,1.0,754.0453185224517
61802208.82571478,37580190.48006211,2025-07-09T09:00:00+00:00,1.0,825.3500110271837
64749971.06258916,40764428.87532959,2025-07-09T10:00:00+00:00,1.0,864.7164938914082
66363081.017391466,42537339.85662607,2025-07-09T11:00:00+00:00,1.0,886.2590947835429
67085850.47450288,43178377.01296751,2025-07-09T12:00:00+00:00,1.0,895.9114646701829
67089092.70295443,43187886.737771675,2025-07-09T13:00:00+00:00,1.0,895.9547636612408
66373429.31118169,42557253.18160846,2025-07-09T14:00:00+00:00,1.0,886.3972931514495
64769589.13004799,40846593.054643005,2025-07-09T15:00:00+00:00,1.0,864.9784873136799
61836025.174576774,37774538.57177212,2025-07-09T16:00:00+00:00,1.0,825.8016182502304
56522257.81442111,32338063.529946215,2025-07-09T17:00:00+00:00,1.0,754.8378447438593
46035087.13195752,21780521.003971476,2025-07-09T18:00:00+00:00,1.0,614.7848174673813
21878144.27669483,6035677.476659784,2025-07-09T19:00:00+00:00,1.0,292.1760720712479
21327888.051915035,5750833.071956673,2025-07-10T06:00:00+00:00,1.0,284.8275647958721
45816253.16628364,21436391.06838013,2025-07-10T07:00:00+00:00,1.0,611.862355318959
56424912.13796684,32012390.312800933,2025-07-10T08:00:00+00:00,1.0,753.5378223553206
61788171.999961615,37559321.31662448,2025-07-10T09:00:00+00:00,1.0,825.1625534182866
64746414.463712156,40752645.20228547,2025-07-10T10:00:00+00:00,1.0,864.6689965773626
66364771.85858103,42535185.18446648,2025-07-10T11:00:00+00:00,1.0,886.2816754618311
67090416.01233526,43179077.802043915,2025-07-10T12:00:00+00:00,1.0,895.9724360621574
67095261.651825495,43189890.979233764,2025-07-10T13:00:00+00:00,1.0,896.0371481279998
66380288.315556645,42559628.6106196,2025-07-10T14:00:00+00:00,1.0,886.4888931030637
64776036.42094908,40846039.19492279,2025-07-10T15:00:00+00:00,1.0,865.0645889549796
61839838.62295344,37771405.22287313,2025-07-10T16:00:00+00:00,1.0,825.852545712527
56517307.75034857,32321735.3655014,2025-07-10T17:00:00+00:00,1.0,754.7717381189619
45999913.41638711,21738620.652387183,2025-07-10T18:00:00+00:00,1.0,614.3150830179906
21729417.88337767,5967851.332248295,2025-07-10T19:00:00+00:00,1.0,290.18987557929853
21004689.61655691,5612831.355860951,2025-07-11T06:00:00+00:00,1.0,280.51134637495886
45708498.48611789,21330050.303253,2025-07-11T07:00:00+00:00,1.0,610.4233237996477
56385973.448621504,31958980.957217086,2025-07-11T08:00:00+00:00,1.0,753.0178078074366
61773962.30108965,37538078.471742876,2025-07-11T09:00:00+00:00,1.0,824.9727871406204
64742969.38427418,40740637.70208988,2025-07-11T10:00:00+00:00,1.0,864.6229885720468
66366671.76874803,42532986.18193108,2025-07-11T11:00:00+00:00,1.0,886.307048193759
67095189.02966989,43179790.08327724,2025-07-11T12:00:00+00:00,1.0,896.0361782808483
67101557.846121326,43191829.72051065,2025-07-11T13:00:00+00:00,1.0,896.1212319193643
66387099.26443063,42561763.28819228,2025-07-11T14:00:00+00:00,1.0,886.5798512878107
64782104.15108036,40844715.54634627,2025-07-11T15:00:00+00:00,1.0,865.145621675758
61842624.62612863,37767023.37923788,2025-07-11T16:00:00+00:00,1.0,825.8897519514934
56509909.64765976,32302342.2392198,2025-07-11T17:00:00+00:00,1.0,754.6729386706759
45958511.544405155,21690886.40298772,2025-07-11T18:00:00+00:00,1.0,613.7621734028412
21563154.925727986,5892917.447212172,2025-07-11T19:00:00+00:00,1.0,287.9694835166664
20670726.866723064,5472212.887617066,2025-07-12T06:00:00+00:00,1.0,276.0513737543103
45597408.48562614,21220852.317510396,2025-07-12T07:00:00+00:00,1.0,608.9397500751312
56346103.56130036,31904134.18539206,2025-07-12T08:00:00+00:00,1.0,752.4853573891539
61759581.68083733,37516472.61636391,2025-07-12T09:00:00+00:00,1.0,824.7807382590489
64739633.88299408,40728421.815622196,2025-07-12T10:00:00+00:00,1.0,864.5784439502504
66368775.96118562,42530724.182254165,2025-07-12T11:00:00+00:00,1.0,886.3351490543046
67100162.47218502,43180513.05715628,2025-07-12T12:00:00+00:00,1.0,896.1025971178489
67107972.068809316,43193700.49053131,2025-07-12T13:00:00+00:00,1.0,896.2068919445624
66393850.37888348,42563632.764648065,2025-07-12T14:00:00+00:00,1.0,886.6700104017655
64787776.75371021,40842630.449859336,2025-07-12T15:00:00+00:00,1.0,865.221377586932
61844360.57934297,37761356.55599508,2025-07-12T16:00:00+00:00,1.0,825.9129350873712
56500023.6922603,32279823.25068954,2025-07-12T17:00:00+00:00,1.0,754.5409146936454
45910782.396537,21637251.89351065,2025-07-12T18:00:00+00:00,1.0,613.1247649110088
21379099.561710145,5811102.449950806,2025-07-12T19:00:00+00:00,1.0,285.5114791895065
20326038.972561825,5329084.061062404,2025-07-13T06:00:00+00:00,1.0,271.4481700395534
45482975.977307506,21108868.40917872,2025-07-13T07:00:00+00:00,1.0,607.4115381584957
56305306.12988052,31847786.025129605,2025-07-13T08:00:00+00:00,1.0,751.9405198969116
61745030.49360079,37494484.12338416,2025-07-13T09:00:00+00:00,1.0,824.5864115064139
64736404.87353973,40716015.02986608,2025-07-13T10:00:00+00:00,1.0,864.5353214949112
66371078.768133685,42528374.6372457,2025-07-13T11:00:00+00:00,1.0,886.3659023522221
67105328.57234464,43181240.30535906,2025-07-13T12:00:00+00:00,1.0,896.1715888400626
67114494.49828225,43195502.46738478,2025-07-13T13:00:00+00:00,1.0,896.2939970390295
66400529.33349126,42565224.31848323,2025-07-13T14:00:00+00:00,1.0,886.7592058425581
64793038.09550298,40839785.01212328,2025-07-13T15:00:00+00:00,1.0,865.2916412326737
61845023.09186546,37754346.448769525,2025-07-13T16:00:00+00:00,1.0,825.9217827439232
56487608.339848295,32254143.547729593,2025-07-13T17:00:00+00:00,1.0,754.3751113761688
45856620.82560407,21577722.05001177,2025-07-13T18:00:00+00:00,1.0,612.4014533333813
21176985.763226032,5722451.907110454,2025-07-13T19:00:00+00:00,1.0,282.81230987214536
19970668.887591783,5183708.177378975,2025-07-14T06:00:00+00:00,1.0,266.70230886207344
45365189.46311465,20994228.83285851,2025-07-14T07:00:00+00:00,1.0,605.8385344967195
56263582.696179636,31789996.174150586,2025-07-14T08:00:00+00:00,1.0,751.3833159212028
61730307.727075644,37472079.24356925,2025-07-14T09:00:00+00:00,1.0,824.3897933637325
64733278.26345955,40703429.505178094,2025-07-14T10:00:00+00:00,1.0,864.4935665526092
66373573.7236247,42525937.81510999,2025-07-14T11:00:00+00:00,1.0,886.3992217364396
67110678.89279109,43181964.40039453,2025-07-14T12:00:00+00:00,1.0,896.2430407691086
67121114.71763021,43197237.46239069,2025-07-14T13:00:00+00:00,1.0,896.3824080880067
66407123.22928216,42566517.374319784,2025-07-14T14:00:00+00:00,1.0,886.8472653483043
64797871.40353604,40836180.922166504,2025-07-14T15:00:00+00:00,1.0,865.3561886156044
61844587.8376972,37745952.95211032,2025-07-14T16:00:00+00:00,1.0,825.9159700547244
56472620.01890242,32225230.48894072,2025-07-14T17:00:00+00:00,1.0,754.1749468336243
45795914.94849381,21512304.28800831,2025-07-14T18:00:00+00:00,1.0,611.5907445044617
20956537.32211553,5627074.138701334,2025-07-14T19:00:00+00:00,1.0,279.8682868872278
19604668.74448166,5036150.971055574,2025-07-15T06:00:00+00:00,1.0,261.8144864380567
45244034.64373786,20877035.607735198,2025-07-15T07:00:00+00:00,1.0,604.2205481268342
56220933.39645744,31730826.048904948,2025-07-15T08:00:00+00:00,1.0,750.8137472817432
61715411.389015384,37449264.93627687,2025-07-15T09:00:00+00:00,1.0,824.1908572251027
64730249.18507157,40690674.05776301,2025-07-15T10:00:00+00:00,1.0,864.453114116872
66376253.70380921,42523422.63131181,2025-07-15T11:00:00+00:00,1.0,886.4350120701082
67116204.40584767,43182679.93168552,2025-07-15T12:00:00+00:00,1.0,896.3168323430432
67127821.74622007,43198899.07484915,2025-07-15T13:00:00+00:00,1.0,896.4719784484416
66413618.57952911,42567503.54718037,2025-07-15T14:00:00+00:00,1.0,886.9340088078183
64802259.19575443,40831800.17968717,2025-07-15T15:00:00+00:00,1.0,865.4147862680915
61843029.40539811,37736186.01201891,2025-07-15T16:00:00+00:00,1.0,825.8951576575529
56455012.82269731,32192966.67605124,2025-07-15T17:00:00+00:00,1.0,753.9398079954284
45728545.42170315,21440795.737010352,2025-07-15T18:00:00+00:00,1.0,610.6910446274536
20717468.18540669,5524963.1840537395,2025-07-15T19:00:00+00:00,1.0,276.67559008288794
19249338.142355368,4892198.516922395,2025-07-16T06:00:00+00:00,1.0,257.0691525421368
45139966.86615015,20766754.06075948,2025-07-16T07:00:00+00:00,1.0,602.8307540885379
56193457.77657414,31679426.244844016,2025-07-16T08:00:00+00:00,1.0,750.4468185974033
61713611.39996786,37434098.87444022,2025-07-16T09:00:00+00:00,1.0,824.1668189098162
64738872.96056062,40685007.371258184,2025-07-16T10:00:00+00:00,1.0,864.5682820587585
66389691.90015018,42527599.85976115,2025-07-16T11:00:00+00:00,1.0,886.6144751622545
67132025.50681715,43189894.969484836,2025-07-16T12:00:00+00:00,1.0,896.5281184136992
67144726.22579554,43206989.54992635,2025-07-16T13:00:00+00:00,1.0,896.6977327162713
66430557.43751175,42574941.884026155,2025-07-16T14:00:00+00:00,1.0,887.1602221889871
64817697.81565523,40833878.28325926,2025-07-16T15:00:00+00:00,1.0,865.6209644184657
61853516.82091286,37733105.76419447,2025-07-16T16:00:00+00:00,1.0,826.0352139545017
56450715.182067305,32166369.401721712,2025-07-16T17:00:00+00:00,1.0,753.8824142904214
45674687.54019059,21372492.76531015,2025-07-16T18:00:00+00:00,1.0,609.9717887311842
20481105.256320294,5421752.671781159,2025-07-16T19:00:00+00:00,1.0,273.5190338718001
18904489.294563655,4751775.407322143,2025-07-17T06:00:00+00:00,1.0,252.4637993397927
45053178.59587877,20663175.303472374,2025-07-17T07:00:00+00:00,1.0,601.6717227013645
56181285.872430794,31635874.795525964,2025-07-17T08:00:00+00:00,1.0,750.2842664587353
61724986.19937359,37426629.000561565,2025-07-17T09:00:00+00:00,1.0,824.3187259531621
64759199.25834519,40686440.01415054,2025-07-17T10:00:00+00:00,1.0,864.8397336851554
66413922.12121621,42538479.24866778,2025-07-17T11:00:00+00:00,1.0,886.9380625162518
67158167.40991338,43203622.39271767,2025-07-17T12:00:00+00:00,1.0,896.8772357093052
67171849.43325986,43221509.81154696,2025-07-17T13:00:00+00:00,1.0,897.0599550381944
66457960.884948775,42588838.9960876,2025-07-17T14:00:00+00:00,1.0,887.5261870318965
64844212.144394584,40842393.646460906,2025-07-17T15:00:00+00:00,1.0,865.9750553471608
61876083.937973745,37736711.34464012,2025-07-17T16:00:00+00:00,1.0,826.3365910519911
56459774.36445698,32145440.17287089,2025-07-17T17:00:00+00:00,1.0,754.0033969612343
45634368.555946805,21307216.269043993,2025-07-17T18:00:00+00:00,1.0,609.4333407578341
20247020.952241547,5317420.460065672,2025-07-17T19:00:00+00:00,1.0,270.39290801604886
18548873.154077582,4609279.386421814,2025-07-18T06:00:00+00:00,1.0,247.714652164497
44963264.923288904,20556875.75681957,2025-07-18T07:00:00+00:00,1.0,600.4709525011825
56168367.44686919,31591067.962442234,2025-07-18T08:00:00+00:00,1.0,750.1117447498516
61736291.52453864,37418825.37748996,2025-07-18T09:00:00+00:00,1.0,824.4697051888098
64779682.71709729,40687706.897676684,2025-07-18T10:00:00+00:00,1.0,865.1132841492704
66438371.52596581,42549241.33983496,2025-07-18T11:00:00+00:00,1.0,887.2645770027394
67184503.83730346,43217342.00048343,2025-07-18T12:00:00+00:00,1.0,897.2289508186856
67199070.29478785,43235929.04062751,2025-07-18T13:00:00+00:00,1.0,897.4234815009137
66485272.35724496,42602425.15324203,2025-07-18T14:00:00+00:00,1.0,887.8909235743173
64870286.1674624,40850027.15667165,2025-07-18T15:00:00+00:00,1.0,866.323266125308
61897531.83865868,37738913.316112235,2025-07-18T16:00:00+00:00,1.0,826.6230213496033
56466200.41394911,32121090.979869872,2025-07-18T17:00:00+00:00,1.0,754.0892149298726
45587206.749638446,21235613.7765032,2025-07-18T18:00:00+00:00,1.0,608.803508942815
19993197.456094313,5206427.477316396,2025-07-18T19:00:00+00:00,1.0,267.0031711551072
18182589.545631867,4465145.021631866,2025-07-19T06:00:00+00:00,1.0,242.82304414572152
44870229.39993269,20447858.236826427,2025-07-19T07:00:00+00:00,1.0,599.2284909179122
56154712.069169275,31545058.667936724,2025-07-19T08:00:00+00:00,1.0,749.9293812656152
61747530.1346258,37410704.71775154,2025-07-19T09:00:00+00:00,1.0,824.6197934645552
64800321.09441244,40688763.46084661,2025-07-19T10:00:00+00:00,1.0,865.3889035044516
66463034.64025967,42559854.66411063,2025-07-19T11:00:00+00:00,1.0,887.5939455162996
67211026.98813407,43231042.4144711,2025-07-19T12:00:00+00:00,1.0,897.5831595637645
67226378.93828984,43250232.31364668,2025-07-19T13:00:00+00:00,1.0,897.7881802656109
66512479.54608438,42615678.873123705,2025-07-19T14:00:00+00:00,1.0,888.2542674423815
64895903.718869746,40856745.51779238,2025-07-19T15:00:00+00:00,1.0,866.6653808609645
61917836.222274244,37739712.366083845,2025-07-19T16:00:00+00:00,1.0,826.8941803188253
56469945.77150117,32093299.500648186,2025-07-19T17:00:00+00:00,1.0,754.1392330595838
45533060.67550546,21157795.660350733,2025-07-19T18:00:00+00:00,1.0,608.0804043203218
19719260.525196914,5089048.884801371,2025-07-19T19:00:00+00:00,1.0,263.3448253899126
17805776.182562247,4319760.483240027,2025-07-20T06:00:00+00:00,1.0,237.7908144038737
44774081.950266026,20335961.41257459,2025-07-20T07:00:00+00:00,1.0,597.9444704896647
56140331.96938494,31497864.232235115,2025-07-20T08:00:00+00:00,1.0,749.7373393347322
61758705.95845352,37402261.357136205,2025-07-20T09:00:00+00:00,1.0,824.7690432485712
64821112.642008856,40689589.0356366,2025-07-20T10:00:00+00:00,1.0,865.6665684028995
66487906.12060362,42570328.48095036,2025-07-20T11:00:00+00:00,1.0,887.9260966960919
67237728.95428263,43244717.03673761,2025-07-20T12:00:00+00:00,1.0,897.9397563339113
67253765.1821667,43264414.14498179,2025-07-20T13:00:00+00:00,1.0,898.1539153601252
66539569.60017471,42628572.52536618,2025-07-20T14:00:00+00:00,1.0,888.6160470108734
64921047.72636364,40862511.674145006,2025-07-20T15:00:00+00:00,1.0,867.00117155934
61936971.13870328,37739058.82130128,2025-07-20T16:00:00+00:00,1.0,827.1497214036341
56470959.21881081,32062019.43366108,2025-07-20T17:00:00+00:00,1.0,754.1527673452238
45471777.57797024,21073481.20800596,2025-07-20T18:00:00+00:00,1.0,607.2619868852909
19424825.584963556,4965419.424587348,2025-07-20T19:00:00+00:00,1.0,259.41273484192754
17418610.861561496,4173216.9565739306,2025-07-21T06:00:00+00:00,1.0,232.62033736059294
44674838.85324958,20221480.486082405,2025-07-21T07:00:00+00:00,1.0,596.6191086171111
56125241.95619267,31449589.51096714,2025-07-21T08:00:00+00:00,1.0,749.5358167226509
61769824.03173163,37393472.30380911,2025-07-21T09:00:00+00:00,1.0,824.9175217912953
64842056.061445825,40690155.732088014,2025-07-21T10:00:00+00:00,1.0,865.9462615043432
66512980.72534573,42580662.43996471,2025-07-21T11:00:00+00:00,1.0,888.2609605414682
67264601.70166963,43258353.305133775,2025-07-21T12:00:00+00:00,1.0,898.2986338364097
67281218.52323315,43278476.595950484,2025-07-21T13:00:00+00:00,1.0,898.5205465175518
66566529.11611025,42641004.9351937,2025-07-21T14:00:00+00:00,1.0,888.9760832813806
64945700.198513806,40867286.95021129,2025-07-21T15:00:00+00:00,1.0,867.3303979502418
61954908.9553473,37736901.421013296,2025-07-21T16:00:00+00:00,1.0,827.3892755788806
56469185.75437151,32027283.383498758,2025-07-21T17:00:00+00:00,1.0,754.1290832581759
45403192.830776125,20982716.006494027,2025-07-21T18:00:00+00:00,1.0,606.346058103309
19109500.3981213,4835380.964844887,2025-07-21T19:00:00+00:00,1.0,255.20166129969726
17021310.93078968,4025734.3946541753,2025-07-22T06:00:00+00:00,1.0,227.3145156355489
44572521.59388497,20104430.10902493,2025-07-22T07:00:00+00:00,1.0,595.2526922260276
56109458.83007965,31400265.605203908,2025-07-22T08:00:00+00:00,1.0,749.3250377948627
61780890.16620904,37384344.132161155,2025-07-22T09:00:00+00:00,1.0,825.0653067068547
64863150.30621223,40690467.2912553,2025-07-22T10:00:00+00:00,1.0,866.2279688329577
66538253.19385228,42590826.78351513,2025-07-22T11:00:00+00:00,1.0,888.5984667982488
67291636.99968922,43271947.34980448,2025-07-22T12:00:00+00:00,1.0,898.6596821539638
67308728.10310836,43292424.71237999,2025-07-22T13:00:00+00:00,1.0,898.887928727422
66593344.135588065,42652940.7253554,2025-07-22T14:00:00+00:00,1.0,889.334189844918
64969842.24948942,40871105.2657081,2025-07-22T15:00:00+00:00,1.0,867.6528078190347
61971620.40496212,37733259.68049492,2025-07-22T16:00:00+00:00,1.0,827.6124519893586
56464566.63014071,31989096.581914324,2025-07-22T17:00:00+00:00,1.0,754.0673962358612
45327129.67938587,20885535.691075537,2025-07-22T18:00:00+00:00,1.0,605.3302574704355
18772889.254253037,4699065.586802288,2025-07-22T19:00:00+00:00,1.0,250.70632016897605
16614130.486760998,3877283.904593435,2025-07-23T06:00:00+00:00,1.0,221.87674261166202
44467154.75709923,19984910.72245191,2025-07-23T07:00:00+00:00,1.0,593.8455496407571
56093000.38174862,31349732.642148916,2025-07-23T08:00:00+00:00,1.0,749.1052401408828
61791910.40386355,37374891.40666283,2025-07-23T09:00:00+00:00,1.0,825.2124786840752
64884394.26368564,40690581.39966987,2025-07-23T10:00:00+00:00,1.0,866.5116755299935
66563718.05800752,42600806.02326619,2025-07-23T11:00:00+00:00,1.0,888.9385424413343
67318826.31831473,43285499.32454731,2025-07-23T12:00:00+00:00,1.0,899.0227873706524
67336282.67043509,43306251.66752906,2025-07-23T13:00:00+00:00,1.0,899.2559117312483
66620000.166447856,42664402.36644371,2025-07-23T14:00:00+00:00,1.0,889.6901731630466
64993454.185482256,40873993.601538874,2025-07-23T15:00:00+00:00,1.0,867.9681381608333
61987074.75201558,37728119.24915913,2025-07-23T16:00:00+00:00,1.0,827.8188401711466
56457039.61483422,31947297.015746206,2025-07-23T17:00:00+00:00,1.0,753.9668751980988
45243399.46253052,20781811.694290977,2025-07-23T18:00:00+00:00,1.0,604.212065471824
18414599.32446076,4556493.338048963,2025-07-23T19:00:00+00:00,1.0,245.92146533734908
16197356.501242649,3727778.0500381845,2025-07-24T06:00:00+00:00,1.0,216.3108507110383
44358763.44336603,19862963.38988452,2025-07-24T07:00:00+00:00,1.0,592.3980160705958
56075884.192640014,31297885.607155655,2025-07-24T08:00:00+00:00,1.0,748.8766585555597
61802890.37913082,37365120.95938324,2025-07-24T09:00:00+00:00,1.0,825.3591129691538
64905786.39045745,40690568.064590506,2025-07-24T10:00:00+00:00,1.0,866.797360983662
66589369.43573153,42610557.443783686,2025-07-24T11:00:00+00:00,1.0,889.2811089173471
67346160.72709498,43299021.564165674,2025-07-24T12:00:00+00:00,1.0,899.3878302229547
67363870.56410451,43319953.1893928,2025-07-24T13:00:00+00:00,1.0,899.6243397984089
66646482.24816374,42675383.277830034,2025-07-24T14:00:00+00:00,1.0,890.0438334423687
65016515.66739368,40875962.02572872,2025-07-24T15:00:00+00:00,1.0,868.2761173530056
62001240.09710036,37721357.82918556,2025-07-24T16:00:00+00:00,1.0,828.0080141172666
56446539.52025923,31901774.901056316,2025-07-24T17:00:00+00:00,1.0,753.826649576106
45151802.43657971,20671465.32869271,2025-07-24T18:00:00+00:00,1.0,602.988814591076
18034249.751471587,4407984.000308046,2025-07-24T19:00:00+00:00,1.0,240.84201056986706
15771305.476570742,3577500.912193906,2025-07-25T06:00:00+00:00,1.0,210.62106672771029
44247370.78801497,19738646.45396222,2025-07-25T07:00:00+00:00,1.0,590.9104004809775
56058126.50599298,31244764.65215545,2025-07-25T08:00:00+00:00,1.0,748.6395099625156
61813834.72912889,37354998.626456134,2025-07-25T09:00:00+00:00,1.0,825.5052714894416
64927324.3871618,40690459.84630409,2025-07-25T10:00:00+00:00,1.0,867.0849944866732
66615200.85886846,42620103.12903562,2025-07-25T11:00:00+00:00,1.0,889.6260798460069
67373630.82852052,43312523.29046896,2025-07-25T12:00:00+00:00,1.0,899.7546852099481
67391479.73508345,43333499.326924965,2025-07-25T13:00:00+00:00,1.0,899.9930520176638
66672775.065884754,42685845.1315961,2025-07-25T14:00:00+00:00,1.0,890.3949661576434
65039005.94443222,40876975.121128,2025-07-25T15:00:00+00:00,1.0,868.5764682750097
62014083.793519974,37712984.87984717,2025-07-25T16:00:00+00:00,1.0,828.1795378408176
56432998.94382989,31852476.57147345,2025-07-25T17:00:00+00:00,1.0,753.645819228488
45052129.084570386,20554058.568004936,2025-07-25T18:00:00+00:00,1.0,601.6577067918097
17631483.45134145,4253637.180064563,2025-07-25T19:00:00+00:00,1.0,235.46318711727608
15336321.780500283,3427002.9335551327,2025-07-26T06:00:00+00:00,1.0,204.81198959001722
44132996.05053975,19611875.085149232,2025-07-26T07:00:00+00:00,1.0,589.3829600766564
56039741.373719245,31190440.289359163,2025-07-26T08:00:00+00:00,1.0,748.3939820208149
61824746.658169396,37344508.28863172,2025-07-26T09:00:00+00:00,1.0,825.6509970375289
64949004.969417594,40690244.92861827,2025-07-26T10:00:00+00:00,1.0,867.3745321770543
66641205.16584179,42629364.736220084,2025-07-26T11:00:00+00:00,1.0,889.973359586576
67401226.73814614,43325999.101820424,2025-07-26T12:00:00+00:00,1.0,900.1232203278032
67419097.80350214,43346866.02674606,2025-07-26T13:00:00+00:00,1.0,900.3618830595958
66698863.09242003,42695706.33980061,2025-07-26T14:00:00+00:00,1.0,890.7433639479109
65060904.11226255,40877001.16739524,2025-07-26T15:00:00+00:00,1.0,868.8689117556391
62025572.89301859,37703027.65209681,2025-07-26T16:00:00+00:00,1.0,828.3329713277138
56416349.060484365,31799236.51613336,2025-07-26T17:00:00+00:00,1.0,753.4234650171453
44944161.567355976,20429355.51034903,2025-07-26T18:00:00+00:00,1.0,600.2158328973812
17205980.927555885,4093877.239088206,2025-07-26T19:00:00+00:00,1.0,229.78072819919922
14892778.010559252,3276585.9916134733,2025-07-27T06:00:00+00:00,1.0,198.8885952264881
44015653.428908,19483106.303542197,2025-07-27T07:00:00+00:00,1.0,587.8158844672527
56020740.13784015,31135031.201864272,2025-07-27T08:00:00+00:00,1.0,748.1402261997883
61835627.68648631,37333671.60215705,2025-07-27T09:00:00+00:00,1.0,825.7963099156871
64970823.74689336,40689879.40091574,2025-07-27T10:00:00+00:00,1.0,867.665915423247
66667374.45952378,42638331.810578704,2025-07-27T11:00:00+00:00,1.0,890.3228426752697
67428938.0998902,43339423.27753391,2025-07-27T12:00:00+00:00,1.0,900.4932972741831
67446712.12738477,43360043.98357649,2025-07-27T13:00:00+00:00,1.0,900.7306640943413
66724730.719484575,42704897.76364611,2025-07-27T14:00:00+00:00,1.0,891.0888183691851
65082189.33123195,40876001.84598703,2025-07-27T15:00:00+00:00,1.0,869.1531694876128
62035674.51040196,37691349.67860175,2025-07-27T16:00:00+00:00,1.0,828.467875406004
56396520.25506582,31741829.86818865,2025-07-27T17:00:00+00:00,1.0,753.1586572524867
44827674.84615924,20297291.685394656,2025-07-27T18:00:00+00:00,1.0,598.6601875822558
16757475.099233309,3928955.8730369443,2025-07-27T19:00:00+00:00,1.0,223.79106703036177
14441077.039604923,3126282.9093829407,2025-07-28T06:00:00+00:00,1.0,192.85626388361084
43895351.46910743,19352758.820963755,2025-07-28T07:00:00+00:00,1.0,586.209287781875
56001131.19230128,31078676.813273903,2025-07-28T08:00:00+00:00,1.0,747.8783545980483
61846477.54708526,37322567.74560779,2025-07-28T09:00:00+00:00,1.0,825.9412065582945
64992775.18447339,40689303.511092015,2025-07-28T10:00:00+00:00,1.0,867.9590703054722
66693700.10605372,42647015.15426649,2025-07-28T11:00:00+00:00,1.0,890.6744138094679
67456754.11248004,43352772.751005836,2025-07-28T12:00:00+00:00,1.0,900.8647718012753
67474309.85507138,43373033.69131813,2025-07-28T13:00:00+00:00,1.0,901.0992234918787
66750362.34074676,42713367.728746794,2025-07-28T14:00:00+00:00,1.0,891.4311210035554
65102840.95489704,40873907.28680238,2025-07-28T15:00:00+00:00,1.0,869.4289657438167
62044356.0244767,37677966.328399464,2025-07-28T16:00:00+00:00,1.0,828.5838144294505
56373442.448845595,31680157.672296554,2025-07-28T17:00:00+00:00,1.0,752.8504600540223
44702437.11594701,20157767.332660526,2025-07-28T18:00:00+00:00,1.0,596.9876751595488
16285766.50367691,3759284.8413362703,2025-07-28T19:00:00+00:00,1.0,217.49153984611428
13981655.09078166,2976791.162593558,2025-07-29T06:00:00+00:00,1.0,186.72082119099338
43772092.83648347,19220393.620375283,2025-07-29T07:00:00+00:00,1.0,584.5632056154299
55980919.92010033,31021225.071528837,2025-07-29T08:00:00+00:00,1.0,747.608439103911
61857294.17281657,37311110.152574785,2025-07-29T09:00:00+00:00,1.0,826.0856593591866
65014852.609199755,40688486.721251205,2025-07-29T10:00:00+00:00,1.0,868.2539077083363
66720172.749651305,42655375.75143811,2025-07-29T11:00:00+00:00,1.0,891.027948045567
67484663.54853405,43366037.982302286,2025-07-29T12:00:00+00:00,1.0,901.2374939708143
67501877.94663467,43385824.88771095,2025-07-29T13:00:00+00:00,1.0,901.4673871078448
66775742.37502346,42721126.499886215,2025-07-29T14:00:00+00:00,1.0,891.7700637690068
65122838.554385066,40870606.203103326,2025-07-29T15:00:00+00:00,1.0,869.6960277028064
62051585.10053878,37662877.6229374,2025-07-29T16:00:00+00:00,1.0,828.6803565777
56347045.08976802,31614088.77044937,2025-07-29T17:00:00+00:00,1.0,752.4979312201867
44568209.50576149,20010731.508741423,2025-07-29T18:00:00+00:00,1.0,595.1951055790823
15790739.039691593,3584932.286014954,2025-07-29T19:00:00+00:00,1.0,210.8805961497255
13514985.433763199,2828356.0308267768,2025-07-30T06:00:00+00:00,1.0,180.48858752354857
43645874.28243936,19086051.380673844,2025-07-30T07:00:00+00:00,1.0,582.8775945838648
55960108.7217762,30962471.015285626,2025-07-30T08:00:00+00:00,1.0,747.3305117758504
61868073.73259311,37299213.86531535,2025-07-30T09:00:00+00:00,1.0,826.2296171553643
65037048.23958271,40687382.97062204,2025-07-30T10:00:00+00:00,1.0,868.5503237123647
66746782.3323917,42663477.26908908,2025-07-30T11:00:00+00:00,1.0,891.3833110629138
67512654.76276642,43379209.11015289,2025-07-30T12:00:00+00:00,1.0,901.6113082634457
67529403.16879585,43398401.897202164,2025-07-30T13:00:00+00:00,1.0,901.8349782157478
66800855.24359528,42728090.28288444,2025-07-30T14:00:00+00:00,1.0,892.105438616402
65142161.86743855,40866077.44841479,2025-07-30T15:00:00+00:00,1.0,869.9540847681353
62057329.58721137,37645907.230441794,2025-07-30T16:00:00+00:00,1.0,828.7570724787898
56317256.90727418,31543534.46195673,2025-07-30T17:00:00+00:00,1.0,752.1001189539785
44424745.24613192,19856340.418279722,2025-07-30T18:00:00+00:00,1.0,593.2791833083837
15272377.137572667,3406528.541583596,2025-07-30T19:00:00+00:00,1.0,203.9580280124577
13041582.559000883,2681349.127317731,2025-07-31T06:00:00+00:00,1.0,174.16643374733923
43516686.74404587,18949306.053056672,2025-07-31T07:00:00+00:00,1.0,581.1523336544547
55938697.10912876,30902690.432948623,2025-07-31T08:00:00+00:00,1.0,747.0445660941415
61878810.699378796,37286998.50291453,2025-07-31T09:00:00+00:00,1.0,826.3730061348756
65059353.229129195,40685963.99196842,2025-07-31T10:00:00+00:00,1.0,868.8482001753223
66773518.117499694,42671320.18463854,2025-07-31T11:00:00+00:00,1.0,891.7403594751618
67540715.69620663,43392283.07545503,2025-07-31T12:00:00+00:00,1.0,901.9860536352293
67556872.07808037,43410743.86837316,2025-07-31T13:00:00+00:00,1.0,902.2018172820701
66825685.326171055,42734245.85772828,2025-07-31T14:00:00+00:00,1.0,892.4370369413896
65160790.71426713,40860362.48328335,2025-07-31T15:00:00+00:00,1.0,870.2028674448198
62061557.356087394,37626999.05023412,2025-07-31T16:00:00+00:00,1.0,828.8135330674154
56284005.56532283,31468765.255573343,2025-07-31T17:00:00+00:00,1.0,751.6560572292091
44271788.590840325,19694545.07208126,2025-07-31T18:00:00+00:00,1.0,591.2364929332335
14730785.529125648,3224609.869798439,2025-07-31T19:00:00+00:00,1.0,196.72523409622715
12562006.726834105,2535168.081115479,2025-08-01T06:00:00+00:00,1.0,167.7618419716082
43384515.51509401,18810551.464357935,2025-08-01T07:00:00+00:00,1.0,579.3872264302174
55916681.831413954,30841858.348275077,2025-08-01T08:00:00+00:00,1.0,746.7505586460136
61889497.9325494,37274407.04084973,2025-08-01T09:00:00+00:00,1.0,826.5157309368188
65081757.71864914,40684269.86084168,2025-08-01T10:00:00+00:00,1.0,869.1474054306831
66800368.71644626,42678835.816908784,2025-08-01T11:00:00+00:00,1.0,892.0989411918647
67568833.88151105,43405251.436121315,2025-08-01T12:00:00+00:00,1.0,902.3615635885604
67584271.0036063,43422841.61856543,2025-08-01T13:00:00+00:00,1.0,902.5677217362049
66850216.91571271,42739621.69790942,2025-08-01T14:00:00+00:00,1.0,892.7646489812049
65178704.9101411,40853529.070536725,2025-08-01T15:00:00+00:00,1.0,870.4421061717484
62064236.13735764,37606203.60667575,2025-08-01T16:00:00+00:00,1.0,828.8493073899161
56247217.304425366,31389802.347112056,2025-08-01T17:00:00+00:00,1.0,751.1647610099624
44109073.70310606,19525297.078095403,2025-08-01T18:00:00+00:00,1.0,589.0634842829319
14166212.536259795,3039773.3656467656,2025-08-01T19:00:00+00:00,1.0,189.1855306658644
12076868.633198211,2390491.527418321,2025-08-02T06:00:00+00:00,1.0,161.2829678578838
43249340.40039974,18669848.767204773,2025-08-02T07:00:00+00:00,1.0,577.5820032104672
55894056.985837445,30779903.89796903,2025-08-02T08:00:00+00:00,1.0,746.448410601453
61900126.752465226,37261476.331430174,2025-08-02T09:00:00+00:00,1.0,826.6576756472351
65104250.881715186,40682358.44295864,2025-08-02T10:00:00+00:00,1.0,869.447794894709
66827322.11288818,42685993.00365734,2025-08-02T11:00:00+00:00,1.0,892.4588957383476
67596996.44753225,43418110.42935309,2025-08-02T12:00:00+00:00,1.0,902.7376662330685
67611586.03181879,43434707.43917793,2025-08-02T13:00:00+00:00,1.0,902.9325057668169
66874434.17909719,42744163.737382896,2025-08-02T14:00:00+00:00,1.0,893.0880632892272
65195884.19016061,40845597.2362988,2025-08-02T15:00:00+00:00,1.0,870.6715303173057
62065333.37880955,37583447.64488479,2025-08-02T16:00:00+00:00,1.0,828.8639607212787
56206816.62333075,31306620.627463304,2025-08-02T17:00:00+00:00,1.0,750.625221999604
43936323.60303971,19348324.714627042,2025-08-02T18:00:00+00:00,1.0,586.756458373931
13579077.547846025,2852777.2417386943,2025-08-02T19:00:00+00:00,1.0,181.34451853426938
11586833.82663553,2247889.2682593684,2025-08-03T06:00:00+00:00,1.0,154.7386996078472
43111135.70874317,18527028.092482053,2025-08-03T07:00:00+00:00,1.0,575.7363208966794
55870814.05661418,30716873.32035426,2025-08-03T08:00:00+00:00,1.0,746.1380082346959
61910686.975051425,37248141.61120368,2025-08-03T09:00:00+00:00,1.0,826.7987042608387
65126820.94683315,40680236.188103415,2025-08-03T10:00:00+00:00,1.0,869.7492113626172
66854365.67279977,42692734.646522716,2025-08-03T11:00:00+00:00,1.0,892.8200543910111
67625190.11739425,43430824.239073716,2025-08-03T12:00:00+00:00,1.0,903.1141842600819
67638802.99137756,43446320.85680284,2025-08-03T13:00:00+00:00,1.0,903.2959801198973
66898321.124759905,42747870.6017495,2025-08-03T14:00:00+00:00,1.0,893.4070663028939
65212308.15074711,40836516.19694054,2025-08-03T15:00:00+00:00,1.0,870.8908673977941
62064816.13448266,37558648.02809116,2025-08-03T16:00:00+00:00,1.0,828.8570530780213
56162726.019648656,31219031.76918394,2025-08-03T17:00:00+00:00,1.0,750.0364051769363
43753249.223713584,19163256.724631462,2025-08-03T18:00:00+00:00,1.0,584.311554803867
12970003.2628094,2664253.3130740807,2025-08-03T19:00:00+00:00,1.0,173.21051365931208
11092626.612259092,2107833.8895282205,2025-08-04T06:00:00+00:00,1.0,148.1387100996143
42969869.96357318,18381754.731101315,2025-08-04T07:00:00+00:00,1.0,573.8497591289142
55846941.834074,30652888.222431466,2025-08-04T08:00:00+00:00,1.0,745.8192018439338
61921166.88230824,37234396.546496354,2025-08-04T09:00:00+00:00,1.0,826.9386602872343
65149455.18482689,40677882.657498546,2025-08-04T10:00:00+00:00,1.0,870.0514848400967
66881486.13445286,42698958.40547576,2025-08-04T11:00:00+00:00,1.0,893.1822400434279
67653401.19712052,43443383.9657973,2025-08-04T12:00:00+00:00,1.0,903.4909347905985
67665907.43742399,43457653.18279541,2025-08-04T13:00:00+00:00,1.0,903.65795188866
66921861.57938383,42750694.74349855,2025-08-04T14:00:00+00:00,1.0,893.7214420323779
65227956.21251976,40826269.849194705,2025-08-04T15:00:00+00:00,1.0,871.099842581741
62062650.99582292,37531862.410875775,2025-08-04T16:00:00+00:00,1.0,828.8281382989243
56114865.808809705,31126679.355918296,2025-08-04T17:00:00+00:00,1.0,749.3972463783282
43559548.6183956,18970204.623912804,2025-08-04T18:00:00+00:00,1.0,581.7247411644743
12339853.151175754,2475095.015523549,2025-08-04T19:00:00+00:00,1.0,164.79504742489115
10595033.35376592,1970436.8478223477,2025-08-05T06:00:00+00:00,1.0,141.49350098512144
42825505.33693059,18233862.97071126,2025-08-05T07:00:00+00:00,1.0,571.9218127260996
55822426.213638775,30587952.250756286,2025-08-05T08:00:00+00:00,1.0,745.4918030667609
61931553.13416226,37220232.79653106,2025-08-05T09:00:00+00:00,1.0,827.0773655737578
65172139.86080664,40675319.067718826,2025-08-05T10:00:00+00:00,1.0,870.3544319017934
66908669.57965808,42704649.04667096,2025-08-05T11:00:00+00:00,1.0,893.5452668223683
67681615.55602805,43455766.754116535,2025-08-05T12:00:00+00:00,1.0,903.8677291136167
67692884.6365741,43468698.952671535,2025-08-05T13:00:00+00:00,1.0,904.0182243132172
66945039.17489692,42752495.43563895,2025-08-05T14:00:00+00:00,1.0,894.0309718869921
65242807.605908886,40814872.46888137,2025-08-05T15:00:00+00:00,1.0,871.2981784977243
62058804.06709939,37503142.17333155,2025-08-05T16:00:00+00:00,1.0,828.7767637166188
56063154.02438334,31029387.563782472,2025-08-05T17:00:00+00:00,1.0,748.7066509666635
43354906.3413857,18768639.678559262,2025-08-05T18:00:00+00:00,1.0,578.9918047727773
11689774.45596675,2285765.5307793343,2025-08-05T19:00:00+00:00,1.0,156.11344091835892
10094905.314736128,1836042.4989879874,2025-08-06T06:00:00+00:00,1.0,134.81444063482923
42677996.849300995,18084088.961211003,2025-08-06T07:00:00+00:00,1.0,569.9518810002867
55797249.90452639,30521918.885676328,2025-08-06T08:00:00+00:00,1.0,745.1555809899237
61941830.63455374,37205650.245220564,2025-08-06T09:00:00+00:00,1.0,827.2146185170038
65194860.16262055,40672563.73625296,2025-08-06T10:00:00+00:00,1.0,870.6578547358525
66935901.391496226,42709844.18519174,2025-08-06T11:00:00+00:00,1.0,893.9089395231805
67709818.60035726,43467959.73198919,2025-08-06T12:00:00+00:00,1.0,904.2443723338224
67719719.55082345,43479467.732193075,2025-08-06T13:00:00+00:00,1.0,904.3765965654902
66967837.339916475,42753210.34657188,2025-08-06T14:00:00+00:00,1.0,894.3354345608504
65256841.36832303,40802292.57712768,2025-08-06T15:00:00+00:00,1.0,871.4855951966257
62053240.96069557,37472472.16922483,2025-08-06T16:00:00+00:00,1.0,828.702470094752
56007506.35893521,30927341.138187658,2025-08-06T17:00:00+00:00,1.0,747.9634930413381
43138992.894673795,18558890.211455002,2025-08-06T18:00:00+00:00,1.0,576.1083452814318
11021246.59108859,2097221.1403051508,2025-08-06T19:00:00+00:00,1.0,147.18545126988082
9593161.185961217,1705063.515571433,2025-08-07T06:00:00+00:00,1.0,128.11379788944015
42527291.41787834,17932974.746174186,2025-08-07T07:00:00+00:00,1.0,567.9392550464498
55771392.08716788,30454794.532157004,2025-08-07T08:00:00+00:00,1.0,744.8102575743601
61951982.372057594,37190606.48655158,2025-08-07T09:00:00+00:00,1.0,827.3501919345241
65217600.1148191,40669548.83876417,2025-08-07T10:00:00+00:00,1.0,870.9615399949084
66963166.20173584,42714520.38243743,2025-08-07T11:00:00+00:00,1.0,894.2730529077945
67737995.23911384,43479972.079429604,2025-08-07T12:00:00+00:00,1.0,904.6206629155047
67746396.81391795,43489956.22177011,2025-08-07T13:00:00+00:00,1.0,904.7328634337374
66990239.28231354,42752850.64168983,2025-08-07T14:00:00+00:00,1.0,894.6346058001407
65270036.32993674,40788426.36869883,2025-08-07T15:00:00+00:00,1.0,871.661809961776
62045926.775472954,37439782.99027897,2025-08-07T16:00:00+00:00,1.0,828.6047913391202
55947836.06758153,30820706.240395676,2025-08-07T17:00:00+00:00,1.0,747.1666141503981
42911464.06572111,18341506.783155046,2025-08-07T18:00:00+00:00,1.0,573.0697658349575
10336134.282415975,1910265.5115473487,2025-08-07T19:00:00+00:00,1.0,138.0359813356843
9090789.445831794,1577535.3369350992,2025-08-08T06:00:00+00:00,1.0,121.4047735821561
42373326.879561685,17780139.312014095,2025-08-08T07:00:00+00:00,1.0,565.8831046949928
55744828.06925858,30386667.656652667,2025-08-08T08:00:00+00:00,1.0,744.4555030616866
61961989.26432357,37175285.45606675,2025-08-08T09:00:00+00:00,1.0,827.4838309872239
65240342.491617806,40666182.39221705,2025-08-08T10:00:00+00:00,1.0,871.2652576337794
66990447.83524921,42718551.25146918,2025-08-08T11:00:00+00:00,1.0,894.6373909622057
67766129.8427863,43491804.5221292,2025-08-08T12:00:00+00:00,1.0,904.9963921312336
67772900.69610828,43500154.71711334,2025-08-08T13:00:00+00:00,1.0,905.0868148518744
67012227.95408892,42751228.75364102,2025-08-08T14:00:00+00:00,1.0,894.9282579338781
65282371.07015621,40773231.30444207,2025-08-08T15:00:00+00:00,1.0,871.8265367275192
62036826.025639296,37405001.786184244,2025-08-08T16:00:00+00:00,1.0,828.4832535475238
55884053.77215736,30709625.367810324,2025-08-08T17:00:00+00:00,1.0,746.3148206751748
42671960.03678264,18116461.73411411,2025-08-08T18:00:00+00:00,1.0,569.871261174988
9636744.562516592,1726380.0487829451,2025-08-08T19:00:00+00:00,1.0,128.69584084557474
8588850.92148158,1453684.602322256,2025-08-09T06:00:00+00:00,1.0,114.70153474200828
42216031.16865911,17625670.326996557,2025-08-09T07:00:00+00:00,1.0,563.7824675301661
55717529.02429145,30317571.55987793,2025-08-09T08:00:00+00:00,1.0,744.0909324825155
61971830.04673159,37159485.838167906,2025-08-09T09:00:00+00:00,1.0,827.6152516924722
65263068.756517515,40662462.878594354,2025-08-09T10:00:00+00:00,1.0,871.5687601030778
67017729.267856196,42721992.419714354,2025-08-09T11:00:00+00:00,1.0,895.0017263335544
67794206.20641586,43503420.86965295,2025-08-09T12:00:00+00:00,1.0,905.3713435685843
67799215.06513388,43510035.01412117,2025-08-09T13:00:00+00:00,1.0,905.4382353783955
67033786.003307596,42748377.5277574,2025-08-09T14:00:00+00:00,1.0,895.2161592322008
65293823.84942122,40756701.48863187,2025-08-09T15:00:00+00:00,1.0,871.9794851685439
62025902.52437953,37367954.06188929,2025-08-09T16:00:00+00:00,1.0,828.3373734559166
55816067.180160545,30594005.085292768,2025-08-09T17:00:00+00:00,1.0,745.4068800769392
42420104.26738501,17883448.28624357,2025-08-09T18:00:00+00:00,1.0,566.5078027161475
8925886.414910555,1546749.3300494186,2025-08-09T19:00:00+00:00,1.0,119.20254293416791
8088482.0027047405,1333902.7821886456,2025-08-10T06:00:00+00:00,1.0,108.01925751475453
42055321.97148288,17469467.19445352,2025-08-10T07:00:00+00:00,1.0,561.6362442772775
55689461.945682034,30247282.89951406,2025-08-10T08:00:00+00:00,1.0,743.71610504384
61981481.27500443,37143132.363790154,2025-08-10T09:00:00+00:00,1.0,827.7441409589384
65285759.06911247,40658374.50195117,2025-08-10T10:00:00+00:00,1.0,871.8717824400657
67044992.62658449,42724866.071868755,2025-08-10T11:00:00+00:00,1.0,895.3658203336562
67822207.54062365,43514791.79517349,2025-08-10T12:00:00+00:00,1.0,905.7452930104762
67825323.36468898,43519553.92858971,2025-08-10T13:00:00+00:00,1.0,905.7869039087659
67054895.73509932,42744344.59581008,2025-08-10T14:00:00+00:00,1.0,895.4980733854079
65304372.54352611,40738861.04645807,2025-08-10T15:00:00+00:00,1.0,872.12035982272
62013119.26107269,37328617.67457792,2025-08-10T16:00:00+00:00,1.0,828.1666567985259
55743780.78122763,30473492.647563104,2025-08-10T17:00:00+00:00,1.0,744.4415168433246
42155502.330854006,17642134.53793834,2025-08-10T18:00:00+00:00,1.0,562.9741230082005
8206931.184371098,1372375.8314115668,2025-08-10T19:00:00+00:00,1.0,109.60111090239361
7590898.931230941,1218228.5038125315,2025-08-11T06:00:00+00:00,1.0,101.37418444485867
41891107.23238664,17311132.86179755,2025-08-11T07:00:00+00:00,1.0,559.4432055607144
55660589.957584545,30175391.12693917,2025-08-11T08:00:00+00:00,1.0,743.3305282797147
61990917.51825584,37126216.26952795,2025-08-11T09:00:00+00:00,1.0,827.8701591647374
65308392.40681411,40653765.46939699,2025-08-11T10:00:00+00:00,1.0,872.1740438944071
67072219.26689472,42727148.38202839,2025-08-11T11:00:00+00:00,1.0,895.7294239702738
67850116.5167022,43525882.78021979,2025-08-11T12:00:00+00:00,1.0,906.1180090371638
67851208.63387364,43528663.670512035,2025-08-11T13:00:00+00:00,1.0,906.1325939352687
67075539.106446944,42739151.401466504,2025-08-11T14:00:00+00:00,1.0,895.7737594344014
65313994.606573164,40719542.69718314,2025-08-11T15:00:00+00:00,1.0,872.2488595963406
61998438.31117297,37286992.026227556,2025-08-11T16:00:00+00:00,1.0,827.9705971043311
55667095.589917585,30347658.48040721,2025-08-11T17:00:00+00:00,1.0,743.4174090533937
41877740.86314486,17392527.848221067,2025-08-11T18:00:00+00:00,1.0,559.2647016979907
7483870.3582293,1204465.0665767158,2025-08-11T19:00:00+00:00,1.0,99.94484986951412
7097403.117919129,1107355.5764853475,2025-08-12T06:00:00+00:00,1.0,94.78369548503042
41723286.76548955,17150752.846592054,2025-08-12T07:00:00+00:00,1.0,557.2020134280098
55630873.081945896,30102094.676746152,2025-08-12T08:00:00+00:00,1.0,742.9336682952139
62000111.78708597,37108734.80989761,2025-08-12T09:00:00+00:00,1.0,827.992945874552
65330946.82791716,40648595.17430389,2025-08-12T10:00:00+00:00,1.0,872.4752514412049
67099389.94324959,42728865.71400425,2025-08-12T11:00:00+00:00,1.0,896.0922802250217
67877915.37860736,43536678.19394604,2025-08-12T12:00:00+00:00,1.0,906.4892545219907
67876853.57704577,43537336.23090248,2025-08-12T13:00:00+00:00,1.0,906.4750744797691
67095697.76084968,42732813.0028743,2025-08-12T14:00:00+00:00,1.0,896.0429722335654
65322667.069972716,40698791.31680366,2025-08-12T15:00:00+00:00,1.0,872.364677750711
61981820.78159964,37243112.05260466,2025-08-12T16:00:00+00:00,1.0,827.7486749679383
55585908.933874615,30216667.336949453,2025-08-12T17:00:00+00:00,1.0,742.3331855485459
41586386.598701835,17134611.86609201,2025-08-12T18:00:00+00:00,1.0,555.3737526536081
6761364.968249335,1044575.276567993,2025-08-12T19:00:00+00:00,1.0,90.29600652042244
6609386.50774445,1001550.8979012299,2025-08-13T06:00:00+00:00,1.0,88.26637964402242
41551754.9323966,16988352.646907244,2025-08-13T07:00:00+00:00,1.0,554.9112571099979
55600269.42667005,30027641.296049256,2025-08-13T08:00:00+00:00,1.0,742.524965633945
62009036.172635615,37090732.01053496,2025-08-13T09:00:00+00:00,1.0,828.1121283738864
65353399.85901022,40642954.4651504,2025-08-13T10:00:00+00:00,1.0,872.7751049547456
67126485.05924103,42730009.76130735,2025-08-13T11:00:00+00:00,1.0,896.4541273937
67905586.109099,43547161.132760264,2025-08-13T12:00:00+00:00,1.0,906.8587888501428
67902240.67120755,43545554.8206973,2025-08-13T13:00:00+00:00,1.0,906.8141115278906
67115353.0878424,42725321.44445902,2025-08-13T14:00:00+00:00,1.0,896.3054632457548
65330366.55426365,40676638.76077095,2025-08-13T15:00:00+00:00,1.0,872.4675020601345
61963226.75283826,37196786.31938076,2025-08-13T16:00:00+00:00,1.0,827.5003572761582
55500114.21089892,30080860.328667033,2025-08-13T17:00:00+00:00,1.0,741.1874226882771
41280985.317914486,16868675.434031613,2025-08-13T18:00:00+00:00,1.0,551.2952099080421
6044778.024874791,893916.9674571515,2025-08-13T19:00:00+00:00,1.0,80.7262022552728
6128335.2385887075,900835.1039738095,2025-08-14T06:00:00+00:00,1.0,81.84208384867482
41376403.99741961,16824085.086112585,2025-08-14T07:00:00+00:00,1.0,552.5694978287908
55568736.61765193,29952194.771219276,2025-08-14T08:00:00+00:00,1.0,742.1038544024015
62017662.60255019,37071788.201431096,2025-08-14T09:00:00+00:00,1.0,828.2273317648377
65375728.94456517,40636837.99864722,2025-08-14T10:00:00+00:00,1.0,873.0733032126893
67153484.95425978,42730503.391316436,2025-08-14T11:00:00+00:00,1.0,896.8147029148041
67933110.61564642,43557179.091312006,2025-08-14T12:00:00+00:00,1.0,907.2263704012709
67927352.28089577,43553163.334560916,2025-08-14T13:00:00+00:00,1.0,907.1494695632565
67134486.27826822,42716568.8990205,2025-08-14T14:00:00+00:00,1.0,896.5609812802842
65337069.25967227,40653074.252920546,2025-08-14T15:00:00+00:00,1.0,872.5570146857845
61942615.17276974,37147663.398993604,2025-08-14T16:00:00+00:00,1.0,827.2250957902037
55409600.524209306,29940439.278954256,2025-08-14T17:00:00+00:00,1.0,739.9786394792862
40961060.47302994,16594873.657132274,2025-08-14T18:00:00+00:00,1.0,547.022709308624
5340178.47051641,753092.154320177,2025-08-14T19:00:00+00:00,1.0,71.31648598446098
5655829.342073522,805237.7612093114,2025-08-15T06:00:00+00:00,1.0,75.5319089486311
41197127.53722703,16657930.674704595,2025-08-15T07:00:00+00:00,1.0,550.1753143326229
55536233.20750346,29875434.326091256,2025-08-15T08:00:00+00:00,1.0,741.6697810831045
62025963.56869386,37052079.96410956,2025-08-15T09:00:00+00:00,1.0,828.3381886844734
65397911.87267564,40630211.306697585,2025-08-15T10:00:00+00:00,1.0,873.3695495816842
67180370.1681483,42730238.12308514,2025-08-15T11:00:00+00:00,1.0,897.1737469036995
67960470.89514942,43566511.16796717,2025-08-15T12:00:00+00:00,1.0,907.5917587493258
67952170.74956773,43559939.36360729,2025-08-15T13:00:00+00:00,1.0,907.4809127880407
67153078.34987412,42706476.02788094,2025-08-15T14:00:00+00:00,1.0,896.809272834867
65342750.91487814,40628066.295057066,2025-08-15T15:00:00+00:00,1.0,872.6328914914286
61919943.678090274,37095741.22615345,2025-08-15T16:00:00+00:00,1.0,826.9223247608288
55314252.16428273,29794408.65001955,2025-08-15T17:00:00+00:00,1.0,738.705290655492
40626111.40491187,16313701.8593824,2025-08-15T18:00:00+00:00,1.0,542.5495647023441
4654302.242534676,623808.9320001439,2025-08-15T19:00:00+00:00,1.0,62.15681413641431
5169710.496499536,712047.5551974891,2025-08-16T06:00:00+00:00,1.0,69.03993718615851
40966217.91839397,16471050.23130516,2025-08-16T07:00:00+00:00,1.0,547.0915854486411
55466196.51828819,29777775.00115521,2025-08-16T08:00:00+00:00,1.0,740.7344620497848
62004562.54911692,37014100.77209315,2025-08-16T09:00:00+00:00,1.0,828.0523844700524
65394754.703109816,40607439.72696351,2025-08-16T10:00:00+00:00,1.0,873.3273865265646
67184272.99180573,42714821.91849241,2025-08-16T11:00:00+00:00,1.0,897.2258679461171
67965840.31941755,43561121.67908407,2025-08-16T12:00:00+00:00,1.0,907.663465804198
67954854.9042562,43551784.691794395,2025-08-16T13:00:00+00:00,1.0,907.5167588709386
67148213.88302812,42680633.63727174,2025-08-16T14:00:00+00:00,1.0,896.7443093353002
65322121.67859733,40585917.42559771,2025-08-16T15:00:00+00:00,1.0,872.3573942120296
61865653.49001729,37023018.40115192,2025-08-16T16:00:00+00:00,1.0,826.1972955397547
55177136.053695664,29622747.11763503,2025-08-16T17:00:00+00:00,1.0,736.8741460162288
40227647.64231362,16005210.438754426,2025-08-16T18:00:00+00:00,1.0,537.2282003514139
3974392.6443966064,503842.3979047254,2025-08-16T19:00:00+00:00,1.0,53.07682484504067
4675925.958360527,622119.730243566,2025-08-17T06:00:00+00:00,1.0,62.44559239263539
40683033.56120253,16263000.464366598,2025-08-17T07:00:00+00:00,1.0,543.3097430716118
55358179.80660761,29658652.42476644,2025-08-17T08:00:00+00:00,1.0,739.2919311779879
61953166.142360404,36957599.66549064,2025-08-17T09:00:00+00:00,1.0,827.3660008328102
65366037.05891598,40568389.92073167,2025-08-17T10:00:00+00:00,1.0,872.9438709791142
67165005.25459628,42684134.61237009,2025-08-17T11:00:00+00:00,1.0,896.9685530795526
67949038.7585779,43540850.56225462,2025-08-17T12:00:00+00:00,1.0,907.4390859852754
67935213.21216449,43528517.15366617,2025-08-17T13:00:00+00:00,1.0,907.2544499487661
67119667.32447898,42638940.53859227,2025-08-17T14:00:00+00:00,1.0,896.363078585464
65274885.97684972,40526431.00869503,2025-08-17T15:00:00+00:00,1.0,871.7265755455443
61779307.24669998,36929581.67068831,2025-08-17T16:00:00+00:00,1.0,825.0441672903376
54997504.78494616,29426019.882821113,2025-08-17T17:00:00+00:00,1.0,734.4752241579416
39764344.9961743,15669153.48377966,2025-08-17T18:00:00+00:00,1.0,531.0409321070233
3314871.538309293,395244.49604830955,2025-08-17T19:00:00+00:00,1.0,44.269117765883244
4201635.480978841,538953.1287692365,2025-08-18T06:00:00+00:00,1.0,56.111584948969686
40394905.33690477,16053554.290878415,2025-08-18T07:00:00+00:00,1.0,539.46187682832
55248525.46143899,29537437.060287107,2025-08-18T08:00:00+00:00,1.0,737.8275302008385
61901003.608078666,36899829.29164009,2025-08-18T09:00:00+00:00,1.0,826.6693857916629
65336838.07475984,40528635.37323893,2025-08-18T10:00:00+00:00,1.0,872.5539272804532
67145334.38364717,42652673.88296621,2025-08-18T11:00:00+00:00,1.0,896.7058544824822
67931796.59527546,43519647.51763347,2025-08-18T12:00:00+00:00,1.0,907.2088220522761
67914985.79212345,43504136.08240746,2025-08-18T13:00:00+00:00,1.0,906.9843188050821
67090236.93083553,42595886.9180337,2025-08-18T14:00:00+00:00,1.0,895.9700444823059
65226179.74606712,40465255.757224426,2025-08-18T15:00:00+00:00,1.0,871.0761184036805
61690222.89284731,36832923.81956468,2025-08-18T16:00:00+00:00,1.0,823.8544723938004
54811800.74312638,29223986.41086985,2025-08-18T17:00:00+00:00,1.0,731.9952022319343
39283322.07665188,15325712.252533512,2025-08-18T18:00:00+00:00,1.0,524.6170149125497
2705980.72294848,301411.7512032498,2025-08-18T19:00:00+00:00,1.0,36.13756307356409
3748773.052373643,462750.79346053436,2025-08-19T06:00:00+00:00,1.0,50.063742686613246
40101746.21440292,15841530.380043598,2025-08-19T07:00:00+00:00,1.0,535.5468244444854
55137189.405651204,29414668.51123176,2025-08-19T08:00:00+00:00,1.0,736.3406704814637
61848043.01794525,36840971.78953323,2025-08-19T09:00:00+00:00,1.0,825.9621129533352
65307130.21002166,40488330.52442027,2025-08-19T10:00:00+00:00,1.0,872.1571876338301
67125234.60633022,42620340.33777664,2025-08-19T11:00:00+00:00,1.0,896.4374279691572
67914088.20236214,43497555.14495111,2025-08-19T12:00:00+00:00,1.0,906.9723317623212
67894145.42311327,43478519.6462696,2025-08-19T13:00:00+00:00,1.0,906.7060019112233
67059891.01431531,42551424.35277456,2025-08-19T14:00:00+00:00,1.0,895.5647838450161
65175960.36042172,40402519.20073944,2025-08-19T15:00:00+00:00,1.0,870.4054535312831
61598327.94663519,36732882.30051485,2025-08-19T16:00:00+00:00,1.0,822.6272428770654
54619848.01449535,29016823.013964713,2025-08-19T17:00:00+00:00,1.0,729.431730962821
38783964.02715586,14974565.254930627,2025-08-19T18:00:00+00:00,1.0,517.9482375421437
2155127.5098176072,221707.54839938736,2025-08-19T19:00:00+00:00,1.0,28.781083197350657
3319194.411267045,393402.62097706506,2025-08-20T06:00:00+00:00,1.0,44.32684844106592
39803473.65654851,15627480.385395743,2025-08-20T07:00:00+00:00,1.0,531.5634836611788
55024128.89846072,29290612.221137397,2025-08-20T08:00:00+00:00,1.0,734.8307812294362
61794253.03333801,36780962.1453236,2025-08-20T09:00:00+00:00,1.0,825.2437637999325
65276886.17452908,40447496.25195424,2025-08-20T10:00:00+00:00,1.0,871.7532875872014
67104680.19839296,42587176.57593333,2025-08-20T11:00:00+00:00,1.0,896.162929999921
67895887.84308572,43474247.78071099,2025-08-20T12:00:00+00:00,1.0,906.7292714087325
67872664.60467297,43451499.49687414,2025-08-20T13:00:00+00:00,1.0,906.4191320068513
67028597.356342055,42505558.98176787,2025-08-20T14:00:00+00:00,1.0,895.1468664041379
65124184.16428661,40338192.5997894,2025-08-20T15:00:00+00:00,1.0,869.7139979205086
61503547.562016495,36629307.715303525,2025-08-20T16:00:00+00:00,1.0,821.3614791936025
54421463.31341142,28804226.18939256,2025-08-20T17:00:00+00:00,1.0,726.78236262569
38265631.78527883,14615466.626870068,2025-08-20T18:00:00+00:00,1.0,511.0260655085391
1668549.8039682037,156027.12037697106,2025-08-20T19:00:00+00:00,1.0,22.28298349316521
2914624.8582200725,330904.4660091463,2025-08-21T06:00:00+00:00,1.0,38.9239430852037
39500007.093002096,15412284.742041567,2025-08-21T07:00:00+00:00,1.0,527.5107784855992
54909301.447519824,29164951.625899952,2025-08-21T08:00:00+00:00,1.0,733.2972949722259
61739602.352777965,36719642.49117824,2025-08-21T09:00:00+00:00,1.0,824.5139203095441
65246078.613178305,40406053.98320548,2025-08-21T10:00:00+00:00,1.0,871.3418618213011
67083645.29825671,42553174.53025834,2025-08-21T11:00:00+00:00,1.0,895.8820152010838
67877169.56805149,43449720.63376526,2025-08-21T12:00:00+00:00,1.0,906.479294445144
67850515.51828088,43423033.01920573,2025-08-21T13:00:00+00:00,1.0,906.1233375838891
66996323.230506554,42458283.99273624,2025-08-21T14:00:00+00:00,1.0,894.715855108254
65070806.56548735,40272204.8730836,2025-08-21T15:00:00+00:00,1.0,869.0011560561938
61405804.7150187,36521645.59980052,2025-08-21T16:00:00+00:00,1.0,820.0561527112628
54216456.23869336,28584002.149893526,2025-08-21T17:00:00+00:00,1.0,724.0445544697204
37727663.60854779,14247379.600562688,2025-08-21T18:00:00+00:00,1.0,503.8416614389383
1250661.9574615564,104948.40726195743,2025-08-21T19:00:00+00:00,1.0,16.702216312253736
2536603.886132886,274904.4071293208,2025-08-22T06:00:00+00:00,1.0,33.87558608617628
39191265.17675315,15195517.23039987,2025-08-22T07:00:00+00:00,1.0,523.387622552786
54792663.660871334,29037798.725337338,2025-08-22T08:00:00+00:00,1.0,731.739632223178
61684059.139535375,36657042.249964304,2025-08-22T09:00:00+00:00,1.0,823.7721573121651
65214679.79083676,40363997.62646995,2025-08-22T10:00:00+00:00,1.0,870.9225399417351
67062103.73096408,42518243.98663276,2025-08-22T11:00:00+00:00,1.0,895.5943340139374
67857907.13127643,43423980.80542638,2025-08-22T12:00:00+00:00,1.0,906.2220503642776
67827670.01757602,43392886.806385756,2025-08-22T13:00:00+00:00,1.0,905.8182427560873
66963035.468281314,42409535.58066337,2025-08-22T14:00:00+00:00,1.0,894.2713070016082
65015782.19876277,40204547.61092266,2025-08-22T15:00:00+00:00,1.0,868.2663220988666
61305020.5094701,36410608.357715264,2025-08-22T16:00:00+00:00,1.0,818.7102097952722
54004629.773482986,28355467.172872063,2025-08-22T17:00:00+00:00,1.0,721.2156753937296
37169377.566605866,13868904.925531715,2025-08-22T18:00:00+00:00,1.0,496.38591835745274
903404.51276858,67012.59263582865,2025-08-22T19:00:00+00:00,1.0,12.064697018811295
2186428.865198363,224828.81015905685,2025-08-23T06:00:00+00:00,1.0,29.19910343480737
38877163.26496823,14976703.430978758,2025-08-23T07:00:00+00:00,1.0,519.1928854830159
54674170.21902609,28909192.55259176,2025-08-23T08:00:00+00:00,1.0,730.157187754086
61627590.524359055,36593352.72034841,2025-08-23T09:00:00+00:00,1.0,823.0180358488168
65182661.328698635,40321209.64513436,2025-08-23T10:00:00+00:00,1.0,870.4949429580628
67040028.87245462,42482401.39836136,2025-08-23T11:00:00+00:00,1.0,895.2995308821362
67838073.94041571,43396858.30378276,2025-08-23T12:00:00+00:00,1.0,905.9571840333172
67804099.65121798,43361073.81563138,2025-08-23T13:00:00+00:00,1.0,905.5034675643352
66928700.560337946,42359285.62711274,2025-08-23T14:00:00+00:00,1.0,893.8127745771492
64959065.1325379,40135174.63530253,2025-08-23T15:00:00+00:00,1.0,867.5088826460623
61201114.55079735,36295821.51875062,2025-08-23T16:00:00+00:00,1.0,817.3225768001843
53785780.925225005,28120758.81561966,2025-08-23T17:00:00+00:00,1.0,718.2930144928628
36590074.82506161,13480304.250889473,2025-08-23T18:00:00+00:00,1.0,488.6495035398223
625722.9970843329,40446.2187990772,2025-08-23T19:00:00+00:00,1.0,8.356343443968008
1865100.151116806,180685.09295573982,2025-08-24T06:00:00+00:00,1.0,24.90785458222249
38557611.44371201,14756390.232271146,2025-08-24T07:00:00+00:00,1.0,514.9253665025605
54553773.08199913,28778930.97246759,2025-08-24T08:00:00+00:00,1.0,728.5493200053347
61570162.2395885,36528467.259727314,2025-08-24T09:00:00+00:00,1.0,822.2510982850937
65149994.02102638,40277623.39189999,2025-08-24T10:00:00+00:00,1.0,870.0586808363503
67017393.56677451,42445714.16177069,2025-08-24T11:00:00+00:00,1.0,894.9972431460195
67817643.04266225,43368185.70099927,2025-08-24T12:00:00+00:00,1.0,905.6843355056318
67779775.70950045,43327519.915787786,2025-08-24T13:00:00+00:00,1.0,905.178628599105
66893284.772117965,42307578.63029051,2025-08-24T14:00:00+00:00,1.0,893.3398073199498
64900609.08136593,40063967.18525034,2025-08-24T15:00:00+00:00,1.0,866.7282195695146
61094005.317722656,36176748.187948994,2025-08-24T16:00:00+00:00,1.0,815.8921650336795
53559701.352688625,27880114.274376083,2025-08-24T17:00:00+00:00,1.0,715.273789432278
35989043.421616726,13083712.416824963,2025-08-24T18:00:00+00:00,1.0,480.62290894253357
413335.68837400037,23637.812930047217,2025-08-24T19:00:00+00:00,1.0,5.519974470806684
1573270.152691596,142972.03820304238,2025-08-25T06:00:00+00:00,1.0,21.010552252825956
38232513.21738111,14534620.980352974,2025-08-25T07:00:00+00:00,1.0,510.58377694151653
54431420.9786732,28646467.52454312,2025-08-25T08:00:00+00:00,1.0,726.9153442664663
61511738.39622498,36462432.50682953,2025-08-25T09:00:00+00:00,1.0,821.4708653342076
65116647.733897015,40233206.0538109,2025-08-25T10:00:00+00:00,1.0,869.6133511471378
66994170.09083601,42408232.2456641,2025-08-25T11:00:00+00:00,1.0,894.68710057205
67796587.13552071,43338103.04309408,2025-08-25T12:00:00+00:00,1.0,905.4031401645404
67754669.27676767,43292510.33695707,2025-08-25T13:00:00+00:00,1.0,904.8433397004119
66856754.245643795,42254430.129311755,2025-08-25T14:00:00+00:00,1.0,892.8519530668283
64840367.58003752,39990981.60410912,2025-08-25T15:00:00+00:00,1.0,865.9237123402387
60983610.455184825,36053297.255860664,2025-08-25T16:00:00+00:00,1.0,814.4178746686011
53326177.84222198,27633698.652075365,2025-08-25T17:00:00+00:00,1.0,712.1551528074617
35365562.246614285,12678624.882761704,2025-08-25T18:00:00+00:00,1.0,472.29650436183636
1311199.2509254923,111279.73775232499,2025-08-26T06:00:00+00:00,1.0,17.510673757017933
37901764.77181639,14310065.66112969,2025-08-26T07:00:00+00:00,1.0,506.16673039284274
54307059.13261333,28511406.55058875,2025-08-26T08:00:00+00:00,1.0,725.2545290145965
61452281.37963647,36395397.37236398,2025-08-26T09:00:00+00:00,1.0,820.6768346639547
65082591.36793126,40187943.19302413,2025-08-26T10:00:00+00:00,1.0,869.1585385674532
66970330.15045282,42369899.200105324,2025-08-26T11:00:00+00:00,1.0,894.368725299866
67774878.58627124,43306785.5685611,2025-08-26T12:00:00+00:00,1.0,905.1132289833376
67728751.27299975,43255912.38179748,2025-08-26T13:00:00+00:00,1.0,904.4972125133539
66819075.06815899,42199853.69270381,2025-08-26T14:00:00+00:00,1.0,892.3487589230533
64778294.09265798,39916169.70426715,2025-08-26T15:00:00+00:00,1.0,865.094739485279
60869846.945419095,35926076.778588966,2025-08-26T16:00:00+00:00,1.0,812.8985970275039
53084992.54004614,27380011.866637938,2025-08-26T17:00:00+00:00,1.0,708.9341952463365
34718905.108118355,12264791.990297146,2025-08-26T18:00:00+00:00,1.0,463.66059172167235
1078721.9758648896,85062.07127294208,2025-08-27T06:00:00+00:00,1.0,14.406009293067475
37565254.66900183,14083394.522799378,2025-08-27T07:00:00+00:00,1.0,501.67273863518045
54180629.15196706,28372874.667579018,2025-08-27T08:00:00+00:00,1.0,723.5660944439963
61391751.82565787,36326996.597265355,2025-08-27T09:00:00+00:00,1.0,819.8684805777035
65047792.858845115,40141814.38685463,2025-08-27T10:00:00+00:00,1.0,868.6938148884306
66945844.89159642,42330474.863745235,2025-08-27T11:00:00+00:00,1.0,894.0417319924644
67752489.44886667,43274096.28951637,2025-08-27T12:00:00+00:00,1.0,904.8142287508934
67701992.47603929,43217505.52075651,2025-08-27T13:00:00+00:00,1.0,904.1398567846992
66780213.30179544,42143795.307836995,2025-08-27T14:00:00+00:00,1.0,891.8297716585986
64714342.05345148,39839511.89520392,2025-08-27T15:00:00+00:00,1.0,864.2406791326418
60752631.16043517,35794590.976667814,2025-08-27T16:00:00+00:00,1.0,811.3332152835831
52835922.94404793,27119002.791514155,2025-08-27T17:00:00+00:00,1.0,705.6079452997914
34048344.9955916,11844247.542974867,2025-08-27T18:00:00+00:00,1.0,454.7054620137788
875227.2303220403,63755.94918817608,2025-08-28T06:00:00+00:00,1.0,11.688397840839137
37222863.819756195,13853577.589705544,2025-08-28T07:00:00+00:00,1.0,497.1002112681192
54052069.02620962,28231874.56579605,2025-08-28T08:00:00+00:00,1.0,721.8492124226747
61330108.64338988,36257221.56840439,2025-08-28T09:00:00+00:00,1.0,819.0452543187683
65012219.199721344,40094769.71228106,2025-08-28T10:00:00+00:00,1.0,868.2187393125253
66920684.917253055,42289987.67459901,2025-08-28T11:00:00+00:00,1.0,893.705728061592
67729391.47515798,43239839.98156469,2025-08-28T12:00:00+00:00,1.0,904.5057622216541
67674363.52719943,43177140.06593077,2025-08-28T13:00:00+00:00,1.0,903.770880438033
66740134.983010694,42086067.8181287,2025-08-28T14:00:00+00:00,1.0,891.294537700457
64648464.85641046,39760969.0765755,2025-08-28T15:00:00+00:00,1.0,863.3609088729945
60631878.82373034,35657915.60532628,2025-08-28T16:00:00+00:00,1.0,809.7206039493891
52578741.72417748,26852116.028739512,2025-08-28T17:00:00+00:00,1.0,702.173367042977
33353158.849238694,11419063.914903069,2025-08-28T18:00:00+00:00,1.0,445.42145899089775
699656.3630648977,46767.25548852369,2025-08-29T06:00:00+00:00,1.0,9.343701429819719
36874465.59468084,13621058.91793393,2025-08-29T07:00:00+00:00,1.0,492.44745719392085
53921313.16897339,28089260.938912902,2025-08-29T08:00:00+00:00,1.0,720.1030070642886
61267309.05954754,36185743.12690094,2025-08-29T09:00:00+00:00,1.0,818.2065846627663
64975836.47217547,40046832.57940654,2025-08-29T10:00:00+00:00,1.0,867.7328588698566
66894820.30571085,42248469.0649451,2025-08-29T11:00:00+00:00,1.0,893.3603139117407
67705556.12224884,43203860.40946615,2025-08-29T12:00:00+00:00,1.0,904.1874482137839
67645834.92826548,43134615.57865392,2025-08-29T13:00:00+00:00,1.0,903.3898895334718
66698806.10750793,42026716.03330599,2025-08-29T14:00:00+00:00,1.0,890.7426029314689
64580615.822562836,39680454.659742445,2025-08-29T15:00:00+00:00,1.0,862.4548053226958
60507504.932741456,35515679.980840124,2025-08-29T16:00:00+00:00,1.0,808.0596278410906
52313216.46559064,26579787.615776476,2025-08-29T17:00:00+00:00,1.0,698.6273566451835
32632633.235607356,10989441.568613168,2025-08-29T18:00:00+00:00,1.0,435.7990549626997
550522.2985269793,33849.576713804934,2025-08-30T06:00:00+00:00,1.0,7.352060610670237
36519925.97456866,13386571.780760236,2025-08-30T07:00:00+00:00,1.0,487.7126866261877
53788292.463649735,27945307.59011702,2025-08-30T08:00:00+00:00,1.0,718.3265553372106
61203308.6589453,36112675.7796862,2025-08-30T09:00:00+00:00,1.0,817.3518784581341
64938609.87351478,39997666.87245709,2025-08-30T10:00:00+00:00,1.0,867.235708780927
66868220.62543269,42205937.10083153,2025-08-30T11:00:00+00:00,1.0,893.00508313878
67680954.55713354,43166054.22251379,2025-08-30T12:00:00+00:00,1.0,903.8589016711124
67616377.03612776,43090188.73775469,2025-08-30T13:00:00+00:00,1.0,902.9964881961399
66656192.613867834,41965895.15128464,2025-08-30T14:00:00+00:00,1.0,890.1735124715163
64510748.16715284,39598008.922044516,2025-08-30T15:00:00+00:00,1.0,861.5217436852723
60379423.68674198,35368717.12553655,2025-08-30T16:00:00+00:00,1.0,806.3491411156658
52039109.42327608,26301911.17593095,2025-08-30T17:00:00+00:00,1.0,694.9667390929055
31886071.38964916,10555735.730658047,2025-08-30T18:00:00+00:00,1.0,425.8289448403972
425951.63833611144,24315.57582945384,2025-08-31T06:00:00+00:00,1.0,5.688456708548543
36159103.54364461,13149235.306478085,2025-08-31T07:00:00+00:00,1.0,482.89401099952937
53652934.233446695,27799987.042032782,2025-08-31T08:00:00+00:00,1.0,716.5188866646173
61138061.38997614,36038065.25863344,2025-08-31T09:00:00+00:00,1.0,816.4805206994591
64900503.7228647,39947471.46742587,2025-08-31T10:00:00+00:00,1.0,866.7268125382628
66840854.93829272,42162277.38411961,2025-08-31T11:00:00+00:00,1.0,892.639622573343
67655557.65559484,43126474.026271336,2025-08-31T12:00:00+00:00,1.0,903.5197336484321
67585960.05802283,43043938.75991749,2025-08-31T13:00:00+00:00,1.0,902.5902785526489
66612260.374864765,41903631.67300382,2025-08-31T14:00:00+00:00,1.0,889.5868105617515
64438814.98433065,39513568.60920967,2025-08-31T15:00:00+00:00,1.0,860.5610975471436
60247548.44959412,35217132.56642863,2025-08-31T16:00:00+00:00,1.0,804.5879867734214
51756177.36217654,26018437.02467485,2025-08-31T17:00:00+00:00,1.0,691.1882660547009
31112802.038019866,10118451.163392007,2025-08-31T18:00:00+00:00,1.0,415.50216396927544
323749.717031738,17649.630185301347,2025-09-01T06:00:00+00:00,1.0,4.323580622752902
35791849.16293967,12909990.71563274,2025-09-01T07:00:00+00:00,1.0,477.989438607633
53515162.0766855,27652287.66510291,2025-09-01T08:00:00+00:00,1.0,714.6789807249747
61071519.49962365,35961581.510815695,2025-09-01T09:00:00+00:00,1.0,815.5918736595036
64861481.42968535,39896482.26233182,2025-09-01T10:00:00+00:00,1.0,866.2056814861885
66812691.781155914,42117569.85731967,2025-09-01T11:00:00+00:00,1.0,892.2635120346825
67629335.99169885,43085171.72818261,2025-09-01T12:00:00+00:00,1.0,903.1695511712059
67554554.0471609,42995876.86291808,2025-09-01T13:00:00+00:00,1.0,902.1708606725513
66566975.20053548,41839770.89116788,2025-09-01T14:00:00+00:00,1.0,888.9820406054308
64364769.26171234,39427027.278502755,2025-09-01T15:00:00+00:00,1.0,859.5722390720231
60111791.77380461,35060260.51804703,2025-09-01T16:00:00+00:00,1.0,802.7749969792364
51464171.53369217,25728982.374301467,2025-09-01T17:00:00+00:00,1.0,687.2886155674696
30312190.435778435,9678405.821165439,2025-09-01T18:00:00+00:00,1.0,404.81023552054444
35418005.21272935,12669857.80386856,2025-09-02T07:00:00+00:00,1.0,472.99686448623316
53374895.53034807,27502745.08185916,2025-09-02T08:00:00+00:00,1.0,712.8057629586995
61003633.38609605,35882961.7965345,2025-09-02T09:00:00+00:00,1.0,814.6852749211429
64821505.416329496,39844601.78393457,2025-09-02T10:00:00+00:00,1.0,865.6718137864437
66783699.122195,42071949.97025609,2025-09-02T11:00:00+00:00,1.0,891.8763237472622
67602259.8150812,43042273.270456046,2025-09-02T12:00:00+00:00,1.0,902.8079569321739
67522128.89737065,42946166.885017306,2025-09-02T13:00:00+00:00,1.0,901.7378324969422
66520302.85219455,41774224.300140366,2025-09-02T14:00:00+00:00,1.0,888.3587453551688
64288563.92225131,39338473.833981074,2025-09-02T15:00:00+00:00,1.0,858.5545395599853
59972065.4837494,34897703.552522264,2025-09-02T16:00:00+00:00,1.0,800.9089941740054
51162837.79966844,25433567.89094418,2025-09-02T17:00:00+00:00,1.0,683.2643936921551
29483651.99071083,9235490.200066721,2025-09-02T18:00:00+00:00,1.0,393.7453524400504
35037404.41984201,12427373.569063988,2025-09-03T07:00:00+00:00,1.0,467.9140547521576
53232049.56247552,27351232.339725927,2025-09-03T08:00:00+00:00,1.0,710.8980977894644
60934351.37292733,35801849.08542138,2025-09-03T09:00:00+00:00,1.0,813.7600343606771
64780536.997139886,39791677.63314894,2025-09-03T10:00:00+00:00,1.0,865.1246928036896
66753844.292220704,42025428.22768927,2025-09-03T11:00:00+00:00,1.0,891.4776214238861
67574299.01453106,42997914.27789516,2025-09-03T12:00:00+00:00,1.0,902.4345488051762
67488654.3330839,42894818.306462,2025-09-03T13:00:00+00:00,1.0,901.2907897046489
66472209.06128029,41706950.001001365,2025-09-03T14:00:00+00:00,1.0,887.7164671645446
64210151.88351048,39247992.19535692,2025-09-03T15:00:00+00:00,1.0,857.5073702391963
59828280.80074611,34729725.08461979,2025-09-03T16:00:00+00:00,1.0,798.9887927449961
50851916.858807415,25132030.221204408,2025-09-03T17:00:00+00:00,1.0,679.1121375374852
28626668.737953708,8790076.436379228,2025-09-03T18:00:00+00:00,1.0,382.300597461985
34649868.38041731,12183554.497083783,2025-09-04T07:00:00+00:00,1.0,462.7386268752279
53086533.94669471,27197612.321899444,2025-09-04T08:00:00+00:00,1.0,708.9547802710363
60863619.423573166,35718455.3604274,2025-09-04T09:00:00+00:00,1.0,812.8154303361663
64738536.22357255,39737684.14094625,2025-09-04T10:00:00+00:00,1.0,864.5637850370304
66723093.893490136,41977787.792338036,2025-09-04T11:00:00+00:00,1.0,891.0669590476722
67545423.06550483,42952023.34517381,2025-09-04T12:00:00+00:00,1.0,902.0489191440387
67454099.88630866,42841792.33005184,2025-09-04T13:00:00+00:00,1.0,900.8293254047628
66422659.53686061,41638029.41403706,2025-09-04T14:00:00+00:00,1.0,887.0547480884026
64129486.106568865,39155555.117578395,2025-09-04T15:00:00+00:00,1.0,856.4301029189297
59680348.458214015,34555493.61249995,2025-09-04T16:00:00+00:00,1.0,797.0132005637666
50531144.47980163,24825168.157428183,2025-09-04T17:00:00+00:00,1.0,674.8283183734108
27740808.83208449,8343526.861182447,2025-09-04T18:00:00+00:00,1.0,370.4702034199344
34255205.91184287,11938822.897937616,2025-09-05T07:00:00+00:00,1.0,457.468027668835
52938252.567278974,27042040.610734098,2025-09-05T08:00:00+00:00,1.0,706.97452680661
60791380.82462449,35633554.17934397,2025-09-05T09:00:00+00:00,1.0,811.850705457065
64695461.708795376,39682483.12324973,2025-09-05T10:00:00+00:00,1.0,863.9885377777275
66691413.69081159,41928767.35797847,2025-09-05T11:00:00+00:00,1.0,890.643879417896
67515600.95958336,42904661.33267673,2025-09-05T12:00:00+00:00,1.0,901.6506538405836
67418434.85332604,42787103.28317793,2025-09-05T13:00:00+00:00,1.0,900.3530295582985
66371619.946492776,41567608.45026386,2025-09-05T14:00:00+00:00,1.0,886.3731296273157
64046519.60809664,39061154.00922274,2025-09-05T15:00:00+00:00,1.0,855.322110150853
59528178.75705678,34375313.547407635,2025-09-05T16:00:00+00:00,1.0,794.9810197256546
50200251.641173206,24512749.208315797,2025-09-05T17:00:00+00:00,1.0,670.4093434985779
26825749.264437485,7895765.9578665,2025-09-05T18:00:00+00:00,1.0,358.24985662977326
33853211.51223528,11692691.757151324,2025-09-06T07:00:00+00:00,1.0,452.09951271681604
52787102.75845954,26884236.349003006,2025-09-06T08:00:00+00:00,1.0,704.9559663255719
60717575.8872697,35547096.65605502,2025-09-06T09:00:00+00:00,1.0,810.8650625970905
64651270.45947004,39626171.458404794,2025-09-06T10:00:00+00:00,1.0,863.3983768625816
66658768.50197778,41878479.511357546,2025-09-06T11:00:00+00:00,1.0,890.2079126866839
67484801.12607594,42855889.62218037,2025-09-06T12:00:00+00:00,1.0,901.2393312777357
67381628.23511724,42730843.01187432,2025-09-06T13:00:00+00:00,1.0,899.861488182651
66319055.87134236,41495704.67810145,2025-09-06T14:00:00+00:00,1.0,885.6711521279744
63961205.42875093,38964705.276115954,2025-09-06T15:00:00+00:00,1.0,854.182764807047
59371681.54895488,34189058.5501479,2025-09-06T16:00:00+00:00,1.0,792.8910463268481
49858964.52897596,24193426.02606397,2025-09-06T17:00:00+00:00,1.0,665.8515562096175
25881302.250371784,7448501.221076329,2025-09-06T18:00:00+00:00,1.0,345.63704928381543
33443664.39282388,11445501.26373802,2025-09-07T07:00:00+00:00,1.0,446.6301334511686
52632974.85421057,26724635.121428628,2025-09-07T08:00:00+00:00,1.0,702.8976342709785
60642141.75906006,35458597.02831911,2025-09-07T09:00:00+00:00,1.0,809.8576623806032
64605917.771382324,39568808.297836035,2025-09-07T10:00:00+00:00,1.0,862.7927052802187
66625122.1282914,41827165.241813034,2025-09-07T11:00:00+00:00,1.0,889.7585754312279
67452991.37778337,42805569.34165171,2025-09-07T12:00:00+00:00,1.0,900.8145216050074
67343648.69006532,42673068.383138746,2025-09-07T13:00:00+00:00,1.0,899.3542827198852
66264932.7610044,41422166.78133684,2025-09-07T14:00:00+00:00,1.0,884.9483541800695
63873496.587445326,38866003.63348537,2025-09-07T15:00:00+00:00,1.0,853.0114394690985
59210766.18153504,33997119.17747437,2025-09-07T16:00:00+00:00,1.0,790.7420697320415
49507004.476961076,23856569.149299547,2025-09-07T17:00:00+00:00,1.0,661.151235002147
24907446.087382995,7003476.389821207,2025-09-07T18:00:00+00:00,1.0,332.63149155159186
33026328.74834325,11196936.068149423,2025-09-08T07:00:00+00:00,1.0,441.05674076312846
52475752.21056069,26562656.677908294,2025-09-08T08:00:00+00:00,1.0,700.7979728974543
60565012.48023644,35367553.84752643,2025-09-08T09:00:00+00:00,1.0,808.8276239347734
64559357.27650606,39510349.17736963,2025-09-08T10:00:00+00:00,1.0,862.1709037994858
66590437.38726219,41774736.740341626,2025-09-08T11:00:00+00:00,1.0,889.295371090587
67420138.93262425,42753690.16416866,2025-09-08T12:00:00+00:00,1.0,900.3757870275792
67304464.54650092,42613766.28750794,2025-09-08T13:00:00+00:00,1.0,898.8309902043393
66209215.938909605,41346901.42663327,2025-09-08T14:00:00+00:00,1.0,884.2042726884347
63783346.08265553,38765245.92129338,2025-09-08T15:00:00+00:00,1.0,851.8075064457122
59045341.49535903,33800059.41748567,2025-09-08T16:00:00+00:00,1.0,788.5328725341843
49144088.002976716,23510255.760477494,2025-09-08T17:00:00+00:00,1.0,656.3045940568434
23904361.551491544,6560414.268979777,2025-09-08T18:00:00+00:00,1.0,319.23559764278247
32600955.973880645,10946690.56978796,2025-09-09T07:00:00+00:00,1.0,435.3760146084449
52315311.95171318,26398266.69851094,2025-09-09T08:00:00+00:00,1.0,698.655341235484
60486119.40924912,35274120.670473814,2025-09-09T09:00:00+00:00,1.0,807.7740305722338
64511541.21667612,39450830.59137181,2025-09-09T10:00:00+00:00,1.0,861.5323346244086
66554676.304603234,41721092.95001575,2025-09-09T11:00:00+00:00,1.0,888.8177925294173
67386210.557007,42700377.05235257,2025-09-09T12:00:00+00:00,1.0,899.9226837207062
67264043.91654618,42552795.491564594,2025-09-09T13:00:00+00:00,1.0,898.2911847829472
66151870.70027589,41269956.66372231,2025-09-09T14:00:00+00:00,1.0,883.4384441810333
63690706.98845113,38662414.2691418,2025-09-09T15:00:00+00:00,1.0,850.5703390551649
58875315.93908422,33597889.7748194,2025-09-09T16:00:00+00:00,1.0,786.262232092475
48769927.068272986,23155410.144685593,2025-09-09T17:00:00+00:00,1.0,651.3077867023593
22872474.846789833,6120209.290455307,2025-09-09T18:00:00+00:00,1.0,305.4550593855476
32167289.039479915,10694662.163323186,2025-09-10T07:00:00+00:00,1.0,429.584522428949
52151526.501494765,26231700.44200853,2025-09-10T08:00:00+00:00,1.0,696.4680355434743
60405392.046318136,35178668.92772016,2025-09-10T09:00:00+00:00,1.0,806.6959407894991
64462420.95913953,39390076.09861607,2025-09-10T10:00:00+00:00,1.0,860.8763482791115
66517800.47257169,41666058.101181515,2025-09-10T11:00:00+00:00,1.0,888.3253268238658
67351172.83600533,42645698.999679424,2025-09-10T12:00:00+00:00,1.0,899.4547654381116
67222354.91513717,42490129.48535743,2025-09-10T13:00:00+00:00,1.0,897.7344406401962
66092862.50447414,41191319.60592962,2025-09-10T14:00:00+00:00,1.0,882.6504073781236
63595532.644622184,38557394.582961105,2025-09-10T15:00:00+00:00,1.0,849.2993141642795
58700597.79693057,33389240.190607466,2025-09-10T16:00:00+00:00,1.0,783.9289235701257
48384229.54287148,22792398.600389842,2025-09-10T17:00:00+00:00,1.0,646.1569116302235
21812507.72082996,5684246.275711927,2025-09-10T18:00:00+00:00,1.0,291.29951550253736
31725068.53317213,10441172.826901376,2025-09-11T07:00:00+00:00,1.0,423.6787998553939
51984265.68908277,26062243.65800262,2025-09-11T08:00:00+00:00,1.0,694.234317428985
60322759.13084508,35080971.66236531,2025-09-11T09:00:00+00:00,1.0,805.592402922611
64411947.67202274,39327829.786768295,2025-09-11T10:00:00+00:00,1.0,860.2022926284973
66479771.51382068,41609537.97076582,2025-09-11T11:00:00+00:00,1.0,887.8174614559481
67314992.51806305,42589592.46081727,2025-09-11T12:00:00+00:00,1.0,898.9715881151667
67179365.9336568,42425866.63209559,2025-09-11T13:00:00+00:00,1.0,897.1603356524656
66032157.207980886,41111010.92610851,2025-09-11T14:00:00+00:00,1.0,881.8397063031487
63497776.87415263,38449883.32667696,2025-09-11T15:00:00+00:00,1.0,847.9938150928357
58521095.425985634,33173359.678707317,2025-09-11T16:00:00+00:00,1.0,781.5317231034492
47986699.670466565,22422538.919553928,2025-09-11T17:00:00+00:00,1.0,640.8480191034463
20725534.80239118,5254079.534348834,2025-09-11T18:00:00+00:00,1.0,276.78331733962506
31274039.202723395,10186242.421634082,2025-09-12T07:00:00+00:00,1.0,417.65543807055957
51813398.961812876,25889761.653563723,2025-09-12T08:00:00+00:00,1.0,691.9524434002888
60238149.765904225,34980758.53174406,2025-09-12T09:00:00+00:00,1.0,804.462470164309
64360073.00268303,39264143.7956005,2025-09-12T10:00:00+00:00,1.0,859.5095219375261
66440551.5357904,41551781.697469,2025-09-12T11:00:00+00:00,1.0,887.2936903818066
67277636.84162979,42531853.90394698,2025-09-12T12:00:00+00:00,1.0,898.472714231175
67135045.88566092,42360067.75058863,2025-09-12T13:00:00+00:00,1.0,896.5684546696278
65969721.25330978,41029036.803410545,2025-09-12T14:00:00+00:00,1.0,881.0058928059575
63397394.129664905,38339317.61247367,2025-09-12T15:00:00+00:00,1.0,846.6532335692496
58336717.36141008,32952887.196517155,2025-09-12T16:00:00+00:00,1.0,779.0694092068583
47577038.285317354,22046034.629148893,2025-09-12T17:00:00+00:00,1.0,635.3771138530565
19613048.038386833,4831116.251516702,2025-09-12T18:00:00+00:00,1.0,261.9263894015377
30813955.691120423,9930735.368224174,2025-09-13T07:00:00+00:00,1.0,411.5111604049251
51638797.20068873,25715316.555434413,2025-09-13T08:00:00+00:00,1.0,689.620689111763
60151494.31790041,34877241.41439562,2025-09-13T09:00:00+00:00,1.0,803.3052125787978
64306749.60329854,39199090.400900036,2025-09-13T10:00:00+00:00,1.0,858.7974038902036
66400103.46715424,41492894.0233777,2025-09-13T11:00:00+00:00,1.0,886.7535185250434
67239073.75990517,42472581.546918064,2025-09-13T12:00:00+00:00,1.0,897.9577158106948
67089364.35410763,42292780.75590424,2025-09-13T13:00:00+00:00,1.0,895.9583914811332
65905521.75121151,40945340.64021975,2025-09-13T14:00:00+00:00,1.0,880.148527660416
63294339.50285136,38226276.0177435,2025-09-13T15:00:00+00:00,1.0,845.276969856448
58147372.21406975,32728023.512552984,2025-09-13T16:00:00+00:00,1.0,776.540761405836
47154942.62857785,21663641.928156115,2025-09-13T17:00:00+00:00,1.0,629.7401526252315
18477028.251952372,4416331.356914861,2025-09-13T18:00:00+00:00,1.0,246.75518498868158
30344586.609019116,9674883.222928805,2025-09-14T07:00:00+00:00,1.0,405.24287672301404
51460333.82581193,25538850.33423536,2025-09-14T08:00:00+00:00,1.0,687.2373641267702
60062724.937811755,34770373.73390083,2025-09-14T09:00:00+00:00,1.0,802.1197240626599
64251931.416596524,39132723.32005805,2025-09-14T10:00:00+00:00,1.0,858.0653234054012
66358391.22434461,41432638.249737486,2025-09-14T11:00:00+00:00,1.0,886.1964640003214
67199272.03125483,42411816.45405581,2025-09-14T12:00:00+00:00,1.0,897.4261756310676
67042291.62215502,42223964.58044558,2025-09-14T13:00:00+00:00,1.0,895.3297492274859
65839526.45055242,40860029.60686483,2025-09-14T14:00:00+00:00,1.0,879.2671801622828
63188568.610622674,38110855.33252434,2025-09-14T15:00:00+00:00,1.0,843.8644312316133
57952968.39944887,32498365.186088055,2025-09-14T16:00:00+00:00,1.0,773.9445566165768
46720105.894739605,21275135.071586687,2025-09-14T17:00:00+00:00,1.0,623.9330381241913
17320024.202993702,4011187.2003294327,2025-09-14T18:00:00+00:00,1.0,231.30374202716203
29865716.800567463,9418798.799595775,2025-09-15T07:00:00+00:00,1.0,398.84771368278666
51277885.16199874,25359766.89459486,2025-09-15T08:00:00+00:00,1.0,684.8008168001963
59971775.70632698,34660599.65387292,2025-09-15T09:00:00+00:00,1.0,800.9051242832187
64195573.73739099,39064996.83425589,2025-09-15T10:00:00+00:00,1.0,857.31268345874
66315379.726758525,41370992.36029965,2025-09-15T11:00:00+00:00,1.0,885.6220583167471
67158201.2026566,42349546.976645924,2025-09-15T12:00:00+00:00,1.0,896.8776870012874
66993798.62573141,42153574.24188505,2025-09-15T13:00:00+00:00,1.0,894.6821397667077
65771703.65071793,40773164.59766856,2025-09-15T14:00:00+00:00,1.0,878.3614269593791
63080037.44303863,37992869.62266028,2025-09-15T15:00:00+00:00,1.0,842.4150299551188
57753413.84973297,32263069.558291502,2025-09-15T16:00:00+00:00,1.0,771.2795653009313
46272216.840848275,20879940.69091666,2025-09-15T17:00:00+00:00,1.0,617.951613793376
16145239.498859774,3616535.7734076255,2025-09-15T18:00:00+00:00,1.0,215.61484373477137
29579319.383871205,9225065.514142076,2025-09-16T07:00:00+00:00,1.0,395.0229618572486
51256749.29562808,25258956.18318042,2025-09-16T08:00:00+00:00,1.0,684.518553627507
60010019.49163524,34624148.95989199,2025-09-16T09:00:00+00:00,1.0,801.4158585955502
64249487.07711969,39064019.47510073,2025-09-16T10:00:00+00:00,1.0,858.0326799828875
66372378.10936165,41371094.54122339,2025-09-16T11:00:00+00:00,1.0,886.3832546656117
67212888.18302037,42346875.962000094,2025-09-16T12:00:00+00:00,1.0,897.6080152646969
67041791.805018045,42143090.15143651,2025-09-16T13:00:00+00:00,1.0,895.3230743191476
65806213.17397774,40749223.77306628,2025-09-16T14:00:00+00:00,1.0,878.8222913191561
63086119.96797901,37942842.76227054,2025-09-16T15:00:00+00:00,1.0,842.4962602561196
57689938.26730913,32101157.454471797,2025-09-16T16:00:00+00:00,1.0,770.4318678860699
45992144.51058225,20558652.35284093,2025-09-16T17:00:00+00:00,1.0,614.2113316050012
15126313.206135562,3271211.067985804,2025-09-16T18:00:00+00:00,1.0,202.00738790245316
29283993.805903498,9029692.916067418,2025-09-17T07:00:00+00:00,1.0,391.0789771087575
51233296.80229149,25155348.873690654,2025-09-17T08:00:00+00:00,1.0,684.20535259471
60047300.73840604,34585499.332765065,2025-09-17T09:00:00+00:00,1.0,801.9137384936676
64302827.86195629,39061888.72262494,2025-09-17T10:00:00+00:00,1.0,858.7450302077592
66428940.97844868,41370266.85096569,2025-09-17T11:00:00+00:00,1.0,887.138634861772
67267163.89657685,42343195.457090154,2025-09-17T12:00:00+00:00,1.0,898.3328511829143
67089302.41404501,42131473.28710206,2025-09-17T13:00:00+00:00,1.0,895.9575642901425
65840017.97541266,40724242.02105309,2025-09-17T14:00:00+00:00,1.0,879.2737443297741
63090912.619330786,37890602.67138917,2025-09-17T15:00:00+00:00,1.0,842.5602646812448
57623386.59448234,31934733.703665037,2025-09-17T16:00:00+00:00,1.0,769.5430902040979
45701609.21710895,20230150.26896121,2025-09-17T17:00:00+00:00,1.0,610.3313196729351
14088184.593434235,2934860.4606847106,2025-09-17T18:00:00+00:00,1.0,188.1434908311209
28979456.40850514,8832509.489564065,2025-09-18T07:00:00+00:00,1.0,387.0119712674269
51207456.24939072,25049690.664903127,2025-09-18T08:00:00+00:00,1.0,683.860259740787
60083594.20185044,34543923.1991644,2025-09-18T09:00:00+00:00,1.0,802.3984268409549
64355583.787071206,39058812.87581122,2025-09-18T10:00:00+00:00,1.0,859.4495698059785
66485061.77561015,41368515.428983405,2025-09-18T11:00:00+00:00,1.0,887.8881113195839
67321025.50962003,42338626.98369178,2025-09-18T12:00:00+00:00,1.0,899.0521569126673
67136330.75616327,42118811.5404312,2025-09-18T13:00:00+00:00,1.0,896.5856137308234
65873120.852800764,40698254.0985217,2025-09-18T14:00:00+00:00,1.0,879.7158233547201
63094416.53020896,37836303.95751729,2025-09-18T15:00:00+00:00,1.0,842.6070583628226
57553730.28434578,31764794.210576043,2025-09-18T16:00:00+00:00,1.0,768.6128510195693
45400339.55785671,19894943.64545796,2025-09-18T17:00:00+00:00,1.0,606.3079534970138
13034552.453972632,2609514.046299049,2025-09-18T18:00:00+00:00,1.0,174.0725487977129
28665423.38645897,8633272.074318323,2025-09-19T07:00:00+00:00,1.0,382.8181541994994
51179157.25180976,24942291.70101064,2025-09-19T08:00:00+00:00,1.0,683.4823350936061
60118875.99209269,34499440.10731793,2025-09-19T09:00:00+00:00,1.0,802.8696045952613
64407743.648503296,39054909.92276326,2025-09-19T10:00:00+00:00,1.0,860.1461491520188
66540734.84924344,41365878.78456865,2025-09-19T11:00:00+00:00,1.0,888.6316085636254
67374470.99246594,42333257.81373075,2025-09-19T12:00:00+00:00,1.0,899.7659053481178
67182877.92241408,42105224.45393451,2025-09-19T13:00:00+00:00,1.0,897.2072372117163
65905525.46971448,40671172.10431571,2025-09-19T14:00:00+00:00,1.0,880.1485773199122
63096633.85616318,37779675.0599815,2025-09-19T15:00:00+00:00,1.0,842.6366700876432
57480941.46383128,31590356.327680077,2025-09-19T16:00:00+00:00,1.0,767.6407780960473
45088056.69927155,19554531.66218737,2025-09-19T17:00:00+00:00,1.0,602.1375093385682
11969996.495813536,2296415.0537725016,2025-09-19T18:00:00+00:00,1.0,159.85572243340843
28341608.202336427,8432215.849012503,2025-09-20T07:00:00+00:00,1.0,378.49369928333897
51148329.343445845,24832774.29536714,2025-09-20T08:00:00+00:00,1.0,683.0706375994312
60153123.063287325,34452195.0229238,2025-09-20T09:00:00+00:00,1.0,803.3269639862137
64459297.07269526,39049919.99123714,2025-09-20T10:00:00+00:00,1.0,860.8346297101338
66595955.30947738,41362581.09717128,2025-09-20T11:00:00+00:00,1.0,889.3690612911087
67427499.05871138,42327063.66701941,2025-09-20T12:00:00+00:00,1.0,900.4740793097133
67228945.80447683,42090754.81566555,2025-09-20T13:00:00+00:00,1.0,897.8224599956816
65937236.45496043,40643002.749301404,2025-09-20T14:00:00+00:00,1.0,880.5720680416624
63097568.01172807,37720283.00248251,2025-09-20T15:00:00+00:00,1.0,842.6491454557668
57404993.43913815,31412411.889642037,2025-09-20T16:00:00+00:00,1.0,766.626514945764
44764475.45104465,19208897.974212978,2025-09-20T17:00:00+00:00,1.0,597.8161785663045
10900090.39680996,1997781.2439312646,2025-09-20T18:00:00+00:00,1.0,145.56744653859587
28007719.24830798,8229037.132425599,2025-09-21T07:00:00+00:00,1.0,374.0347121836025
51114900.95104548,24720862.644969895,2025-09-21T08:00:00+00:00,1.0,682.6242114188734
60186312.76918819,34402786.664768174,2025-09-21T09:00:00+00:00,1.0,803.7702025799726
64510234.291031584,39043706.720418654,2025-09-21T10:00:00+00:00,1.0,861.5148810233899
66650718.91700248,41358511.335924566,2025-09-21T11:00:00+00:00,1.0,890.1004128873076
67480109.13068257,42319818.65549237,2025-09-21T12:00:00+00:00,1.0,901.1766710828289
67274537.12932776,42075335.26331072,2025-09-21T13:00:00+00:00,1.0,898.4313185006365
65968259.52350681,40613826.045443505,2025-09-21T14:00:00+00:00,1.0,880.9863718416983
63097223.93300197,37657285.39058807,2025-09-21T15:00:00+00:00,1.0,842.6445503873091
57325861.247672535,31231116.32928479,2025-09-21T16:00:00+00:00,1.0,765.5697282007503
44429305.51016375,18857248.1083684,2025-09-21T17:00:00+00:00,1.0,593.340084270356
9831504.211965753,1716340.945143812,2025-09-21T18:00:00+00:00,1.0,131.29679770253483
27663458.19365915,8023856.032520589,2025-09-22T07:00:00+00:00,1.0,369.4372087828365
51078798.61908998,24603298.767321873,2025-09-22T08:00:00+00:00,1.0,682.1420755754568
60218422.553021036,34351506.8047579,2025-09-22T09:00:00+00:00,1.0,804.1990191375572
64560545.99648006,39036527.25018352,2025-09-22T10:00:00+00:00,1.0,862.1867787991505
66705022.02541882,41353622.194525234,2025-09-22T11:00:00+00:00,1.0,890.8256146556962
67532301.34147057,42311395.71544452,2025-09-22T12:00:00+00:00,1.0,901.8736824448529
67319655.51859553,42058887.77921679,2025-09-22T13:00:00+00:00,1.0,899.0338610923598
65998601.61167559,40583604.81242172,2025-09-22T14:00:00+00:00,1.0,881.3915813525169
63095608.346305616,37591710.26403631,2025-09-22T15:00:00+00:00,1.0,842.6229747102717
57243522.2181665,31046094.64767336,2025-09-22T16:00:00+00:00,1.0,764.4701150930463
44082252.79096118,18498633.337466553,2025-09-22T17:00:00+00:00,1.0,588.7052990245796
8772081.35269511,1454118.093434104,2025-09-22T18:00:00+00:00,1.0,117.14852233834343
27308519.177857485,7817912.613391801,2025-09-23T07:00:00+00:00,1.0,364.69710440515183
51039946.53140381,24477862.61891352,2025-09-23T08:00:00+00:00,1.0,681.6232175668288
60249429.78590671,34297843.11853144,2025-09-23T09:00:00+00:00,1.0,804.6131114570768
64610223.28556807,39028094.56121313,2025-09-23T10:00:00+00:00,1.0,862.8502041341995
66758861.57470815,41347881.241571054,2025-09-23T11:00:00+00:00,1.0,891.5446257305989
67584076.56694438,42301912.01484961,2025-09-23T12:00:00+00:00,1.0,902.5651250927422
67364305.56151885,42041461.6380108,2025-09-23T13:00:00+00:00,1.0,899.6301490587343
66028271.0100766,40552402.26176292,2025-09-23T14:00:00+00:00,1.0,881.7878072926966
63092730.01593291,37523391.65417156,2025-09-23T15:00:00+00:00,1.0,842.5845354691962
57157956.47813209,30856945.75969659,2025-09-23T16:00:00+00:00,1.0,763.3274102314573
43723020.709856614,18135020.120358072,2025-09-23T17:00:00+00:00,1.0,583.9078620440313
7730869.24897202,1212679.3894438748,2025-09-23T18:00:00+00:00,1.0,103.2434461668261
26942588.830008786,7610875.902384076,2025-09-24T07:00:00+00:00,1.0,359.8102140759693
50998266.27936038,24347921.22548469,2025-09-24T08:00:00+00:00,1.0,681.0665902692372
60279311.72265558,34241121.974658415,2025-09-24T09:00:00+00:00,1.0,805.0121757833228
64659257.66116978,39018215.74824189,2025-09-24T10:00:00+00:00,1.0,863.5050435519487
66812235.11623992,41341217.25886819,2025-09-24T11:00:00+00:00,1.0,892.2574134113183
67635436.46831979,42291545.9576072,2025-09-24T12:00:00+00:00,1.0,903.2510212115413
67408492.88025554,42023136.743511744,2025-09-24T13:00:00+00:00,1.0,900.2202574820395
66057277.46861969,40520264.113224305,2025-09-24T14:00:00+00:00,1.0,882.1751798694012
63088599.93402302,37451787.52656375,2025-09-24T15:00:00+00:00,1.0,842.5293794607832
57069147.3573196,30663663.4007978,2025-09-24T16:00:00+00:00,1.0,762.1413909898457
43351311.29814793,17766507.766767867,2025-09-24T17:00:00+00:00,1.0,578.9437940457753
6718076.01120615,992685.0897996363,2025-09-24T18:00:00+00:00,1.0,89.7178954488012
26565346.89087942,7402384.846851434,2025-09-25T07:00:00+00:00,1.0,354.7722608290496
50953676.78966949,24215136.40848249,2025-09-25T08:00:00+00:00,1.0,680.471110973154
60308045.52823182,34181032.68618397,2025-09-25T09:00:00+00:00,1.0,805.395907161226
64707641.06656813,39007082.718926616,2025-09-25T10:00:00+00:00,1.0,864.1511894573657
66865140.847029164,41333586.34155613,2025-09-25T11:00:00+00:00,1.0,892.963953619519
67686383.52907605,42280343.05603555,2025-09-25T12:00:00+00:00,1.0,903.9314039673532
67452224.17522755,42003938.55664283,2025-09-25T13:00:00+00:00,1.0,900.804275844396
66085632.26320473,40487159.90125692,2025-09-25T14:00:00+00:00,1.0,882.5538496688753
63083231.44234042,37376296.625015855,2025-09-25T15:00:00+00:00,1.0,842.4576848603097
56977081.66795822,30465153.451305058,2025-09-25T16:00:00+00:00,1.0,760.9118812494326
42966826.12359022,17393197.05831285,2025-09-25T17:00:00+00:00,1.0,573.8091095564977
5744918.720453154,795835.9398225703,2025-09-25T18:00:00+00:00,1.0,76.72167094622228
26176467.29187492,7192605.907374575,2025-09-26T07:00:00+00:00,1.0,349.5788901158461
50906094.34025283,24078898.42953925,2025-09-26T08:00:00+00:00,1.0,679.8356615952638
60335608.33966569,34118297.37116547,2025-09-26T09:00:00+00:00,1.0,805.7640002626229
64755365.93322753,38994788.770069234,2025-09-26T10:00:00+00:00,1.0,864.7885407749258
66917577.6459202,41325038.76631306,2025-09-26T11:00:00+00:00,1.0,893.6642313824693
67736921.08455202,42268270.250082724,2025-09-26T12:00:00+00:00,1.0,904.6063179026817
67495507.25442414,41983889.177145496,2025-09-26T13:00:00+00:00,1.0,901.3823084191351
66113348.23561125,40453068.09565792,2025-09-26T14:00:00+00:00,1.0,882.9239881892646
63076640.31283901,37297735.7034406,2025-09-26T15:00:00+00:00,1.0,842.3696622975344
56881749.91227401,30263507.67983024,2025-09-26T16:00:00+00:00,1.0,759.6387541703263
42569267.142438024,17014749.97805825,2025-09-26T17:00:00+00:00,1.0,568.4998282911054
4823324.359177097,622911.5274678842,2025-09-26T18:00:00+00:00,1.0,64.41405394200159
25775619.525741216,6980166.290696712,2025-09-27T07:00:00+00:00,1.0,344.225688110863
50855432.59500147,23939110.5769137,2025-09-27T08:00:00+00:00,1.0,679.1590891426557
60361977.33405063,34053045.94412814,2025-09-27T09:00:00+00:00,1.0,806.1161502944752
64802425.23058045,38981410.23078014,2025-09-27T10:00:00+00:00,1.0,865.4170036135143
66969545.10833281,41315602.989605166,2025-09-27T11:00:00+00:00,1.0,894.3582412971764
67787053.34909406,42255411.49592779,2025-09-27T12:00:00+00:00,1.0,905.2758192987928
67538351.059059,41963009.13617065,2025-09-27T13:00:00+00:00,1.0,901.9544746134939
66140439.828496486,40417986.92605484,2025-09-27T14:00:00+00:00,1.0,883.2857883079216
63068844.821882755,37215903.95473145,2025-09-27T15:00:00+00:00,1.0,842.2655558477841
56783146.495027564,30058444.48124864,2025-09-27T16:00:00+00:00,1.0,758.3219350297439
42158337.6722786,16632692.987861965,2025-09-27T17:00:00+00:00,1.0,563.0119881447521
3965444.890268912,474106.37051312084,2025-09-27T18:00:00+00:00,1.0,52.95733026534399
25362470.091081616,6765453.951101337,2025-09-28T07:00:00+00:00,1.0,338.7082010026903
50801602.57465814,23796747.150346585,2025-09-28T08:00:00+00:00,1.0,678.4402053239633
60387129.76769445,33984875.19390976,2025-09-28T09:00:00+00:00,1.0,806.4520535215562
64848812.49821347,38966629.42396799,2025-09-28T10:00:00+00:00,1.0,866.0364916962309
67021043.571992986,41305241.19669575,2025-09-28T11:00:00+00:00,1.0,895.0459878738449
67836785.43944296,42241783.792059146,2025-09-28T12:00:00+00:00,1.0,905.939976488276
67580765.69138448,41941303.97675703,2025-09-28T13:00:00+00:00,1.0,902.520909340076
66166923.13099737,40381985.92453066,2025-09-28T14:00:00+00:00,1.0,883.6394648904466
63059865.849885195,37129251.60336529,2025-09-28T15:00:00+00:00,1.0,842.145644362791
56681269.99823924,29850040.60768841,2025-09-28T16:00:00+00:00,1.0,756.9614048910174
41733743.64439674,16247737.913544938,2025-09-28T17:00:00+00:00,1.0,557.3416619176971
3182959.0107892556,349072.5683761762,2025-09-28T18:00:00+00:00,1.0,42.507465421864616
24936683.72448099,6550165.742301692,2025-09-29T07:00:00+00:00,1.0,333.021951448732
50744512.43654512,23650071.25480927,2025-09-29T08:00:00+00:00,1.0,677.6777836077102
60411042.930829264,33914111.138557814,2025-09-29T09:00:00+00:00,1.0,806.771406661708
64894521.832927234,38950587.84039519,2025-09-29T10:00:00+00:00,1.0,866.6469261875905
67072074.11692487,41294065.40593392,2025-09-29T11:00:00+00:00,1.0,895.7274855358605
67886123.38478135,42227361.21100346,2025-09-29T12:00:00+00:00,1.0,906.5988699890648
67622762.43954787,41918769.824838065,2025-09-29T13:00:00+00:00,1.0,903.0817633486549
66192815.933537245,40345103.72585087,2025-09-29T14:00:00+00:00,1.0,883.985255522676
63049727.01169016,37038724.61498664,2025-09-29T15:00:00+00:00,1.0,842.0102432116691
56576123.540476814,29634739.781211264,2025-09-29T16:00:00+00:00,1.0,755.5572054016573
41295195.22922014,15858684.954211246,2025-09-29T17:00:00+00:00,1.0,551.4849790227023
2486161.6820706306,245725.69090954796,2025-09-29T18:00:00+00:00,1.0,33.201945540472956
24497924.203368593,6334238.466322617,2025-09-30T07:00:00+00:00,1.0,327.16244929712576
50684066.996627994,23499660.00819947,2025-09-30T08:00:00+00:00,1.0,676.8705528395792
60433693.98435146,33840270.92898051,2025-09-30T09:00:00+00:00,1.0,807.0739047055563
64939547.81194092,38933048.34737927,2025-09-30T10:00:00+00:00,1.0,867.2482346680237
67122638.52675067,41281852.02397363,2025-09-30T11:00:00+00:00,1.0,896.4027581029636
67935074.11515306,42212163.55452167,2025-09-30T12:00:00+00:00,1.0,907.252592349806
67664353.79425287,41895489.720935114,2025-09-30T13:00:00+00:00,1.0,903.6372034488977
66218137.78920036,40307401.69994982,2025-09-30T14:00:00+00:00,1.0,884.3234213301427
63038454.81857658,36944578.87086222,2025-09-30T15:00:00+00:00,1.0,841.8597064446667
56467715.23099568,29415706.05103817,2025-09-30T16:00:00+00:00,1.0,754.109444858385
40842408.89978489,15465500.741408946,2025-09-30T17:00:00+00:00,1.0,545.4381530419971
1882894.9266392763,164653.20445631832,2025-09-30T18:00:00+00:00,1.0,25.1454984861013
24045854.70986333,6117611.733138898,2025-10-01T07:00:00+00:00,1.0,321.12519644582227
50620166.976330735,23346083.81792677,2025-10-01T08:00:00+00:00,1.0,676.0171871838951
60455059.68094817,33763799.41310167,2025-10-01T09:00:00+00:00,1.0,807.3592371921544
64983885.3543058,38914307.141717166,2025-10-01T10:00:00+00:00,1.0,867.8403492829191
67172739.21499257,41268735.825638734,2025-10-01T11:00:00+00:00,1.0,897.071837807046
67983645.42990011,42196209.23047186,2025-10-01T12:00:00+00:00,1.0,907.9012477283628
67705553.45778747,41871489.55954597,2025-10-01T13:00:00+00:00,1.0,904.1874126307168
66242910.08163894,40268923.13154337,2025-10-01T14:00:00+00:00,1.0,884.6542478851354
63026078.870358326,36846556.89364739,2025-10-01T15:00:00+00:00,1.0,841.6944293584211
56356058.71417353,29193338.088668976,2025-10-01T16:00:00+00:00,1.0,752.6183054777404
40375109.94749261,15065129.200661475,2025-10-01T17:00:00+00:00,1.0,539.1975153244216
1377449.8164233814,104789.26335947111,2025-10-01T18:00:00+00:00,1.0,18.395430240697152
23580137.979427796,5900891.229822712,2025-10-02T07:00:00+00:00,1.0,314.90568882783117
50552708.023174345,23189846.901076153,2025-10-02T08:00:00+00:00,1.0,675.1162930445349
60475115.99532727,33685116.58252461,2025-10-02T09:00:00+00:00,1.0,807.6270832709199
65027529.53428257,38893873.389127575,2025-10-02T10:00:00+00:00,1.0,868.4232042505625
67222379.1230186,41254854.49696947,2025-10-02T11:00:00+00:00,1.0,897.7347639292165
68031845.94884448,42179446.00496749,2025-10-02T12:00:00+00:00,1.0,908.5449512399109
67746376.34357081,41846806.81521487,2025-10-02T13:00:00+00:00,1.0,904.7325900583623
66267156.0918036,40229637.2724311,2025-10-02T14:00:00+00:00,1.0,884.9780460978099
63012632.06019957,36744610.85378422,2025-10-02T15:00:00+00:00,1.0,841.5148512312837
56241173.7784128,28967375.18710397,2025-10-02T16:00:00+00:00,1.0,751.0840515279435
39893035.4121897,14655171.540126318,2025-10-02T17:00:00+00:00,1.0,532.7595541157785
969656.5398703591,63022.363559146936,2025-10-02T18:00:00+00:00,1.0,12.94947302177291
23100436.46705262,5683866.602880363,2025-10-03T07:00:00+00:00,1.0,308.4994186305071
50481579.579567835,23031239.38777841,2025-10-03T08:00:00+00:00,1.0,674.1663939578979
60493837.694165304,33603853.45002207,2025-10-03T09:00:00+00:00,1.0,807.877105958415
65070475.36029448,38871815.31770908,2025-10-03T10:00:00+00:00,1.0,868.9967329099185
67271561.59170656,41240314.78497142,2025-10-03T11:00:00+00:00,1.0,898.3915810858344
68079685.04003857,42161864.02454773,2025-10-03T12:00:00+00:00,1.0,909.1838279919626
67786838.55145206,41821470.64428736,2025-10-03T13:00:00+00:00,1.0,905.2729507405567
66290901.03613836,40189519.481547706,2025-10-03T14:00:00+00:00,1.0,885.2951527261956
62998150.743785195,36638851.87551429,2025-10-03T15:00:00+00:00,1.0,841.3214575826112
56123086.920577236,28736289.889228575,2025-10-03T16:00:00+00:00,1.0,749.5070368666869
39395937.17615895,14239756.445396716,2025-10-03T17:00:00+00:00,1.0,526.120955878197
654441.3905566612,37049.977861422034,2025-10-03T18:00:00+00:00,1.0,8.739868997818638
22606412.919289973,5467534.834881857,2025-10-04T07:00:00+00:00,1.0,301.90188193496596
50406663.676612355,22868649.216041517,2025-10-04T08:00:00+00:00,1.0,673.1659144846791
60511197.87794842,33519622.21987106,2025-10-04T09:00:00+00:00,1.0,808.1089460196132
65112717.532152794,38847555.96131027,2025-10-04T10:00:00+00:00,1.0,869.5608644785398
67320290.20953505,41225121.59615938,2025-10-04T11:00:00+00:00,1.0,899.0423371999954
68127172.71735527,42143511.000769734,2025-10-04T12:00:00+00:00,1.0,909.8180117168209
67826957.30207883,41795468.190217815,2025-10-04T13:00:00+00:00,1.0,905.8087246538212
66314172.045308456,40148617.90288742,2025-10-04T14:00:00+00:00,1.0,885.6059300922689
62982674.81619585,36528706.2227252,2025-10-04T15:00:00+00:00,1.0,841.1147811991906
56001831.754992865,28502940.943245355,2025-10-04T16:00:00+00:00,1.0,747.887710403219
38883584.945553534,13822000.133013936,2025-10-04T17:00:00+00:00,1.0,519.2786451062119
22097732.106790774,5250921.374453826,2025-10-05T07:00:00+00:00,1.0,295.1086018535104
50327833.888745666,22701146.02851401,2025-10-05T08:00:00+00:00,1.0,672.113166249265
60527167.60578765,33432300.905541137,2025-10-05T09:00:00+00:00,1.0,808.3222169576374
65154250.238559194,38821180.15891719,2025-10-05T10:00:00+00:00,1.0,870.1155213482838
67368568.67468344,41209038.95550122,2025-10-05T11:00:00+00:00,1.0,899.6870816597616
68174319.53280187,42124429.78088504,2025-10-05T12:00:00+00:00,1.0,910.447643333348
67866750.84559265,41768812.84018877,2025-10-05T13:00:00+00:00,1.0,906.3401555234104
66336998.089809865,40106708.43303875,2025-10-05T14:00:00+00:00,1.0,885.9107650882642
62966247.68829911,36413487.95681083,2025-10-05T15:00:00+00:00,1.0,840.8954018202419
55877449.230458714,28267735.9557813,2025-10-05T16:00:00+00:00,1.0,746.2266189965085
38355768.9903436,13402222.793512573,2025-10-05T17:00:00+00:00,1.0,512.2298209180589
21574065.01857627,5031875.393823102,2025-10-06T07:00:00+00:00,1.0,288.1151845429553
50244954.85572564,22529573.348804243,2025-10-06T08:00:00+00:00,1.0,671.0063415561677
60541715.801281266,33342092.782840457,2025-10-06T09:00:00+00:00,1.0,808.5165037564188
65195067.11887002,38792919.62222645,2025-10-06T10:00:00+00:00,1.0,870.6606185746386
67416400.76462965,41192094.14147662,2025-10-06T11:00:00+00:00,1.0,900.3258649122448
68221136.54154372,42104636.743647695,2025-10-06T12:00:00+00:00,1.0,911.0728704800097
67906238.4188204,41741552.52007853,2025-10-06T13:00:00+00:00,1.0,906.867500251331
66359409.93234577,40063357.67229707,2025-10-06T14:00:00+00:00,1.0,886.2100685409283
62948916.26258389,36294308.57209586,2025-10-06T15:00:00+00:00,1.0,840.663945814428
55749987.801221974,28030983.44818901,2025-10-06T16:00:00+00:00,1.0,744.5244097385373
37812302.95468134,12980539.009453697,2025-10-06T17:00:00+00:00,1.0,504.97199458708525
21035097.10809406,4812068.528323244,2025-10-07T07:00:00+00:00,1.0,280.9174293281762
50157882.88656805,22354707.80800349,2025-10-07T08:00:00+00:00,1.0,669.843521455227
60554809.684542745,33249356.565384213,2025-10-07T09:00:00+00:00,1.0,808.6913686504197
65235161.54490757,38762892.15005757,2025-10-07T10:00:00+00:00,1.0,871.1960676403401
67463790.53019224,41174394.68200887,2025-10-07T11:00:00+00:00,1.0,900.9587410549085
68267635.4428683,42084165.74043416,2025-10-07T12:00:00+00:00,1.0,911.6938493972881
67945440.35333925,41713728.47940428,2025-10-07T13:00:00+00:00,1.0,907.3910303597698
66381440.222205065,40018900.95861051,2025-10-07T14:00:00+00:00,1.0,886.5042764717413
62930731.06082593,36171743.80174839,2025-10-07T15:00:00+00:00,1.0,840.4210878849543
55619503.80867373,27792700.532825902,2025-10-07T16:00:00+00:00,1.0,742.7818350517252
37253027.345856585,12559058.981489088,2025-10-07T17:00:00+00:00,1.0,497.50303613590614
20480541.493236646,4592639.545647251,2025-10-08T07:00:00+00:00,1.0,273.5115049844666
50066467.910862245,22176085.470075596,2025-10-08T08:00:00+00:00,1.0,668.6227018010379
60566415.84713419,33154237.946013723,2025-10-08T09:00:00+00:00,1.0,808.8463654798968
65274527.29584283,38730408.4484928,2025-10-08T10:00:00+00:00,1.0,871.7217854679832
67510742.7714563,41155909.67254037,2025-10-08T11:00:00+00:00,1.0,901.5857741914501
68313828.95058832,42063102.205785535,2025-10-08T12:00:00+00:00,1.0,912.3107498742952
67984378.3923319,41685371.69399432,2025-10-08T13:00:00+00:00,1.0,907.9110362223894
66403123.80305261,39973388.17348221,2025-10-08T14:00:00+00:00,1.0,886.7938542074397
62911746.60634812,36045789.23290911,2025-10-08T15:00:00+00:00,1.0,840.167556174514
55486062.24512844,27553005.145427674,2025-10-08T16:00:00+00:00,1.0,740.9997628890079
36677814.14036774,12137008.631030973,2025-10-08T17:00:00+00:00,1.0,489.82123584892656
19910156.67493399,4373022.928911464,2025-10-09T07:00:00+00:00,1.0,265.894186363967
49970556.52534415,21993152.775966033,2025-10-09T08:00:00+00:00,1.0,667.3418339388899
60576501.82646522,33056908.781215668,2025-10-09T09:00:00+00:00,1.0,808.981060716677
65313159.52935602,38696468.945322126,2025-10-09T10:00:00+00:00,1.0,872.2377073899129
67557263.72409678,41136628.370987184,2025-10-09T11:00:00+00:00,1.0,902.2070475974537
68359731.33230573,42041358.192733355,2025-10-09T12:00:00+00:00,1.0,912.9237624506553
68023076.15939698,41656482.771850385,2025-10-09T13:00:00+00:00,1.0,908.4278333252742
66424498.17490525,39926777.520920455,2025-10-09T14:00:00+00:00,1.0,887.0793025494726
62892021.98775305,35915077.21708507,2025-10-09T15:00:00+00:00,1.0,839.9041397936994
55349737.79921159,27311996.394951023,2025-10-09T16:00:00+00:00,1.0,739.1791906945945
36086572.313858084,11716023.601060241,2025-10-09T17:00:00+00:00,1.0,481.92537812309706
19323766.78390413,4153310.1026262813,2025-10-10T07:00:00+00:00,1.0,258.06312478504447
49869995.37857512,21806447.343773272,2025-10-10T08:00:00+00:00,1.0,665.9988699061939
60585037.79016945,32956390.4039692,2025-10-10T09:00:00+00:00,1.0,809.0950559584719
65351055.79696627,38660601.57145727,2025-10-10T10:00:00+00:00,1.0,872.7438007073541
67603361.76312536,41116437.92892399,2025-10-10T11:00:00+00:00,1.0,902.8226731186573
68405358.95250322,42018953.13332304,2025-10-10T12:00:00+00:00,1.0,913.5331056691233
68061559.61998653,41627103.714219235,2025-10-10T13:00:00+00:00,1.0,908.9417684293147
66445603.93540113,39879027.16531778,2025-10-10T14:00:00+00:00,1.0,887.3611636672107
62871621.37936387,35780881.90551536,2025-10-10T15:00:00+00:00,1.0,839.6316957714283
55210615.821265705,27069676.527614027,2025-10-10T16:00:00+00:00,1.0,737.3212582968189
35479253.47436983,11296696.998563116,2025-10-10T17:00:00+00:00,1.0,473.8148166983221
18721281.983886283,3934074.1610530633,2025-10-11T07:00:00+00:00,1.0,250.01712051130025
49764634.00588833,21615517.068447992,2025-10-11T08:00:00+00:00,1.0,664.5918002923029
60591997.891684934,32853216.687893026,2025-10-11T09:00:00+00:00,1.0,809.1880060321052
65388216.82688948,38622344.15371626,2025-10-11T10:00:00+00:00,1.0,873.2400751454321
67649047.91846652,41095514.91180515,2025-10-11T11:00:00+00:00,1.0,903.4327980564582
68450730.64319903,41996013.907073945,2025-10-11T12:00:00+00:00,1.0,914.139031025614
68099857.36578418,41597295.640676156,2025-10-11T13:00:00+00:00,1.0,909.4532233678493
66466485.01423116,39829920.24285175,2025-10-11T14:00:00+00:00,1.0,887.640024228505
62850614.27951553,35644896.78998294,2025-10-11T15:00:00+00:00,1.0,839.351152237116
55068792.809158154,26825439.914210398,2025-10-11T16:00:00+00:00,1.0,735.427254395812
34855856.654511854,10879881.747128261,2025-10-11T17:00:00+00:00,1.0,465.48953865534304
18102717.57389777,3716084.3820264796,2025-10-12T07:00:00+00:00,1.0,241.756377856541
49654326.57339202,21420432.632818744,2025-10-12T08:00:00+00:00,1.0,663.1186775292738
60597361.05117885,32747773.365366787,2025-10-12T09:00:00+00:00,1.0,809.2596294227842
65424646.92930819,38581669.52760728,2025-10-12T10:00:00+00:00,1.0,873.7265882653212
67694336.09977987,41073919.71760648,2025-10-12T11:00:00+00:00,1.0,904.0376081701401
68495867.82151683,41972613.752479434,2025-10-12T12:00:00+00:00,1.0,914.7418245394746
68138000.65059963,41567048.03522658,2025-10-12T13:00:00+00:00,1.0,909.962615526178
66487188.62922323,39779524.55694923,2025-10-12T14:00:00+00:00,1.0,887.9165148133523
62829075.38259701,35507263.602673925,2025-10-12T15:00:00+00:00,1.0,839.0635067120394
54924376.29513976,26578426.492742557,2025-10-12T16:00:00+00:00,1.0,733.4986150526207
34216431.96953365,10465641.309408654,2025-10-12T17:00:00+00:00,1.0,456.9502132683526
17468211.836441927,3499761.967104241,2025-10-13T07:00:00+00:00,1.0,233.28274354222933
49538932.57623656,21221217.28413961,2025-10-13T08:00:00+00:00,1.0,661.5776252168306
60601111.21744119,32640186.352128655,2025-10-13T09:00:00+00:00,1.0,809.309711771379
65460354.07346346,38538610.8017229,2025-10-13T10:00:00+00:00,1.0,874.2034464938907
67739243.08050798,41051642.21228387,2025-10-13T11:00:00+00:00,1.0,904.6373274640464
68540794.40771806,41948774.97017641,2025-10-13T12:00:00+00:00,1.0,915.3418056586371
68176023.24141777,41536360.66739599,2025-10-13T13:00:00+00:00,1.0,910.4703958522769
66507765.048792005,39727338.580870785,2025-10-13T14:00:00+00:00,1.0,888.1913067413393
62807084.211300604,35366464.71208858,2025-10-13T15:00:00+00:00,1.0,838.7698211979299
54777484.351913,26317040.09585427,2025-10-13T16:00:00+00:00,1.0,731.5369170928611
33561083.65256377,10055055.191305462,2025-10-13T17:00:00+00:00,1.0,448.1982325395738
16818043.851410452,3284583.1258192975,2025-10-14T07:00:00+00:00,1.0,224.59994459682548
49418316.909525685,21018374.181207985,2025-10-14T08:00:00+00:00,1.0,659.9668390695242
60603237.33830052,32529874.470139686,2025-10-14T09:00:00+00:00,1.0,809.3381054794368
65495349.79949598,38492123.006790794,2025-10-14T10:00:00+00:00,1.0,874.6708039462687
67783788.37633719,41028481.99038893,2025-10-14T11:00:00+00:00,1.0,905.2322165643432
68585536.67178158,41924523.29490025,2025-10-14T12:00:00+00:00,1.0,915.9393252107533
68213961.22199991,41505280.68996092,2025-10-14T13:00:00+00:00,1.0,910.9770462339716
66528267.328356676,39673365.06434143,2025-10-14T14:00:00+00:00,1.0,888.465108551782
62784724.747988045,35222834.10206638,2025-10-14T15:00:00+00:00,1.0,838.47121725411
54628245.14929568,26051247.157926667,2025-10-14T16:00:00+00:00,1.0,729.5438721861059
32889973.546691738,9647524.612231739,2025-10-14T17:00:00+00:00,1.0,439.2357578350976
16152652.32562022,3071320.258334865,2025-10-15T07:00:00+00:00,1.0,215.71383981864705
49292349.71113721,20811794.049393732,2025-10-15T08:00:00+00:00,1.0,658.284584817533
60603733.253191344,32415212.374376204,2025-10-15T09:00:00+00:00,1.0,809.3447282744561
65529649.106190555,38442487.00730685,2025-10-15T10:00:00+00:00,1.0,875.1288609266891
67827994.13050911,41004556.19181063,2025-10-15T11:00:00+00:00,1.0,905.8225711873623
68630123.11257502,41899894.1772423,2025-10-15T12:00:00+00:00,1.0,916.5347637897218
68251852.85713936,41473909.94253743,2025-10-15T13:00:00+00:00,1.0,911.4830776861584
66548751.14858464,39617493.70765926,2025-10-15T14:00:00+00:00,1.0,888.7386638432863
62762085.245500565,35077470.81588573,2025-10-15T15:00:00+00:00,1.0,838.1688734708893
54476796.88190639,25782519.3961713,2025-10-15T16:00:00+00:00,1.0,727.5213258801513
32203325.88960492,9243593.493701905,2025-10-15T17:00:00+00:00,1.0,430.06578378211594
15485814.721606327,2862908.343615401,2025-10-16T07:00:00+00:00,1.0,206.80842309837286
49174369.21834692,20606656.220695965,2025-10-16T08:00:00+00:00,1.0,656.7089906296246
60612871.443029635,32303068.780283228,2025-10-16T09:00:00+00:00,1.0,809.4667660660951
65571813.34834515,38395292.84986115,2025-10-16T10:00:00+00:00,1.0,875.6919517674376
67879557.82211925,40983979.65632802,2025-10-16T11:00:00+00:00,1.0,906.5111888637626
68681945.37389289,41879378.12462828,2025-10-16T12:00:00+00:00,1.0,917.2268345872402
68297249.60150856,41446866.38304357,2025-10-16T13:00:00+00:00,1.0,912.0893376269975
66577443.47503625,39564643.24126419,2025-10-16T14:00:00+00:00,1.0,889.1218412798731
62748810.49665294,34936207.15819719,2025-10-16T15:00:00+00:00,1.0,837.9915931711221
54335460.27016861,25517078.221753743,2025-10-16T16:00:00+00:00,1.0,725.6338177105771
31517052.388304375,8849890.991109857,2025-10-16T17:00:00+00:00,1.0,420.9008064677469
14817914.71819551,2660167.548400067,2025-10-17T07:00:00+00:00,1.0,197.8888183519677
49064685.95336344,20402943.13744587,2025-10-17T08:00:00+00:00,1.0,655.2442034370148
60630932.84246249,32194321.535577957,2025-10-17T09:00:00+00:00,1.0,809.7079706525473
65622068.41124832,38351087.8870638,2025-10-17T10:00:00+00:00,1.0,876.3630930989347
67938679.7190664,40967195.29522757,2025-10-17T11:00:00+00:00,1.0,907.3007441114662
68741201.55919701,41863062.12048646,2025-10-17T12:00:00+00:00,1.0,918.0181832157767
68350370.17722136,41424268.58929226,2025-10-17T13:00:00+00:00,1.0,912.7987470248486
66614615.424347796,39514915.416221,2025-10-17T14:00:00+00:00,1.0,889.6182615431143
62745282.30966346,34798919.18025047,2025-10-17T15:00:00+00:00,1.0,837.9444752893036
54204836.107416645,25256028.204858396,2025-10-17T16:00:00+00:00,1.0,723.8893710926485
30831896.735003494,8464987.561107138,2025-10-17T17:00:00+00:00,1.0,411.7507576789942
14136571.420391968,2461452.7310141316,2025-10-18T07:00:00+00:00,1.0,188.78968243044963
48949879.33815651,20195225.367206044,2025-10-18T08:00:00+00:00,1.0,653.7109954347792
60647752.72050853,32083653.834790293,2025-10-18T09:00:00+00:00,1.0,809.9325950922728
65671969.901505,38304007.114531904,2025-10-18T10:00:00+00:00,1.0,877.0295125735099
67997778.67304236,40949592.63443523,2025-10-18T11:00:00+00:00,1.0,908.0899929626253
68800624.47516291,41846507.82128252,2025-10-18T12:00:00+00:00,1.0,918.8117584824233
68403810.71868174,41401605.74191153,2025-10-18T13:00:00+00:00,1.0,913.5124294695679
66652236.493867055,39464110.625584856,2025-10-18T14:00:00+00:00,1.0,890.120679672364
62742151.64634954,34660328.086421505,2025-10-18T15:00:00+00:00,1.0,837.9026662172744
54073082.505179636,24994358.379876878,2025-10-18T16:00:00+00:00,1.0,722.1298411482313
30132784.20152391,8085309.66702977,2025-10-18T17:00:00+00:00,1.0,402.4143189306113
13442917.10427799,2267248.2685218845,2025-10-19T07:00:00+00:00,1.0,179.52613654217546
48829854.59327287,19984377.563787438,2025-10-19T08:00:00+00:00,1.0,652.1081008717039
60663353.54712954,31970137.59762946,2025-10-19T09:00:00+00:00,1.0,810.1409394648804
65721552.4261239,38253475.22336335,2025-10-19T10:00:00+00:00,1.0,877.6916723574321
68056891.76797798,40931262.467217825,2025-10-19T11:00:00+00:00,1.0,908.8794306621077
68860255.56193323,41829783.6107319,2025-10-19T12:00:00+00:00,1.0,919.6081138078592
68457622.52423567,41378740.44727263,2025-10-19T13:00:00+00:00,1.0,914.2310700351939
66690378.42119252,39411539.991272114,2025-10-19T14:00:00+00:00,1.0,890.6300537018325
62739532.96532794,34521426.63917908,2025-10-19T15:00:00+00:00,1.0,837.8676945155909
53940397.82642056,24732269.961714532,2025-10-19T16:00:00+00:00,1.0,720.3578769553944
29420214.335414536,7712797.94394338,2025-10-19T17:00:00+00:00,1.0,392.8981615306395
12738338.717591396,2077055.4375190793,2025-10-20T07:00:00+00:00,1.0,170.11670295928718
48704519.37133005,19770181.635901053,2025-10-20T08:00:00+00:00,1.0,650.4342864760924
60677761.60665261,31853090.856170066,2025-10-20T09:00:00+00:00,1.0,810.3333547896925
65770853.37427382,38200256.89191962,2025-10-20T10:00:00+00:00,1.0,878.3500717718284
68116058.26810406,40912138.735112816,2025-10-20T11:00:00+00:00,1.0,909.6695815718987
68920138.21415555,41812923.69575519,2025-10-20T12:00:00+00:00,1.0,920.4078287146734
68511858.97233327,41355070.53535534,2025-10-20T13:00:00+00:00,1.0,914.9553815749513
66729115.73392988,39356895.483823895,2025-10-20T14:00:00+00:00,1.0,891.1473789253369
62737545.84441224,34382124.21940614,2025-10-20T15:00:00+00:00,1.0,837.8411571101974
53806994.23969109,24470034.789938346,2025-10-20T16:00:00+00:00,1.0,718.57631196169
28694781.64518429,7346225.399336704,2025-10-20T17:00:00+00:00,1.0,383.2102249624008
12024502.989243953,1892477.205777278,2025-10-21T07:00:00+00:00,1.0,160.5836403478089
48573783.243976004,19551940.494737152,2025-10-21T08:00:00+00:00,1.0,648.688344604375
60691006.84463266,31730514.64233391,2025-10-21T09:00:00+00:00,1.0,810.5102409806653
65819912.8414227,38144371.74754453,2025-10-21T10:00:00+00:00,1.0,879.0052462796702
68175319.5817671,40892203.345734835,2025-10-21T11:00:00+00:00,1.0,910.460998688119
68980317.77610062,41795987.45920069,2025-10-21T12:00:00+00:00,1.0,921.2115087620272
68566575.55122253,41331089.751069196,2025-10-21T13:00:00+00:00,1.0,915.6861051178196
66768525.8362168,39300538.65374732,2025-10-21T14:00:00+00:00,1.0,891.6736890520508
62736315.21898872,34242756.35958098,2025-10-21T15:00:00+00:00,1.0,837.82472247582
53673098.63863522,24208121.22031258,2025-10-21T16:00:00+00:00,1.0,716.7881762638311
27957183.981389698,6985362.266558231,2025-10-21T17:00:00+00:00,1.0,373.35982881129314
11303382.132167665,1714777.3860315671,2025-10-22T07:00:00+00:00,1.0,150.95328702146975
48437557.54322282,19330046.813853905,2025-10-22T08:00:00+00:00,1.0,646.8690911220955
60703122.86644996,31604422.32234976,2025-10-22T09:00:00+00:00,1.0,810.6720468275958
65868773.62963073,38085573.77647908,2025-10-22T10:00:00+00:00,1.0,879.65776748972
68234719.26627459,40871533.74325663,2025-10-22T11:00:00+00:00,1.0,911.2542637056031
69040841.55554093,41778995.90250513,2025-10-22T12:00:00+00:00,1.0,922.019785731054
68621829.88812734,41306963.01432559,2025-10-22T13:00:00+00:00,1.0,916.4240102581182
66808689.07183726,39242041.49085315,2025-10-22T14:00:00+00:00,1.0,892.2100570491042
62735971.55824869,34102930.49858958,2025-10-22T15:00:00+00:00,1.0,837.8201329894221
53538953.43466721,23946860.700784683,2025-10-22T16:00:00+00:00,1.0,714.9967071937366
27208230.344854113,6632493.8879588675,2025-10-22T17:00:00+00:00,1.0,363.3577770413201
10577278.527159056,1543914.1519286414,2025-10-23T07:00:00+00:00,1.0,141.25639058706093
48295755.482188255,19103995.874805387,2025-10-23T08:00:00+00:00,1.0,644.9753670163965
60714147.04495268,31476104.567344353,2025-10-23T09:00:00+00:00,1.0,810.8192714336594
65917481.29550702,38023690.83609183,2025-10-23T10:00:00+00:00,1.0,880.308243796824
68294303.05233896,40849992.56243544,2025-10-23T11:00:00+00:00,1.0,912.0499873442766
69101758.8385266,41761710.68483506,2025-10-23T12:00:00+00:00,1.0,922.8333178221911
68677681.76210672,41282671.24982586,2025-10-23T13:00:00+00:00,1.0,917.169895327284
66849688.74842984,39181403.83762984,2025-10-23T14:00:00+00:00,1.0,892.7575954651306
62736650.960990965,33963887.76613153,2025-10-23T15:00:00+00:00,1.0,837.8292062098112
53404817.17588869,23686724.235200215,2025-10-23T16:00:00+00:00,1.0,713.2053575839786
26448847.80434737,6286801.433402367,2025-10-23T17:00:00+00:00,1.0,353.2164503785686
9848846.329621397,1380009.6017208109,2025-10-24T07:00:00+00:00,1.0,131.5283964960125
48148292.48013397,18874602.405760963,2025-10-24T08:00:00+00:00,1.0,643.0060427368356
60724120.699651726,31345775.879914984,2025-10-24T09:00:00+00:00,1.0,810.9524666086002
65966084.22861316,37958228.27353616,2025-10-24T10:00:00+00:00,1.0,880.957321429132
68354118.87801273,40827608.78746611,2025-10-24T11:00:00+00:00,1.0,912.8488098025146
69163120.90031078,41743676.86714048,2025-10-24T12:00:00+00:00,1.0,923.6527898011522
68734193.10047273,41258175.2286083,2025-10-24T13:00:00+00:00,1.0,917.9245873460596
66891611.12760901,39119091.156327754,2025-10-24T14:00:00+00:00,1.0,893.3174562981967
62738495.18522148,33825739.859806895,2025-10-24T15:00:00+00:00,1.0,837.8538352727114
53270965.02855852,23427406.27469279,2025-10-24T16:00:00+00:00,1.0,711.4178021976394
25680087.43142957,5948011.806124444,2025-10-24T17:00:00+00:00,1.0,342.94988556930844
9121107.234234132,1224071.3467556396,2025-10-25T07:00:00+00:00,1.0,121.80965857684633
47995086.608711556,18642150.578791007,2025-10-25T08:00:00+00:00,1.0,640.9600241547928
60733089.312885664,31213950.71247336,2025-10-25T09:00:00+00:00,1.0,811.0722397554227
66014633.740861885,37889968.119263224,2025-10-25T10:00:00+00:00,1.0,881.6056856418421
68414216.92448469,40803473.308839954,2025-10-25T11:00:00+00:00,1.0,913.6514012351125
69224981.0132073,41725407.55839073,2025-10-25T12:00:00+00:00,1.0,924.4789131037343
68791427.96714166,41233436.57005322,2025-10-25T13:00:00+00:00,1.0,918.688941868869
66934545.39958204,39055325.76131505,2025-10-25T14:00:00+00:00,1.0,893.8908306568026
62741651.64883317,33688163.50926625,2025-10-25T15:00:00+00:00,1.0,837.8959889000108
53137689.20423378,23169121.034453716,2025-10-25T16:00:00+00:00,1.0,709.6379434326197
24903129.27134484,5616378.7648575585,2025-10-25T17:00:00+00:00,1.0,332.573841764756
8397456.959580965,1076323.6414677068,2025-10-26T07:00:00+00:00,1.0,112.14552563542912
47836059.003860496,18407743.0210557,2025-10-26T08:00:00+00:00,1.0,638.8362580643729
60741102.72000121,31080346.116571363,2025-10-26T09:00:00+00:00,1.0,811.1792564102678
66063184.136704445,37818966.31965492,2025-10-26T10:00:00+00:00,1.0,882.2540616547068
68474649.63643049,40777899.72333194,2025-10-26T11:00:00+00:00,1.0,914.4584620249858
69287394.44104312,41706866.49974069,2025-10-26T12:00:00+00:00,1.0,925.312425761793
68849452.53925045,41208498.08448089,2025-10-26T13:00:00+00:00,1.0,919.4638426716201
66978583.64699847,38990170.63928024,2025-10-26T14:00:00+00:00,1.0,894.4789482772175
62746273.41830446,33549409.80141259,2025-10-26T15:00:00+00:00,1.0,837.9577112487312
53005299.37531584,22911821.11230769,2025-10-26T16:00:00+00:00,1.0,707.8699168712092
24119286.229090787,5293044.7865027785,2025-10-26T17:00:00+00:00,1.0,322.1058524184097
7681658.235369435,937310.1784909326,2025-10-27T07:00:00+00:00,1.0,102.58624780140745
47671134.01827833,18170237.079978265,2025-10-27T08:00:00+00:00,1.0,636.6337342184526
60748215.18155525,30944862.478593174,2025-10-27T09:00:00+00:00,1.0,811.2742412066606
66111792.71234539,37745691.318229534,2025-10-27T10:00:00+00:00,1.0,882.9032146413734
68535471.69504812,40750994.489193134,2025-10-27T11:00:00+00:00,1.0,915.2707224231881
69350418.39937168,41688313.1479466,2025-10-27T12:00:00+00:00,1.0,926.1540918719453
68908335.05767979,41183311.28104953,2025-10-27T13:00:00+00:00,1.0,920.2502010908144
67023820.78927646,38923642.769077055,2025-10-27T14:00:00+00:00,1.0,895.0830767798744
62752519.184204504,33411824.457139187,2025-10-27T15:00:00+00:00,1.0,838.0411215839221
52874123.11209537,22656100.003450245,2025-10-27T16:00:00+00:00,1.0,706.1180971166534
23330006.731498487,4978654.439742722,2025-10-27T17:00:00+00:00,1.0,311.5652608373173
6977815.79863987,807702.3094360343,2025-10-28T07:00:00+00:00,1.0,93.18664261004058
47500238.95819933,17926950.511484936,2025-10-28T08:00:00+00:00,1.0,634.35148181355
60754485.277456634,30808024.66570201,2025-10-28T09:00:00+00:00,1.0,811.3579764617605
66160519.6562756,37669604.59040635,2025-10-28T10:00:00+00:00,1.0,883.553948401129
68596739.92746316,40722808.53878906,2025-10-28T11:00:00+00:00,1.0,916.088941338995
69414111.97231735,41669536.62513261,2025-10-28T12:00:00+00:00,1.0,927.0047004850132
68968145.74818729,41157348.13265764,2025-10-28T13:00:00+00:00,1.0,921.0489549704491
67070354.5096033,38855892.91518502,2025-10-28T14:00:00+00:00,1.0,895.7045206944931
62760553.23742476,33276176.469415665,2025-10-28T15:00:00+00:00,1.0,838.1484139613466
52744506.36620841,22403310.74510713,2025-10-28T16:00:00+00:00,1.0,704.3871042495856
22536875.97548035,4674033.18179938,2025-10-28T17:00:00+00:00,1.0,300.97323685203156
6290328.96415731,687547.4318814519,2025-10-29T07:00:00+00:00,1.0,84.0054615939809
47323303.35964785,17678476.18802016,2025-10-29T08:00:00+00:00,1.0,631.9885598243638
60759975.62587336,30670229.29995786,2025-10-29T09:00:00+00:00,1.0,811.4312984224595
66209427.86031299,37590760.71118358,2025-10-29T10:00:00+00:00,1.0,884.2071028353809
68658513.16485073,40693251.11214649,2025-10-29T11:00:00+00:00,1.0,916.913904445122
69478535.9995642,41650608.30462291,2025-10-29T12:00:00+00:00,1.0,927.8650640967318
69028956.72928694,41130206.502517655,2025-10-29T13:00:00+00:00,1.0,921.8610674317086
67118285.18760987,38786945.15814687,2025-10-29T14:00:00+00:00,1.0,896.3446205610246
62770545.48334637,33142311.993742418,2025-10-29T15:00:00+00:00,1.0,838.2818574164957
52616814.08889272,22153504.840191454,2025-10-29T16:00:00+00:00,1.0,702.6818120845637
21741615.711648926,4379569.188427932,2025-10-29T17:00:00+00:00,1.0,290.35277392693706
5623817.6760927895,575672.8081062144,2025-10-30T07:00:00+00:00,1.0,75.10440272559838
47140257.896120876,17423945.822440945,2025-10-30T08:00:00+00:00,1.0,629.5440424161384
60764752.471674554,30531375.13882547,2025-10-30T09:00:00+00:00,1.0,811.495091769153
66258582.667954385,37510028.405617446,2025-10-30T10:00:00+00:00,1.0,884.863550586994
68720852.06762041,40662809.77302035,2025-10-30T11:00:00+00:00,1.0,917.7464218432257
69543752.94837408,41631384.577227406,2025-10-30T12:00:00+00:00,1.0,928.736016938745
69090841.9188384,41102737.91290071,2025-10-30T13:00:00+00:00,1.0,922.6875256255033
67167715.8456778,38716642.697708376,2025-10-30T14:00:00+00:00,1.0,897.0047522125819
62782671.49579465,33009046.563086297,2025-10-30T15:00:00+00:00,1.0,838.4437966853022
52491430.97927139,21906365.59179752,2025-10-30T16:00:00+00:00,1.0,701.007358163344
20946082.157054212,4094899.081833718,2025-10-30T17:00:00+00:00,1.0,279.72866128544837
4983018.547028507,473271.404421212,2025-10-31T07:00:00+00:00,1.0,66.54672204899174
46951032.964386925,17164115.77117401,2025-10-31T08:00:00+00:00,1.0,627.0170000585833
60768885.16574835,30391300.08714437,2025-10-31T09:00:00+00:00,1.0,811.5502826622372
66308051.56674261,37427320.02733698,2025-10-31T10:00:00+00:00,1.0,885.5241929319209
68783818.91350052,40631122.15894789,2025-10-31T11:00:00+00:00,1.0,918.5873252337052
69609826.75563875,41611943.20383048,2025-10-31T12:00:00+00:00,1.0,929.6184128690991
69153876.91257745,41075446.24551936,2025-10-31T13:00:00+00:00,1.0,923.529339110263
67218752.06415533,38645196.06883294,2025-10-31T14:00:00+00:00,1.0,897.6863256431091
62797112.526916385,32873481.736359056,2025-10-31T15:00:00+00:00,1.0,838.6366523359497
52368762.158613704,21662139.18327996,2025-10-31T16:00:00+00:00,1.0,699.3691527592676
20152261.074749835,3820297.496157598,2025-10-31T17:00:00+00:00,1.0,269.127418199113
4372648.801771432,382717.12772024184,2025-11-01T07:00:00+00:00,1.0,58.39541669032313
46755556.971330024,16899986.6870748,2025-11-01T08:00:00+00:00,1.0,624.4064766470402
60772445.53134963,30249662.879793134,2025-11-01T09:00:00+00:00,1.0,811.5978302797661
66357903.805700466,37342892.013900466,2025-11-01T10:00:00+00:00,1.0,886.1899546701388
68847477.32074355,40597806.19393109,2025-11-01T11:00:00+00:00,1.0,919.4374642193313
69676822.6019112,41592281.11119734,2025-11-01T12:00:00+00:00,1.0,930.5131223545887
69218138.77951205,41047573.012231335,2025-11-01T13:00:00+00:00,1.0,924.3875371195643
67271501.77950235,38573123.52103753,2025-11-01T14:00:00+00:00,1.0,898.3907823117186
62814055.32187251,32738901.40145998,2025-11-01T15:00:00+00:00,1.0,838.8629182942498
52249233.43110075,21421438.81213821,2025-11-01T16:00:00+00:00,1.0,697.7728823597877
19362258.620953444,3556260.168056906,2025-11-01T17:00:00+00:00,1.0,258.5771717541886
3797238.9243119154,304092.24231554935,2025-11-02T07:00:00+00:00,1.0,50.71098990801113
46553754.576607734,16632088.106858982,2025-11-02T08:00:00+00:00,1.0,621.7114660337602
60775507.21043191,30107167.796373267,2025-11-02T09:00:00+00:00,1.0,811.6387180880299
66408209.97959338,37256637.797547,2025-11-02T10:00:00+00:00,1.0,886.8617785736271
68911891.92279114,40562976.630229264,2025-11-02T11:00:00+00:00,1.0,920.2977019603436
69744806.61708145,41571570.66743784,2025-11-02T12:00:00+00:00,1.0,931.4210285400795
69283705.75796063,41019101.31955091,2025-11-02T13:00:00+00:00,1.0,925.2631645026767
67326074.92522515,38501221.074044,2025-11-02T14:00:00+00:00,1.0,899.1195903475509
62833691.644398734,32606521.80446965,2025-11-02T15:00:00+00:00,1.0,839.1251555074563
52133290.866154864,21184738.418119803,2025-11-02T16:00:00+00:00,1.0,696.2245040886013
18578286.883837517,3303894.9359445022,2025-11-02T17:00:00+00:00,1.0,248.1074637264602
3260938.924914192,236906.23982714603,2025-11-03T07:00:00+00:00,1.0,43.54886384767891
46345545.561529726,16361828.158013172,2025-11-03T08:00:00+00:00,1.0,618.930896922135
60778145.26918449,29963726.289287824,2025-11-03T09:00:00+00:00,1.0,811.6739485735172
66459041.74493189,37168664.92146715,2025-11-03T10:00:00+00:00,1.0,887.5406215936301
68977128.11088547,40527150.28048595,2025-11-03T11:00:00+00:00,1.0,921.168911737247
69813845.61297336,41550535.1352216,2025-11-03T12:00:00+00:00,1.0,932.3430236775188
69350656.94037196,40989707.81969629,2025-11-03T13:00:00+00:00,1.0,926.157277515643
67382583.00801252,38430001.52279981,2025-11-03T14:00:00+00:00,1.0,899.8742388890663
62856217.628183424,32476680.586631134,2025-11-03T15:00:00+00:00,1.0,839.4259832823606
52021399.865941,20953167.57882302,2025-11-03T16:00:00+00:00,1.0,694.7302332524124
17802644.38712426,3063492.8751191185,2025-11-03T17:00:00+00:00,1.0,237.74899021266637
2767308.043950696,180935.98009007963,2025-11-04T07:00:00+00:00,1.0,36.95657109976922
46130845.37818938,16088931.863720922,2025-11-04T08:00:00+00:00,1.0,616.0636402001818
60780436.50223906,29819390.019861393,2025-11-04T09:00:00+00:00,1.0,811.7045473055504
66510471.923625596,37079779.702285886,2025-11-04T10:00:00+00:00,1.0,888.227456244991
69043252.03776105,40490092.46484748,2025-11-04T11:00:00+00:00,1.0,922.05197700002
69884007.01323345,41528674.93911013,2025-11-04T12:00:00+00:00,1.0,933.280008189539
69419072.11973067,40960768.91624338,2025-11-04T13:00:00+00:00,1.0,927.0709417699202
67441138.82273097,38359512.93610449,2025-11-04T14:00:00+00:00,1.0,900.6562342779383
62881833.24051148,32349210.230913393,2025-11-04T15:00:00+00:00,1.0,839.7680721222245
51914044.2495671,20726837.096104637,2025-11-04T16:00:00+00:00,1.0,693.296531110663
17037693.024943206,2835299.779058126,2025-11-04T17:00:00+00:00,1.0,227.5332936023424
2319102.4699652772,137588.19311412468,2025-11-05T07:00:00+00:00,1.0,30.970919737784097
45909568.1768671,15813564.933426311,2025-11-05T08:00:00+00:00,1.0,613.1085493705513
60782460.73752671,29674391.3847375,2025-11-05T09:00:00+00:00,1.0,811.7315803622631
66562575.18075438,36990570.80982545,2025-11-05T10:00:00+00:00,1.0,888.9232796574986
69110331.02406102,40450985.27685094,2025-11-05T11:00:00+00:00,1.0,922.9477967956741
69955359.11122729,41506640.92754097,2025-11-05T12:00:00+00:00,1.0,934.2328941136186
69489031.93937373,40931582.46395448,2025-11-05T13:00:00+00:00,1.0,928.0052342330813
67501856.48638998,38288705.042577066,2025-11-05T14:00:00+00:00,1.0,901.4671005127005
62910742.130362935,32222572.624171514,2025-11-05T15:00:00+00:00,1.0,840.1541416982327
51811725.90898382,20505310.625513677,2025-11-05T16:00:00+00:00,1.0,691.9301002802314
16285833.162389532,2619099.3389317086,2025-11-05T17:00:00+00:00,1.0,217.4924300532801
1918080.6530258951,106005.54893994838,2025-11-06T07:00:00+00:00,1.0,25.61539333635009
45681632.2024839,15535574.440669756,2025-11-06T08:00:00+00:00,1.0,610.0645326186406
60784303.046732634,29528701.215732712,2025-11-06T09:00:00+00:00,1.0,811.7561838506094
66615429.20606623,36900867.90563088,2025-11-06T10:00:00+00:00,1.0,889.6291293545077
69178434.31956574,40410337.581116654,2025-11-06T11:00:00+00:00,1.0,923.8572959343824
70027971.62121205,41484347.82621671,2025-11-06T12:00:00+00:00,1.0,935.2026124627789
69560618.32026203,40901218.428623594,2025-11-06T13:00:00+00:00,1.0,928.9612489351092
67564851.77259539,38217173.50884038,2025-11-06T14:00:00+00:00,1.0,902.3083837152222
62943151.86635879,32099380.61222243,2025-11-06T15:00:00+00:00,1.0,840.5869640272388
51714965.0933418,20289094.318684444,2025-11-06T16:00:00+00:00,1.0,690.6378885328731
15549477.46263248,2415298.605444553,2025-11-06T17:00:00+00:00,1.0,207.65861996037123
45446966.40167212,15255276.6041448,2025-11-07T08:00:00+00:00,1.0,606.9306410479785
60786056.31171947,29381187.67168579,2025-11-07T09:00:00+00:00,1.0,811.7795981800057
66669116.05839206,36809785.79484142,2025-11-07T10:00:00+00:00,1.0,890.346101207154
69247633.96255586,40369256.541319236,2025-11-07T11:00:00+00:00,1.0,924.7814364657637
70101916.3008229,41462010.73951186,2025-11-07T12:00:00+00:00,1.0,936.1901215387761
69633914.94811535,40869818.14844167,2025-11-07T13:00:00+00:00,1.0,929.9401034737626
67630242.50276326,38146982.607699245,2025-11-07T14:00:00+00:00,1.0,903.1816573552777
62979274.22419282,31980010.680299733,2025-11-07T15:00:00+00:00,1.0,841.0693673102603
51624300.70697989,20079030.893282212,2025-11-07T16:00:00+00:00,1.0,689.4270927748487
14831022.319072882,2224405.0081025288,2025-11-07T17:00:00+00:00,1.0,198.06386644060865
45205516.56080406,14974029.949292542,2025-11-08T08:00:00+00:00,1.0,603.7061506517616
60787823.41388931,29223246.709281746,2025-11-08T09:00:00+00:00,1.0,811.8031973008788
66723723.230952494,36717432.922894515,2025-11-08T10:00:00+00:00,1.0,891.075363661224
69318005.40661281,40327288.94354596,2025-11-08T11:00:00+00:00,1.0,925.7212260498663
70177267.35624139,41439488.34505781,2025-11-08T12:00:00+00:00,1.0,937.1964123429625
69709007.53080983,40838941.07170883,2025-11-08T13:00:00+00:00,1.0,930.9429424520429
67698148.65472676,38079176.57698986,2025-11-08T14:00:00+00:00,1.0,904.0885237009347
63019325.04833372,31864813.686812356,2025-11-08T15:00:00+00:00,1.0,841.6042340856453
51540289.68459179,19874615.860632837,2025-11-08T16:00:00+00:00,1.0,688.3051507023495
14132815.296618016,2045660.0663505828,2025-11-08T17:00:00+00:00,1.0,188.73952052107427
44957249.83505537,14691438.211510064,2025-11-09T08:00:00+00:00,1.0,600.3906227972102
60789718.5838451,29060303.419192784,2025-11-09T09:00:00+00:00,1.0,811.8285067287103
66779344.159310825,36624927.445976816,2025-11-09T10:00:00+00:00,1.0,891.8181645207126
69389627.71096359,40284196.384816326,2025-11-09T11:00:00+00:00,1.0,926.6777204989836
70254101.4529305,41416433.406108394,2025-11-09T12:00:00+00:00,1.0,938.222508719702
69785983.647048,40808942.8028671,2025-11-09T13:00:00+00:00,1.0,931.9709354573642
67768691.97785777,38013472.847477965,2025-11-09T14:00:00+00:00,1.0,905.0306086786464
63063523.37661382,31754153.245400287,2025-11-09T15:00:00+00:00,1.0,842.1944895381175
51463504.80122637,19676923.860916857,2025-11-09T16:00:00+00:00,1.0,687.2797115548453
13457118.104261037,1879033.9644127344,2025-11-09T17:00:00+00:00,1.0,179.71578664878243
44702157.56795515,14408300.489140106,2025-11-10T08:00:00+00:00,1.0,596.9839418797378
60791867.91642677,28896146.808574446,2025-11-10T09:00:00+00:00,1.0,811.8572104223597
66836078.198845685,36532639.99371439,2025-11-10T10:00:00+00:00,1.0,892.5758306469826
69462583.32393739,40239369.16597318,2025-11-10T11:00:00+00:00,1.0,927.6520208859065
70332497.36425553,41393275.09063031,2025-11-10T12:00:00+00:00,1.0,939.2694626636612
69864932.22565478,40779101.59389384,2025-11-10T13:00:00+00:00,1.0,933.0252701075638
67841995.1670782,37950162.7439401,2025-11-10T14:00:00+00:00,1.0,906.0095508423791
63112089.90144167,31648043.5578953,2025-11-10T15:00:00+00:00,1.0,842.8430809487442
51394531.03048108,19485888.327924017,2025-11-10T16:00:00+00:00,1.0,686.3585874797125
12806067.013322018,1724532.6889978396,2025-11-10T17:00:00+00:00,1.0,171.0211940881685
44440257.21199212,14124340.225750586,2025-11-11T08:00:00+00:00,1.0,593.4863409721194
60794409.43328326,28730559.533899125,2025-11-11T09:00:00+00:00,1.0,811.8911516196971
66894030.32335502,36440950.71918358,2025-11-11T10:00:00+00:00,1.0,893.3497639336988
69536957.66194907,40192711.65608875,2025-11-11T11:00:00+00:00,1.0,928.6452679213407
70412535.44863336,41369941.39570132,2025-11-11T12:00:00+00:00,1.0,940.3383473375114
69945942.85962126,40749203.78658442,2025-11-11T13:00:00+00:00,1.0,934.107142890233
67918180.84770986,37888698.09905094,2025-11-11T14:00:00+00:00,1.0,907.0269878166295
63165245.154852495,31546423.415245447,2025-11-11T15:00:00+00:00,1.0,843.5529534568899
51333961.21814703,19299693.897958875,2025-11-11T16:00:00+00:00,1.0,685.5496957551682
12181634.501403714,1581125.8129878948,2025-11-11T17:00:00+00:00,1.0,162.68208468754779
44171594.21770397,13840919.114624212,2025-11-12T08:00:00+00:00,1.0,589.8984270526674
60797493.09526356,28563183.471342653,2025-11-12T09:00:00+00:00,1.0,811.9323330029906
66953310.805046305,36349644.71375852,2025-11-12T10:00:00+00:00,1.0,894.1414370332129
69612838.69671303,40145181.34900722,2025-11-12T11:00:00+00:00,1.0,929.6586364411465
70494297.15686516,41346566.45486347,2025-11-12T12:00:00+00:00,1.0,941.4302504923332
70029105.17602383,40719889.47622508,2025-11-12T13:00:00+00:00,1.0,935.2177507481803
67997370.65522803,37829125.88945548,2025-11-12T14:00:00+00:00,1.0,908.0845440067791
63223207.84893959,31449774.998455442,2025-11-12T15:00:00+00:00,1.0,844.327027897159
51282391.99528899,19117974.11489148,2025-11-12T16:00:00+00:00,1.0,684.8610042105944
11585596.161618687,1449030.0650717013,2025-11-12T17:00:00+00:00,1.0,154.7221709617888
43896244.191029444,13558193.136688277,2025-11-13T08:00:00+00:00,1.0,586.2212098161012
60801280.904725224,28394638.32616422,2025-11-13T09:00:00+00:00,1.0,811.9829180652462
67014034.98255706,36258465.83178163,2025-11-13T10:00:00+00:00,1.0,894.9523902585
69690316.64234054,40098096.69544805,2025-11-13T11:00:00+00:00,1.0,930.693331227851
70577864.66316983,41322979.49105037,2025-11-13T12:00:00+00:00,1.0,942.5462695402042
70114508.37076674,40691396.824121475,2025-11-13T13:00:00+00:00,1.0,936.3582848660145
68079684.55548407,37772212.329336554,2025-11-13T14:00:00+00:00,1.0,909.1838215208779
63286193.620848216,31357933.760778062,2025-11-13T15:00:00+00:00,1.0,845.1681840390966
51240420.498758554,18942349.185398914,2025-11-13T16:00:00+00:00,1.0,684.3004874299972
11019505.633655876,1327337.8031561093,2025-11-13T17:00:00+00:00,1.0,147.1622013041657
43614315.054086454,13275128.874000257,2025-11-14T08:00:00+00:00,1.0,582.456130529995
60805947.003650196,28226102.93481164,2025-11-14T09:00:00+00:00,1.0,812.0452324205478
67076323.0604572,36167301.15886948,2025-11-14T10:00:00+00:00,1.0,895.7842289056935
69769483.7065412,40051009.185088485,2025-11-14T11:00:00+00:00,1.0,931.7505836877732
70663320.5924624,41299179.61609512,2025-11-14T12:00:00+00:00,1.0,943.687507912171
70202240.8834719,40664044.364063114,2025-11-14T13:00:00+00:00,1.0,937.5299263284135
68165240.38214006,37718359.80653905,2025-11-14T14:00:00+00:00,1.0,910.3263939922501
63354414.15767627,31271113.41766712,2025-11-14T15:00:00+00:00,1.0,846.0792489006003
51208641.90502212,18773845.41397088,2025-11-14T16:00:00+00:00,1.0,683.876093817075
10484678.53959363,1216131.1758524526,2025-11-14T17:00:00+00:00,1.0,140.019745453974
43325948.77465002,12992170.367006075,2025-11-15T08:00:00+00:00,1.0,578.6050851315424
60811677.59671481,28057620.427146852,2025-11-15T09:00:00+00:00,1.0,812.1217627766515
67140299.84167701,36077014.81770241,2025-11-15T10:00:00+00:00,1.0,896.6386196805121
69850433.82687739,40003989.1634723,2025-11-15T11:00:00+00:00,1.0,932.8316483290283
70750747.76753679,41276058.25432319,2025-11-15T12:00:00+00:00,1.0,944.8550716818361
70292390.12831587,40637619.98333424,2025-11-15T13:00:00+00:00,1.0,938.7338425255933
68254153.48324443,37667832.02170134,2025-11-15T14:00:00+00:00,1.0,911.513801859568
63428076.53043594,31189974.592859007,2025-11-15T15:00:00+00:00,1.0,847.0629878530555
51187647.42996206,18613894.618314732,2025-11-15T16:00:00+00:00,1.0,683.5957188830433
9982185.099020733,1114581.7158228399,2025-11-15T17:00:00+00:00,1.0,133.30909587367432
42753219.89858049,12627528.16551078,2025-11-16T08:00:00+00:00,1.0,570.9564623207837
60619876.52087835,27798362.985973977,2025-11-16T09:00:00+00:00,1.0,809.5603167852232
67048515.99356274,35902482.39278065,2025-11-16T10:00:00+00:00,1.0,895.4128738456442
69795042.13903205,39877115.470062606,2025-11-16T11:00:00+00:00,1.0,932.0919089080077
70708668.76306984,41177139.206814006,2025-11-16T12:00:00+00:00,1.0,944.2931191649254
70250125.86394832,40534199.825070016,2025-11-16T13:00:00+00:00,1.0,938.1694159181045
68196929.73566888,37538549.709519155,2025-11-16T14:00:00+00:00,1.0,910.749595828907
63325210.20320592,31025448.934083246,2025-11-16T15:00:00+00:00,1.0,845.6892388248533
50929126.91563299,18373194.689935368,2025-11-16T16:00:00+00:00,1.0,680.1432547493797
9319949.229022266,1000950.1230954642,2025-11-16T17:00:00+00:00,1.0,124.4651339345923
42168356.55907743,12263868.861661784,2025-11-17T08:00:00+00:00,1.0,563.1457873808416
60425554.17483733,27538892.127333466,2025-11-17T09:00:00+00:00,1.0,806.9651999844687
66956071.59955643,35727287.512550645,2025-11-17T10:00:00+00:00,1.0,894.1783066179986
69739608.53289756,39749388.23445284,2025-11-17T11:00:00+00:00,1.0,931.3516096807837
70666937.2670405,41078191.34009579,2025-11-17T12:00:00+00:00,1.0,943.7358075192491
70208649.26038897,40431241.995301254,2025-11-17T13:00:00+00:00,1.0,937.6155082851161
68141216.01440512,37411906.981699236,2025-11-17T14:00:00+00:00,1.0,910.0055557479203
63225385.65491622,30866273.647705693,2025-11-17T15:00:00+00:00,1.0,844.3561118444894
50678064.91863522,18141556.605741356,2025-11-17T16:00:00+00:00,1.0,676.7903968834906
8701309.57939261,896921.5570271764,2025-11-17T17:00:00+00:00,1.0,116.20338647693212
41571573.067852296,11902418.657714859,2025-11-18T08:00:00+00:00,1.0,555.1759223804993
60228867.198247515,27279139.14104894,2025-11-18T09:00:00+00:00,1.0,804.3385042501067
66863083.03273238,35552628.64334404,2025-11-18T10:00:00+00:00,1.0,892.9364721251679
69684228.74317577,39621479.97484222,2025-11-18T11:00:00+00:00,1.0,930.6120291556633
70625644.2477062,40979073.75798755,2025-11-18T12:00:00+00:00,1.0,943.1843515986324
70168061.62215522,40328931.1480407,2025-11-18T13:00:00+00:00,1.0,937.0734725180934
68087148.59898777,37288265.102767505,2025-11-18T14:00:00+00:00,1.0,909.2835015890356
63128840.868374415,30712417.950566597,2025-11-18T15:00:00+00:00,1.0,843.066785101145
50435097.72521551,17918045.560461905,2025-11-18T16:00:00+00:00,1.0,673.545642697852
8126266.128573059,802076.51149778,2025-11-18T17:00:00+00:00,1.0,108.52385321278116
40963137.48961332,11543949.657859325,2025-11-19T08:00:00+00:00,1.0,547.0504472437726
60029986.35572042,27018825.31075235,2025-11-19T09:00:00+00:00,1.0,801.682510092423
66769673.033924885,35378926.63726925,2025-11-19T10:00:00+00:00,1.0,891.6890095342422
69629002.02729246,39494327.160230264,2025-11-19T11:00:00+00:00,1.0,929.874492885845
70584882.81438297,40879872.93112791,2025-11-19T12:00:00+00:00,1.0,942.6399948502036
70128465.49516216,40227907.02689846,2025-11-19T13:00:00+00:00,1.0,936.5446780871042
68034864.13577598,37167971.90728527,2025-11-19T14:00:00+00:00,1.0,908.5852582235165
63035812.84461223,30564210.445109513,2025-11-19T15:00:00+00:00,1.0,841.8244236727124
50200857.33599079,17703042.45875661,2025-11-19T16:00:00+00:00,1.0,670.4174323716802
7594428.627348412,717637.3521913886,2025-11-19T17:00:00+00:00,1.0,101.42132248061567
40343375.00896692,11188089.244332118,2025-11-20T08:00:00+00:00,1.0,538.7737047137629
59829096.82213727,26757522.713261332,2025-11-20T09:00:00+00:00,1.0,798.9996904665857
66675970.651328206,35206363.45530407,2025-11-20T10:00:00+00:00,1.0,890.4376422452949
69574031.03211498,39367877.70856603,2025-11-20T11:00:00+00:00,1.0,929.1403716895618
70544748.04620494,40780614.845646404,2025-11-20T12:00:00+00:00,1.0,942.1040070273169
70089964.43899576,40128106.98517738,2025-11-20T13:00:00+00:00,1.0,936.0305079994031
67984499.27838914,37051194.82639246,2025-11-20T14:00:00+00:00,1.0,907.9126506195174
62946536.82987118,30420583.508333985,2025-11-20T15:00:00+00:00,1.0,840.6321692023338
49975968.70041278,17497912.065604202,2025-11-20T16:00:00+00:00,1.0,667.4141119179153
7105055.631766142,643178.6805151294,2025-11-20T17:00:00+00:00,1.0,94.88589251824314
39712671.72332491,10834548.820161952,2025-11-21T08:00:00+00:00,1.0,530.3508510059454
59626398.584363736,26496122.078982063,2025-11-21T09:00:00+00:00,1.0,796.292716137344
66582111.226064965,35034952.712157086,2025-11-21T10:00:00+00:00,1.0,889.1841776985223
69519421.68143092,39242490.27081736,2025-11-21T11:00:00+00:00,1.0,928.4110801473087
70505336.82892951,40681723.253971264,2025-11-21T12:00:00+00:00,1.0,941.5776820102817
70052662.79594073,40030001.4190451,2025-11-21T13:00:00+00:00,1.0,935.5323557150167
67936190.30904591,36938170.33385068,2025-11-21T14:00:00+00:00,1.0,907.2674987853488
62861245.4968249,30277694.933076058,2025-11-21T15:00:00+00:00,1.0,839.4931289640142
49761046.796038195,17303149.98367037,2025-11-21T16:00:00+00:00,1.0,664.5438941778572
6657101.707542836,577820.526513631,2025-11-21T17:00:00+00:00,1.0,88.9036018635517
39071478.62034524,10484067.994542997,2025-11-22T08:00:00+00:00,1.0,521.787908925552
59422106.88557735,26235982.16105053,2025-11-22T09:00:00+00:00,1.0,793.5644616129352
66488236.38357407,34862901.46714948,2025-11-22T10:00:00+00:00,1.0,887.930507259276
69465283.06082493,39117592.38937198,2025-11-22T11:00:00+00:00,1.0,927.688075064436
70466747.68363868,40583841.016593024,2025-11-22T12:00:00+00:00,1.0,941.0623355186716
70016665.4467741,39933458.649827555,2025-11-22T13:00:00+00:00,1.0,935.0516218853306
67890072.73938999,36829038.60737895,2025-11-22T14:00:00+00:00,1.0,906.6516124384254
62780168.08134173,30138387.137854107,2025-11-22T15:00:00+00:00,1.0,838.4103643341501
49556693.6015658,17118658.57350262,2025-11-22T16:00:00+00:00,1.0,661.8148183969834
6249270.474091302,520601.6676823589,2025-11-22T17:00:00+00:00,1.0,83.45713774160332
38420315.30909696,10137937.838323997,2025-11-23T08:00:00+00:00,1.0,513.0918176962772
59216452.5769501,25977222.03289636,2025-11-23T09:00:00+00:00,1.0,790.818009841737
66394493.96654711,34690296.79731827,2025-11-23T10:00:00+00:00,1.0,886.678605322474
69411727.2595098,38993133.03698702,2025-11-23T11:00:00+00:00,1.0,926.972853358846
70429080.56092156,40487329.80109952,2025-11-23T12:00:00+00:00,1.0,940.5593023627358
69982077.53617997,39838851.73687575,2025-11-23T13:00:00+00:00,1.0,934.5897106861606
67846280.88138801,36723964.144272335,2025-11-23T14:00:00+00:00,1.0,906.066785274958
62703529.490417674,30004540.002905887,2025-11-23T15:00:00+00:00,1.0,837.3868788784516
49363495.043112904,16944615.659711692,2025-11-23T16:00:00+00:00,1.0,659.23470944329
5880071.135854806,470684.1058297188,2025-11-23T17:00:00+00:00,1.0,78.52659102370237
37759772.98125399,9796164.328256585,2025-11-24T08:00:00+00:00,1.0,504.27047250606785
59009682.21937459,25720032.22064443,2025-11-24T09:00:00+00:00,1.0,788.0566535707123
66301037.833024144,34519149.02276085,2025-11-24T10:00:00+00:00,1.0,885.4305266162495
69358869.12766214,38869543.939385645,2025-11-24T11:00:00+00:00,1.0,926.2669488202644
70392436.57540303,40392013.82069929,2025-11-24T12:00:00+00:00,1.0,940.0699328980153
69949004.15338048,39746411.689770944,2025-11-24T13:00:00+00:00,1.0,934.1480255526295
67804947.38672812,36622879.66974571,2025-11-24T14:00:00+00:00,1.0,905.5147888184905
62631549.39976151,29877250.117359452,2025-11-24T15:00:00+00:00,1.0,836.4256063002264
49182018.02227525,16781229.935995087,2025-11-24T16:00:00+00:00,1.0,656.8111381179859
5547876.156184958,427329.79533621995,2025-11-24T17:00:00+00:00,1.0,74.09022644477741
37090516.154602796,9459215.597059429,2025-11-25T08:00:00+00:00,1.0,495.3327477911648
58802057.83004372,25464954.87182654,2025-11-25T09:00:00+00:00,1.0,785.2838919610574
66208027.4828789,34349558.82579436,2025-11-25T10:00:00+00:00,1.0,884.1884012136579
69306825.93297638,38747721.06390788,2025-11-25T11:00:00+00:00,1.0,925.5719275237137
70356917.67694037,40298361.71402817,2025-11-25T12:00:00+00:00,1.0,939.5955886343553
69917549.97663909,39656513.850435734,2025-11-25T13:00:00+00:00,1.0,933.7279644316174
67766202.78021535,36526052.38817894,2025-11-25T14:00:00+00:00,1.0,904.9973661887684
62564441.39830093,29756915.764978863,2025-11-25T15:00:00+00:00,1.0,835.5293990157838
49012807.70423731,16629327.027143437,2025-11-25T16:00:00+00:00,1.0,654.5513849390638
5250978.05000584,389854.9709540154,2025-11-25T17:00:00+00:00,1.0,70.1252410524275
36413283.0212255,9127979.82937006,2025-11-26T08:00:00+00:00,1.0,486.28850188601956
58593856.26542968,25211997.434011295,2025-11-26T09:00:00+00:00,1.0,782.5034223481581
66115627.52205557,34182068.638912395,2025-11-26T10:00:00+00:00,1.0,882.9544273778747
69255716.93465017,38627985.180047385,2025-11-26T11:00:00+00:00,1.0,924.8893821400982
70322626.28122286,40206175.9321276,2025-11-26T12:00:00+00:00,1.0,939.1376373026668
69887818.9088373,39569776.40486151,2025-11-26T13:00:00+00:00,1.0,933.3309149150194
67730175.0227164,36433693.853454135,2025-11-26T14:00:00+00:00,1.0,904.516226264916
62502412.25009692,29642852.405095745,2025-11-26T15:00:00+00:00,1.0,834.7010182972292
48856385.23390675,16488626.79347251,2025-11-26T16:00:00+00:00,1.0,652.4624096408503
4987643.5055369865,357630.82328514475,2025-11-26T17:00:00+00:00,1.0,66.6084869863369
35728884.453004375,8801921.094482442,2025-11-27T08:00:00+00:00,1.0,477.1485637420454
58385368.29260863,24960953.36711948,2025-11-27T09:00:00+00:00,1.0,779.7191278393366
66024007.00171494,34016875.320169345,2025-11-27T10:00:00+00:00,1.0,881.7308627365771
69205662.90031372,38510685.962296784,2025-11-27T11:00:00+00:00,1.0,924.2209254849544
70289664.87972017,40115380.153351344,2025-11-27T12:00:00+00:00,1.0,938.6974476458281
69859913.7219842,39486160.55703851,2025-11-27T13:00:00+00:00,1.0,932.9582494923001
67696989.12298697,36345768.776807815,2025-11-27T14:00:00+00:00,1.0,904.0730385014358
62445661.284896195,29535248.10657693,2025-11-27T15:00:00+00:00,1.0,833.9431261337543
48713245.90527734,16359038.933208099,2025-11-27T16:00:00+00:00,1.0,650.5508267264524
4756163.264209611,330076.4548222616,2025-11-27T17:00:00+00:00,1.0,63.51713760963719
35038201.59062352,8481921.339594021,2025-11-28T08:00:00+00:00,1.0,467.9247007294758
58176897.350354485,24712166.880491056,2025-11-28T09:00:00+00:00,1.0,776.9350607686184
65933338.62869625,33854506.533214964,2025-11-28T10:00:00+00:00,1.0,880.5200137379398
69156785.55548237,38395868.55302825,2025-11-28T11:00:00+00:00,1.0,923.568183166171
70258135.61116241,40026658.17202577,2025-11-28T12:00:00+00:00,1.0,938.27638369609
69833935.68194674,39405637.53976165,2025-11-28T13:00:00+00:00,1.0,932.6113205388161
67666766.7480296,36262151.51763174,2025-11-28T14:00:00+00:00,1.0,903.6694277247633
62394379.82930622,29435058.4490374,2025-11-28T15:00:00+00:00,1.0,833.2582776349632
48583857.54435937,16240298.083320534,2025-11-28T16:00:00+00:00,1.0,648.8228838723298
4554896.301502293,306697.7780439239,2025-11-28T17:00:00+00:00,1.0,60.82927753074584
34342181.93318102,8168131.899876493,2025-11-29T08:00:00+00:00,1.0,458.629566415352
57968757.96156575,24465441.940198384,2025-11-29T09:00:00+00:00,1.0,774.15542149528
65843797.809579596,33695075.236307055,2025-11-29T10:00:00+00:00,1.0,879.3242228843567
69109206.92534854,38283558.80426387,2025-11-29T11:00:00+00:00,1.0,922.9327847936507
70228139.74467462,39940325.47079746,2025-11-29T12:00:00+00:00,1.0,937.8757978722656
69809984.08502989,39328451.849749126,2025-11-29T13:00:00+00:00,1.0,932.2914541270051
67639625.72934227,36183045.20631862,2025-11-29T14:00:00+00:00,1.0,903.3069675393024
62348750.486322224,29342223.07174554,2025-11-29T15:00:00+00:00,1.0,832.6489114092259
48468658.635512754,16132479.762549177,2025-11-29T16:00:00+00:00,1.0,647.2844369058955
4382307.155191494,287222.90068764286,2025-11-29T17:00:00+00:00,1.0,58.5244011109978
33641834.16123778,7860473.416227119,2025-11-30T08:00:00+00:00,1.0,449.2766314267911
57761273.8757703,24221572.710709214,2025-11-30T09:00:00+00:00,1.0,771.3845335973687
65755561.55704629,33538781.59815535,2025-11-30T10:00:00+00:00,1.0,878.1458541272193
69063048.56994793,38173695.26760681,2025-11-30T11:00:00+00:00,1.0,922.3163537653382
70199777.05783212,39856975.28383135,2025-11-30T12:00:00+00:00,1.0,937.4970226740315
69788155.67137292,39254622.23870534,2025-11-30T13:00:00+00:00,1.0,931.9999421924688
67615679.3976789,36109134.887143776,2025-11-30T14:00:00+00:00,1.0,902.9871714433519
62308946.124333024,29257273.76287784,2025-11-30T15:00:00+00:00,1.0,832.1173360621301
48368055.79404706,16036220.093386572,2025-11-30T16:00:00+00:00,1.0,645.9409160529874
4236995.9440666195,271439.6148660222,2025-11-30T17:00:00+00:00,1.0,56.583813355589825
32938222.810863778,7558458.032627869,2025-12-01T08:00:00+00:00,1.0,439.88011232457603
57554776.3228068,23981310.781575736,2025-12-01T09:00:00+00:00,1.0,768.6268205503122
65668807.44806051,33385929.80986086,2025-12-01T10:00:00+00:00,1.0,876.9872789537844
69018430.8359989,38066170.188906334,2025-12-01T11:00:00+00:00,1.0,921.7204972756157
70173145.2012232,39776797.21053495,2025-12-01T12:00:00+00:00,1.0,937.1413621958146
69768543.98965676,39184308.91708502,2025-12-01T13:00:00+00:00,1.0,931.7380340498878
67595035.81400087,36040583.36558138,2025-12-01T14:00:00+00:00,1.0,902.711482558775
62275128.64469797,29180339.505914185,2025-12-01T15:00:00+00:00,1.0,831.665713737946
48282420.67046939,15951662.414686149,2025-12-01T16:00:00+00:00,1.0,644.7972845949489
4117721.5804927573,258815.98644225005,2025-12-01T17:00:00+00:00,1.0,54.990939910427194
32232464.787839063,7262751.252814632,2025-12-02T08:00:00+00:00,1.0,430.4549250512705
57349603.04693769,23744656.860793035,2025-12-02T09:00:00+00:00,1.0,765.8867928276877
65583712.987757504,33236788.0932355,2025-12-02T10:00:00+00:00,1.0,875.8508678920714
68975472.36605582,37961560.10502716,2025-12-02T11:00:00+00:00,1.0,921.146799760356
70148339.2482969,39699712.38536903,2025-12-02T12:00:00+00:00,1.0,936.8100861150699
69751238.9056204,39117718.420691654,2025-12-02T13:00:00+00:00,1.0,931.5069298293242
67577797.11464141,35977363.71077973,2025-12-02T14:00:00+00:00,1.0,902.4812648857077
62247447.83319616,29111226.750280857,2025-12-02T15:00:00+00:00,1.0,831.2960447809269
48212086.88285758,15878527.777083818,2025-12-02T16:00:00+00:00,1.0,643.8579979014077
4023419.5870166216,249002.56701257805,2025-12-02T17:00:00+00:00,1.0,53.73156499755067
31525729.47282486,6974346.69512093,2025-12-03T08:00:00+00:00,1.0,421.0166863358046
57146098.730199486,23512321.00578693,2025-12-03T09:00:00+00:00,1.0,763.1690535550065
65500455.69400518,33091584.956671435,2025-12-03T10:00:00+00:00,1.0,874.7389916400359
68934290.08935215,37860282.238441095,2025-12-03T11:00:00+00:00,1.0,920.5968227744622
70125451.62379278,39626011.601446174,2025-12-03T12:00:00+00:00,1.0,936.5044287365423
69736326.45242155,39055150.88185762,2025-12-03T13:00:00+00:00,1.0,931.3077784778505
67564059.21469218,35919514.06668936,2025-12-03T14:00:00+00:00,1.0,902.2977993415196
62226040.67182255,29049973.87199691,2025-12-03T15:00:00+00:00,1.0,831.0101585446289
48157347.82940412,15817014.840855306,2025-12-03T16:00:00+00:00,1.0,643.1269742174704
3953216.1566049643,241720.37887562,2025-12-03T17:00:00+00:00,1.0,52.794019185429306
30819242.71935785,6693170.412880861,2025-12-04T08:00:00+00:00,1.0,411.581767085439
56944616.86613812,23284590.404634193,2025-12-04T09:00:00+00:00,1.0,760.4783235328309
65419213.930729255,32950361.30955849,2025-12-04T10:00:00+00:00,1.0,873.6540321945806
68894999.7173429,37762703.94991929,2025-12-04T11:00:00+00:00,1.0,920.0721116098055
70104572.44138394,39555832.92964144,2025-12-04T12:00:00+00:00,1.0,936.2255935013874
69723889.06695484,38996831.96955942,2025-12-04T13:00:00+00:00,1.0,931.1416809155272
67553911.94030686,35867264.12859534,2025-12-04T14:00:00+00:00,1.0,902.1622855276174
62211031.25477392,28996541.797388088,2025-12-04T15:00:00+00:00,1.0,830.8097122699435
48118455.75822396,15767578.91492499,2025-12-04T16:00:00+00:00,1.0,642.6075822412431
3906439.5041130823,236734.17165663163,2025-12-04T17:00:00+00:00,1.0,52.16933098441646
30114292.842994634,6419213.936016367,2025-12-05T08:00:00+00:00,1.0,402.1673723690531
56745522.43692471,23061757.55343013,2025-12-05T09:00:00+00:00,1.0,757.8194769888357
65340168.1275651,32813181.09678898,2025-12-05T10:00:00+00:00,1.0,872.5983991394819
68857716.49237272,37668862.63366578,2025-12-05T11:00:00+00:00,1.0,919.5742052934322
70085790.04246698,39488991.35285601,2025-12-05T12:00:00+00:00,1.0,935.9747601825252
69714006.0169832,38942894.96386255,2025-12-05T13:00:00+00:00,1.0,931.0096957396349
67547439.37949951,35820757.24330889,2025-12-05T14:00:00+00:00,1.0,902.0758464142499
62202531.02450669,28951245.80179065,2025-12-05T15:00:00+00:00,1.0,830.6961942375407
48095621.580977485,15730253.28662181,2025-12-05T16:00:00+00:00,1.0,642.3026386348436
3882628.4788217847,233942.20668238003,2025-12-05T17:00:00+00:00,1.0,51.85134186460748
29412235.397975568,6152986.949132551,2025-12-06T08:00:00+00:00,1.0,392.79160520800775
56549194.26969515,22843651.514878888,2025-12-06T09:00:00+00:00,1.0,755.1975730461531
65263501.78324407,32680184.43628432,2025-12-06T10:00:00+00:00,1.0,871.5745430454568
68822555.76382382,37578937.36026019,2025-12-06T11:00:00+00:00,1.0,919.1046442818241
70069191.37852424,39425618.566410534,2025-12-06T12:00:00+00:00,1.0,935.7530899909835
69706753.66626254,38893338.49224739,2025-12-06T13:00:00+00:00,1.0,930.9128427652511
67544720.04184271,35780119.73330896,2025-12-06T14:00:00+00:00,1.0,902.039530473327
62200638.74622707,28914463.02001312,2025-12-06T15:00:00+00:00,1.0,830.6709234271682
48089014.243537925,15704860.185148265,2025-12-06T16:00:00+00:00,1.0,642.2143996198994
3881537.512678624,233285.55151021446,2025-12-06T17:00:00+00:00,1.0,51.83677233812314
28714493.95566131,5894753.814877902,2025-12-07T08:00:00+00:00,1.0,383.47347697197637
56356026.135094926,22630452.859647725,2025-12-07T09:00:00+00:00,1.0,752.617870393903
65189401.75186111,32551503.346535366,2025-12-07T10:00:00+00:00,1.0,870.5849592930052
68789633.04028133,37493199.37497202,2025-12-07T11:00:00+00:00,1.0,918.6649711576114
70054861.93568207,39365861.584631,2025-12-07T12:00:00+00:00,1.0,935.5617245683965
69702205.27558222,38848379.34408838,2025-12-07T13:00:00+00:00,1.0,930.8521003683594
67545826.4669159,35745369.18817699,2025-12-07T14:00:00+00:00,1.0,902.0543064492078
62205439.68185139,28886239.01881006,2025-12-07T15:00:00+00:00,1.0,830.7350384862734
48098758.49500217,15691204.352344178,2025-12-07T16:00:00+00:00,1.0,642.344531183258
3903136.980727356,234711.19239118314,2025-12-07T17:00:00+00:00,1.0,52.12522677253472
28022556.04655012,5644832.045630976,2025-12-08T08:00:00+00:00,1.0,374.2328531857689
56166426.32668099,22422622.7026314,2025-12-08T09:00:00+00:00,1.0,750.0858216704257
65118057.69594879,32427389.432525992,2025-12-08T10:00:00+00:00,1.0,869.6321807685372
68759063.44017255,37411641.86668405,2025-12-08T11:00:00+00:00,1.0,918.2567232928915
70042885.1378433,39309981.8893271,2025-12-08T12:00:00+00:00,1.0,935.4017780160764
69700430.27699478,38808103.65839732,2025-12-08T13:00:00+00:00,1.0,930.8283957931851
67550824.20992258,35716590.20893675,2025-12-08T14:00:00+00:00,1.0,902.1210498119973
62217003.86155431,28866606.521751177,2025-12-08T15:00:00+00:00,1.0,830.8894746468376
48124930.86754015,15689628.346332809,2025-12-08T16:00:00+00:00,1.0,642.6940553891545
3947608.8337328224,238250.2832260969,2025-12-08T17:00:00+00:00,1.0,52.719135065875754
27337965.458281476,5403135.633976541,2025-12-09T08:00:00+00:00,1.0,365.0903506714978
55980816.16767277,22220474.52294919,2025-12-09T09:00:00+00:00,1.0,747.6070535212615
65049660.977531895,32308114.27138232,2025-12-09T10:00:00+00:00,1.0,868.718763054637
68730960.75281613,37334331.13091055,2025-12-09T11:00:00+00:00,1.0,917.8814203100586
70033341.4250922,39258273.30144255,2025-12-09T12:00:00+00:00,1.0,935.2743245872335
69701493.23234582,38772600.72586805,2025-12-09T13:00:00+00:00,1.0,930.8425912439398
67559770.47079302,35693906.54066434,2025-12-09T14:00:00+00:00,1.0,902.2405244496871
62235383.87730026,28855629.505116537,2025-12-09T15:00:00+00:00,1.0,831.1349342588076
48167554.81854078,15699822.292747252,2025-12-09T16:00:00+00:00,1.0,643.2632855040164
4015338.5255604764,244001.51031122057,2025-12-09T17:00:00+00:00,1.0,53.623644839216226
26662312.86810027,5170115.740030454,2025-12-10T08:00:00+00:00,1.0,356.06721244791913
55799628.18190357,22024699.65839629,2025-12-10T09:00:00+00:00,1.0,745.1873421728525
64984403.42893695,32193744.83952023,2025-12-10T10:00:00+00:00,1.0,867.8472680146483
68705436.45105374,37261396.58861585,2025-12-10T11:00:00+00:00,1.0,917.5405508954855
70026307.3209379,39210912.54907672,2025-12-10T12:00:00+00:00,1.0,935.1803862304772
69705452.81604116,38741961.51697561,2025-12-10T13:00:00+00:00,1.0,930.8954702996896
67572712.80151182,35677301.874079235,2025-12-10T14:00:00+00:00,1.0,902.4133654048098
62260612.88619184,28853306.121183988,2025-12-10T15:00:00+00:00,1.0,831.47186012543
48226596.61721967,15721914.57900804,2025-12-10T16:00:00+00:00,1.0,644.0517710633029
4106904.7411561324,252075.2921201101,2025-12-10T17:00:00+00:00,1.0,54.84648425689297
25997226.135564417,4946152.726607265,2025-12-11T08:00:00+00:00,1.0,347.18517809247834
55623304.4239637,21835634.894381948,2025-12-11T09:00:00+00:00,1.0,742.8325911319829
64922476.305945374,32084332.03883439,2025-12-11T10:00:00+00:00,1.0,867.0202498123012
68682598.8973028,37192916.13777107,2025-12-11T11:00:00+00:00,1.0,917.2355621969016
70021854.7224374,39168010.12170655,2025-12-11T12:00:00+00:00,1.0,935.1209231094667
69712361.08200279,38716315.5126265,2025-12-11T13:00:00+00:00,1.0,930.9877281250303
67589688.23292442,35666889.25414728,2025-12-11T14:00:00+00:00,1.0,902.6400672131905
62292703.38270651,28859814.651877496,2025-12-11T15:00:00+00:00,1.0,831.9004191066606
48301963.25116563,15755990.423161514,2025-12-11T16:00:00+00:00,1.0,645.058269914076
4223068.056114417,262619.66346474015,2025-12-11T17:00:00+00:00,1.0,56.39781057845124
25344360.30677237,4731230.103547385,2025-12-12T08:00:00+00:00,1.0,338.46635025070094
55452294.97634839,21653438.213561513,2025-12-12T09:00:00+00:00,1.0,740.5488111157746
64864069.451972604,31980070.706273593,2025-12-12T10:00:00+00:00,1.0,866.2402437496407
68662552.78089167,37128938.56840913,2025-12-12T11:00:00+00:00,1.0,916.9678523089235
70020050.4569985,39129701.91768812,2025-12-12T12:00:00+00:00,1.0,935.0968276842682
69722263.07154757,38695699.17912832,2025-12-12T13:00:00+00:00,1.0,931.1199662332783
67610722.9004527,35662662.7113871,2025-12-12T14:00:00+00:00,1.0,902.9209789056065
62331646.868377686,28874990.407793432,2025-12-12T15:00:00+00:00,1.0,832.4204977080408
48393502.65930502,15802073.450368373,2025-12-12T16:00:00+00:00,1.0,646.2807513261977
4364758.552195181,275972.8575249646,2025-12-12T17:00:00+00:00,1.0,58.29004476756292
24705386.542266402,4525703.834324302,2025-12-13T08:00:00+00:00,1.0,329.9330467717228
55287056.30967082,21478340.47795768,2025-12-13T09:00:00+00:00,1.0,738.3420981526626
64809370.513671525,31881278.33475273,2025-12-13T10:00:00+00:00,1.0,865.509755791567
68645398.66695361,37069626.79997015,2025-12-13T11:00:00+00:00,1.0,916.738764248841
70020955.9978926,39096118.55733286,2025-12-13T12:00:00+00:00,1.0,935.1089209120408
69735196.6453036,38680153.100136995,2025-12-13T13:00:00+00:00,1.0,931.2926902417674
67635832.01740249,35664625.73900608,2025-12-13T14:00:00+00:00,1.0,903.2563036512136
62377414.17661531,28898852.2360998,2025-12-13T15:00:00+00:00,1.0,833.0317064184839
48501005.69810649,15860138.019888733,2025-12-13T16:00:00+00:00,1.0,647.7164222503515
4533061.314668541,292390.36439431686,2025-12-13T17:00:00+00:00,1.0,60.53767781341612
24081979.525972202,4329973.4629291305,2025-12-14T08:00:00+00:00,1.0,321.60763255839095
55128049.21669904,21310440.8658955,2025-12-14T09:00:00+00:00,1.0,736.2186059922328
64758564.03516259,31788198.38875466,2025-12-14T10:00:00+00:00,1.0,864.8312504695955
68631232.51920678,37015289.06225543,2025-12-14T11:00:00+00:00,1.0,916.5495795834316
70024627.20212534,39067333.187734775,2025-12-14T12:00:00+00:00,1.0,935.1579487463267
69751192.38048749,38669766.94394019,2025-12-14T13:00:00+00:00,1.0,931.5063085001102
67665019.98029675,35672731.146960825,2025-12-14T14:00:00+00:00,1.0,903.6461001642284
62429956.081623934,28931331.88931684,2025-12-14T15:00:00+00:00,1.0,833.7333878421919
48624208.950273484,15929898.415609615,2025-12-14T16:00:00+00:00,1.0,649.3617648273671
4729198.368634642,312312.3001994182,2025-12-14T17:00:00+00:00,1.0,63.15702949565497
23475803.638670925,4143954.097682547,2025-12-15T08:00:00+00:00,1.0,313.5123349181495
54975736.314714,21149952.67130496,2025-12-15T09:00:00+00:00,1.0,734.184512749913
64711830.40137339,31700994.842305347,2025-12-15T10:00:00+00:00,1.0,864.2071367704904
68620145.15054445,36966065.81906772,2025-12-15T11:00:00+00:00,1.0,916.401511091669
70031114.00941932,39043414.4262604,2025-12-15T12:00:00+00:00,1.0,935.2445781172406
69770273.45014946,38664547.05273334,2025-12-15T13:00:00+00:00,1.0,931.761130477423
67698280.47537346,35686875.94209076,2025-12-15T14:00:00+00:00,1.0,904.0902841262393
62489203.9543425,28972347.222918306,2025-12-15T15:00:00+00:00,1.0,834.5246254586411
48762797.74838667,16011305.754245386,2025-12-15T16:00:00+00:00,1.0,651.2125767679803
4954505.9550818,336331.08134769904,2025-12-15T17:00:00+00:00,1.0,66.16594491295072
22805807.266889315,3953330.5722276503,2025-12-16T08:00:00+00:00,1.0,304.56473379927155
54761553.42537329,20970576.612272106,2025-12-16T09:00:00+00:00,1.0,731.3241643345895
64616731.06392563,31594088.616462156,2025-12-16T10:00:00+00:00,1.0,862.9371135673908
68567360.20016147,36897915.065181024,2025-12-16T11:00:00+00:00,1.0,915.6965838696718
69998559.99381484,39001069.406275816,2025-12-16T12:00:00+00:00,1.0,934.8098289772303
69750035.44245408,38641026.527495466,2025-12-16T13:00:00+00:00,1.0,931.4908579387701
67688957.27681857,35682599.5925836,2025-12-16T14:00:00+00:00,1.0,903.9657755985489
62498565.37063081,28995610.624391615,2025-12-16T15:00:00+00:00,1.0,834.64964437275
48839769.879412,16078991.170701606,2025-12-16T16:00:00+00:00,1.0,652.240516551981
5170870.718670387,361770.6768470805,2025-12-16T17:00:00+00:00,1.0,69.05543160617452
22075755.962553967,3759422.476243609,2025-12-17T08:00:00+00:00,1.0,294.81511702128734
54485263.911395006,20772535.646918025,2025-12-17T09:00:00+00:00,1.0,727.6344005261034
64473035.57186616,31467599.862732302,2025-12-17T10:00:00+00:00,1.0,861.0181032567609
68472728.92292532,36810878.05094549,2025-12-17T11:00:00+00:00,1.0,914.4328114706866
69926877.80207741,38940327.15709004,2025-12-17T12:00:00+00:00,1.0,933.8525347499534
69690443.73290475,38599222.705037124,2025-12-17T13:00:00+00:00,1.0,930.6950284843049
67637075.85817152,35659881.692762576,2025-12-17T14:00:00+00:00,1.0,903.2729147725777
62458152.40117277,29001199.8073296,2025-12-17T15:00:00+00:00,1.0,834.1099412549743
48855261.01966593,16132828.75351946,2025-12-17T16:00:00+00:00,1.0,652.4473960959629
5376330.828572444,388502.55413939635,2025-12-17T17:00:00+00:00,1.0,71.79928991149072
21370741.19845406,3576897.728055641,2025-12-18T08:00:00+00:00,1.0,285.399855748584
54216189.49973567,20581979.069466136,2025-12-18T09:00:00+00:00,1.0,724.0409922507476
64333438.916904986,31347332.092697162,2025-12-18T10:00:00+00:00,1.0,859.1538316894461
68381152.21670574,36729158.38701118,2025-12-18T11:00:00+00:00,1.0,913.2098319538786
69857996.61371002,38884565.91974828,2025-12-18T12:00:00+00:00,1.0,932.9326470847894
69633946.34503229,38562670.34459646,2025-12-18T13:00:00+00:00,1.0,929.9405227701799
67589304.69508536,35643278.303870544,2025-12-18T14:00:00+00:00,1.0,902.6349451800978
62424485.70639677,29015059.745496564,2025-12-18T15:00:00+00:00,1.0,833.6603326174883
48885730.14999225,16197769.33404572,2025-12-18T16:00:00+00:00,1.0,652.8543022167835
5610215.084691605,419496.1990469839,2025-12-18T17:00:00+00:00,1.0,74.92274418658543
20692367.200707793,3405462.913421287,2025-12-19T08:00:00+00:00,1.0,276.3403739410763
53954867.2386574,20399356.3475808,2025-12-19T09:00:00+00:00,1.0,720.5511116273655
64198159.91842332,31233361.147464648,2025-12-19T10:00:00+00:00,1.0,857.3472211327841
68292748.02214363,36652806.340758316,2025-12-19T11:00:00+00:00,1.0,912.0292203811925
69791988.6669083,38833850.510318525,2025-12-19T12:00:00+00:00,1.0,932.0511307012423
69580586.27006122,38531467.33665598,2025-12-19T13:00:00+00:00,1.0,929.2279149313639
67545654.70131728,35632723.27794006,2025-12-19T14:00:00+00:00,1.0,902.052012571014
62397503.71899043,29036958.300544664,2025-12-19T15:00:00+00:00,1.0,833.2999962471944
48930792.84999191,16273767.614615327,2025-12-19T16:00:00+00:00,1.0,653.4561010949772
5873365.416110997,455157.2563585353,2025-12-19T17:00:00+00:00,1.0,78.43703814250853
20042122.105884716,3244892.691517477,2025-12-20T08:00:00+00:00,1.0,267.65654521747564
53701826.811387084,20225266.4120496,2025-12-20T09:00:00+00:00,1.0,717.1718324170307
64067410.673351586,31125908.5471207,2025-12-20T10:00:00+00:00,1.0,855.6011040778693
68207628.03559129,36581940.76370665,2025-12-20T11:00:00+00:00,1.0,910.8924684240362
69728919.73377727,38788163.33257435,2025-12-20T12:00:00+00:00,1.0,931.2088639660406
69530398.89039156,38505592.07938339,2025-12-20T13:00:00+00:00,1.0,928.5576774891973
67506126.3842607,35628149.61376108,2025-12-20T14:00:00+00:00,1.0,901.5241237214178
62377127.5145681,29066870.238753226,2025-12-20T15:00:00+00:00,1.0,833.0278781325883
48990027.26158034,16360528.749872703,2025-12-20T16:00:00+00:00,1.0,654.2471589420439
6166607.45984211,495941.567694092,2025-12-20T17:00:00+00:00,1.0,82.35319791455859
19421369.18057716,3094910.9217373794,2025-12-21T08:00:00+00:00,1.0,259.36657559531494
53457588.07769386,20060163.288721383,2025-12-21T09:00:00+00:00,1.0,713.910097191429
63941395.69665382,31025058.656106163,2025-12-21T10:00:00+00:00,1.0,853.9182117608652
68125897.30530861,36516694.703126326,2025-12-21T11:00:00+00:00,1.0,909.8009789704731
69668848.9176872,38747615.661544986,2025-12-21T12:00:00+00:00,1.0,930.4066361870641
69483411.92456661,38484972.23774185,2025-12-21T13:00:00+00:00,1.0,927.9301806165358
67470710.00255218,35629583.23828028,2025-12-21T14:00:00+00:00,1.0,901.051148538365
62363261.548421964,29104755.54418694,2025-12-21T15:00:00+00:00,1.0,832.8427023026358
49062977.52655599,16457715.586721286,2025-12-21T16:00:00+00:00,1.0,655.2213879080712
6490714.548301674,542325.3670365717,2025-12-21T17:00:00+00:00,1.0,86.68155112582286
18831339.904855188,2955648.6680587195,2025-12-22T08:00:00+00:00,1.0,251.48691112253124
53222658.343491875,19904417.20196064,2025-12-22T09:00:00+00:00,1.0,710.7726808692903
63820310.97741646,30930885.66751102,2025-12-22T10:00:00+00:00,1.0,852.3011615573882
68047653.79776193,36457179.88161533,2025-12-22T11:00:00+00:00,1.0,908.7560603333505
69611828.45033032,38712295.70051478,2025-12-22T12:00:00+00:00,1.0,929.645144902919
69439645.39718579,38469718.40206779,2025-12-22T13:00:00+00:00,1.0,927.3456917359289
67439385.78199929,35637048.01925106,2025-12-22T14:00:00+00:00,1.0,900.6328229433733
62355794.52145809,29150469.64062955,2025-12-22T15:00:00+00:00,1.0,832.7429823912631
49149157.50297012,16565141.173851084,2025-12-22T16:00:00+00:00,1.0,656.372295712744
6846371.866736009,594828.1851939652,2025-12-22T17:00:00+00:00,1.0,91.43124822030073
18273128.65625901,2826842.0800347477,2025-12-23T08:00:00+00:00,1.0,244.0321668838003
52997529.26593708,19758124.104758967,2025-12-23T09:00:00+00:00,1.0,707.7661493848522
63704342.91445172,30843557.9477325,2025-12-23T10:00:00+00:00,1.0,850.7524427677907
67972987.92295703,36403500.608396456,2025-12-23T11:00:00+00:00,1.0,907.7589199112886
69557903.48777397,38682164.54638541,2025-12-23T12:00:00+00:00,1.0,928.9249931593811
69399111.641966,38459762.30584995,2025-12-23T13:00:00+00:00,1.0,926.804375560434
67412124.21204254,35650432.01066208,2025-12-23T14:00:00+00:00,1.0,900.2687528317548
62354600.41450213,29204048.23535956,2025-12-23T15:00:00+00:00,1.0,832.7270354500907
49248054.85927061,16682796.25364076,2025-12-23T16:00:00+00:00,1.0,657.693040321452
7234142.236110002,653947.7034981381,2025-12-23T17:00:00+00:00,1.0,96.6098055036065
17747689.003102355,2708306.2655000426,2025-12-24T08:00:00+00:00,1.0,237.01507749869685
52782673.34996713,19621812.835456207,2025-12-24T09:00:00+00:00,1.0,704.8968129001967
63593667.12066472,30763139.58608456,2025-12-24T10:00:00+00:00,1.0,849.274400649904
67901982.01521996,36355662.04389626,2025-12-24T11:00:00+00:00,1.0,906.8106572545325
69507111.90535869,38657246.53725379,2025-12-24T12:00:00+00:00,1.0,928.2466867702875
69361815.33865616,38455019.02800225,2025-12-24T13:00:00+00:00,1.0,926.3062945867457
67388886.42102867,35669675.48423604,2025-12-24T14:00:00+00:00,1.0,899.9584190842556
62359539.6855213,29265269.56974029,2025-12-24T15:00:00+00:00,1.0,832.7929979369966
49359135.490384705,16810446.626539163,2025-12-24T16:00:00+00:00,1.0,659.1764889207368
7654434.943031303,720226.1788678294,2025-12-24T17:00:00+00:00,1.0,102.22268887595108
17255831.658390656,2599644.0831459933,2025-12-25T08:00:00+00:00,1.0,230.44646979688463
52578540.09030744,19495611.70848931,2025-12-25T09:00:00+00:00,1.0,702.1706742829575
63488447.110446885,30689473.641749933,2025-12-25T10:00:00+00:00,1.0,847.8692188895232
67834709.77236766,36313767.841706075,2025-12-25T11:00:00+00:00,1.0,905.9122565754124
69459484.08862731,38637579.13274792,2025-12-25T12:00:00+00:00,1.0,927.6106315254839
69327753.57545431,38455530.216205314,2025-12-25T13:00:00+00:00,1.0,925.8514099285962
67369624.61144438,35694776.53496336,2025-12-25T14:00:00+00:00,1.0,899.7011833793437
62370460.57933891,29334052.988440588,2025-12-25T15:00:00+00:00,1.0,832.9388432069727
49481848.115511246,16947823.04580168,2025-12-25T16:00:00+00:00,1.0,660.8152793203986
8107478.762516395,793962.1794708605,2025-12-25T17:00:00+00:00,1.0,108.27295355924528
16798224.27603542,2500684.4845586237,2025-12-26T08:00:00+00:00,1.0,224.335260096626
52385551.83395077,19379601.93878542,2025-12-26T09:00:00+00:00,1.0,699.5933738508303
63388832.89698093,30622816.167475134,2025-12-26T10:00:00+00:00,1.0,846.538900867809
67771235.66138199,36277862.21227751,2025-12-26T11:00:00+00:00,1.0,905.0645788111822
69415042.71661858,38623196.239772685,2025-12-26T12:00:00+00:00,1.0,927.0171302967091
69296915.92089923,38461249.90406369,2025-12-26T13:00:00+00:00,1.0,925.4395822769725
67354282.52184874,35725606.89906454,2025-12-26T14:00:00+00:00,1.0,899.4962943623005
62387200.48079389,29410179.476552945,2025-12-26T15:00:00+00:00,1.0,833.1623995832609
49615628.83063731,17094648.556234606,2025-12-26T16:00:00+00:00,1.0,662.6018807510231
8593300.04855823,875587.6372777259,2025-12-26T17:00:00+00:00,1.0,114.76095150318261
16375393.228271913,2411119.816555488,2025-12-27T08:00:00+00:00,1.0,218.6884779416676
52204099.49981482,19273979.298020806,2025-12-27T09:00:00+00:00,1.0,697.1701322090696
63294959.53898507,30563315.32648095,2025-12-27T10:00:00+00:00,1.0,845.2852502535367
67711614.30188577,36247899.67757094,2025-12-27T11:00:00+00:00,1.0,904.2683533905622
69373802.53251758,38614138.90235196,2025-12-27T12:00:00+00:00,1.0,926.4663799748707
69269284.48572701,38472135.663998626,2025-12-27T13:00:00+00:00,1.0,925.0705727260512
67342795.87189725,35762060.727337934,2025-12-27T14:00:00+00:00,1.0,899.3428935883817
62409587.21075384,29493544.256988082,2025-12-27T15:00:00+00:00,1.0,833.4613676649769
49759905.37456473,17250759.578593407,2025-12-27T16:00:00+00:00,1.0,664.5286508355402
9111706.368184494,965375.5651084335,2025-12-27T17:00:00+00:00,1.0,121.68411282297483
15987727.715671774,2330621.833746244,2025-12-28T08:00:00+00:00,1.0,213.51132098920573
52034538.401662536,19179161.949501228,2025-12-28T09:00:00+00:00,1.0,694.9056944666546
63206945.73079369,30511267.961335227,2025-12-28T10:00:00+00:00,1.0,844.1098521740655
67655889.86574546,36223893.942163005,2025-12-28T11:00:00+00:00,1.0,903.524170215624
69335770.11422579,38610323.82301985,2025-12-28T12:00:00+00:00,1.0,925.9584684058075
69244833.96550679,38488169.17130822,2025-12-28T13:00:00+00:00,1.0,924.7440433427795
67335092.753376,35804122.257210694,2025-12-28T14:00:00+00:00,1.0,899.2400207448638
62437440.17585927,29583716.823313605,2025-12-28T15:00:00+00:00,1.0,833.833335681885
49914100.818061545,17415773.69851571,2025-12-28T16:00:00+00:00,1.0,666.5878848565961
9662275.667360945,1062420.3863046549,2025-12-28T17:00:00+00:00,1.0,129.03680111326065
15635487.047635417,2258896.595078894,2025-12-29T08:00:00+00:00,1.0,208.80725223871812
51877184.63991365,19095177.692504715,2025-12-29T09:00:00+00:00,1.0,692.8042820501222
63124892.62153617,30466790.85655243,2025-12-29T10:00:00+00:00,1.0,843.014057445742
67604095.59536977,36205886.327188164,2025-12-29T11:00:00+00:00,1.0,902.8324732287759
69300943.70428139,38611693.982442886,2025-12-29T12:00:00+00:00,1.0,925.4933721191376
69223531.69672008,38509250.02150134,2025-12-29T13:00:00+00:00,1.0,924.4595579155888
67331093.97529939,35851642.66020844,2025-12-29T14:00:00+00:00,1.0,899.1866182598832
62470571.33466379,29680440.62251964,2025-12-29T15:00:00+00:00,1.0,834.2757923966745
50077636.548503645,17589324.9407331,2025-12-29T16:00:00+00:00,1.0,668.7718556157006
10244350.774046741,1167319.6675079705,2025-12-29T17:00:00+00:00,1.0,136.81024003801593
15318812.185606059,2195884.8262663702,2025-12-30T08:00:00+00:00,1.0,204.57815418811458
51732312.71564188,19021964.161537137,2025-12-30T09:00:00+00:00,1.0,690.869560839228
63048883.1522249,30430011.335390784,2025-12-30T10:00:00+00:00,1.0,841.9989737209456
67556253.60685466,36193833.41541757,2025-12-30T11:00:00+00:00,1.0,902.1935577838602
69269313.21901573,38618193.54951394,2025-12-30T12:00:00+00:00,1.0,925.070956450539
69205337.82531309,38535290.81098205,2025-12-30T13:00:00+00:00,1.0,924.2165842055734
67330713.45418708,35904555.80098945,2025-12-30T14:00:00+00:00,1.0,899.1815365142535
62508786.083965,29782441.325849656,2025-12-30T15:00:00+00:00,1.0,834.7861389418308
50249934.711763956,17771247.515834622,2025-12-30T16:00:00+00:00,1.0,671.0728460438611
10857039.390952094,1281254.07212975,2025-12-30T17:00:00+00:00,1.0,144.99251323386855
15037742.336524663,2141347.9101296016,2025-12-31T08:00:00+00:00,1.0,200.82455043435687
51600154.949942686,18959602.843708158,2025-12-31T09:00:00+00:00,1.0,689.104633412694
62978982.17950456,30400915.229759373,2025-12-31T10:00:00+00:00,1.0,841.065467140809
67512375.15289333,36187720.77316151,2025-12-31T11:00:00+00:00,1.0,901.6075741572246
69240860.57417491,38629749.275478385,2025-12-31T12:00:00+00:00,1.0,924.6909798901646
69190205.71589835,38566122.00498602,2025-12-31T13:00:00+00:00,1.0,924.0144994110309
67333858.7958139,35962788.64551051,2025-12-31T14:00:00+00:00,1.0,899.2235416107703
62551884.27462518,29890513.110077962,2025-12-31T15:00:00+00:00,1.0,835.3617023854912
50430420.53571287,17960962.887585692,2025-12-31T16:00:00+00:00,1.0,673.4831802312008
11499220.186991047,1404736.0512030092,2025-12-31T17:00:00+00:00,1.0,153.56864565960444
