mirror_id,x,y,z,width,height,aim_x,aim_y,aim_z,roll_deg,mount_type
C0001,7.844289273377523,114.67944990053084,0.0,12.305,9.752,0.27296965345868396,3.990675076762157,140.0,0.0,azimuth_elevation
C0002,23.386743552934828,112.54318873073596,0.0,12.305,9.752,0.813824052210535,3.916336350729291,140.0,0.0,azimuth_elevation
C0003,38.49354704951908,108.31046089477809,0.0,12.305,9.752,1.3395184486839447,3.7690436884752816,140.0,0.0,azimuth_elevation
C0004,52.8832885971588,102.0601141036125,0.0,12.305,9.752,1.8402601509246088,3.5515408736095013,140.0,0.0,azimuth_elevation
C0005,66.28791453725806,93.90858049184837,0.0,12.305,9.752,2.3067212884594683,3.267879572041768,140.0,0.0,azimuth_elevation
C0006,78.45772205107907,84.00770770737891,0.0,12.305,9.752,2.730212572874616,2.923343857112497,140.0,0.0,azimuth_elevation
C0007,89.16601065079949,72.54193027700809,0.0,12.305,9.752,3.102845162817679,2.524351777304211,140.0,0.0,azimuth_elevation
C0008,98.21330518066658,59.72483394017971,0.0,12.305,9.752,3.4176776181859543,2.0783358001417342,140.0,0.0,azimuth_elevation
C0009,105.43107166172759,45.79517695077127,0.0,12.305,9.752,3.6688452060218126,1.5936043593849656,140.0,0.0,azimuth_elevation
C0010,110.68485676097896,31.012442462572352,0.0,12.305,9.752,3.851669149391197,1.0791870846280978,140.0,0.0,azimuth_elevation
C0011,113.87679240256483,15.652004849090204,0.0,12.305,9.752,3.962743784145323,0.5446665963849864,140.0,0.0,azimuth_elevation
C0012,114.9474188648566,7.038499429154836e-15,0.0,12.305,9.752,4.0,2.4492935982947064e-16,140.0,0.0,azimuth_elevation
C0013,113.87679240256483,-15.652004849090215,0.0,12.305,9.752,3.962743784145323,-0.5446665963849867,140.0,0.0,azimuth_elevation
C0014,110.68485676097897,-31.012442462572313,0.0,12.305,9.752,3.8516691493911974,-1.0791870846280964,140.0,0.0,azimuth_elevation
C0015,105.43107166172759,-45.795176950771285,0.0,12.305,9.752,3.668845206021812,-1.5936043593849658,140.0,0.0,azimuth_elevation
C0016,98.2133051806666,-59.72483394017968,0.0,12.305,9.752,3.4176776181859547,-2.0783358001417334,140.0,0.0,azimuth_elevation
C0017,89.16601065079949,-72.5419302770081,0.0,12.305,9.752,3.102845162817679,-2.5243517773042115,140.0,0.0,azimuth_elevation
C0018,78.45772205107909,-84.00770770737891,0.0,12.305,9.752,2.7302125728746165,-2.9233438571124966,140.0,0.0,azimuth_elevation
C0019,66.28791453725806,-93.90858049184835,0.0,12.305,9.752,2.3067212884594688,-3.2678795720417684,140.0,0.0,azimuth_elevation
C0020,52.88328859715882,-102.0601141036125,0.0,12.305,9.752,1.840260150924609,-3.551540873609501,140.0,0.0,azimuth_elevation
C0021,38.493547049519094,-108.31046089477807,0.0,12.305,9.752,1.3395184486839453,-3.769043688475282,140.0,0.0,azimuth_elevation
C0022,23.386743552934856,-112.54318873073595,0.0,12.305,9.752,0.8138240522105361,-3.916336350729291,140.0,0.0,azimuth_elevation
C0023,7.844289273377508,-114.67944990053086,0.0,12.305,9.752,0.27296965345868335,-3.9906750767621566,140.0,0.0,azimuth_elevation
C0024,-7.844289273377531,-114.67944990053084,0.0,12.305,9.752,-0.27296965345868424,-3.990675076762157,140.0,0.0,azimuth_elevation
C0025,-23.386743552934778,-112.54318873073596,0.0,12.305,9.752,-0.8138240522105334,-3.9163363507292916,140.0,0.0,azimuth_elevation
C0026,-38.49354704951907,-108.31046089477809,0.0,12.305,9.752,-1.3395184486839444,-3.7690436884752816,140.0,0.0,azimuth_elevation
C0027,-52.88328859715879,-102.06011410361252,0.0,12.305,9.752,-1.840260150924608,-3.551540873609501,140.0,0.0,azimuth_elevation
C0028,-66.28791453725808,-93.90858049184834,0.0,12.305,9.752,-2.306721288459469,-3.267879572041768,140.0,0.0,azimuth_elevation
C0029,-78.45772205107907,-84.00770770737893,0.0,12.305,9.752,-2.7302125728746156,-2.9233438571124966,140.0,0.0,azimuth_elevation
C0030,-89.16601065079946,-72.54193027700812,0.0,12.305,9.752,-3.1028451628176783,-2.524351777304212,140.0,0.0,azimuth_elevation
C0031,-98.21330518066658,-59.72483394017971,0.0,12.305,9.752,-3.4176776181859543,-2.0783358001417342,140.0,0.0,azimuth_elevation
C0032,-105.4310716617276,-45.79517695077124,0.0,12.305,9.752,-3.6688452060218126,-1.5936043593849643,140.0,0.0,azimuth_elevation
C0033,-110.68485676097896,-31.012442462572338,0.0,12.305,9.752,-3.851669149391197,-1.0791870846280973,140.0,0.0,azimuth_elevation
C0034,-113.87679240256482,-15.652004849090268,0.0,12.305,9.752,-3.962743784145323,-0.5446665963849886,140.0,0.0,azimuth_elevation
C0035,-114.9474188648566,-2.1115498287464507e-14,0.0,12.305,9.752,-4.0,-7.347880794884119e-16,140.0,0.0,azimuth_elevation
C0036,-113.87679240256483,15.652004849090227,0.0,12.305,9.752,-3.962743784145323,0.5446665963849872,140.0,0.0,azimuth_elevation
C0037,-110.68485676097897,31.0124424625723,0.0,12.305,9.752,-3.851669149391198,1.079187084628096,140.0,0.0,azimuth_elevation
C0038,-105.43107166172757,45.79517695077129,0.0,12.305,9.752,-3.668845206021812,1.5936043593849663,140.0,0.0,azimuth_elevation
C0039,-98.21330518066661,59.724833940179664,0.0,12.305,9.752,-3.417677618185955,2.078335800141733,140.0,0.0,azimuth_elevation
C0040,-89.16601065079949,72.54193027700809,0.0,12.305,9.752,-3.102845162817679,2.524351777304211,140.0,0.0,azimuth_elevation
C0041,-78.45772205107913,84.00770770737886,0.0,12.305,9.752,-2.7302125728746183,2.923343857112495,140.0,0.0,azimuth_elevation
C0042,-66.28791453725799,93.90858049184841,0.0,12.305,9.752,-2.306721288459466,3.2678795720417697,140.0,0.0,azimuth_elevation
C0043,-52.88328859715878,102.06011410361252,0.0,12.305,9.752,-1.840260150924608,3.5515408736095013,140.0,0.0,azimuth_elevation
C0044,-38.49354704951911,108.31046089477807,0.0,12.305,9.752,-1.3395184486839458,3.7690436884752816,140.0,0.0,azimuth_elevation
C0045,-23.38674355293482,112.54318873073596,0.0,12.305,9.752,-0.8138240522105348,3.916336350729291,140.0,0.0,azimuth_elevation
C0046,-7.844289273377572,114.67944990053084,0.0,12.305,9.752,-0.2729696534586856,3.990675076762157,140.0,0.0,azimuth_elevation
C0047,0.0,128.54469420773322,0.0,12.305,9.752,0.0,4.0,140.0,0.0,azimuth_elevation
C0048,17.503500269368732,127.34742198913902,0.0,12.305,9.752,0.5446665963849864,3.962743784145323,140.0,0.0,azimuth_elevation
C0049,34.68094344661346,123.77790824946284,0.0,12.305,9.752,1.079187084628097,3.8516691493911974,140.0,0.0,azimuth_elevation
C0050,51.21234626631276,117.90264627589545,0.0,12.305,9.752,1.5936043593849658,3.668845206021812,140.0,0.0,azimuth_elevation
C0051,66.78975997255094,109.83108108258187,0.0,12.305,9.752,2.0783358001417342,3.4176776181859543,140.0,0.0,azimuth_elevation
C0052,81.12300682157942,99.71357065708568,0.0,12.305,9.752,2.5243517773042115,3.102845162817679,140.0,0.0,azimuth_elevation
C0053,93.94508554414529,87.73858507556903,0.0,12.305,9.752,2.923343857112496,2.7302125728746165,140.0,0.0,azimuth_elevation
C0054,105.01714507395178,74.12919566187269,0.0,12.305,9.752,3.267879572041768,2.3067212884594683,140.0,0.0,azimuth_elevation
C0055,114.13293389109974,59.1389195908202,0.0,12.305,9.752,3.551540873609501,1.8402601509246088,140.0,0.0,azimuth_elevation
C0056,121.12264209766049,43.046997342923724,0.0,12.305,9.752,3.7690436884752816,1.339518448683945,140.0,0.0,azimuth_elevation
C0057,125.85606465478165,26.15319098257538,0.0,12.305,9.752,3.9163363507292916,0.813824052210535,140.0,0.0,azimuth_elevation
C0058,128.24502685620342,8.77220015795939,0.0,12.305,9.752,3.9906750767621566,0.2729696534586849,140.0,0.0,azimuth_elevation
C0059,128.24502685620342,-8.772200157959345,0.0,12.305,9.752,3.9906750767621566,-0.2729696534586835,140.0,0.0,azimuth_elevation
C0060,125.85606465478165,-26.153190982575396,0.0,12.305,9.752,3.9163363507292916,-0.8138240522105354,140.0,0.0,azimuth_elevation
C0061,121.1226420976605,-43.04699734292371,0.0,12.305,9.752,3.769043688475282,-1.3395184486839447,140.0,0.0,azimuth_elevation
C0062,114.13293389109974,-59.13891959082019,0.0,12.305,9.752,3.551540873609501,-1.8402601509246084,140.0,0.0,azimuth_elevation
C0063,105.0171450739518,-74.12919566187269,0.0,12.305,9.752,3.2678795720417684,-2.3067212884594683,140.0,0.0,azimuth_elevation
C0064,93.94508554414527,-87.73858507556905,0.0,12.305,9.752,2.9233438571124957,-2.730212572874617,140.0,0.0,azimuth_elevation
C0065,81.12300682157944,-99.71357065708567,0.0,12.305,9.752,2.524351777304212,-3.1028451628176787,140.0,0.0,azimuth_elevation
C0066,66.78975997255098,-109.83108108258185,0.0,12.305,9.752,2.0783358001417356,-3.4176776181859534,140.0,0.0,azimuth_elevation
C0067,51.21234626631275,-117.90264627589545,0.0,12.305,9.752,1.5936043593849656,-3.668845206021812,140.0,0.0,azimuth_elevation
C0068,34.68094344661346,-123.77790824946283,0.0,12.305,9.752,1.079187084628097,-3.851669149391197,140.0,0.0,azimuth_elevation
C0069,17.503500269368796,-127.34742198913901,0.0,12.305,9.752,0.5446665963849884,-3.9627437841453226,140.0,0.0,azimuth_elevation
C0070,1.574218483088758e-14,-128.54469420773322,0.0,12.305,9.752,4.898587196589413e-16,-4.0,140.0,0.0,azimuth_elevation
C0071,-17.503500269368708,-127.34742198913902,0.0,12.305,9.752,-0.5446665963849856,-3.962743784145323,140.0,0.0,azimuth_elevation
C0072,-34.68094344661348,-123.77790824946283,0.0,12.305,9.752,-1.0791870846280978,-3.851669149391197,140.0,0.0,azimuth_elevation
C0073,-51.21234626631277,-117.90264627589544,0.0,12.305,9.752,-1.5936043593849663,-3.6688452060218117,140.0,0.0,azimuth_elevation
C0074,-66.7897599725509,-109.8310810825819,0.0,12.305,9.752,-2.078335800141733,-3.417677618185955,140.0,0.0,azimuth_elevation
C0075,-81.12300682157941,-99.71357065708568,0.0,12.305,9.752,-2.524351777304211,-3.102845162817679,140.0,0.0,azimuth_elevation
C0076,-93.94508554414529,-87.73858507556903,0.0,12.305,9.752,-2.923343857112496,-2.7302125728746165,140.0,0.0,azimuth_elevation
C0077,-105.01714507395178,-74.1291956618727,0.0,12.305,9.752,-3.267879572041768,-2.3067212884594688,140.0,0.0,azimuth_elevation
C0078,-114.13293389109971,-59.138919590820265,0.0,12.305,9.752,-3.5515408736095,-1.8402601509246108,140.0,0.0,azimuth_elevation
C0079,-121.12264209766049,-43.04699734292374,0.0,12.305,9.752,-3.7690436884752816,-1.3395184486839455,140.0,0.0,azimuth_elevation
C0080,-125.85606465478165,-26.15319098257537,0.0,12.305,9.752,-3.9163363507292916,-0.8138240522105347,140.0,0.0,azimuth_elevation
C0081,-128.24502685620345,-8.772200157959292,0.0,12.305,9.752,-3.9906750767621566,-0.2729696534586818,140.0,0.0,azimuth_elevation
C0082,-128.24502685620342,8.77220015795936,0.0,12.305,9.752,-3.9906750767621566,0.27296965345868396,140.0,0.0,azimuth_elevation
C0083,-125.85606465478166,26.153190982575325,0.0,12.305,9.752,-3.916336350729292,0.8138240522105332,140.0,0.0,azimuth_elevation
C0084,-121.1226420976605,43.046997342923696,0.0,12.305,9.752,-3.769043688475282,1.3395184486839442,140.0,0.0,azimuth_elevation
C0085,-114.13293389109978,59.13891959082012,0.0,12.305,9.752,-3.551540873609502,1.8402601509246064,140.0,0.0,azimuth_elevation
C0086,-105.01714507395181,74.12919566187267,0.0,12.305,9.752,-3.267879572041769,2.306721288459468,140.0,0.0,azimuth_elevation
C0087,-93.94508554414529,87.73858507556905,0.0,12.305,9.752,-2.923343857112496,2.730212572874617,140.0,0.0,azimuth_elevation
C0088,-81.12300682157945,99.71357065708565,0.0,12.305,9.752,-2.5243517773042123,3.1028451628176783,140.0,0.0,azimuth_elevation
C0089,-66.78975997255094,109.83108108258187,0.0,12.305,9.752,-2.0783358001417342,3.4176776181859543,140.0,0.0,azimuth_elevation
C0090,-51.212346266312814,117.90264627589542,0.0,12.305,9.752,-1.5936043593849676,3.6688452060218113,140.0,0.0,azimuth_elevation
C0091,-34.68094344661358,123.7779082494628,0.0,12.305,9.752,-1.0791870846281009,3.851669149391196,140.0,0.0,azimuth_elevation
C0092,-17.5035002693687,127.34742198913902,0.0,12.305,9.752,-0.5446665963849854,3.962743784145323,140.0,0.0,azimuth_elevation
C0093,9.70011104254119,141.81060381187598,0.0,12.305,9.752,0.27296965345868396,3.990675076762157,140.0,0.0,azimuth_elevation
C0094,28.919638412215942,139.16894057882735,0.0,12.305,9.752,0.8138240522105351,3.916336350729292,140.0,0.0,azimuth_elevation
C0095,47.60044763632834,133.93482330054292,0.0,12.305,9.752,1.3395184486839447,3.769043688475282,140.0,0.0,azimuth_elevation
C0096,65.39455058448158,126.20575367858696,0.0,12.305,9.752,1.8402601509246084,3.551540873609501,140.0,0.0,azimuth_elevation
C0097,81.9704767864873,116.12570965605522,0.0,12.305,9.752,2.3067212884594683,3.2678795720417684,140.0,0.0,azimuth_elevation
C0098,97.01944810005894,103.88246338091169,0.0,12.305,9.752,2.730212572874616,2.9233438571124966,140.0,0.0,azimuth_elevation
C0099,110.26113066337187,89.70408336615073,0.0,12.305,9.752,3.102845162817679,2.524351777304211,140.0,0.0,azimuth_elevation
C0100,121.44885698449714,73.85468600492217,0.0,12.305,9.752,3.4176776181859543,2.0783358001417342,140.0,0.0,azimuth_elevation
C0101,130.3742208900633,56.6295155818542,0.0,12.305,9.752,3.6688452060218126,1.5936043593849656,140.0,0.0,azimuth_elevation
C0102,136.8709597379467,38.349444430654614,0.0,12.305,9.752,3.8516691493911974,1.0791870846280978,140.0,0.0,azimuth_elevation
C0103,140.8180515757132,19.354995689647254,0.0,12.305,9.752,3.9627437841453235,0.5446665963849864,140.0,0.0,azimuth_elevation
C0104,142.14196955060982,8.703685401732743e-15,0.0,12.305,9.752,4.0,2.4492935982947064e-16,140.0,0.0,azimuth_elevation
C0105,140.8180515757132,-19.354995689647268,0.0,12.305,9.752,3.9627437841453226,-0.5446665963849866,140.0,0.0,azimuth_elevation
C0106,136.8709597379467,-38.349444430654565,0.0,12.305,9.752,3.8516691493911974,-1.0791870846280964,140.0,0.0,azimuth_elevation
C0107,130.3742208900633,-56.629515581854214,0.0,12.305,9.752,3.668845206021812,-1.5936043593849658,140.0,0.0,azimuth_elevation
C0108,121.44885698449717,-73.85468600492214,0.0,12.305,9.752,3.4176776181859547,-2.0783358001417334,140.0,0.0,azimuth_elevation
C0109,110.26113066337187,-89.70408336615075,0.0,12.305,9.752,3.102845162817679,-2.5243517773042115,140.0,0.0,azimuth_elevation
C0110,97.01944810005895,-103.88246338091169,0.0,12.305,9.752,2.7302125728746165,-2.9233438571124966,140.0,0.0,azimuth_elevation
C0111,81.97047678648731,-116.12570965605521,0.0,12.305,9.752,2.3067212884594688,-3.267879572041768,140.0,0.0,azimuth_elevation
C0112,65.3945505844816,-126.20575367858696,0.0,12.305,9.752,1.8402601509246093,-3.551540873609501,140.0,0.0,azimuth_elevation
C0113,47.60044763632836,-133.9348233005429,0.0,12.305,9.752,1.3395184486839453,-3.7690436884752816,140.0,0.0,azimuth_elevation
C0114,28.919638412215978,-139.16894057882732,0.0,12.305,9.752,0.8138240522105361,-3.916336350729291,140.0,0.0,azimuth_elevation
C0115,9.700111042541172,-141.810603811876,0.0,12.305,9.752,0.27296965345868335,-3.990675076762156,140.0,0.0,azimuth_elevation
C0116,-9.7001110425412,-141.81060381187598,0.0,12.305,9.752,-0.27296965345868424,-3.990675076762157,140.0,0.0,azimuth_elevation
C0117,-28.919638412215885,-139.16894057882735,0.0,12.305,9.752,-0.8138240522105334,-3.916336350729292,140.0,0.0,azimuth_elevation
C0118,-47.60044763632833,-133.93482330054292,0.0,12.305,9.752,-1.3395184486839444,-3.769043688475282,140.0,0.0,azimuth_elevation
C0119,-65.39455058448156,-126.20575367858697,0.0,12.305,9.752,-1.840260150924608,-3.5515408736095013,140.0,0.0,azimuth_elevation
C0120,-81.97047678648732,-116.1257096560552,0.0,12.305,9.752,-2.306721288459469,-3.2678795720417675,140.0,0.0,azimuth_elevation
C0121,-97.01944810005892,-103.8824633809117,0.0,12.305,9.752,-2.7302125728746156,-2.923343857112497,140.0,0.0,azimuth_elevation
C0122,-110.26113066337184,-89.70408336615077,0.0,12.305,9.752,-3.1028451628176783,-2.524351777304212,140.0,0.0,azimuth_elevation
C0123,-121.44885698449714,-73.85468600492217,0.0,12.305,9.752,-3.4176776181859543,-2.0783358001417342,140.0,0.0,azimuth_elevation
C0124,-130.37422089006333,-56.629515581854164,0.0,12.305,9.752,-3.6688452060218126,-1.5936043593849643,140.0,0.0,azimuth_elevation
C0125,-136.8709597379467,-38.3494444306546,0.0,12.305,9.752,-3.8516691493911974,-1.0791870846280973,140.0,0.0,azimuth_elevation
C0126,-140.81805157571318,-19.354995689647335,0.0,12.305,9.752,-3.962743784145323,-0.5446665963849887,140.0,0.0,azimuth_elevation
C0127,-142.14196955060982,-2.6111056205198225e-14,0.0,12.305,9.752,-4.0,-7.347880794884119e-16,140.0,0.0,azimuth_elevation
C0128,-140.8180515757132,19.354995689647282,0.0,12.305,9.752,-3.9627437841453226,0.544666596384987,140.0,0.0,azimuth_elevation
C0129,-136.8709597379467,38.34944443065455,0.0,12.305,9.752,-3.8516691493911974,1.079187084628096,140.0,0.0,azimuth_elevation
C0130,-130.3742208900633,56.62951558185423,0.0,12.305,9.752,-3.668845206021812,1.593604359384966,140.0,0.0,azimuth_elevation
C0131,-121.44885698449718,73.85468600492212,0.0,12.305,9.752,-3.417677618185955,2.078335800141733,140.0,0.0,azimuth_elevation
C0132,-110.26113066337187,89.70408336615073,0.0,12.305,9.752,-3.102845162817679,2.524351777304211,140.0,0.0,azimuth_elevation
C0133,-97.01944810005901,103.88246338091162,0.0,12.305,9.752,-2.730212572874618,2.923343857112495,140.0,0.0,azimuth_elevation
C0134,-81.97047678648721,116.12570965605526,0.0,12.305,9.752,-2.306721288459466,3.2678795720417697,140.0,0.0,azimuth_elevation
C0135,-65.39455058448156,126.20575367858697,0.0,12.305,9.752,-1.840260150924608,3.5515408736095013,140.0,0.0,azimuth_elevation
C0136,-47.600447636328376,133.9348233005429,0.0,12.305,9.752,-1.3395184486839458,3.7690436884752816,140.0,0.0,azimuth_elevation
C0137,-28.919638412215935,139.16894057882735,0.0,12.305,9.752,-0.8138240522105349,3.916336350729292,140.0,0.0,azimuth_elevation
C0138,-9.700111042541252,141.81060381187598,0.0,12.305,9.752,-0.2729696534586857,3.990675076762157,140.0,0.0,azimuth_elevation
C0139,0.0,155.73924489348641,0.0,12.305,9.752,0.0,4.0,140.0,0.0,azimuth_elevation
C0140,21.20649110992578,154.2886811622874,0.0,12.305,9.752,0.5446665963849863,3.9627437841453226,140.0,0.0,azimuth_elevation
C0141,42.01794541469572,149.96401122643056,0.0,12.305,9.752,1.0791870846280969,3.851669149391197,140.0,0.0,azimuth_elevation
C0142,62.04668489739568,142.84579550423115,0.0,12.305,9.752,1.5936043593849658,3.6688452060218117,140.0,0.0,azimuth_elevation
C0143,80.91961203729339,133.06663288641244,0.0,12.305,9.752,2.078335800141734,3.417677618185954,140.0,0.0,azimuth_elevation
C0144,98.28515991072207,120.80869066965806,0.0,12.305,9.752,2.5243517773042115,3.102845162817679,140.0,0.0,azimuth_elevation
C0145,113.81984121767805,106.30031112454888,0.0,12.305,9.752,2.923343857112496,2.7302125728746165,140.0,0.0,azimuth_elevation
C0146,127.23427423815862,89.81175791110192,0.0,12.305,9.752,3.267879572041768,2.3067212884594683,140.0,0.0,azimuth_elevation
C0147,138.2785734660742,71.65018157814298,0.0,12.305,9.752,3.551540873609501,1.8402601509246088,140.0,0.0,azimuth_elevation
C0148,146.7470045034253,52.153897929732985,0.0,12.305,9.752,3.7690436884752816,1.339518448683945,140.0,0.0,azimuth_elevation
C0149,152.48181650287302,31.686085841856496,0.0,12.305,9.752,3.9163363507292916,0.813824052210535,140.0,0.0,azimuth_elevation
C0150,155.37618076754856,10.628021927123061,0.0,12.305,9.752,3.990675076762157,0.2729696534586849,140.0,0.0,azimuth_elevation
C0151,155.37618076754856,-10.628021927123008,0.0,12.305,9.752,3.990675076762157,-0.2729696534586835,140.0,0.0,azimuth_elevation
C0152,152.48181650287302,-31.686085841856514,0.0,12.305,9.752,3.9163363507292916,-0.8138240522105354,140.0,0.0,azimuth_elevation
C0153,146.74700450342533,-52.15389792973297,0.0,12.305,9.752,3.7690436884752816,-1.3395184486839444,140.0,0.0,azimuth_elevation
C0154,138.2785734660742,-71.65018157814296,0.0,12.305,9.752,3.551540873609501,-1.8402601509246084,140.0,0.0,azimuth_elevation
C0155,127.23427423815863,-89.81175791110192,0.0,12.305,9.752,3.2678795720417684,-2.3067212884594683,140.0,0.0,azimuth_elevation
C0156,113.81984121767803,-106.3003111245489,0.0,12.305,9.752,2.9233438571124957,-2.730212572874617,140.0,0.0,azimuth_elevation
C0157,98.28515991072209,-120.80869066965805,0.0,12.305,9.752,2.524351777304212,-3.1028451628176787,140.0,0.0,azimuth_elevation
C0158,80.91961203729345,-133.06663288641238,0.0,12.305,9.752,2.078335800141736,-3.417677618185954,140.0,0.0,azimuth_elevation
C0159,62.04668489739567,-142.84579550423115,0.0,12.305,9.752,1.5936043593849656,-3.6688452060218117,140.0,0.0,azimuth_elevation
C0160,42.01794541469572,-149.96401122643053,0.0,12.305,9.752,1.079187084628097,-3.851669149391197,140.0,0.0,azimuth_elevation
C0161,21.206491109925857,-154.28868116228736,0.0,12.305,9.752,0.5446665963849884,-3.9627437841453226,140.0,0.0,azimuth_elevation
C0162,1.907255677604339e-14,-155.73924489348641,0.0,12.305,9.752,4.898587196589413e-16,-4.0,140.0,0.0,azimuth_elevation
C0163,-21.20649110992575,-154.2886811622874,0.0,12.305,9.752,-0.5446665963849856,-3.962743784145323,140.0,0.0,azimuth_elevation
C0164,-42.01794541469574,-149.96401122643053,0.0,12.305,9.752,-1.0791870846280978,-3.851669149391197,140.0,0.0,azimuth_elevation
C0165,-62.0466848973957,-142.84579550423115,0.0,12.305,9.752,-1.5936043593849663,-3.6688452060218117,140.0,0.0,azimuth_elevation
C0166,-80.91961203729335,-133.06663288641246,0.0,12.305,9.752,-2.0783358001417325,-3.4176776181859547,140.0,0.0,azimuth_elevation
C0167,-98.28515991072204,-120.80869066965806,0.0,12.305,9.752,-2.524351777304211,-3.102845162817679,140.0,0.0,azimuth_elevation
C0168,-113.81984121767805,-106.30031112454888,0.0,12.305,9.752,-2.923343857112496,-2.7302125728746165,140.0,0.0,azimuth_elevation
C0169,-127.23427423815862,-89.81175791110194,0.0,12.305,9.752,-3.267879572041768,-2.3067212884594688,140.0,0.0,azimuth_elevation
C0170,-138.27857346607416,-71.65018157814306,0.0,12.305,9.752,-3.5515408736094995,-1.8402601509246106,140.0,0.0,azimuth_elevation
C0171,-146.7470045034253,-52.153897929733006,0.0,12.305,9.752,-3.7690436884752816,-1.3395184486839455,140.0,0.0,azimuth_elevation
C0172,-152.48181650287302,-31.68608584185648,0.0,12.305,9.752,-3.9163363507292916,-0.8138240522105347,140.0,0.0,azimuth_elevation
C0173,-155.37618076754856,-10.628021927122944,0.0,12.305,9.752,-3.990675076762157,-0.27296965345868185,140.0,0.0,azimuth_elevation
C0174,-155.37618076754856,10.628021927123026,0.0,12.305,9.752,-3.990675076762157,0.27296965345868396,140.0,0.0,azimuth_elevation
C0175,-152.48181650287304,31.68608584185643,0.0,12.305,9.752,-3.9163363507292916,0.8138240522105331,140.0,0.0,azimuth_elevation
C0176,-146.74700450342533,52.15389792973295,0.0,12.305,9.752,-3.7690436884752825,1.3395184486839442,140.0,0.0,azimuth_elevation
C0177,-138.27857346607425,71.65018157814289,0.0,12.305,9.752,-3.5515408736095018,1.8402601509246062,140.0,0.0,azimuth_elevation
C0178,-127.23427423815865,89.81175791110189,0.0,12.305,9.752,-3.267879572041769,2.306721288459468,140.0,0.0,azimuth_elevation
C0179,-113.81984121767805,106.3003111245489,0.0,12.305,9.752,-2.923343857112496,2.730212572874617,140.0,0.0,azimuth_elevation
C0180,-98.2851599107221,120.80869066965803,0.0,12.305,9.752,-2.5243517773042123,3.1028451628176783,140.0,0.0,azimuth_elevation
C0181,-80.91961203729339,133.06663288641244,0.0,12.305,9.752,-2.078335800141734,3.417677618185954,140.0,0.0,azimuth_elevation
C0182,-62.04668489739575,142.84579550423112,0.0,12.305,9.752,-1.5936043593849676,3.6688452060218113,140.0,0.0,azimuth_elevation
C0183,-42.01794541469586,149.9640112264305,0.0,12.305,9.752,-1.0791870846281009,3.851669149391196,140.0,0.0,azimuth_elevation
C0184,-21.20649110992574,154.2886811622874,0.0,12.305,9.752,-0.5446665963849854,3.962743784145323,140.0,0.0,azimuth_elevation
C0185,11.555932811704857,168.94175772322112,0.0,12.305,9.752,0.2729696534586839,3.9906750767621566,140.0,0.0,azimuth_elevation
C0186,34.45253327149706,165.7946924269187,0.0,12.305,9.752,0.8138240522105352,3.9163363507292916,140.0,0.0,azimuth_elevation
C0187,56.70734822313759,159.55918570630772,0.0,12.305,9.752,1.3395184486839447,3.769043688475282,140.0,0.0,azimuth_elevation
C0188,77.90581257180436,150.3513932535614,0.0,12.305,9.752,1.8402601509246086,3.551540873609501,140.0,0.0,azimuth_elevation
C0189,97.65303903571653,138.34283882026205,0.0,12.305,9.752,2.3067212884594683,3.2678795720417684,140.0,0.0,azimuth_elevation
C0190,115.58117414903879,123.75721905444445,0.0,12.305,9.752,2.730212572874616,2.9233438571124966,140.0,0.0,azimuth_elevation
C0191,131.35625067594427,106.86623645529336,0.0,12.305,9.752,3.1028451628176796,2.524351777304211,140.0,0.0,azimuth_elevation
C0192,144.6844087883277,87.98453806966462,0.0,12.305,9.752,3.417677618185954,2.0783358001417342,140.0,0.0,azimuth_elevation
C0193,155.317370118399,67.46385421293712,0.0,12.305,9.752,3.6688452060218117,1.5936043593849654,140.0,0.0,azimuth_elevation
C0194,163.0570627149144,45.68644639873687,0.0,12.305,9.752,3.851669149391197,1.0791870846280978,140.0,0.0,azimuth_elevation
C0195,167.75931074886157,23.057986530204303,0.0,12.305,9.752,3.962743784145323,0.5446665963849864,140.0,0.0,azimuth_elevation
C0196,169.33652023636301,1.0368871374310649e-14,0.0,12.305,9.752,4.0,2.4492935982947064e-16,140.0,0.0,azimuth_elevation
C0197,167.75931074886157,-23.057986530204317,0.0,12.305,9.752,3.962743784145323,-0.5446665963849867,140.0,0.0,azimuth_elevation
C0198,163.0570627149144,-45.68644639873681,0.0,12.305,9.752,3.851669149391197,-1.0791870846280964,140.0,0.0,azimuth_elevation
C0199,155.317370118399,-67.46385421293715,0.0,12.305,9.752,3.6688452060218117,-1.593604359384966,140.0,0.0,azimuth_elevation
C0200,144.68440878832772,-87.98453806966458,0.0,12.305,9.752,3.4176776181859547,-2.0783358001417334,140.0,0.0,azimuth_elevation
C0201,131.35625067594427,-106.86623645529339,0.0,12.305,9.752,3.1028451628176787,-2.524351777304211,140.0,0.0,azimuth_elevation
C0202,115.5811741490388,-123.75721905444445,0.0,12.305,9.752,2.7302125728746165,-2.9233438571124966,140.0,0.0,azimuth_elevation
C0203,97.65303903571655,-138.34283882026205,0.0,12.305,9.752,2.3067212884594688,-3.2678795720417684,140.0,0.0,azimuth_elevation
C0204,77.90581257180438,-150.3513932535614,0.0,12.305,9.752,1.840260150924609,-3.551540873609501,140.0,0.0,azimuth_elevation
C0205,56.70734822313762,-159.55918570630772,0.0,12.305,9.752,1.3395184486839453,-3.769043688475282,140.0,0.0,azimuth_elevation
C0206,34.4525332714971,-165.7946924269187,0.0,12.305,9.752,0.8138240522105362,-3.9163363507292916,140.0,0.0,azimuth_elevation
C0207,11.555932811704835,-168.94175772322114,0.0,12.305,9.752,0.2729696534586834,-3.9906750767621575,140.0,0.0,azimuth_elevation
C0208,-11.555932811704869,-168.94175772322112,0.0,12.305,9.752,-0.2729696534586842,-3.9906750767621566,140.0,0.0,azimuth_elevation
C0209,-34.45253327149699,-165.7946924269187,0.0,12.305,9.752,-0.8138240522105337,-3.916336350729292,140.0,0.0,azimuth_elevation
C0210,-56.707348223137586,-159.55918570630772,0.0,12.305,9.752,-1.3395184486839444,-3.769043688475282,140.0,0.0,azimuth_elevation
C0211,-77.90581257180435,-150.3513932535614,0.0,12.305,9.752,-1.8402601509246084,-3.551540873609501,140.0,0.0,azimuth_elevation
C0212,-97.65303903571657,-138.34283882026202,0.0,12.305,9.752,-2.306721288459469,-3.2678795720417675,140.0,0.0,azimuth_elevation
C0213,-115.58117414903877,-123.75721905444446,0.0,12.305,9.752,-2.7302125728746156,-2.923343857112497,140.0,0.0,azimuth_elevation
C0214,-131.3562506759442,-106.8662364552934,0.0,12.305,9.752,-3.1028451628176787,-2.5243517773042123,140.0,0.0,azimuth_elevation
C0215,-144.6844087883277,-87.98453806966462,0.0,12.305,9.752,-3.417677618185954,-2.0783358001417342,140.0,0.0,azimuth_elevation
C0216,-155.31737011839903,-67.46385421293708,0.0,12.305,9.752,-3.6688452060218126,-1.5936043593849643,140.0,0.0,azimuth_elevation
C0217,-163.0570627149144,-45.68644639873685,0.0,12.305,9.752,-3.851669149391197,-1.0791870846280973,140.0,0.0,azimuth_elevation
C0218,-167.75931074886154,-23.057986530204396,0.0,12.305,9.752,-3.9627437841453226,-0.5446665963849886,140.0,0.0,azimuth_elevation
C0219,-169.33652023636301,-3.110661412293194e-14,0.0,12.305,9.752,-4.0,-7.347880794884118e-16,140.0,0.0,azimuth_elevation
C0220,-167.75931074886157,23.057986530204335,0.0,12.305,9.752,-3.962743784145323,0.5446665963849872,140.0,0.0,azimuth_elevation
C0221,-163.0570627149144,45.6864463987368,0.0,12.305,9.752,-3.851669149391197,1.079187084628096,140.0,0.0,azimuth_elevation
C0222,-155.317370118399,67.46385421293715,0.0,12.305,9.752,-3.6688452060218117,1.593604359384966,140.0,0.0,azimuth_elevation
C0223,-144.68440878832774,87.98453806966457,0.0,12.305,9.752,-3.417677618185955,2.078335800141733,140.0,0.0,azimuth_elevation
C0224,-131.35625067594427,106.86623645529336,0.0,12.305,9.752,-3.1028451628176796,2.524351777304211,140.0,0.0,azimuth_elevation
C0225,-115.58117414903886,123.75721905444438,0.0,12.305,9.752,-2.730212572874618,2.923343857112495,140.0,0.0,azimuth_elevation
C0226,-97.65303903571643,138.3428388202621,0.0,12.305,9.752,-2.306721288459466,3.2678795720417697,140.0,0.0,azimuth_elevation
C0227,-77.90581257180433,150.3513932535614,0.0,12.305,9.752,-1.840260150924608,3.551540873609501,140.0,0.0,azimuth_elevation
C0228,-56.70734822313764,159.55918570630772,0.0,12.305,9.752,-1.3395184486839458,3.769043688475282,140.0,0.0,azimuth_elevation
C0229,-34.452533271497046,165.7946924269187,0.0,12.305,9.752,-0.8138240522105349,3.9163363507292916,140.0,0.0,azimuth_elevation
C0230,-11.55593281170493,168.94175772322112,0.0,12.305,9.752,-0.2729696534586856,3.9906750767621566,140.0,0.0,azimuth_elevation
C0231,0.0,182.93379557923961,0.0,12.305,9.752,0.0,4.0,140.0,0.0,azimuth_elevation
C0232,24.909481950482828,181.22994033543574,0.0,12.305,9.752,0.5446665963849864,3.962743784145323,140.0,0.0,azimuth_elevation
C0233,49.35494738277797,176.15011420339826,0.0,12.305,9.752,1.079187084628097,3.851669149391197,140.0,0.0,azimuth_elevation
C0234,72.88102352847861,167.78894473256685,0.0,12.305,9.752,1.5936043593849658,3.6688452060218117,140.0,0.0,azimuth_elevation
C0235,95.04946410203586,156.30218469024297,0.0,12.305,9.752,2.0783358001417342,3.4176776181859543,140.0,0.0,azimuth_elevation
C0236,115.4473129998647,141.90381068223044,0.0,12.305,9.752,2.5243517773042115,3.102845162817679,140.0,0.0,azimuth_elevation
C0237,133.6945968912108,124.86203717352873,0.0,12.305,9.752,2.923343857112496,2.7302125728746165,140.0,0.0,azimuth_elevation
C0238,149.45140340236546,105.49432016033114,0.0,12.305,9.752,3.267879572041768,2.3067212884594683,140.0,0.0,azimuth_elevation
C0239,162.42421304104863,84.16144356546576,0.0,12.305,9.752,3.5515408736095004,1.8402601509246086,140.0,0.0,azimuth_elevation
C0240,172.3713669091901,61.260798516542245,0.0,12.305,9.752,3.769043688475282,1.3395184486839453,140.0,0.0,azimuth_elevation
C0241,179.10756835096439,37.21898070113761,0.0,12.305,9.752,3.916336350729291,0.8138240522105349,140.0,0.0,azimuth_elevation
C0242,182.50733467889367,12.483843696286735,0.0,12.305,9.752,3.9906750767621566,0.2729696534586849,140.0,0.0,azimuth_elevation
C0243,182.50733467889367,-12.483843696286671,0.0,12.305,9.752,3.990675076762157,-0.2729696534586835,140.0,0.0,azimuth_elevation
C0244,179.10756835096439,-37.21898070113763,0.0,12.305,9.752,3.916336350729291,-0.8138240522105353,140.0,0.0,azimuth_elevation
C0245,172.37136690919013,-61.26079851654222,0.0,12.305,9.752,3.769043688475282,-1.3395184486839447,140.0,0.0,azimuth_elevation
C0246,162.42421304104863,-84.16144356546573,0.0,12.305,9.752,3.551540873609501,-1.8402601509246082,140.0,0.0,azimuth_elevation
C0247,149.4514034023655,-105.49432016033114,0.0,12.305,9.752,3.2678795720417684,-2.306721288459468,140.0,0.0,azimuth_elevation
C0248,133.69459689121078,-124.86203717352875,0.0,12.305,9.752,2.923343857112496,-2.7302125728746174,140.0,0.0,azimuth_elevation
C0249,115.44731299986472,-141.90381068223041,0.0,12.305,9.752,2.524351777304212,-3.1028451628176783,140.0,0.0,azimuth_elevation
C0250,95.04946410203591,-156.30218469024294,0.0,12.305,9.752,2.0783358001417356,-3.4176776181859534,140.0,0.0,azimuth_elevation
C0251,72.8810235284786,-167.78894473256685,0.0,12.305,9.752,1.5936043593849658,-3.6688452060218126,140.0,0.0,azimuth_elevation
C0252,49.35494738277797,-176.15011420339823,0.0,12.305,9.752,1.0791870846280973,-3.8516691493911974,140.0,0.0,azimuth_elevation
C0253,24.909481950482917,-181.2299403354357,0.0,12.305,9.752,0.5446665963849884,-3.9627437841453226,140.0,0.0,azimuth_elevation
C0254,2.2402928721199202e-14,-182.93379557923961,0.0,12.305,9.752,4.898587196589413e-16,-4.0,140.0,0.0,azimuth_elevation
C0255,-24.909481950482792,-181.22994033543574,0.0,12.305,9.752,-0.5446665963849856,-3.962743784145323,140.0,0.0,azimuth_elevation
C0256,-49.354947382778,-176.15011420339823,0.0,12.305,9.752,-1.0791870846280978,-3.851669149391197,140.0,0.0,azimuth_elevation
C0257,-72.88102352847864,-167.78894473256685,0.0,12.305,9.752,-1.5936043593849665,-3.6688452060218117,140.0,0.0,azimuth_elevation
C0258,-95.0494641020358,-156.30218469024302,0.0,12.305,9.752,-2.078335800141733,-3.4176776181859547,140.0,0.0,azimuth_elevation
C0259,-115.44731299986468,-141.90381068223044,0.0,12.305,9.752,-2.5243517773042115,-3.1028451628176796,140.0,0.0,azimuth_elevation
C0260,-133.6945968912108,-124.86203717352873,0.0,12.305,9.752,-2.923343857112496,-2.7302125728746165,140.0,0.0,azimuth_elevation
C0261,-149.45140340236546,-105.49432016033117,0.0,12.305,9.752,-3.267879572041768,-2.3067212884594688,140.0,0.0,azimuth_elevation
C0262,-162.42421304104857,-84.16144356546585,0.0,12.305,9.752,-3.5515408736094995,-1.8402601509246108,140.0,0.0,azimuth_elevation
C0263,-172.3713669091901,-61.260798516542266,0.0,12.305,9.752,-3.7690436884752816,-1.3395184486839455,140.0,0.0,azimuth_elevation
C0264,-179.10756835096439,-37.218980701137596,0.0,12.305,9.752,-3.916336350729291,-0.8138240522105346,140.0,0.0,azimuth_elevation
C0265,-182.5073346788937,-12.483843696286597,0.0,12.305,9.752,-3.990675076762157,-0.27296965345868185,140.0,0.0,azimuth_elevation
C0266,-182.50733467889367,12.483843696286693,0.0,12.305,9.752,-3.9906750767621566,0.27296965345868396,140.0,0.0,azimuth_elevation
C0267,-179.10756835096439,37.218980701137525,0.0,12.305,9.752,-3.916336350729292,0.8138240522105331,140.0,0.0,azimuth_elevation
C0268,-172.37136690919013,61.2607985165422,0.0,12.305,9.752,-3.769043688475282,1.3395184486839442,140.0,0.0,azimuth_elevation
C0269,-162.4242130410487,84.16144356546565,0.0,12.305,9.752,-3.551540873609502,1.8402601509246064,140.0,0.0,azimuth_elevation
C0270,-149.4514034023655,105.49432016033113,0.0,12.305,9.752,-3.267879572041769,2.306721288459468,140.0,0.0,azimuth_elevation
C0271,-133.6945968912108,124.86203717352875,0.0,12.305,9.752,-2.923343857112496,2.730212572874617,140.0,0.0,azimuth_elevation
C0272,-115.44731299986475,141.90381068223041,0.0,12.305,9.752,-2.524351777304212,3.102845162817678,140.0,0.0,azimuth_elevation
C0273,-95.04946410203586,156.30218469024297,0.0,12.305,9.752,-2.0783358001417342,3.4176776181859543,140.0,0.0,azimuth_elevation
C0274,-72.88102352847869,167.78894473256682,0.0,12.305,9.752,-1.5936043593849676,3.6688452060218113,140.0,0.0,azimuth_elevation
C0275,-49.35494738277814,176.1501142033982,0.0,12.305,9.752,-1.0791870846281009,3.851669149391196,140.0,0.0,azimuth_elevation
C0276,-24.909481950482782,181.22994033543574,0.0,12.305,9.752,-0.5446665963849854,3.962743784145323,140.0,0.0,azimuth_elevation
C0277,13.411754580868523,196.07291163456625,0.0,12.305,9.752,0.27296965345868396,3.9906750767621575,140.0,0.0,azimuth_elevation
C0278,39.98542813077817,192.42044427501006,0.0,12.305,9.752,0.813824052210535,3.9163363507292916,140.0,0.0,azimuth_elevation
C0279,65.81424880994686,185.18354811207254,0.0,12.305,9.752,1.3395184486839449,3.769043688475282,140.0,0.0,azimuth_elevation
C0280,90.41707455912713,174.49703282853585,0.0,12.305,9.752,1.8402601509246086,3.551540873609501,140.0,0.0,azimuth_elevation
C0281,113.33560128494577,160.5599679844689,0.0,12.305,9.752,2.3067212884594683,3.2678795720417684,140.0,0.0,azimuth_elevation
C0282,134.14290019801865,143.6319747279772,0.0,12.305,9.752,2.7302125728746165,2.923343857112496,140.0,0.0,azimuth_elevation
C0283,152.45137068851665,124.028389544436,0.0,12.305,9.752,3.10284516281768,2.5243517773042115,140.0,0.0,azimuth_elevation
C0284,167.91996059215825,102.11439013440707,0.0,12.305,9.752,3.4176776181859547,2.0783358001417342,140.0,0.0,azimuth_elevation
C0285,180.26051934673472,78.29819284402005,0.0,12.305,9.752,3.6688452060218126,1.5936043593849654,140.0,0.0,azimuth_elevation
C0286,189.2431656918821,53.02344836681913,0.0,12.305,9.752,3.8516691493911965,1.0791870846280978,140.0,0.0,azimuth_elevation
C0287,194.70056992200992,26.760977370761353,0.0,12.305,9.752,3.962743784145323,0.5446665963849864,140.0,0.0,azimuth_elevation
C0288,196.5310709221162,1.2034057346888555e-14,0.0,12.305,9.752,4.0,2.4492935982947064e-16,140.0,0.0,azimuth_elevation
C0289,194.70056992200992,-26.760977370761367,0.0,12.305,9.752,3.962743784145323,-0.5446665963849867,140.0,0.0,azimuth_elevation
C0290,189.24316569188213,-53.02344836681906,0.0,12.305,9.752,3.851669149391197,-1.0791870846280962,140.0,0.0,azimuth_elevation
C0291,180.26051934673472,-78.29819284402008,0.0,12.305,9.752,3.6688452060218117,-1.5936043593849658,140.0,0.0,azimuth_elevation
C0292,167.91996059215828,-102.11439013440703,0.0,12.305,9.752,3.4176776181859547,-2.0783358001417334,140.0,0.0,azimuth_elevation
C0293,152.45137068851665,-124.02838954443602,0.0,12.305,9.752,3.1028451628176796,-2.5243517773042115,140.0,0.0,azimuth_elevation
C0294,134.14290019801865,-143.6319747279772,0.0,12.305,9.752,2.7302125728746165,-2.923343857112496,140.0,0.0,azimuth_elevation
C0295,113.33560128494578,-160.55996798446887,0.0,12.305,9.752,2.3067212884594688,-3.267879572041768,140.0,0.0,azimuth_elevation
C0296,90.41707455912716,-174.49703282853585,0.0,12.305,9.752,1.8402601509246088,-3.5515408736095004,140.0,0.0,azimuth_elevation
C0297,65.81424880994689,-185.18354811207251,0.0,12.305,9.752,1.3395184486839453,-3.7690436884752816,140.0,0.0,azimuth_elevation
C0298,39.98542813077822,-192.42044427501003,0.0,12.305,9.752,0.8138240522105362,-3.9163363507292916,140.0,0.0,azimuth_elevation
C0299,13.411754580868498,-196.07291163456625,0.0,12.305,9.752,0.27296965345868346,-3.9906750767621575,140.0,0.0,azimuth_elevation
C0300,-13.411754580868537,-196.07291163456625,0.0,12.305,9.752,-0.27296965345868424,-3.9906750767621575,140.0,0.0,azimuth_elevation
C0301,-39.98542813077809,-192.42044427501006,0.0,12.305,9.752,-0.8138240522105336,-3.916336350729292,140.0,0.0,azimuth_elevation
C0302,-65.81424880994685,-185.18354811207254,0.0,12.305,9.752,-1.3395184486839444,-3.769043688475282,140.0,0.0,azimuth_elevation
C0303,-90.41707455912712,-174.49703282853588,0.0,12.305,9.752,-1.8402601509246082,-3.5515408736095013,140.0,0.0,azimuth_elevation
C0304,-113.33560128494581,-160.55996798446884,0.0,12.305,9.752,-2.3067212884594697,-3.267879572041768,140.0,0.0,azimuth_elevation
C0305,-134.14290019801862,-143.63197472797722,0.0,12.305,9.752,-2.7302125728746156,-2.923343857112497,140.0,0.0,azimuth_elevation
C0306,-152.4513706885166,-124.02838954443605,0.0,12.305,9.752,-3.1028451628176787,-2.5243517773042123,140.0,0.0,azimuth_elevation
C0307,-167.91996059215825,-102.11439013440707,0.0,12.305,9.752,-3.4176776181859547,-2.0783358001417342,140.0,0.0,azimuth_elevation
C0308,-180.26051934673472,-78.29819284402,0.0,12.305,9.752,-3.668845206021813,-1.5936043593849645,140.0,0.0,azimuth_elevation
C0309,-189.2431656918821,-53.0234483668191,0.0,12.305,9.752,-3.851669149391197,-1.0791870846280973,140.0,0.0,azimuth_elevation
C0310,-194.7005699220099,-26.76097737076146,0.0,12.305,9.752,-3.962743784145323,-0.5446665963849887,140.0,0.0,azimuth_elevation
C0311,-196.5310709221162,-3.610217204066566e-14,0.0,12.305,9.752,-4.0,-7.347880794884119e-16,140.0,0.0,azimuth_elevation
C0312,-194.70056992200992,26.76097737076139,0.0,12.305,9.752,-3.962743784145323,0.5446665963849872,140.0,0.0,azimuth_elevation
C0313,-189.24316569188213,53.02344836681904,0.0,12.305,9.752,-3.851669149391198,1.079187084628096,140.0,0.0,azimuth_elevation
C0314,-180.2605193467347,78.29819284402008,0.0,12.305,9.752,-3.6688452060218126,1.5936043593849663,140.0,0.0,azimuth_elevation
C0315,-167.9199605921583,102.11439013440702,0.0,12.305,9.752,-3.4176776181859547,2.0783358001417325,140.0,0.0,azimuth_elevation
C0316,-152.45137068851665,124.028389544436,0.0,12.305,9.752,-3.10284516281768,2.5243517773042115,140.0,0.0,azimuth_elevation
C0317,-134.14290019801874,143.6319747279771,0.0,12.305,9.752,-2.7302125728746183,2.923343857112495,140.0,0.0,azimuth_elevation
C0318,-113.33560128494565,160.55996798446895,0.0,12.305,9.752,-2.3067212884594666,3.26787957204177,140.0,0.0,azimuth_elevation
C0319,-90.4170745591271,174.49703282853588,0.0,12.305,9.752,-1.840260150924608,3.5515408736095013,140.0,0.0,azimuth_elevation
C0320,-65.8142488099469,185.18354811207251,0.0,12.305,9.752,-1.3395184486839458,3.7690436884752816,140.0,0.0,azimuth_elevation
C0321,-39.98542813077816,192.42044427501006,0.0,12.305,9.752,-0.8138240522105349,3.9163363507292916,140.0,0.0,azimuth_elevation
C0322,-13.411754580868607,196.07291163456625,0.0,12.305,9.752,-0.2729696534586856,3.990675076762157,140.0,0.0,azimuth_elevation
C0323,0.0,210.1283462649928,0.0,12.305,9.752,0.0,4.0,140.0,0.0,azimuth_elevation
C0324,28.612472791039874,208.1711995085841,0.0,12.305,9.752,0.5446665963849864,3.962743784145323,140.0,0.0,azimuth_elevation
C0325,56.69194935086022,202.33621718036596,0.0,12.305,9.752,1.079187084628097,3.8516691493911974,140.0,0.0,azimuth_elevation
C0326,83.71536215956154,192.73209396090257,0.0,12.305,9.752,1.5936043593849658,3.6688452060218126,140.0,0.0,azimuth_elevation
C0327,109.1793161667783,179.53773649407353,0.0,12.305,9.752,2.0783358001417342,3.4176776181859543,140.0,0.0,azimuth_elevation
C0328,132.60946608900736,162.99893069480282,0.0,12.305,9.752,2.5243517773042115,3.1028451628176787,140.0,0.0,azimuth_elevation
C0329,153.56935256474355,143.4237632225086,0.0,12.305,9.752,2.923343857112496,2.730212572874617,140.0,0.0,azimuth_elevation
C0330,171.66853256657228,121.17688240956038,0.0,12.305,9.752,3.2678795720417684,2.3067212884594683,140.0,0.0,azimuth_elevation
C0331,186.56985261602307,96.67270555278853,0.0,12.305,9.752,3.551540873609501,1.8402601509246086,140.0,0.0,azimuth_elevation
C0332,197.99572931495493,70.36769910335151,0.0,12.305,9.752,3.7690436884752816,1.3395184486839453,140.0,0.0,azimuth_elevation
C0333,205.73332019905573,42.751875560418725,0.0,12.305,9.752,3.9163363507292916,0.813824052210535,140.0,0.0,azimuth_elevation
C0334,209.6384885902388,14.339665465450409,0.0,12.305,9.752,3.9906750767621566,0.2729696534586849,140.0,0.0,azimuth_elevation
C0335,209.6384885902388,-14.339665465450336,0.0,12.305,9.752,3.990675076762157,-0.27296965345868357,140.0,0.0,azimuth_elevation
C0336,205.73332019905573,-42.751875560418746,0.0,12.305,9.752,3.9163363507292916,-0.8138240522105354,140.0,0.0,azimuth_elevation
C0337,197.99572931495493,-70.36769910335148,0.0,12.305,9.752,3.7690436884752825,-1.3395184486839449,140.0,0.0,azimuth_elevation
C0338,186.56985261602307,-96.67270555278851,0.0,12.305,9.752,3.5515408736095013,-1.8402601509246086,140.0,0.0,azimuth_elevation
C0339,171.6685325665723,-121.17688240956038,0.0,12.305,9.752,3.2678795720417684,-2.3067212884594683,140.0,0.0,azimuth_elevation
C0340,153.56935256474355,-143.4237632225086,0.0,12.305,9.752,2.923343857112496,-2.730212572874617,140.0,0.0,azimuth_elevation
C0341,132.60946608900736,-162.9989306948028,0.0,12.305,9.752,2.524351777304212,-3.1028451628176787,140.0,0.0,azimuth_elevation
C0342,109.17931616677838,-179.53773649407347,0.0,12.305,9.752,2.078335800141736,-3.417677618185954,140.0,0.0,azimuth_elevation
C0343,83.71536215956152,-192.73209396090257,0.0,12.305,9.752,1.5936043593849656,-3.6688452060218126,140.0,0.0,azimuth_elevation
C0344,56.69194935086022,-202.33621718036594,0.0,12.305,9.752,1.079187084628097,-3.8516691493911974,140.0,0.0,azimuth_elevation
C0345,28.61247279103998,-208.17119950858407,0.0,12.305,9.752,0.5446665963849885,-3.962743784145323,140.0,0.0,azimuth_elevation
C0346,2.5733300666355013e-14,-210.1283462649928,0.0,12.305,9.752,4.898587196589413e-16,-4.0,140.0,0.0,azimuth_elevation
C0347,-28.612472791039835,-208.1711995085841,0.0,12.305,9.752,-0.5446665963849856,-3.962743784145323,140.0,0.0,azimuth_elevation
C0348,-56.691949350860256,-202.33621718036594,0.0,12.305,9.752,-1.0791870846280978,-3.851669149391197,140.0,0.0,azimuth_elevation
C0349,-83.71536215956156,-192.73209396090255,0.0,12.305,9.752,-1.5936043593849663,-3.6688452060218117,140.0,0.0,azimuth_elevation
C0350,-109.17931616677824,-179.53773649407358,0.0,12.305,9.752,-2.0783358001417325,-3.4176776181859547,140.0,0.0,azimuth_elevation
C0351,-132.60946608900733,-162.99893069480282,0.0,12.305,9.752,-2.524351777304211,-3.102845162817679,140.0,0.0,azimuth_elevation
C0352,-153.56935256474355,-143.4237632225086,0.0,12.305,9.752,-2.923343857112496,-2.730212572874617,140.0,0.0,azimuth_elevation
C0353,-171.66853256657228,-121.1768824095604,0.0,12.305,9.752,-3.267879572041768,-2.3067212884594688,140.0,0.0,azimuth_elevation
C0354,-186.569852616023,-96.67270555278864,0.0,12.305,9.752,-3.5515408736095,-1.8402601509246108,140.0,0.0,azimuth_elevation
C0355,-197.99572931495493,-70.36769910335153,0.0,12.305,9.752,-3.7690436884752816,-1.3395184486839455,140.0,0.0,azimuth_elevation
C0356,-205.73332019905573,-42.7518755604187,0.0,12.305,9.752,-3.916336350729292,-0.8138240522105348,140.0,0.0,azimuth_elevation
C0357,-209.63848859023884,-14.339665465450247,0.0,12.305,9.752,-3.9906750767621566,-0.2729696534586818,140.0,0.0,azimuth_elevation
C0358,-209.6384885902388,14.33966546545036,0.0,12.305,9.752,-3.990675076762157,0.272969653458684,140.0,0.0,azimuth_elevation
C0359,-205.73332019905575,42.751875560418625,0.0,12.305,9.752,-3.9163363507292916,0.813824052210533,140.0,0.0,azimuth_elevation
C0360,-197.99572931495493,70.36769910335146,0.0,12.305,9.752,-3.7690436884752825,1.3395184486839444,140.0,0.0,azimuth_elevation
C0361,-186.56985261602313,96.6727055527884,0.0,12.305,9.752,-3.5515408736095027,1.8402601509246066,140.0,0.0,azimuth_elevation
C0362,-171.66853256657234,121.17688240956036,0.0,12.305,9.752,-3.2678795720417684,2.3067212884594674,140.0,0.0,azimuth_elevation
C0363,-153.56935256474355,143.4237632225086,0.0,12.305,9.752,-2.923343857112496,2.730212572874617,140.0,0.0,azimuth_elevation
C0364,-132.60946608900738,162.99893069480277,0.0,12.305,9.752,-2.524351777304213,3.1028451628176783,140.0,0.0,azimuth_elevation
C0365,-109.1793161667783,179.53773649407353,0.0,12.305,9.752,-2.0783358001417342,3.4176776181859543,140.0,0.0,azimuth_elevation
C0366,-83.71536215956164,192.73209396090252,0.0,12.305,9.752,-1.5936043593849678,3.6688452060218113,140.0,0.0,azimuth_elevation
C0367,-56.69194935086042,202.3362171803659,0.0,12.305,9.752,-1.0791870846281009,3.851669149391196,140.0,0.0,azimuth_elevation
C0368,-28.612472791039824,208.1711995085841,0.0,12.305,9.752,-0.5446665963849854,3.962743784145323,140.0,0.0,azimuth_elevation
C0369,7.656452912625255,224.12831129808265,0.0,12.305,9.752,0.13656444074387158,3.997668089464696,140.0,0.0,azimuth_elevation
C0370,22.933660820033566,223.08332164894162,0.0,12.305,9.752,0.4090565957681369,3.9790291154323794,140.0,0.0,azimuth_elevation
C0371,38.10394141408712,220.99821457479086,0.0,12.305,9.752,0.6796415401146667,3.9418380708687875,140.0,0.0,azimuth_elevation
C0372,53.09656384376784,217.88271180733494,0.0,12.305,9.752,0.9470576818657871,3.886268357591766,140.0,0.0,azimuth_elevation
C0373,67.84162558243037,213.75133925865077,0.0,12.305,9.752,1.210058203524303,3.8125790672566433,140.0,0.0,azimuth_elevation
C0374,82.27037834564956,208.62335929468006,0.0,12.305,9.752,1.4674168752522259,3.7211137733513326,140.0,0.0,azimuth_elevation
C0375,96.31554862745803,202.5226809251874,0.0,12.305,9.752,1.7179337721203276,3.612298929298131,140.0,0.0,azimuth_elevation
C0376,109.91165136048558,195.47774832891994,0.0,12.305,9.752,1.960440868712069,3.486641880131005,140.0,0.0,azimuth_elevation
C0377,122.9952952375726,187.52140823371565,0.0,12.305,9.752,2.1938074849972753,3.344728497018843,140.0,0.0,azimuth_elevation
C0378,135.50547827130646,178.6907567698956,0.0,12.305,9.752,2.416945558084378,3.1872204456636184,140.0,0.0,azimuth_elevation
C0379,147.38387221344678,169.02696651097978,0.0,12.305,9.752,2.6288147152718904,3.0148521013094443,140.0,0.0,azimuth_elevation
C0380,158.57509450814382,158.57509450814382,0.0,12.305,9.752,2.8284271247461903,2.8284271247461903,140.0,0.0,azimuth_elevation
C0381,169.0269665109798,147.38387221344675,0.0,12.305,9.752,3.0148521013094447,2.6288147152718895,140.0,0.0,azimuth_elevation
C0382,178.69075676989556,135.5054782713065,0.0,12.305,9.752,3.187220445663618,2.4169455580843784,140.0,0.0,azimuth_elevation
C0383,187.52140823371565,122.99529523757258,0.0,12.305,9.752,3.3447284970188433,2.1938074849972753,140.0,0.0,azimuth_elevation
C0384,195.47774832891992,109.9116513604856,0.0,12.305,9.752,3.4866418801310046,1.9604408687120694,140.0,0.0,azimuth_elevation
C0385,202.5226809251874,96.31554862745801,0.0,12.305,9.752,3.612298929298131,1.7179337721203274,140.0,0.0,azimuth_elevation
C0386,208.62335929468006,82.27037834564958,0.0,12.305,9.752,3.7211137733513326,1.467416875252226,140.0,0.0,azimuth_elevation
C0387,213.75133925865077,67.84162558243038,0.0,12.305,9.752,3.8125790672566433,1.2100582035243035,140.0,0.0,azimuth_elevation
C0388,217.88271180733494,53.096563843767846,0.0,12.305,9.752,3.886268357591766,0.9470576818657872,140.0,0.0,azimuth_elevation
C0389,220.99821457479086,38.10394141408713,0.0,12.305,9.752,3.9418380708687875,0.679641540114667,140.0,0.0,azimuth_elevation
C0390,223.08332164894162,22.933660820033598,0.0,12.305,9.752,3.9790291154323794,0.40905659576813747,140.0,0.0,azimuth_elevation
C0391,224.12831129808265,7.65645291262524,0.0,12.305,9.752,3.997668089464696,0.1365644407438713,140.0,0.0,azimuth_elevation
C0392,224.12831129808265,-7.656452912625263,0.0,12.305,9.752,3.997668089464696,-0.13656444074387172,140.0,0.0,azimuth_elevation
C0393,223.08332164894162,-22.93366082003352,0.0,12.305,9.752,3.9790291154323794,-0.4090565957681361,140.0,0.0,azimuth_elevation
C0394,220.99821457479086,-38.1039414140871,0.0,12.305,9.752,3.9418380708687875,-0.6796415401146665,140.0,0.0,azimuth_elevation
C0395,217.88271180733494,-53.096563843767825,0.0,12.305,9.752,3.886268357591766,-0.9470576818657868,140.0,0.0,azimuth_elevation
C0396,213.75133925865077,-67.8416255824304,0.0,12.305,9.752,3.8125790672566433,-1.2100582035243037,140.0,0.0,azimuth_elevation
C0397,208.62335929468006,-82.27037834564955,0.0,12.305,9.752,3.7211137733513326,-1.4674168752522256,140.0,0.0,azimuth_elevation
C0398,202.5226809251874,-96.31554862745799,0.0,12.305,9.752,3.612298929298131,-1.717933772120327,140.0,0.0,azimuth_elevation
C0399,195.47774832891992,-109.91165136048559,0.0,12.305,9.752,3.4866418801310046,-1.9604408687120691,140.0,0.0,azimuth_elevation
C0400,187.52140823371565,-122.99529523757262,0.0,12.305,9.752,3.344728497018843,-2.1938074849972757,140.0,0.0,azimuth_elevation
C0401,178.6907567698956,-135.50547827130646,0.0,12.305,9.752,3.1872204456636184,-2.416945558084378,140.0,0.0,azimuth_elevation
C0402,169.02696651097983,-147.38387221344672,0.0,12.305,9.752,3.014852101309445,-2.628814715271889,140.0,0.0,azimuth_elevation
C0403,158.57509450814382,-158.57509450814382,0.0,12.305,9.752,2.8284271247461903,-2.8284271247461903,140.0,0.0,azimuth_elevation
C0404,147.38387221344675,-169.0269665109798,0.0,12.305,9.752,2.6288147152718895,-3.0148521013094447,140.0,0.0,azimuth_elevation
C0405,135.50547827130652,-178.69075676989556,0.0,12.305,9.752,2.4169455580843793,-3.187220445663618,140.0,0.0,azimuth_elevation
C0406,122.99529523757258,-187.52140823371568,0.0,12.305,9.752,2.193807484997275,-3.344728497018844,140.0,0.0,azimuth_elevation
C0407,109.91165136048562,-195.47774832891992,0.0,12.305,9.752,1.9604408687120696,-3.4866418801310046,140.0,0.0,azimuth_elevation
C0408,96.31554862745804,-202.5226809251874,0.0,12.305,9.752,1.7179337721203278,-3.612298929298131,140.0,0.0,azimuth_elevation
C0409,82.27037834564963,-208.62335929468003,0.0,12.305,9.752,1.4674168752522272,-3.721113773351332,140.0,0.0,azimuth_elevation
C0410,67.84162558243028,-213.7513392586508,0.0,12.305,9.752,1.2100582035243017,-3.8125790672566438,140.0,0.0,azimuth_elevation
C0411,53.09656384376781,-217.88271180733494,0.0,12.305,9.752,0.9470576818657865,-3.886268357591766,140.0,0.0,azimuth_elevation
C0412,38.103941414087146,-220.99821457479086,0.0,12.305,9.752,0.6796415401146673,-3.9418380708687875,140.0,0.0,azimuth_elevation
C0413,22.933660820033563,-223.08332164894162,0.0,12.305,9.752,0.40905659576813685,-3.9790291154323794,140.0,0.0,azimuth_elevation
C0414,7.656452912625303,-224.12831129808265,0.0,12.305,9.752,0.13656444074387245,-3.997668089464696,140.0,0.0,azimuth_elevation
C0415,-7.6564529126251495,-224.12831129808265,0.0,12.305,9.752,-0.1365644407438697,-3.997668089464696,140.0,0.0,azimuth_elevation
C0416,-22.933660820033605,-223.08332164894162,0.0,12.305,9.752,-0.4090565957681376,-3.9790291154323794,140.0,0.0,azimuth_elevation
C0417,-38.10394141408709,-220.99821457479086,0.0,12.305,9.752,-0.6796415401146663,-3.9418380708687875,140.0,0.0,azimuth_elevation
C0418,-53.09656384376785,-217.88271180733494,0.0,12.305,9.752,-0.9470576818657873,-3.886268357591766,140.0,0.0,azimuth_elevation
C0419,-67.84162558243034,-213.75133925865077,0.0,12.305,9.752,-1.2100582035243026,-3.8125790672566433,140.0,0.0,azimuth_elevation
C0420,-82.27037834564949,-208.62335929468009,0.0,12.305,9.752,-1.4674168752522245,-3.7211137733513335,140.0,0.0,azimuth_elevation
C0421,-96.31554862745807,-202.52268092518736,0.0,12.305,9.752,-1.7179337721203285,-3.6122989292981305,140.0,0.0,azimuth_elevation
C0422,-109.91165136048558,-195.47774832891994,0.0,12.305,9.752,-1.960440868712069,-3.486641880131005,140.0,0.0,azimuth_elevation
C0423,-122.99529523757252,-187.5214082337157,0.0,12.305,9.752,-2.193807484997274,-3.3447284970188442,140.0,0.0,azimuth_elevation
C0424,-135.50547827130646,-178.69075676989561,0.0,12.305,9.752,-2.416945558084378,-3.187220445663619,140.0,0.0,azimuth_elevation
C0425,-147.38387221344672,-169.02696651097986,0.0,12.305,9.752,-2.628814715271889,-3.014852101309445,140.0,0.0,azimuth_elevation
C0426,-158.57509450814385,-158.5750945081438,0.0,12.305,9.752,-2.8284271247461907,-2.8284271247461894,140.0,0.0,azimuth_elevation
C0427,-169.0269665109798,-147.38387221344675,0.0,12.305,9.752,-3.0148521013094447,-2.6288147152718895,140.0,0.0,azimuth_elevation
C0428,-178.69075676989547,-135.50547827130657,0.0,12.305,9.752,-3.187220445663617,-2.4169455580843806,140.0,0.0,azimuth_elevation
C0429,-187.5214082337157,-122.9952952375725,0.0,12.305,9.752,-3.3447284970188447,-2.193807484997274,140.0,0.0,azimuth_elevation
C0430,-195.4777483289199,-109.91165136048564,0.0,12.305,9.752,-3.4866418801310046,-1.9604408687120702,140.0,0.0,azimuth_elevation
C0431,-202.52268092518736,-96.31554862745806,0.0,12.305,9.752,-3.612298929298131,-1.7179337721203283,140.0,0.0,azimuth_elevation
C0432,-208.62335929468006,-82.27037834564955,0.0,12.305,9.752,-3.7211137733513326,-1.4674168752522256,140.0,0.0,azimuth_elevation
C0433,-213.75133925865072,-67.8416255824305,0.0,12.305,9.752,-3.8125790672566424,-1.2100582035243055,140.0,0.0,azimuth_elevation
C0434,-217.88271180733497,-53.09656384376773,0.0,12.305,9.752,-3.8862683575917663,-0.9470576818657851,140.0,0.0,azimuth_elevation
C0435,-220.99821457479086,-38.10394141408716,0.0,12.305,9.752,-3.9418380708687875,-0.6796415401146675,140.0,0.0,azimuth_elevation
C0436,-223.08332164894162,-22.933660820033577,0.0,12.305,9.752,-3.9790291154323794,-0.4090565957681371,140.0,0.0,azimuth_elevation
C0437,-224.12831129808265,-7.656452912625218,0.0,12.305,9.752,-3.997668089464696,-0.13656444074387092,140.0,0.0,azimuth_elevation
C0438,-224.12831129808265,7.656452912625135,0.0,12.305,9.752,-3.997668089464696,0.13656444074386945,140.0,0.0,azimuth_elevation
C0439,-223.08332164894162,22.93366082003349,0.0,12.305,9.752,-3.9790291154323794,0.4090565957681356,140.0,0.0,azimuth_elevation
C0440,-220.99821457479086,38.103941414087075,0.0,12.305,9.752,-3.941838070868788,0.679641540114666,140.0,0.0,azimuth_elevation
C0441,-217.88271180733494,53.09656384376784,0.0,12.305,9.752,-3.886268357591766,0.9470576818657871,140.0,0.0,azimuth_elevation
C0442,-213.75133925865075,67.84162558243041,0.0,12.305,9.752,-3.8125790672566433,1.210058203524304,140.0,0.0,azimuth_elevation
C0443,-208.62335929468009,82.27037834564948,0.0,12.305,9.752,-3.7211137733513335,1.4674168752522243,140.0,0.0,azimuth_elevation
C0444,-202.52268092518742,96.31554862745796,0.0,12.305,9.752,-3.6122989292981313,1.7179337721203263,140.0,0.0,azimuth_elevation
C0445,-195.47774832891994,109.91165136048556,0.0,12.305,9.752,-3.486641880131005,1.9604408687120687,140.0,0.0,azimuth_elevation
C0446,-187.52140823371565,122.9952952375726,0.0,12.305,9.752,-3.344728497018843,2.1938074849972753,140.0,0.0,azimuth_elevation
C0447,-178.69075676989564,135.50547827130634,0.0,12.305,9.752,-3.1872204456636197,2.416945558084376,140.0,0.0,azimuth_elevation
C0448,-169.02696651097986,147.3838722134467,0.0,12.305,9.752,-3.0148521013094456,2.6288147152718886,140.0,0.0,azimuth_elevation
C0449,-158.57509450814385,158.5750945081438,0.0,12.305,9.752,-2.8284271247461907,2.8284271247461894,140.0,0.0,azimuth_elevation
C0450,-147.38387221344692,169.02696651097966,0.0,12.305,9.752,-2.6288147152718926,3.014852101309442,140.0,0.0,azimuth_elevation
C0451,-135.5054782713066,178.69075676989547,0.0,12.305,9.752,-2.4169455580843806,3.1872204456636166,140.0,0.0,azimuth_elevation
C0452,-122.9952952375725,187.5214082337157,0.0,12.305,9.752,-2.193807484997274,3.3447284970188447,140.0,0.0,azimuth_elevation
C0453,-109.91165136048564,195.4777483289199,0.0,12.305,9.752,-1.9604408687120702,3.4866418801310046,140.0,0.0,azimuth_elevation
C0454,-96.31554862745806,202.52268092518736,0.0,12.305,9.752,-1.7179337721203283,3.612298929298131,140.0,0.0,azimuth_elevation
C0455,-82.27037834564975,208.62335929467997,0.0,12.305,9.752,-1.4674168752522292,3.7211137733513313,140.0,0.0,azimuth_elevation
C0456,-67.84162558243051,213.75133925865072,0.0,12.305,9.752,-1.2100582035243057,3.8125790672566424,140.0,0.0,azimuth_elevation
C0457,-53.09656384376774,217.88271180733497,0.0,12.305,9.752,-0.9470576818657853,3.8862683575917663,140.0,0.0,azimuth_elevation
C0458,-38.10394141408717,220.99821457479086,0.0,12.305,9.752,-0.6796415401146676,3.9418380708687875,140.0,0.0,azimuth_elevation
C0459,-22.933660820033587,223.08332164894162,0.0,12.305,9.752,-0.4090565957681373,3.9790291154323794,140.0,0.0,azimuth_elevation
C0460,-7.656452912625431,224.12831129808265,0.0,12.305,9.752,-0.13656444074387472,3.997668089464696,140.0,0.0,azimuth_elevation
C0461,0.0,238.38975235103177,0.0,12.305,9.752,0.0,4.0,140.0,0.0,azimuth_elevation
C0462,16.268292021840654,237.8340108156913,0.0,12.305,9.752,0.2729696534586839,3.990675076762157,140.0,0.0,azimuth_elevation
C0463,32.46073375652407,236.16937733324852,0.0,12.305,9.752,0.5446665963849864,3.962743784145323,140.0,0.0,azimuth_elevation
C0464,48.50182856594565,233.40361319342483,0.0,12.305,9.752,0.813824052210535,3.9163363507292916,140.0,0.0,azimuth_elevation
C0465,64.316785461231,229.54961366536918,0.0,12.305,9.752,1.079187084628097,3.8516691493911974,140.0,0.0,azimuth_elevation
C0466,79.83186781285096,224.62534787396046,0.0,12.305,9.752,1.3395184486839447,3.769043688475282,140.0,0.0,azimuth_elevation
C0467,94.97473714482666,218.6537750194525,0.0,12.305,9.752,1.5936043593849656,3.6688452060218117,140.0,0.0,azimuth_elevation
C0468,109.67479041009744,211.66273733108397,0.0,12.305,9.752,1.8402601509246088,3.551540873609501,140.0,0.0,azimuth_elevation
C0469,123.86348917451788,203.68483025375343,0.0,12.305,9.752,2.0783358001417342,3.4176776181859543,140.0,0.0,azimuth_elevation
C0470,137.4746791746764,194.7572504730082,0.0,12.305,9.752,2.3067212884594683,3.2678795720417684,140.0,0.0,azimuth_elevation
C0471,150.44489875960946,184.92162248692586,0.0,12.305,9.752,2.5243517773042115,3.102845162817679,140.0,0.0,azimuth_elevation
C0472,162.71367477831325,174.22380453348953,0.0,12.305,9.752,2.730212572874616,2.9233438571124966,140.0,0.0,azimuth_elevation
C0473,174.2238045334895,162.71367477831328,0.0,12.305,9.752,2.923343857112496,2.7302125728746165,140.0,0.0,azimuth_elevation
C0474,184.92162248692586,150.44489875960943,0.0,12.305,9.752,3.102845162817679,2.5243517773042106,140.0,0.0,azimuth_elevation
C0475,194.75725047300818,137.4746791746764,0.0,12.305,9.752,3.2678795720417684,2.3067212884594688,140.0,0.0,azimuth_elevation
C0476,203.68483025375343,123.86348917451788,0.0,12.305,9.752,3.4176776181859543,2.0783358001417342,140.0,0.0,azimuth_elevation
C0477,211.66273733108397,109.67479041009746,0.0,12.305,9.752,3.5515408736095004,1.8402601509246088,140.0,0.0,azimuth_elevation
C0478,218.6537750194525,94.97473714482663,0.0,12.305,9.752,3.668845206021812,1.5936043593849654,140.0,0.0,azimuth_elevation
C0479,224.62534787396044,79.83186781285099,0.0,12.305,9.752,3.7690436884752816,1.339518448683945,140.0,0.0,azimuth_elevation
C0480,229.54961366536915,64.31678546123105,0.0,12.305,9.752,3.8516691493911974,1.079187084628098,140.0,0.0,azimuth_elevation
C0481,233.40361319342483,48.50182856594565,0.0,12.305,9.752,3.9163363507292916,0.813824052210535,140.0,0.0,azimuth_elevation
C0482,236.16937733324852,32.46073375652407,0.0,12.305,9.752,3.962743784145323,0.5446665963849864,140.0,0.0,azimuth_elevation
C0483,237.8340108156913,16.268292021840715,0.0,12.305,9.752,3.9906750767621566,0.2729696534586849,140.0,0.0,azimuth_elevation
C0484,238.38975235103177,1.4597162358311063e-14,0.0,12.305,9.752,4.0,2.4492935982947064e-16,140.0,0.0,azimuth_elevation
C0485,237.8340108156913,-16.268292021840633,0.0,12.305,9.752,3.990675076762157,-0.27296965345868357,140.0,0.0,azimuth_elevation
C0486,236.16937733324852,-32.46073375652409,0.0,12.305,9.752,3.962743784145323,-0.5446665963849867,140.0,0.0,azimuth_elevation
C0487,233.40361319342483,-48.50182856594567,0.0,12.305,9.752,3.9163363507292916,-0.8138240522105354,140.0,0.0,azimuth_elevation
C0488,229.54961366536918,-64.31678546123096,0.0,12.305,9.752,3.8516691493911974,-1.0791870846280964,140.0,0.0,azimuth_elevation
C0489,224.62534787396046,-79.83186781285096,0.0,12.305,9.752,3.769043688475282,-1.3395184486839447,140.0,0.0,azimuth_elevation
C0490,218.6537750194525,-94.97473714482666,0.0,12.305,9.752,3.6688452060218117,-1.5936043593849656,140.0,0.0,azimuth_elevation
C0491,211.66273733108397,-109.67479041009743,0.0,12.305,9.752,3.551540873609501,-1.8402601509246084,140.0,0.0,azimuth_elevation
C0492,203.68483025375346,-123.86348917451782,0.0,12.305,9.752,3.4176776181859547,-2.0783358001417334,140.0,0.0,azimuth_elevation
C0493,194.7572504730082,-137.4746791746764,0.0,12.305,9.752,3.2678795720417684,-2.3067212884594683,140.0,0.0,azimuth_elevation
C0494,184.92162248692586,-150.44489875960946,0.0,12.305,9.752,3.102845162817679,-2.5243517773042115,140.0,0.0,azimuth_elevation
C0495,174.22380453348947,-162.7136747783133,0.0,12.305,9.752,2.9233438571124957,-2.730212572874617,140.0,0.0,azimuth_elevation
C0496,162.71367477831328,-174.22380453348953,0.0,12.305,9.752,2.730212572874616,-2.9233438571124966,140.0,0.0,azimuth_elevation
C0497,150.4448987596095,-184.92162248692583,0.0,12.305,9.752,2.524351777304212,-3.1028451628176787,140.0,0.0,azimuth_elevation
C0498,137.47467917467642,-194.75725047300818,0.0,12.305,9.752,2.3067212884594688,-3.267879572041768,140.0,0.0,azimuth_elevation
C0499,123.86348917451795,-203.68483025375338,0.0,12.305,9.752,2.0783358001417356,-3.417677618185953,140.0,0.0,azimuth_elevation
C0500,109.67479041009747,-211.66273733108397,0.0,12.305,9.752,1.840260150924609,-3.5515408736095004,140.0,0.0,azimuth_elevation
C0501,94.97473714482665,-218.6537750194525,0.0,12.305,9.752,1.5936043593849656,-3.668845206021812,140.0,0.0,azimuth_elevation
C0502,79.831867812851,-224.62534787396044,0.0,12.305,9.752,1.3395184486839453,-3.7690436884752816,140.0,0.0,azimuth_elevation
C0503,64.316785461231,-229.54961366536915,0.0,12.305,9.752,1.079187084628097,-3.8516691493911974,140.0,0.0,azimuth_elevation
C0504,48.501828565945715,-233.4036131934248,0.0,12.305,9.752,0.8138240522105361,-3.916336350729291,140.0,0.0,azimuth_elevation
C0505,32.46073375652419,-236.1693773332485,0.0,12.305,9.752,0.5446665963849884,-3.9627437841453226,140.0,0.0,azimuth_elevation
C0506,16.268292021840626,-237.83401081569133,0.0,12.305,9.752,0.2729696534586834,-3.990675076762157,140.0,0.0,azimuth_elevation
C0507,2.9194324716622127e-14,-238.38975235103177,0.0,12.305,9.752,4.898587196589413e-16,-4.0,140.0,0.0,azimuth_elevation
C0508,-16.268292021840672,-237.8340108156913,0.0,12.305,9.752,-0.27296965345868424,-3.990675076762157,140.0,0.0,azimuth_elevation
C0509,-32.46073375652402,-236.16937733324852,0.0,12.305,9.752,-0.5446665963849856,-3.962743784145323,140.0,0.0,azimuth_elevation
C0510,-48.50182856594556,-233.40361319342483,0.0,12.305,9.752,-0.8138240522105336,-3.9163363507292916,140.0,0.0,azimuth_elevation
C0511,-64.31678546123105,-229.54961366536915,0.0,12.305,9.752,-1.079187084628098,-3.8516691493911974,140.0,0.0,azimuth_elevation
C0512,-79.83186781285094,-224.62534787396046,0.0,12.305,9.752,-1.3395184486839444,-3.769043688475282,140.0,0.0,azimuth_elevation
C0513,-94.97473714482669,-218.65377501945247,0.0,12.305,9.752,-1.5936043593849663,-3.6688452060218117,140.0,0.0,azimuth_elevation
C0514,-109.67479041009743,-211.662737331084,0.0,12.305,9.752,-1.8402601509246082,-3.5515408736095013,140.0,0.0,azimuth_elevation
C0515,-123.8634891745178,-203.6848302537535,0.0,12.305,9.752,-2.078335800141733,-3.417677618185955,140.0,0.0,azimuth_elevation
C0516,-137.47467917467645,-194.75725047300816,0.0,12.305,9.752,-2.3067212884594697,-3.267879572041768,140.0,0.0,azimuth_elevation
C0517,-150.44489875960943,-184.92162248692586,0.0,12.305,9.752,-2.5243517773042106,-3.102845162817679,140.0,0.0,azimuth_elevation
C0518,-162.71367477831322,-174.22380453348956,0.0,12.305,9.752,-2.7302125728746156,-2.923343857112497,140.0,0.0,azimuth_elevation
C0519,-174.2238045334895,-162.71367477831328,0.0,12.305,9.752,-2.923343857112496,-2.7302125728746165,140.0,0.0,azimuth_elevation
C0520,-184.9216224869258,-150.4448987596095,0.0,12.305,9.752,-3.1028451628176787,-2.524351777304212,140.0,0.0,azimuth_elevation
C0521,-194.75725047300818,-137.47467917467642,0.0,12.305,9.752,-3.267879572041768,-2.3067212884594688,140.0,0.0,azimuth_elevation
C0522,-203.68483025375343,-123.86348917451788,0.0,12.305,9.752,-3.4176776181859543,-2.0783358001417342,140.0,0.0,azimuth_elevation
C0523,-211.66273733108395,-109.67479041009759,0.0,12.305,9.752,-3.5515408736094995,-1.8402601509246106,140.0,0.0,azimuth_elevation
C0524,-218.65377501945252,-94.97473714482656,0.0,12.305,9.752,-3.6688452060218126,-1.5936043593849643,140.0,0.0,azimuth_elevation
C0525,-224.62534787396044,-79.83186781285102,0.0,12.305,9.752,-3.7690436884752816,-1.3395184486839455,140.0,0.0,azimuth_elevation
C0526,-229.54961366536915,-64.31678546123102,0.0,12.305,9.752,-3.8516691493911974,-1.0791870846280973,140.0,0.0,azimuth_elevation
C0527,-233.40361319342483,-48.50182856594563,0.0,12.305,9.752,-3.9163363507292916,-0.8138240522105347,140.0,0.0,azimuth_elevation
C0528,-236.1693773332485,-32.4607337565242,0.0,12.305,9.752,-3.9627437841453226,-0.5446665963849885,140.0,0.0,azimuth_elevation
C0529,-237.83401081569133,-16.268292021840534,0.0,12.305,9.752,-3.990675076762157,-0.27296965345868185,140.0,0.0,azimuth_elevation
C0530,-238.38975235103177,-4.379148707493319e-14,0.0,12.305,9.752,-4.0,-7.347880794884119e-16,140.0,0.0,azimuth_elevation
C0531,-237.8340108156913,16.268292021840658,0.0,12.305,9.752,-3.990675076762157,0.272969653458684,140.0,0.0,azimuth_elevation
C0532,-236.16937733324852,32.460733756524114,0.0,12.305,9.752,-3.962743784145323,0.5446665963849872,140.0,0.0,azimuth_elevation
C0533,-233.40361319342486,48.501828565945544,0.0,12.305,9.752,-3.916336350729292,0.8138240522105332,140.0,0.0,azimuth_elevation
C0534,-229.54961366536918,64.31678546123094,0.0,12.305,9.752,-3.851669149391198,1.079187084628096,140.0,0.0,azimuth_elevation
C0535,-224.62534787396046,79.83186781285093,0.0,12.305,9.752,-3.769043688475282,1.3395184486839442,140.0,0.0,azimuth_elevation
C0536,-218.65377501945247,94.97473714482668,0.0,12.305,9.752,-3.6688452060218117,1.593604359384966,140.0,0.0,azimuth_elevation
C0537,-211.66273733108406,109.67479041009732,0.0,12.305,9.752,-3.551540873609502,1.8402601509246064,140.0,0.0,azimuth_elevation
C0538,-203.6848302537535,123.8634891745178,0.0,12.305,9.752,-3.417677618185955,2.078335800141733,140.0,0.0,azimuth_elevation
C0539,-194.75725047300824,137.47467917467637,0.0,12.305,9.752,-3.267879572041769,2.306721288459468,140.0,0.0,azimuth_elevation
C0540,-184.92162248692586,150.44489875960943,0.0,12.305,9.752,-3.102845162817679,2.5243517773042106,140.0,0.0,azimuth_elevation
C0541,-174.2238045334895,162.7136747783133,0.0,12.305,9.752,-2.923343857112496,2.730212572874617,140.0,0.0,azimuth_elevation
C0542,-162.71367477831336,174.2238045334894,0.0,12.305,9.752,-2.730212572874618,2.923343857112495,140.0,0.0,azimuth_elevation
C0543,-150.44489875960952,184.9216224869258,0.0,12.305,9.752,-2.5243517773042123,3.1028451628176783,140.0,0.0,azimuth_elevation
C0544,-137.47467917467625,194.7572504730083,0.0,12.305,9.752,-2.306721288459466,3.2678795720417697,140.0,0.0,azimuth_elevation
C0545,-123.86348917451788,203.68483025375343,0.0,12.305,9.752,-2.0783358001417342,3.4176776181859543,140.0,0.0,azimuth_elevation
C0546,-109.67479041009742,211.662737331084,0.0,12.305,9.752,-1.840260150924608,3.5515408736095013,140.0,0.0,azimuth_elevation
C0547,-94.97473714482676,218.65377501945244,0.0,12.305,9.752,-1.5936043593849676,3.6688452060218113,140.0,0.0,azimuth_elevation
C0548,-79.83186781285103,224.62534787396044,0.0,12.305,9.752,-1.3395184486839458,3.7690436884752816,140.0,0.0,azimuth_elevation
C0549,-64.31678546123123,229.54961366536912,0.0,12.305,9.752,-1.0791870846281009,3.851669149391196,140.0,0.0,azimuth_elevation
C0550,-48.501828565945644,233.40361319342483,0.0,12.305,9.752,-0.8138240522105349,3.9163363507292916,140.0,0.0,azimuth_elevation
C0551,-32.46073375652401,236.16937733324852,0.0,12.305,9.752,-0.5446665963849853,3.962743784145323,140.0,0.0,azimuth_elevation
C0552,-16.268292021840757,237.8340108156913,0.0,12.305,9.752,-0.2729696534586856,3.9906750767621566,140.0,0.0,azimuth_elevation
C0553,8.621328691819095,252.37324161647297,0.0,12.305,9.752,0.13656444074387158,3.997668089464696,140.0,0.0,azimuth_elevation
C0554,25.823789461327568,251.19656106379335,0.0,12.305,9.752,0.4090565957681369,3.9790291154323794,140.0,0.0,azimuth_elevation
C0555,42.9058478036175,248.84868618634866,0.0,12.305,9.752,0.6796415401146667,3.941838070868787,140.0,0.0,azimuth_elevation
C0556,59.78785927729576,245.34056386064108,0.0,12.305,9.752,0.947057681865787,3.886268357591766,140.0,0.0,azimuth_elevation
C0557,76.39111215181615,240.68855057236868,0.0,12.305,9.752,1.210058203524303,3.8125790672566433,140.0,0.0,azimuth_elevation
C0558,92.63819439790194,234.91433615493872,0.0,12.305,9.752,1.467416875252226,3.721113773351333,140.0,0.0,azimuth_elevation
C0559,108.45335461816136,228.04484266145195,0.0,12.305,9.752,1.7179337721203276,3.612298929298131,140.0,0.0,azimuth_elevation
C0560,123.76285523507028,220.1120988416631,0.0,12.305,9.752,1.960440868712069,3.486641880131005,140.0,0.0,azimuth_elevation
C0561,138.49531628959755,211.15309080916472,0.0,12.305,9.752,2.1938074849972753,3.3447284970188433,140.0,0.0,azimuth_elevation
C0562,152.5820482475241,201.20958959505197,0.0,12.305,9.752,2.416945558084378,3.1872204456636184,140.0,0.0,azimuth_elevation
C0563,165.9573722617602,190.3279563920933,0.0,12.305,9.752,2.62881471527189,3.0148521013094443,140.0,0.0,azimuth_elevation
C0564,178.55892639744872,178.55892639744874,0.0,12.305,9.752,2.82842712474619,2.8284271247461903,140.0,0.0,azimuth_elevation
C0565,190.32795639209334,165.95737226176018,0.0,12.305,9.752,3.0148521013094447,2.6288147152718895,140.0,0.0,azimuth_elevation
C0566,201.20958959505194,152.58204824752414,0.0,12.305,9.752,3.187220445663618,2.4169455580843784,140.0,0.0,azimuth_elevation
C0567,211.15309080916472,138.49531628959753,0.0,12.305,9.752,3.344728497018844,2.193807484997275,140.0,0.0,azimuth_elevation
C0568,220.11209884166308,123.7628552350703,0.0,12.305,9.752,3.4866418801310046,1.9604408687120694,140.0,0.0,azimuth_elevation
C0569,228.04484266145195,108.45335461816134,0.0,12.305,9.752,3.612298929298131,1.7179337721203274,140.0,0.0,azimuth_elevation
C0570,234.91433615493872,92.63819439790196,0.0,12.305,9.752,3.721113773351333,1.4674168752522263,140.0,0.0,azimuth_elevation
C0571,240.68855057236868,76.39111215181616,0.0,12.305,9.752,3.8125790672566433,1.2100582035243033,140.0,0.0,azimuth_elevation
C0572,245.34056386064108,59.78785927729577,0.0,12.305,9.752,3.886268357591766,0.9470576818657872,140.0,0.0,azimuth_elevation
C0573,248.84868618634866,42.90584780361752,0.0,12.305,9.752,3.941838070868787,0.679641540114667,140.0,0.0,azimuth_elevation
C0574,251.19656106379335,25.823789461327603,0.0,12.305,9.752,3.9790291154323794,0.40905659576813747,140.0,0.0,azimuth_elevation
C0575,252.37324161647297,8.621328691819077,0.0,12.305,9.752,3.9976680894646965,0.1365644407438713,140.0,0.0,azimuth_elevation
C0576,252.37324161647297,-8.621328691819103,0.0,12.305,9.752,3.997668089464696,-0.13656444074387172,140.0,0.0,azimuth_elevation
C0577,251.19656106379335,-25.823789461327515,0.0,12.305,9.752,3.9790291154323794,-0.4090565957681361,140.0,0.0,azimuth_elevation
C0578,248.84868618634866,-42.90584780361748,0.0,12.305,9.752,3.941838070868787,-0.6796415401146665,140.0,0.0,azimuth_elevation
C0579,245.34056386064108,-59.787859277295745,0.0,12.305,9.752,3.886268357591766,-0.9470576818657868,140.0,0.0,azimuth_elevation
C0580,240.68855057236868,-76.39111215181619,0.0,12.305,9.752,3.8125790672566433,-1.2100582035243037,140.0,0.0,azimuth_elevation
C0581,234.91433615493872,-92.63819439790193,0.0,12.305,9.752,3.721113773351333,-1.4674168752522259,140.0,0.0,azimuth_elevation
C0582,228.04484266145195,-108.45335461816131,0.0,12.305,9.752,3.612298929298131,-1.717933772120327,140.0,0.0,azimuth_elevation
C0583,220.11209884166308,-123.76285523507029,0.0,12.305,9.752,3.4866418801310046,-1.9604408687120691,140.0,0.0,azimuth_elevation
C0584,211.1530908091647,-138.49531628959758,0.0,12.305,9.752,3.3447284970188433,-2.193807484997276,140.0,0.0,azimuth_elevation
C0585,201.20958959505197,-152.5820482475241,0.0,12.305,9.752,3.1872204456636184,-2.416945558084378,140.0,0.0,azimuth_elevation
C0586,190.32795639209337,-165.95737226176016,0.0,12.305,9.752,3.014852101309445,-2.628814715271889,140.0,0.0,azimuth_elevation
C0587,178.55892639744874,-178.55892639744872,0.0,12.305,9.752,2.8284271247461903,-2.82842712474619,140.0,0.0,azimuth_elevation
C0588,165.95737226176018,-190.32795639209334,0.0,12.305,9.752,2.6288147152718895,-3.0148521013094447,140.0,0.0,azimuth_elevation
C0589,152.58204824752417,-201.20958959505194,0.0,12.305,9.752,2.416945558084379,-3.187220445663618,140.0,0.0,azimuth_elevation
C0590,138.49531628959753,-211.15309080916475,0.0,12.305,9.752,2.193807484997275,-3.344728497018844,140.0,0.0,azimuth_elevation
C0591,123.76285523507032,-220.11209884166308,0.0,12.305,9.752,1.9604408687120696,-3.4866418801310046,140.0,0.0,azimuth_elevation
C0592,108.45335461816137,-228.04484266145195,0.0,12.305,9.752,1.7179337721203278,-3.6122989292981305,140.0,0.0,azimuth_elevation
C0593,92.63819439790203,-234.9143361549387,0.0,12.305,9.752,1.4674168752522272,-3.721113773351332,140.0,0.0,azimuth_elevation
C0594,76.39111215181606,-240.6885505723687,0.0,12.305,9.752,1.2100582035243017,-3.8125790672566438,140.0,0.0,azimuth_elevation
C0595,59.78785927729573,-245.34056386064108,0.0,12.305,9.752,0.9470576818657865,-3.886268357591766,140.0,0.0,azimuth_elevation
C0596,42.90584780361753,-248.84868618634866,0.0,12.305,9.752,0.6796415401146673,-3.941838070868787,140.0,0.0,azimuth_elevation
C0601,-42.90584780361747,-248.84868618634866,0.0,12.305,9.752,-0.6796415401146664,-3.9418380708687875,140.0,0.0,azimuth_elevation
C0602,-59.78785927729578,-245.34056386064108,0.0,12.305,9.752,-0.9470576818657873,-3.886268357591766,140.0,0.0,azimuth_elevation
C0603,-76.39111215181612,-240.68855057236868,0.0,12.305,9.752,-1.2100582035243028,-3.8125790672566438,140.0,0.0,azimuth_elevation
C0604,-92.63819439790186,-234.91433615493875,0.0,12.305,9.752,-1.4674168752522245,-3.7211137733513335,140.0,0.0,azimuth_elevation
C0605,-108.45335461816141,-228.04484266145192,0.0,12.305,9.752,-1.7179337721203285,-3.6122989292981305,140.0,0.0,azimuth_elevation
C0606,-123.76285523507028,-220.1120988416631,0.0,12.305,9.752,-1.960440868712069,-3.486641880131005,140.0,0.0,azimuth_elevation
C0607,-138.49531628959747,-211.15309080916478,0.0,12.305,9.752,-2.193807484997274,-3.3447284970188442,140.0,0.0,azimuth_elevation
C0608,-152.5820482475241,-201.209589595052,0.0,12.305,9.752,-2.416945558084378,-3.187220445663619,140.0,0.0,azimuth_elevation
C0609,-165.95737226176016,-190.3279563920934,0.0,12.305,9.752,-2.628814715271889,-3.0148521013094456,140.0,0.0,azimuth_elevation
C0610,-178.55892639744877,-178.5589263974487,0.0,12.305,9.752,-2.8284271247461907,-2.8284271247461894,140.0,0.0,azimuth_elevation
C0611,-190.32795639209334,-165.95737226176018,0.0,12.305,9.752,-3.0148521013094447,-2.6288147152718895,140.0,0.0,azimuth_elevation
C0612,-201.20958959505185,-152.58204824752426,0.0,12.305,9.752,-3.1872204456636166,-2.4169455580843806,140.0,0.0,azimuth_elevation
C0613,-211.15309080916478,-138.49531628959744,0.0,12.305,9.752,-3.3447284970188447,-2.1938074849972735,140.0,0.0,azimuth_elevation
C0614,-220.11209884166306,-123.76285523507033,0.0,12.305,9.752,-3.486641880131004,-1.9604408687120698,140.0,0.0,azimuth_elevation
C0615,-228.04484266145192,-108.45335461816138,0.0,12.305,9.752,-3.6122989292981305,-1.717933772120328,140.0,0.0,azimuth_elevation
C0616,-234.91433615493872,-92.63819439790193,0.0,12.305,9.752,-3.721113773351333,-1.4674168752522259,140.0,0.0,azimuth_elevation
C0617,-240.68855057236863,-76.3911121518163,0.0,12.305,9.752,-3.8125790672566424,-1.2100582035243057,140.0,0.0,azimuth_elevation
C0618,-245.3405638606411,-59.787859277295645,0.0,12.305,9.752,-3.8862683575917663,-0.9470576818657851,140.0,0.0,azimuth_elevation
C0619,-248.84868618634866,-42.90584780361755,0.0,12.305,9.752,-3.941838070868787,-0.6796415401146675,140.0,0.0,azimuth_elevation
C0620,-251.19656106379335,-25.82378946132758,0.0,12.305,9.752,-3.9790291154323794,-0.4090565957681371,140.0,0.0,azimuth_elevation
C0621,-252.37324161647297,-8.621328691819054,0.0,12.305,9.752,-3.9976680894646965,-0.13656444074387095,140.0,0.0,azimuth_elevation
C0622,-252.37324161647297,8.62132869181896,0.0,12.305,9.752,-3.9976680894646965,0.13656444074386945,140.0,0.0,azimuth_elevation
C0623,-251.19656106379335,25.823789461327483,0.0,12.305,9.752,-3.9790291154323794,0.4090565957681356,140.0,0.0,azimuth_elevation
C0624,-248.84868618634866,42.905847803617455,0.0,12.305,9.752,-3.9418380708687875,0.6796415401146662,140.0,0.0,azimuth_elevation
C0625,-245.34056386064108,59.787859277295766,0.0,12.305,9.752,-3.886268357591766,0.9470576818657871,140.0,0.0,azimuth_elevation
C0626,-240.68855057236865,76.3911121518162,0.0,12.305,9.752,-3.812579067256643,1.210058203524304,140.0,0.0,azimuth_elevation
C0627,-234.91433615493875,92.63819439790184,0.0,12.305,9.752,-3.7211137733513335,1.4674168752522243,140.0,0.0,azimuth_elevation
C0628,-228.04484266145198,108.45335461816128,0.0,12.305,9.752,-3.6122989292981313,1.7179337721203265,140.0,0.0,azimuth_elevation
C0629,-220.1120988416631,123.76285523507026,0.0,12.305,9.752,-3.486641880131005,1.9604408687120687,140.0,0.0,azimuth_elevation
C0630,-211.15309080916472,138.49531628959755,0.0,12.305,9.752,-3.3447284970188433,2.1938074849972753,140.0,0.0,azimuth_elevation
C0631,-201.20958959505205,152.582048247524,0.0,12.305,9.752,-3.1872204456636197,2.416945558084376,140.0,0.0,azimuth_elevation
C0632,-190.3279563920934,165.95737226176013,0.0,12.305,9.752,-3.0148521013094456,2.6288147152718886,140.0,0.0,azimuth_elevation
C0633,-178.55892639744877,178.5589263974487,0.0,12.305,9.752,-2.8284271247461907,2.8284271247461894,140.0,0.0,azimuth_elevation
C0634,-165.95737226176038,190.32795639209317,0.0,12.305,9.752,-2.6288147152718926,3.014852101309442,140.0,0.0,azimuth_elevation
C0635,-152.58204824752428,201.20958959505185,0.0,12.305,9.752,-2.4169455580843806,3.1872204456636166,140.0,0.0,azimuth_elevation
C0636,-138.49531628959744,211.15309080916478,0.0,12.305,9.752,-2.1938074849972735,3.3447284970188447,140.0,0.0,azimuth_elevation
C0637,-123.76285523507035,220.11209884166306,0.0,12.305,9.752,-1.96044086871207,3.486641880131004,140.0,0.0,azimuth_elevation
C0638,-108.4533546181614,228.04484266145192,0.0,12.305,9.752,-1.7179337721203283,3.6122989292981305,140.0,0.0,azimuth_elevation
C0639,-92.63819439790215,234.91433615493864,0.0,12.305,9.752,-1.4674168752522294,3.7211137733513313,140.0,0.0,azimuth_elevation
C0640,-76.3911121518163,240.68855057236863,0.0,12.305,9.752,-1.2100582035243057,3.8125790672566424,140.0,0.0,azimuth_elevation
C0641,-59.78785927729566,245.3405638606411,0.0,12.305,9.752,-0.9470576818657853,3.8862683575917663,140.0,0.0,azimuth_elevation
C0642,-42.90584780361756,248.84868618634866,0.0,12.305,9.752,-0.6796415401146677,3.941838070868787,140.0,0.0,azimuth_elevation
C0643,-25.823789461327593,251.19656106379335,0.0,12.305,9.752,-0.4090565957681373,3.9790291154323794,140.0,0.0,azimuth_elevation
C0644,-8.621328691819294,252.37324161647297,0.0,12.305,9.752,-0.13656444074387472,3.997668089464696,140.0,0.0,azimuth_elevation
C0645,0.0,266.65115843707076,0.0,12.305,9.752,0.0,4.0,140.0,0.0,azimuth_elevation
C0646,18.196918578230957,266.02953304114385,0.0,12.305,9.752,0.2729696534586839,3.9906750767621566,140.0,0.0,azimuth_elevation
C0647,36.30899472200827,264.16755515791294,0.0,12.305,9.752,0.5446665963849864,3.9627437841453226,140.0,0.0,azimuth_elevation
C0648,54.251781571472584,261.07390618779397,0.0,12.305,9.752,0.8138240522105351,3.9163363507292916,140.0,0.0,azimuth_elevation
C0649,71.9416215716018,256.76301015037245,0.0,12.305,9.752,1.0791870846280969,3.851669149391197,140.0,0.0,azimuth_elevation
C0650,89.29603652235045,251.254966432966,0.0,12.305,9.752,1.3395184486839447,3.769043688475282,140.0,0.0,azimuth_elevation
C0651,106.23411213009179,244.57545607800245,0.0,12.305,9.752,1.5936043593849658,3.668845206021812,140.0,0.0,azimuth_elevation
C0652,122.67687526740639,236.75562204614494,0.0,12.305,9.752,1.8402601509246086,3.551540873609501,140.0,0.0,azimuth_elevation
C0653,138.54766218225745,227.8319240134334,0.0,12.305,9.752,2.0783358001417342,3.4176776181859543,140.0,0.0,azimuth_elevation
C0654,153.77247593979243,217.84596837944414,0.0,12.305,9.752,2.3067212884594683,3.2678795720417684,140.0,0.0,azimuth_elevation
C0655,168.28033143021162,206.8443142790489,0.0,12.305,9.752,2.5243517773042115,3.102845162817679,140.0,0.0,azimuth_elevation
C0656,182.00358633411795,194.87825650223547,0.0,12.305,9.752,2.730212572874616,2.9233438571124966,140.0,0.0,azimuth_elevation
C0657,194.87825650223544,182.00358633411798,0.0,12.305,9.752,2.923343857112496,2.7302125728746165,140.0,0.0,azimuth_elevation
C0658,206.8443142790489,168.2803314302116,0.0,12.305,9.752,3.102845162817679,2.524351777304211,140.0,0.0,azimuth_elevation
C0659,217.84596837944412,153.77247593979243,0.0,12.305,9.752,3.267879572041768,2.3067212884594683,140.0,0.0,azimuth_elevation
C0660,227.8319240134334,138.54766218225745,0.0,12.305,9.752,3.4176776181859543,2.0783358001417342,140.0,0.0,azimuth_elevation
C0661,236.75562204614494,122.6768752674064,0.0,12.305,9.752,3.551540873609501,1.8402601509246088,140.0,0.0,azimuth_elevation
C0662,244.57545607800245,106.23411213009176,0.0,12.305,9.752,3.668845206021812,1.5936043593849654,140.0,0.0,azimuth_elevation
C0663,251.25496643296597,89.29603652235048,0.0,12.305,9.752,3.7690436884752816,1.339518448683945,140.0,0.0,azimuth_elevation
C0664,256.7630101503724,71.94162157160184,0.0,12.305,9.752,3.8516691493911965,1.0791870846280978,140.0,0.0,azimuth_elevation
C0665,261.07390618779397,54.25178157147258,0.0,12.305,9.752,3.9163363507292916,0.813824052210535,140.0,0.0,azimuth_elevation
C0666,264.16755515791294,36.30899472200827,0.0,12.305,9.752,3.9627437841453226,0.5446665963849864,140.0,0.0,azimuth_elevation
C0667,266.02953304114385,18.19691857823102,0.0,12.305,9.752,3.9906750767621566,0.2729696534586849,140.0,0.0,azimuth_elevation
C0668,266.65115843707076,1.6327674383444622e-14,0.0,12.305,9.752,4.0,2.4492935982947064e-16,140.0,0.0,azimuth_elevation
C0669,266.02953304114385,-18.196918578230928,0.0,12.305,9.752,3.9906750767621566,-0.2729696534586835,140.0,0.0,azimuth_elevation
C0670,264.16755515791294,-36.30899472200829,0.0,12.305,9.752,3.9627437841453226,-0.5446665963849867,140.0,0.0,azimuth_elevation
C0671,261.07390618779397,-54.251781571472605,0.0,12.305,9.752,3.9163363507292908,-0.8138240522105352,140.0,0.0,azimuth_elevation
C0672,256.76301015037245,-71.94162157160176,0.0,12.305,9.752,3.8516691493911974,-1.0791870846280964,140.0,0.0,azimuth_elevation
C0673,251.254966432966,-89.29603652235045,0.0,12.305,9.752,3.769043688475282,-1.3395184486839447,140.0,0.0,azimuth_elevation
C0674,244.57545607800245,-106.23411213009179,0.0,12.305,9.752,3.668845206021812,-1.5936043593849658,140.0,0.0,azimuth_elevation
C0675,236.75562204614494,-122.67687526740637,0.0,12.305,9.752,3.551540873609501,-1.8402601509246084,140.0,0.0,azimuth_elevation
C0676,227.83192401343342,-138.5476621822574,0.0,12.305,9.752,3.4176776181859547,-2.0783358001417334,140.0,0.0,azimuth_elevation
C0677,217.84596837944414,-153.77247593979243,0.0,12.305,9.752,3.2678795720417684,-2.3067212884594683,140.0,0.0,azimuth_elevation
C0678,206.8443142790489,-168.28033143021162,0.0,12.305,9.752,3.102845162817679,-2.5243517773042115,140.0,0.0,azimuth_elevation
C0679,194.87825650223542,-182.003586334118,0.0,12.305,9.752,2.9233438571124957,-2.730212572874617,140.0,0.0,azimuth_elevation
C0680,182.00358633411798,-194.87825650223547,0.0,12.305,9.752,2.7302125728746165,-2.9233438571124966,140.0,0.0,azimuth_elevation
C0681,168.28033143021165,-206.84431427904886,0.0,12.305,9.752,2.524351777304212,-3.1028451628176787,140.0,0.0,azimuth_elevation
C0682,153.77247593979246,-217.84596837944412,0.0,12.305,9.752,2.3067212884594688,-3.267879572041768,140.0,0.0,azimuth_elevation
C0683,138.54766218225754,-227.83192401343334,0.0,12.305,9.752,2.0783358001417356,-3.4176776181859534,140.0,0.0,azimuth_elevation
C0684,122.67687526740642,-236.75562204614494,0.0,12.305,9.752,1.840260150924609,-3.551540873609501,140.0,0.0,azimuth_elevation
C0697,-106.23411213009182,-244.57545607800242,0.0,12.305,9.752,-1.5936043593849663,-3.6688452060218117,140.0,0.0,azimuth_elevation
C0698,-122.67687526740636,-236.75562204614496,0.0,12.305,9.752,-1.8402601509246082,-3.5515408736095013,140.0,0.0,azimuth_elevation
C0699,-138.54766218225737,-227.83192401343345,0.0,12.305,9.752,-2.078335800141733,-3.417677618185955,140.0,0.0,azimuth_elevation
C0700,-153.77247593979249,-217.8459683794441,0.0,12.305,9.752,-2.306721288459469,-3.2678795720417675,140.0,0.0,azimuth_elevation
C0701,-168.2803314302116,-206.8443142790489,0.0,12.305,9.752,-2.524351777304211,-3.102845162817679,140.0,0.0,azimuth_elevation
C0702,-182.00358633411793,-194.8782565022355,0.0,12.305,9.752,-2.7302125728746156,-2.923343857112497,140.0,0.0,azimuth_elevation
C0703,-194.87825650223544,-182.00358633411798,0.0,12.305,9.752,-2.923343857112496,-2.7302125728746165,140.0,0.0,azimuth_elevation
C0704,-206.84431427904883,-168.28033143021165,0.0,12.305,9.752,-3.1028451628176783,-2.524351777304212,140.0,0.0,azimuth_elevation
C0705,-217.84596837944412,-153.77247593979246,0.0,12.305,9.752,-3.267879572041768,-2.3067212884594688,140.0,0.0,azimuth_elevation
C0706,-227.8319240134334,-138.54766218225745,0.0,12.305,9.752,-3.4176776181859543,-2.0783358001417342,140.0,0.0,azimuth_elevation
C0707,-236.75562204614488,-122.67687526740654,0.0,12.305,9.752,-3.5515408736095,-1.8402601509246108,140.0,0.0,azimuth_elevation
C0708,-244.57545607800247,-106.23411213009169,0.0,12.305,9.752,-3.6688452060218126,-1.5936043593849643,140.0,0.0,azimuth_elevation
C0709,-251.25496643296597,-89.2960365223505,0.0,12.305,9.752,-3.7690436884752816,-1.3395184486839455,140.0,0.0,azimuth_elevation
C0710,-256.7630101503724,-71.94162157160181,0.0,12.305,9.752,-3.8516691493911965,-1.0791870846280973,140.0,0.0,azimuth_elevation
C0711,-261.07390618779397,-54.251781571472556,0.0,12.305,9.752,-3.9163363507292916,-0.8138240522105347,140.0,0.0,azimuth_elevation
C0712,-264.16755515791294,-36.308994722008414,0.0,12.305,9.752,-3.9627437841453226,-0.5446665963849886,140.0,0.0,azimuth_elevation
C0713,-266.02953304114385,-18.196918578230818,0.0,12.305,9.752,-3.9906750767621566,-0.27296965345868185,140.0,0.0,azimuth_elevation
C0714,-266.65115843707076,-4.898302315033387e-14,0.0,12.305,9.752,-4.0,-7.347880794884119e-16,140.0,0.0,azimuth_elevation
C0715,-266.02953304114385,18.19691857823096,0.0,12.305,9.752,-3.9906750767621566,0.27296965345868396,140.0,0.0,azimuth_elevation
C0716,-264.16755515791294,36.30899472200832,0.0,12.305,9.752,-3.9627437841453226,0.5446665963849872,140.0,0.0,azimuth_elevation
C0717,-261.073906187794,54.25178157147246,0.0,12.305,9.752,-3.9163363507292916,0.8138240522105331,140.0,0.0,azimuth_elevation
C0718,-256.76301015037245,71.94162157160173,0.0,12.305,9.752,-3.8516691493911974,1.079187084628096,140.0,0.0,azimuth_elevation
C0719,-251.254966432966,89.2960365223504,0.0,12.305,9.752,-3.769043688475282,1.3395184486839442,140.0,0.0,azimuth_elevation
C0720,-244.57545607800242,106.2341121300918,0.0,12.305,9.752,-3.6688452060218117,1.593604359384966,140.0,0.0,azimuth_elevation
C0721,-236.75562204614502,122.67687526740625,0.0,12.305,9.752,-3.551540873609502,1.8402601509246064,140.0,0.0,azimuth_elevation
C0722,-227.83192401343345,138.54766218225737,0.0,12.305,9.752,-3.417677618185955,2.078335800141733,140.0,0.0,azimuth_elevation
C0723,-217.84596837944417,153.7724759397924,0.0,12.305,9.752,-3.267879572041769,2.306721288459468,140.0,0.0,azimuth_elevation
C0724,-206.8443142790489,168.2803314302116,0.0,12.305,9.752,-3.102845162817679,2.524351777304211,140.0,0.0,azimuth_elevation
C0725,-194.87825650223544,182.003586334118,0.0,12.305,9.752,-2.923343857112496,2.730212572874617,140.0,0.0,azimuth_elevation
C0726,-182.00358633411807,194.87825650223536,0.0,12.305,9.752,-2.730212572874618,2.923343857112495,140.0,0.0,azimuth_elevation
C0727,-168.28033143021167,206.84431427904883,0.0,12.305,9.752,-2.5243517773042123,3.1028451628176783,140.0,0.0,azimuth_elevation
C0728,-153.7724759397923,217.84596837944423,0.0,12.305,9.752,-2.306721288459466,3.2678795720417697,140.0,0.0,azimuth_elevation
C0729,-138.54766218225745,227.8319240134334,0.0,12.305,9.752,-2.0783358001417342,3.4176776181859543,140.0,0.0,azimuth_elevation
C0730,-122.67687526740634,236.75562204614496,0.0,12.305,9.752,-1.840260150924608,3.5515408736095013,140.0,0.0,azimuth_elevation
C0731,-106.23411213009192,244.5754560780024,0.0,12.305,9.752,-1.5936043593849676,3.6688452060218113,140.0,0.0,azimuth_elevation
C0732,-89.29603652235052,251.25496643296597,0.0,12.305,9.752,-1.3395184486839458,3.7690436884752816,140.0,0.0,azimuth_elevation
C0733,-71.94162157160206,256.76301015037234,0.0,12.305,9.752,-1.0791870846281009,3.851669149391196,140.0,0.0,azimuth_elevation
C0734,-54.25178157147257,261.07390618779397,0.0,12.305,9.752,-0.8138240522105349,3.9163363507292916,140.0,0.0,azimuth_elevation
C0735,-36.3089947220082,264.16755515791294,0.0,12.305,9.752,-0.5446665963849855,3.9627437841453235,140.0,0.0,azimuth_elevation
C0736,-18.19691857823107,266.02953304114385,0.0,12.305,9.752,-0.2729696534586856,3.9906750767621566,140.0,0.0,azimuth_elevation
C0737,9.586204471012936,280.6181719348633,0.0,12.305,9.752,0.13656444074387158,3.997668089464696,140.0,0.0,azimuth_elevation
C0738,28.713918102621573,279.30980047864506,0.0,12.305,9.752,0.409056595768137,3.97902911543238,140.0,0.0,azimuth_elevation
C0739,47.707754193147885,276.6991577979065,0.0,12.305,9.752,0.6796415401146667,3.941838070868787,140.0,0.0,azimuth_elevation
C0740,66.47915471082369,272.7984159139472,0.0,12.305,9.752,0.9470576818657872,3.8862683575917663,140.0,0.0,azimuth_elevation
C0741,84.94059872120192,267.6257618860866,0.0,12.305,9.752,1.210058203524303,3.812579067256643,140.0,0.0,azimuth_elevation
C0742,103.00601045015433,261.2053130151975,0.0,12.305,9.752,1.4674168752522259,3.721113773351333,140.0,0.0,azimuth_elevation
C0743,120.59116060886468,253.56700439771652,0.0,12.305,9.752,1.7179337721203276,3.612298929298131,140.0,0.0,azimuth_elevation
C0744,137.614059109655,244.7464493544063,0.0,12.305,9.752,1.9604408687120691,3.486641880131005,140.0,0.0,azimuth_elevation
C0745,153.99533734162253,234.78477338461383,0.0,12.305,9.752,2.1938074849972753,3.3447284970188433,140.0,0.0,azimuth_elevation
C0746,169.6586182237418,223.7284224202084,0.0,12.305,9.752,2.416945558084378,3.1872204456636184,140.0,0.0,azimuth_elevation
C0747,184.53087231007368,211.62894627320685,0.0,12.305,9.752,2.62881471527189,3.0148521013094443,140.0,0.0,azimuth_elevation
C0748,198.54275828675364,198.5427582867537,0.0,12.305,9.752,2.82842712474619,2.8284271247461903,140.0,0.0,azimuth_elevation
C0749,211.62894627320688,184.53087231007365,0.0,12.305,9.752,3.0148521013094447,2.6288147152718895,140.0,0.0,azimuth_elevation
C0750,223.72842242020837,169.65861822374183,0.0,12.305,9.752,3.187220445663618,2.4169455580843784,140.0,0.0,azimuth_elevation
C0751,234.78477338461383,153.9953373416225,0.0,12.305,9.752,3.3447284970188433,2.193807484997275,140.0,0.0,azimuth_elevation
C0752,244.74644935440628,137.61405910965502,0.0,12.305,9.752,3.4866418801310046,1.9604408687120694,140.0,0.0,azimuth_elevation
C0753,253.56700439771652,120.59116060886467,0.0,12.305,9.752,3.612298929298131,1.7179337721203274,140.0,0.0,azimuth_elevation
C0754,261.2053130151975,103.00601045015435,0.0,12.305,9.752,3.721113773351333,1.467416875252226,140.0,0.0,azimuth_elevation
C0755,267.6257618860866,84.94059872120194,0.0,12.305,9.752,3.812579067256643,1.2100582035243033,140.0,0.0,azimuth_elevation
C0756,272.7984159139472,66.4791547108237,0.0,12.305,9.752,3.8862683575917663,0.9470576818657873,140.0,0.0,azimuth_elevation
C0757,276.6991577979065,47.707754193147906,0.0,12.305,9.752,3.941838070868787,0.679641540114667,140.0,0.0,azimuth_elevation
C0758,279.30980047864506,28.713918102621612,0.0,12.305,9.752,3.97902911543238,0.4090565957681376,140.0,0.0,azimuth_elevation
C0759,280.6181719348633,9.586204471012916,0.0,12.305,9.752,3.997668089464696,0.1365644407438713,140.0,0.0,azimuth_elevation
C0760,280.6181719348633,-9.586204471012946,0.0,12.305,9.752,3.997668089464696,-0.13656444074387172,140.0,0.0,azimuth_elevation
C0761,279.30980047864506,-28.713918102621513,0.0,12.305,9.752,3.97902911543238,-0.40905659576813613,140.0,0.0,azimuth_elevation
C0762,276.6991577979065,-47.70775419314787,0.0,12.305,9.752,3.941838070868787,-0.6796415401146665,140.0,0.0,azimuth_elevation
C0763,272.7984159139472,-66.47915471082368,0.0,12.305,9.752,3.8862683575917663,-0.947057681865787,140.0,0.0,azimuth_elevation
C0764,267.6257618860866,-84.94059872120198,0.0,12.305,9.752,3.812579067256643,-1.2100582035243037,140.0,0.0,azimuth_elevation
C0765,261.2053130151975,-103.00601045015432,0.0,12.305,9.752,3.721113773351333,-1.4674168752522256,140.0,0.0,azimuth_elevation
C0766,253.56700439771652,-120.59116060886464,0.0,12.305,9.752,3.612298929298131,-1.717933772120327,140.0,0.0,azimuth_elevation
C0767,244.74644935440628,-137.614059109655,0.0,12.305,9.752,3.4866418801310046,-1.9604408687120691,140.0,0.0,azimuth_elevation
C0768,234.7847733846138,-153.99533734162256,0.0,12.305,9.752,3.344728497018843,-2.1938074849972757,140.0,0.0,azimuth_elevation
C0769,223.7284224202084,-169.6586182237418,0.0,12.305,9.752,3.1872204456636184,-2.416945558084378,140.0,0.0,azimuth_elevation
C0770,211.6289462732069,-184.5308723100736,0.0,12.305,9.752,3.014852101309445,-2.628814715271889,140.0,0.0,azimuth_elevation
C0771,198.5427582867537,-198.54275828675364,0.0,12.305,9.752,2.8284271247461903,-2.82842712474619,140.0,0.0,azimuth_elevation
C0772,184.53087231007365,-211.62894627320688,0.0,12.305,9.752,2.6288147152718895,-3.0148521013094447,140.0,0.0,azimuth_elevation
C0773,169.65861822374185,-223.72842242020837,0.0,12.305,9.752,2.416945558084379,-3.187220445663618,140.0,0.0,azimuth_elevation
C0774,153.9953373416225,-234.78477338461386,0.0,12.305,9.752,2.193807484997275,-3.344728497018844,140.0,0.0,azimuth_elevation
C0791,-153.99533734162245,-234.78477338461389,0.0,12.305,9.752,-2.193807484997274,-3.3447284970188442,140.0,0.0,azimuth_elevation
C0792,-169.6586182237418,-223.72842242020843,0.0,12.305,9.752,-2.4169455580843775,-3.1872204456636184,140.0,0.0,azimuth_elevation
C0793,-184.5308723100736,-211.62894627320694,0.0,12.305,9.752,-2.628814715271889,-3.0148521013094456,140.0,0.0,azimuth_elevation
C0794,-198.54275828675372,-198.5427582867536,0.0,12.305,9.752,-2.8284271247461907,-2.8284271247461894,140.0,0.0,azimuth_elevation
C0795,-211.62894627320688,-184.53087231007365,0.0,12.305,9.752,-3.0148521013094447,-2.6288147152718895,140.0,0.0,azimuth_elevation
C0796,-223.72842242020826,-169.65861822374197,0.0,12.305,9.752,-3.1872204456636166,-2.41694555808438,140.0,0.0,azimuth_elevation
C0797,-234.78477338461389,-153.9953373416224,0.0,12.305,9.752,-3.3447284970188442,-2.1938074849972735,140.0,0.0,azimuth_elevation
C0798,-244.74644935440625,-137.61405910965505,0.0,12.305,9.752,-3.486641880131004,-1.9604408687120698,140.0,0.0,azimuth_elevation
C0799,-253.5670043977165,-120.59116060886471,0.0,12.305,9.752,-3.6122989292981305,-1.717933772120328,140.0,0.0,azimuth_elevation
C0800,-261.2053130151975,-103.00601045015432,0.0,12.305,9.752,-3.721113773351333,-1.4674168752522256,140.0,0.0,azimuth_elevation
C0801,-267.62576188608654,-84.9405987212021,0.0,12.305,9.752,-3.812579067256642,-1.2100582035243055,140.0,0.0,azimuth_elevation
C0802,-272.7984159139473,-66.47915471082356,0.0,12.305,9.752,-3.8862683575917663,-0.9470576818657852,140.0,0.0,azimuth_elevation
C0803,-276.6991577979065,-47.70775419314794,0.0,12.305,9.752,-3.941838070868787,-0.6796415401146675,140.0,0.0,azimuth_elevation
C0804,-279.30980047864506,-28.713918102621584,0.0,12.305,9.752,-3.97902911543238,-0.4090565957681372,140.0,0.0,azimuth_elevation
C0805,-280.6181719348633,-9.58620447101289,0.0,12.305,9.752,-3.997668089464696,-0.13656444074387092,140.0,0.0,azimuth_elevation
C0806,-280.6181719348633,9.586204471012786,0.0,12.305,9.752,-3.997668089464696,0.13656444074386945,140.0,0.0,azimuth_elevation
C0807,-279.30980047864506,28.713918102621477,0.0,12.305,9.752,-3.97902911543238,0.40905659576813563,140.0,0.0,azimuth_elevation
C0808,-276.6991577979065,47.70775419314784,0.0,12.305,9.752,-3.941838070868787,0.679641540114666,140.0,0.0,azimuth_elevation
C0809,-272.7984159139472,66.4791547108237,0.0,12.305,9.752,-3.8862683575917663,0.9470576818657873,140.0,0.0,azimuth_elevation
C0810,-267.6257618860866,84.940598721202,0.0,12.305,9.752,-3.812579067256643,1.210058203524304,140.0,0.0,azimuth_elevation
C0811,-261.2053130151975,103.00601045015422,0.0,12.305,9.752,-3.721113773351333,1.4674168752522243,140.0,0.0,azimuth_elevation
C0812,-253.56700439771654,120.59116060886461,0.0,12.305,9.752,-3.6122989292981313,1.7179337721203265,140.0,0.0,azimuth_elevation
C0813,-244.7464493544063,137.61405910965496,0.0,12.305,9.752,-3.486641880131005,1.9604408687120687,140.0,0.0,azimuth_elevation
C0814,-234.78477338461383,153.99533734162253,0.0,12.305,9.752,-3.3447284970188433,2.1938074849972753,140.0,0.0,azimuth_elevation
C0815,-223.7284224202085,169.65861822374168,0.0,12.305,9.752,-3.1872204456636197,2.416945558084376,140.0,0.0,azimuth_elevation
C0816,-211.62894627320694,184.53087231007356,0.0,12.305,9.752,-3.0148521013094456,2.6288147152718886,140.0,0.0,azimuth_elevation
C0817,-198.54275828675372,198.5427582867536,0.0,12.305,9.752,-2.8284271247461907,2.8284271247461894,140.0,0.0,azimuth_elevation
C0818,-184.53087231007385,211.62894627320668,0.0,12.305,9.752,-2.6288147152718926,3.014852101309442,140.0,0.0,azimuth_elevation
C0819,-169.658618223742,223.72842242020826,0.0,12.305,9.752,-2.4169455580843806,3.1872204456636166,140.0,0.0,azimuth_elevation
C0820,-153.9953373416224,234.78477338461389,0.0,12.305,9.752,-2.1938074849972735,3.3447284970188442,140.0,0.0,azimuth_elevation
C0821,-137.61405910965505,244.74644935440625,0.0,12.305,9.752,-1.9604408687120698,3.486641880131004,140.0,0.0,azimuth_elevation
C0822,-120.59116060886473,253.5670043977165,0.0,12.305,9.752,-1.7179337721203283,3.6122989292981305,140.0,0.0,azimuth_elevation
C0823,-103.00601045015458,261.20531301519736,0.0,12.305,9.752,-1.4674168752522292,3.7211137733513313,140.0,0.0,azimuth_elevation
C0824,-84.94059872120211,267.62576188608654,0.0,12.305,9.752,-1.2100582035243057,3.812579067256642,140.0,0.0,azimuth_elevation
C0825,-66.47915471082358,272.7984159139473,0.0,12.305,9.752,-0.9470576818657853,3.8862683575917663,140.0,0.0,azimuth_elevation
C0826,-47.707754193147956,276.6991577979065,0.0,12.305,9.752,-0.6796415401146677,3.941838070868787,140.0,0.0,azimuth_elevation
C0827,-28.713918102621598,279.30980047864506,0.0,12.305,9.752,-0.40905659576813735,3.97902911543238,140.0,0.0,azimuth_elevation
C0828,-9.586204471013156,280.6181719348633,0.0,12.305,9.752,-0.13656444074387472,3.997668089464696,140.0,0.0,azimuth_elevation
C0829,0.0,294.9125645231097,0.0,12.305,9.752,0.0,4.0,140.0,0.0,azimuth_elevation
C0830,20.125545134621255,294.2250552665963,0.0,12.305,9.752,0.2729696534586839,3.990675076762156,140.0,0.0,azimuth_elevation
C0831,40.157255687492466,292.16573298257737,0.0,12.305,9.752,0.5446665963849864,3.9627437841453226,140.0,0.0,azimuth_elevation
C0832,60.00173457699951,288.7441991821631,0.0,12.305,9.752,0.8138240522105351,3.9163363507292916,140.0,0.0,azimuth_elevation
C0833,79.5664576819726,283.97640663537567,0.0,12.305,9.752,1.079187084628097,3.8516691493911974,140.0,0.0,azimuth_elevation
C0834,98.76020523184992,277.8845849919715,0.0,12.305,9.752,1.3395184486839447,3.769043688475282,140.0,0.0,azimuth_elevation
C0835,117.49348711535691,270.49713713655234,0.0,12.305,9.752,1.5936043593849658,3.6688452060218117,140.0,0.0,azimuth_elevation
C0836,135.6789601247153,261.84850676120584,0.0,12.305,9.752,1.8402601509246084,3.551540873609501,140.0,0.0,azimuth_elevation
C0837,153.231835189997,251.9790177731133,0.0,12.305,9.752,2.0783358001417342,3.4176776181859543,140.0,0.0,azimuth_elevation
C0838,170.07027270490843,240.93468628588005,0.0,12.305,9.752,2.3067212884594683,3.2678795720417684,140.0,0.0,azimuth_elevation
C0839,186.11576410081375,228.76700607117192,0.0,12.305,9.752,2.5243517773042115,3.102845162817679,140.0,0.0,azimuth_elevation
C0840,201.29349788992266,215.5327084709814,0.0,12.305,9.752,2.730212572874616,2.9233438571124966,140.0,0.0,azimuth_elevation
C0841,215.53270847098136,201.2934978899227,0.0,12.305,9.752,2.923343857112496,2.7302125728746165,140.0,0.0,azimuth_elevation
C0842,228.76700607117192,186.11576410081372,0.0,12.305,9.752,3.102845162817679,2.524351777304211,140.0,0.0,azimuth_elevation
C0843,240.93468628588002,170.07027270490843,0.0,12.305,9.752,3.267879572041768,2.3067212884594683,140.0,0.0,azimuth_elevation
C0844,251.9790177731133,153.231835189997,0.0,12.305,9.752,3.4176776181859543,2.0783358001417342,140.0,0.0,azimuth_elevation
C0845,261.84850676120584,135.67896012471533,0.0,12.305,9.752,3.551540873609501,1.8402601509246088,140.0,0.0,azimuth_elevation
C0846,270.49713713655234,117.49348711535688,0.0,12.305,9.752,3.6688452060218126,1.5936043593849656,140.0,0.0,azimuth_elevation
C0847,277.8845849919715,98.76020523184995,0.0,12.305,9.752,3.769043688475282,1.339518448683945,140.0,0.0,azimuth_elevation
C0848,283.9764066353756,79.56645768197264,0.0,12.305,9.752,3.8516691493911965,1.0791870846280978,140.0,0.0,azimuth_elevation
C0849,288.7441991821631,60.0017345769995,0.0,12.305,9.752,3.9163363507292916,0.813824052210535,140.0,0.0,azimuth_elevation
C0850,292.16573298257737,40.157255687492466,0.0,12.305,9.752,3.9627437841453226,0.5446665963849864,140.0,0.0,azimuth_elevation
C0851,294.2250552665963,20.125545134621326,0.0,12.305,9.752,3.990675076762156,0.2729696534586849,140.0,0.0,azimuth_elevation
C0852,294.9125645231097,1.805818640857818e-14,0.0,12.305,9.752,4.0,2.4492935982947064e-16,140.0,0.0,azimuth_elevation
C0853,294.2250552665963,-20.125545134621227,0.0,12.305,9.752,3.990675076762156,-0.2729696534586835,140.0,0.0,azimuth_elevation
C0854,292.16573298257737,-40.15725568749249,0.0,12.305,9.752,3.9627437841453226,-0.5446665963849867,140.0,0.0,azimuth_elevation
C0855,288.7441991821631,-60.00173457699954,0.0,12.305,9.752,3.9163363507292916,-0.8138240522105354,140.0,0.0,azimuth_elevation
C0856,283.97640663537567,-79.56645768197254,0.0,12.305,9.752,3.8516691493911974,-1.0791870846280964,140.0,0.0,azimuth_elevation
C0857,277.8845849919715,-98.76020523184992,0.0,12.305,9.752,3.769043688475282,-1.3395184486839447,140.0,0.0,azimuth_elevation
C0858,270.49713713655234,-117.49348711535691,0.0,12.305,9.752,3.6688452060218117,-1.5936043593849658,140.0,0.0,azimuth_elevation
C0859,261.84850676120584,-135.6789601247153,0.0,12.305,9.752,3.551540873609501,-1.8402601509246084,140.0,0.0,azimuth_elevation
C0860,251.97901777311333,-153.23183518999696,0.0,12.305,9.752,3.4176776181859547,-2.0783358001417334,140.0,0.0,azimuth_elevation
C0861,240.93468628588005,-170.07027270490843,0.0,12.305,9.752,3.2678795720417684,-2.3067212884594683,140.0,0.0,azimuth_elevation
C0862,228.76700607117192,-186.11576410081375,0.0,12.305,9.752,3.102845162817679,-2.5243517773042115,140.0,0.0,azimuth_elevation
C0863,215.53270847098133,-201.29349788992272,0.0,12.305,9.752,2.9233438571124957,-2.730212572874617,140.0,0.0,azimuth_elevation
C0864,201.2934978899227,-215.5327084709814,0.0,12.305,9.752,2.7302125728746165,-2.9233438571124966,140.0,0.0,azimuth_elevation
C0865,186.11576410081378,-228.7670060711719,0.0,12.305,9.752,2.524351777304212,-3.1028451628176787,140.0,0.0,azimuth_elevation
C0885,-186.11576410081372,-228.76700607117192,0.0,12.305,9.752,-2.524351777304211,-3.102845162817679,140.0,0.0,azimuth_elevation
C0886,-201.29349788992263,-215.53270847098142,0.0,12.305,9.752,-2.7302125728746156,-2.923343857112497,140.0,0.0,azimuth_elevation
C0887,-215.53270847098136,-201.2934978899227,0.0,12.305,9.752,-2.923343857112496,-2.7302125728746165,140.0,0.0,azimuth_elevation
C0888,-228.76700607117186,-186.11576410081378,0.0,12.305,9.752,-3.1028451628176783,-2.524351777304212,140.0,0.0,azimuth_elevation
C0889,-240.93468628588002,-170.07027270490846,0.0,12.305,9.752,-3.267879572041768,-2.3067212884594688,140.0,0.0,azimuth_elevation
C0890,-251.9790177731133,-153.231835189997,0.0,12.305,9.752,-3.4176776181859543,-2.0783358001417342,140.0,0.0,azimuth_elevation
C0891,-261.8485067612058,-135.67896012471547,0.0,12.305,9.752,-3.5515408736095,-1.8402601509246108,140.0,0.0,azimuth_elevation
C0892,-270.4971371365524,-117.4934871153568,0.0,12.305,9.752,-3.6688452060218126,-1.5936043593849643,140.0,0.0,azimuth_elevation
C0893,-277.8845849919715,-98.76020523184998,0.0,12.305,9.752,-3.769043688475282,-1.3395184486839455,140.0,0.0,azimuth_elevation
C0894,-283.9764066353756,-79.56645768197261,0.0,12.305,9.752,-3.8516691493911974,-1.0791870846280975,140.0,0.0,azimuth_elevation
C0895,-288.7441991821631,-60.00173457699948,0.0,12.305,9.752,-3.9163363507292916,-0.8138240522105347,140.0,0.0,azimuth_elevation
C0896,-292.16573298257737,-40.15725568749263,0.0,12.305,9.752,-3.9627437841453226,-0.5446665963849886,140.0,0.0,azimuth_elevation
C0897,-294.22505526659637,-20.125545134621103,0.0,12.305,9.752,-3.990675076762157,-0.27296965345868185,140.0,0.0,azimuth_elevation
C0898,-294.9125645231097,-5.4174559225734533e-14,0.0,12.305,9.752,-4.0,-7.347880794884119e-16,140.0,0.0,azimuth_elevation
C0899,-294.2250552665963,20.12554513462126,0.0,12.305,9.752,-3.990675076762156,0.27296965345868396,140.0,0.0,azimuth_elevation
C0900,-292.16573298257737,40.15725568749252,0.0,12.305,9.752,-3.9627437841453226,0.5446665963849872,140.0,0.0,azimuth_elevation
C0901,-288.74419918216313,60.001734576999375,0.0,12.305,9.752,-3.9163363507292916,0.8138240522105331,140.0,0.0,azimuth_elevation
C0902,-283.97640663537567,79.56645768197251,0.0,12.305,9.752,-3.8516691493911974,1.079187084628096,140.0,0.0,azimuth_elevation
C0903,-277.8845849919715,98.76020523184988,0.0,12.305,9.752,-3.769043688475282,1.3395184486839442,140.0,0.0,azimuth_elevation
C0904,-270.49713713655234,117.49348711535693,0.0,12.305,9.752,-3.6688452060218117,1.593604359384966,140.0,0.0,azimuth_elevation
C0905,-261.84850676120595,135.67896012471516,0.0,12.305,9.752,-3.551540873609502,1.8402601509246064,140.0,0.0,azimuth_elevation
C0906,-251.97901777311336,153.23183518999693,0.0,12.305,9.752,-3.417677618185955,2.078335800141733,140.0,0.0,azimuth_elevation
C0907,-240.93468628588008,170.0702727049084,0.0,12.305,9.752,-3.267879572041769,2.306721288459468,140.0,0.0,azimuth_elevation
C0908,-228.76700607117192,186.11576410081372,0.0,12.305,9.752,-3.102845162817679,2.524351777304211,140.0,0.0,azimuth_elevation
C0909,-215.53270847098136,201.29349788992272,0.0,12.305,9.752,-2.923343857112496,2.730212572874617,140.0,0.0,azimuth_elevation
C0910,-201.29349788992278,215.53270847098128,0.0,12.305,9.752,-2.730212572874618,2.923343857112495,140.0,0.0,azimuth_elevation
C0911,-186.1157641008138,228.76700607117186,0.0,12.305,9.752,-2.5243517773042123,3.1028451628176783,140.0,0.0,azimuth_elevation
C0912,-170.07027270490826,240.93468628588016,0.0,12.305,9.752,-2.306721288459466,3.2678795720417697,140.0,0.0,azimuth_elevation
C0913,-153.231835189997,251.9790177731133,0.0,12.305,9.752,-2.0783358001417342,3.4176776181859543,140.0,0.0,azimuth_elevation
C0914,-135.67896012471527,261.8485067612059,0.0,12.305,9.752,-1.840260150924608,3.5515408736095013,140.0,0.0,azimuth_elevation
C0915,-117.49348711535704,270.4971371365523,0.0,12.305,9.752,-1.5936043593849676,3.668845206021811,140.0,0.0,azimuth_elevation
C0916,-98.76020523185,277.8845849919715,0.0,12.305,9.752,-1.3395184486839458,3.769043688475282,140.0,0.0,azimuth_elevation
C0917,-79.56645768197286,283.97640663537555,0.0,12.305,9.752,-1.0791870846281009,3.851669149391196,140.0,0.0,azimuth_elevation
C0918,-60.001734576999496,288.7441991821631,0.0,12.305,9.752,-0.8138240522105349,3.9163363507292916,140.0,0.0,azimuth_elevation
C0919,-40.15725568749239,292.16573298257737,0.0,12.305,9.752,-0.5446665963849854,3.9627437841453226,140.0,0.0,azimuth_elevation
C0920,-20.12554513462138,294.2250552665963,0.0,12.305,9.752,-0.2729696534586856,3.990675076762156,140.0,0.0,azimuth_elevation
C0921,10.551080250206775,308.86310225325366,0.0,12.305,9.752,0.13656444074387158,3.997668089464696,140.0,0.0,azimuth_elevation
C0922,31.60404674391557,307.4230398934968,0.0,12.305,9.752,0.4090565957681369,3.9790291154323794,140.0,0.0,azimuth_elevation
C0923,52.50966058267827,304.54962940946433,0.0,12.305,9.752,0.6796415401146667,3.941838070868788,140.0,0.0,azimuth_elevation
C0924,73.17045014435162,300.2562679672534,0.0,12.305,9.752,0.947057681865787,3.886268357591766,140.0,0.0,azimuth_elevation
C0925,93.4900852905877,294.5629731998045,0.0,12.305,9.752,1.210058203524303,3.812579067256643,140.0,0.0,azimuth_elevation
C0926,113.37382650240671,287.4962898754561,0.0,12.305,9.752,1.4674168752522259,3.721113773351332,140.0,0.0,azimuth_elevation
C0927,132.728966599568,279.08916613398105,0.0,12.305,9.752,1.7179337721203274,3.6122989292981305,140.0,0.0,azimuth_elevation
C0928,151.46526298423967,269.3807998671495,0.0,12.305,9.752,1.9604408687120685,3.4866418801310046,140.0,0.0,azimuth_elevation
C0929,169.49535839364748,258.4164559600629,0.0,12.305,9.752,2.1938074849972753,3.344728497018843,140.0,0.0,azimuth_elevation
C0930,186.73518819995948,246.24725524536478,0.0,12.305,9.752,2.416945558084378,3.1872204456636184,140.0,0.0,azimuth_elevation
C0931,203.1043723583871,232.92993615432036,0.0,12.305,9.752,2.62881471527189,3.0148521013094443,140.0,0.0,azimuth_elevation
C0932,218.52659017605856,218.5265901760586,0.0,12.305,9.752,2.82842712474619,2.8284271247461903,140.0,0.0,azimuth_elevation
C0933,232.9299361543204,203.10437235838708,0.0,12.305,9.752,3.0148521013094447,2.6288147152718895,140.0,0.0,azimuth_elevation
C0934,246.24725524536476,186.7351881999595,0.0,12.305,9.752,3.187220445663618,2.4169455580843784,140.0,0.0,azimuth_elevation
C0935,258.4164559600629,169.49535839364745,0.0,12.305,9.752,3.344728497018843,2.193807484997275,140.0,0.0,azimuth_elevation
C0936,269.38079986714945,151.4652629842397,0.0,12.305,9.752,3.4866418801310046,1.9604408687120694,140.0,0.0,azimuth_elevation
C0937,279.08916613398105,132.728966599568,0.0,12.305,9.752,3.6122989292981305,1.7179337721203274,140.0,0.0,azimuth_elevation
C0938,287.4962898754561,113.37382650240673,0.0,12.305,9.752,3.721113773351332,1.467416875252226,140.0,0.0,azimuth_elevation
C0939,294.5629731998045,93.49008529058771,0.0,12.305,9.752,3.812579067256643,1.2100582035243033,140.0,0.0,azimuth_elevation
C0940,300.2562679672534,73.17045014435163,0.0,12.305,9.752,3.886268357591766,0.9470576818657872,140.0,0.0,azimuth_elevation
C0941,304.54962940946433,52.50966058267829,0.0,12.305,9.752,3.941838070868787,0.6796415401146669,140.0,0.0,azimuth_elevation
C0942,307.4230398934968,31.604046743915614,0.0,12.305,9.752,3.979029115432379,0.40905659576813735,140.0,0.0,azimuth_elevation
C0943,308.86310225325366,10.551080250206754,0.0,12.305,9.752,3.997668089464696,0.1365644407438713,140.0,0.0,azimuth_elevation
C0944,308.86310225325366,-10.551080250206786,0.0,12.305,9.752,3.997668089464696,-0.13656444074387172,140.0,0.0,azimuth_elevation
C0945,307.4230398934968,-31.604046743915507,0.0,12.305,9.752,3.9790291154323794,-0.4090565957681361,140.0,0.0,azimuth_elevation
C0946,304.54962940946433,-52.50966058267825,0.0,12.305,9.752,3.941838070868788,-0.6796415401146665,140.0,0.0,azimuth_elevation
C0947,300.2562679672534,-73.1704501443516,0.0,12.305,9.752,3.886268357591766,-0.9470576818657868,140.0,0.0,azimuth_elevation
C0948,294.5629731998045,-93.49008529058776,0.0,12.305,9.752,3.812579067256643,-1.2100582035243037,140.0,0.0,azimuth_elevation
C0949,287.4962898754561,-113.3738265024067,0.0,12.305,9.752,3.721113773351332,-1.4674168752522256,140.0,0.0,azimuth_elevation
C0950,279.08916613398105,-132.72896659956797,0.0,12.305,9.752,3.6122989292981313,-1.7179337721203274,140.0,0.0,azimuth_elevation
C0951,269.38079986714945,-151.4652629842397,0.0,12.305,9.752,3.4866418801310046,-1.9604408687120694,140.0,0.0,azimuth_elevation
C0952,258.4164559600629,-169.4953583936475,0.0,12.305,9.752,3.3447284970188425,-2.1938074849972753,140.0,0.0,azimuth_elevation
C0953,246.24725524536478,-186.73518819995948,0.0,12.305,9.752,3.1872204456636184,-2.416945558084378,140.0,0.0,azimuth_elevation
C0954,232.92993615432044,-203.10437235838705,0.0,12.305,9.752,3.014852101309445,-2.628814715271889,140.0,0.0,azimuth_elevation
C0955,218.5265901760586,-218.52659017605856,0.0,12.305,9.752,2.8284271247461903,-2.82842712474619,140.0,0.0,azimuth_elevation
C0978,-218.52659017605862,-218.52659017605853,0.0,12.305,9.752,-2.8284271247461907,-2.8284271247461894,140.0,0.0,azimuth_elevation
C0979,-232.9299361543204,-203.10437235838708,0.0,12.305,9.752,-3.0148521013094447,-2.6288147152718895,140.0,0.0,azimuth_elevation
C0980,-246.24725524536467,-186.73518819995965,0.0,12.305,9.752,-3.1872204456636166,-2.41694555808438,140.0,0.0,azimuth_elevation
C0981,-258.416455960063,-169.49535839364734,0.0,12.305,9.752,-3.344728497018844,-2.193807484997273,140.0,0.0,azimuth_elevation
C0982,-269.38079986714945,-151.46526298423973,0.0,12.305,9.752,-3.4866418801310046,-1.9604408687120696,140.0,0.0,azimuth_elevation
C0983,-279.08916613398105,-132.72896659956805,0.0,12.305,9.752,-3.6122989292981305,-1.7179337721203283,140.0,0.0,azimuth_elevation
C0984,-287.4962898754561,-113.3738265024067,0.0,12.305,9.752,-3.721113773351332,-1.4674168752522256,140.0,0.0,azimuth_elevation
C0985,-294.56297319980445,-93.49008529058788,0.0,12.305,9.752,-3.812579067256643,-1.2100582035243057,140.0,0.0,azimuth_elevation
C0986,-300.25626796725345,-73.17045014435148,0.0,12.305,9.752,-3.886268357591766,-0.947057681865785,140.0,0.0,azimuth_elevation
C0987,-304.54962940946433,-52.50966058267833,0.0,12.305,9.752,-3.941838070868787,-0.6796415401146674,140.0,0.0,azimuth_elevation
C0988,-307.4230398934968,-31.604046743915585,0.0,12.305,9.752,-3.9790291154323794,-0.4090565957681371,140.0,0.0,azimuth_elevation
C0989,-308.86310225325366,-10.551080250206724,0.0,12.305,9.752,-3.997668089464696,-0.13656444074387092,140.0,0.0,azimuth_elevation
C0990,-308.86310225325366,10.55108025020661,0.0,12.305,9.752,-3.997668089464696,0.13656444074386945,140.0,0.0,azimuth_elevation
C0991,-307.4230398934968,31.604046743915468,0.0,12.305,9.752,-3.9790291154323794,0.4090565957681356,140.0,0.0,azimuth_elevation
C0992,-304.54962940946433,52.509660582678215,0.0,12.305,9.752,-3.941838070868788,0.679641540114666,140.0,0.0,azimuth_elevation
C0993,-300.2562679672534,73.17045014435163,0.0,12.305,9.752,-3.886268357591766,0.9470576818657872,140.0,0.0,azimuth_elevation
C0994,-294.5629731998045,93.49008529058777,0.0,12.305,9.752,-3.812579067256643,1.210058203524304,140.0,0.0,azimuth_elevation
C0995,-287.49628987545617,113.3738265024066,0.0,12.305,9.752,-3.721113773351333,1.4674168752522243,140.0,0.0,azimuth_elevation
C0996,-279.0891661339811,132.7289665995679,0.0,12.305,9.752,-3.6122989292981313,1.7179337721203263,140.0,0.0,azimuth_elevation
C0997,-269.3807998671495,151.46526298423964,0.0,12.305,9.752,-3.486641880131005,1.9604408687120685,140.0,0.0,azimuth_elevation
C0998,-258.4164559600629,169.49535839364748,0.0,12.305,9.752,-3.344728497018843,2.1938074849972753,140.0,0.0,azimuth_elevation
C0999,-246.2472552453649,186.73518819995934,0.0,12.305,9.752,-3.1872204456636197,2.416945558084376,140.0,0.0,azimuth_elevation
C1000,-232.92993615432047,203.104372358387,0.0,12.305,9.752,-3.0148521013094456,2.6288147152718886,140.0,0.0,azimuth_elevation
C1001,-218.52659017605862,218.52659017605853,0.0,12.305,9.752,-2.8284271247461907,2.8284271247461894,140.0,0.0,azimuth_elevation
C1002,-203.1043723583873,232.9299361543202,0.0,12.305,9.752,-2.6288147152718926,3.014852101309442,140.0,0.0,azimuth_elevation
C1003,-186.73518819995968,246.24725524536467,0.0,12.305,9.752,-2.41694555808438,3.187220445663616,140.0,0.0,azimuth_elevation
C1004,-169.49535839364734,258.416455960063,0.0,12.305,9.752,-2.193807484997273,3.344728497018844,140.0,0.0,azimuth_elevation
C1005,-151.46526298423976,269.38079986714945,0.0,12.305,9.752,-1.96044086871207,3.4866418801310046,140.0,0.0,azimuth_elevation
C1006,-132.72896659956805,279.08916613398105,0.0,12.305,9.752,-1.7179337721203283,3.6122989292981305,140.0,0.0,azimuth_elevation
C1007,-113.37382650240697,287.49628987545606,0.0,12.305,9.752,-1.4674168752522292,3.7211137733513318,140.0,0.0,azimuth_elevation
C1008,-93.49008529058791,294.56297319980445,0.0,12.305,9.752,-1.2100582035243057,3.8125790672566424,140.0,0.0,azimuth_elevation
C1009,-73.17045014435149,300.25626796725345,0.0,12.305,9.752,-0.9470576818657852,3.886268357591766,140.0,0.0,azimuth_elevation
C1010,-52.50966058267834,304.54962940946433,0.0,12.305,9.752,-0.6796415401146675,3.941838070868787,140.0,0.0,azimuth_elevation
C1011,-31.604046743915603,307.4230398934968,0.0,12.305,9.752,-0.40905659576813724,3.979029115432379,140.0,0.0,azimuth_elevation
C1012,-10.551080250207018,308.86310225325366,0.0,12.305,9.752,-0.13656444074387472,3.997668089464696,140.0,0.0,azimuth_elevation
C1013,0.0,323.1739706091487,0.0,12.305,9.752,0.0,4.0,140.0,0.0,azimuth_elevation
C1014,22.054171691011554,322.42057749204884,0.0,12.305,9.752,0.2729696534586839,3.9906750767621566,140.0,0.0,azimuth_elevation
C1015,44.00551665297666,320.1639108072418,0.0,12.305,9.752,0.5446665963849864,3.9627437841453226,140.0,0.0,azimuth_elevation
C1016,65.75168758252644,316.4144921765322,0.0,12.305,9.752,0.8138240522105351,3.9163363507292916,140.0,0.0,azimuth_elevation
C1017,87.19129379234337,311.1898031203789,0.0,12.305,9.752,1.079187084628097,3.8516691493911974,140.0,0.0,azimuth_elevation
C1018,108.2243739413494,304.514203550977,0.0,12.305,9.752,1.3395184486839447,3.7690436884752816,140.0,0.0,azimuth_elevation
C1019,128.75286210062202,296.4188181951023,0.0,12.305,9.752,1.5936043593849656,3.668845206021812,140.0,0.0,azimuth_elevation
C1020,148.68104498202425,286.94139147626674,0.0,12.305,9.752,1.8402601509246086,3.5515408736095004,140.0,0.0,azimuth_elevation
C1021,167.91600819773657,276.12611153279323,0.0,12.305,9.752,2.0783358001417342,3.4176776181859543,140.0,0.0,azimuth_elevation
C1022,186.36806947002444,264.023404192316,0.0,12.305,9.752,2.3067212884594683,3.267879572041769,140.0,0.0,azimuth_elevation
C1023,203.95119677141588,250.68969786329495,0.0,12.305,9.752,2.5243517773042115,3.102845162817679,140.0,0.0,azimuth_elevation
C1024,220.58340944572734,236.18716043972734,0.0,12.305,9.752,2.730212572874616,2.9233438571124966,140.0,0.0,azimuth_elevation
C1025,236.18716043972728,220.58340944572737,0.0,12.305,9.752,2.923343857112496,2.7302125728746165,140.0,0.0,azimuth_elevation
C1026,250.68969786329495,203.95119677141582,0.0,12.305,9.752,3.102845162817679,2.524351777304211,140.0,0.0,azimuth_elevation
C1027,264.0234041923159,186.36806947002444,0.0,12.305,9.752,3.267879572041768,2.3067212884594683,140.0,0.0,azimuth_elevation
C1028,276.12611153279323,167.91600819773657,0.0,12.305,9.752,3.4176776181859543,2.0783358001417342,140.0,0.0,azimuth_elevation
C1029,286.94139147626674,148.68104498202428,0.0,12.305,9.752,3.5515408736095004,1.840260150924609,140.0,0.0,azimuth_elevation
C1030,296.4188181951023,128.752862100622,0.0,12.305,9.752,3.668845206021812,1.5936043593849654,140.0,0.0,azimuth_elevation
C1031,304.514203550977,108.22437394134943,0.0,12.305,9.752,3.7690436884752816,1.339518448683945,140.0,0.0,azimuth_elevation
C1032,311.1898031203788,87.19129379234343,0.0,12.305,9.752,3.8516691493911965,1.0791870846280978,140.0,0.0,azimuth_elevation
C1033,316.4144921765322,65.75168758252643,0.0,12.305,9.752,3.9163363507292916,0.813824052210535,140.0,0.0,azimuth_elevation
C1034,320.1639108072418,44.00551665297666,0.0,12.305,9.752,3.9627437841453226,0.5446665963849864,140.0,0.0,azimuth_elevation
C1035,322.42057749204884,22.054171691011636,0.0,12.305,9.752,3.9906750767621566,0.2729696534586849,140.0,0.0,azimuth_elevation
C1036,323.1739706091487,1.9788698433711738e-14,0.0,12.305,9.752,4.0,2.4492935982947064e-16,140.0,0.0,azimuth_elevation
C1037,322.42057749204884,-22.054171691011522,0.0,12.305,9.752,3.9906750767621566,-0.2729696534586835,140.0,0.0,azimuth_elevation
C1038,320.1639108072418,-44.00551665297669,0.0,12.305,9.752,3.9627437841453226,-0.5446665963849867,140.0,0.0,azimuth_elevation
C1039,316.4144921765322,-65.75168758252647,0.0,12.305,9.752,3.9163363507292916,-0.8138240522105356,140.0,0.0,azimuth_elevation
C1040,311.1898031203789,-87.19129379234332,0.0,12.305,9.752,3.8516691493911974,-1.0791870846280964,140.0,0.0,azimuth_elevation
C1041,304.514203550977,-108.2243739413494,0.0,12.305,9.752,3.7690436884752816,-1.3395184486839447,140.0,0.0,azimuth_elevation
C1042,296.4188181951023,-128.75286210062202,0.0,12.305,9.752,3.668845206021812,-1.5936043593849656,140.0,0.0,azimuth_elevation
C1043,286.94139147626674,-148.68104498202422,0.0,12.305,9.752,3.5515408736095013,-1.8402601509246086,140.0,0.0,azimuth_elevation
C1044,276.12611153279323,-167.91600819773652,0.0,12.305,9.752,3.4176776181859543,-2.0783358001417334,140.0,0.0,azimuth_elevation
C1045,264.023404192316,-186.36806947002444,0.0,12.305,9.752,3.267879572041769,-2.3067212884594683,140.0,0.0,azimuth_elevation
C1046,250.68969786329495,-203.95119677141588,0.0,12.305,9.752,3.102845162817679,-2.5243517773042115,140.0,0.0,azimuth_elevation
C1071,-236.18716043972728,-220.58340944572737,0.0,12.305,9.752,-2.923343857112496,-2.7302125728746165,140.0,0.0,azimuth_elevation
C1072,-250.68969786329487,-203.9511967714159,0.0,12.305,9.752,-3.1028451628176787,-2.5243517773042123,140.0,0.0,azimuth_elevation
C1073,-264.0234041923159,-186.3680694700245,0.0,12.305,9.752,-3.267879572041768,-2.3067212884594688,140.0,0.0,azimuth_elevation
C1074,-276.12611153279323,-167.91600819773657,0.0,12.305,9.752,-3.4176776181859543,-2.0783358001417342,140.0,0.0,azimuth_elevation
C1075,-286.9413914762667,-148.68104498202442,0.0,12.305,9.752,-3.5515408736095,-1.8402601509246108,140.0,0.0,azimuth_elevation
C1076,-296.41881819510235,-128.7528621006219,0.0,12.305,9.752,-3.6688452060218126,-1.5936043593849643,140.0,0.0,azimuth_elevation
C1077,-304.514203550977,-108.22437394134947,0.0,12.305,9.752,-3.7690436884752816,-1.3395184486839455,140.0,0.0,azimuth_elevation
C1078,-311.1898031203788,-87.19129379234339,0.0,12.305,9.752,-3.8516691493911965,-1.0791870846280973,140.0,0.0,azimuth_elevation
C1079,-316.4144921765322,-65.7516875825264,0.0,12.305,9.752,-3.9163363507292916,-0.8138240522105347,140.0,0.0,azimuth_elevation
C1080,-320.1639108072418,-44.00551665297684,0.0,12.305,9.752,-3.9627437841453226,-0.5446665963849886,140.0,0.0,azimuth_elevation
C1081,-322.4205774920489,-22.054171691011387,0.0,12.305,9.752,-3.990675076762157,-0.27296965345868185,140.0,0.0,azimuth_elevation
C1082,-323.1739706091487,-5.936609530113521e-14,0.0,12.305,9.752,-4.0,-7.34788079488412e-16,140.0,0.0,azimuth_elevation
C1083,-322.42057749204884,22.054171691011557,0.0,12.305,9.752,-3.9906750767621566,0.27296965345868396,140.0,0.0,azimuth_elevation
C1084,-320.1639108072418,44.00551665297672,0.0,12.305,9.752,-3.9627437841453226,0.5446665963849872,140.0,0.0,azimuth_elevation
C1085,-316.41449217653224,65.75168758252629,0.0,12.305,9.752,-3.9163363507292916,0.8138240522105331,140.0,0.0,azimuth_elevation
C1086,-311.1898031203789,87.19129379234329,0.0,12.305,9.752,-3.8516691493911974,1.079187084628096,140.0,0.0,azimuth_elevation
C1087,-304.514203550977,108.22437394134936,0.0,12.305,9.752,-3.7690436884752816,1.3395184486839442,140.0,0.0,azimuth_elevation
C1088,-296.41881819510223,128.75286210062205,0.0,12.305,9.752,-3.6688452060218113,1.593604359384966,140.0,0.0,azimuth_elevation
C1089,-286.94139147626686,148.68104498202408,0.0,12.305,9.752,-3.551540873609502,1.8402601509246066,140.0,0.0,azimuth_elevation
C1090,-276.1261115327933,167.9160081977365,0.0,12.305,9.752,-3.417677618185955,2.078335800141733,140.0,0.0,azimuth_elevation
C1091,-264.023404192316,186.3680694700244,0.0,12.305,9.752,-3.267879572041769,2.306721288459468,140.0,0.0,azimuth_elevation
C1092,-250.68969786329495,203.95119677141582,0.0,12.305,9.752,-3.102845162817679,2.524351777304211,140.0,0.0,azimuth_elevation
C1093,-236.18716043972728,220.58340944572743,0.0,12.305,9.752,-2.923343857112496,2.730212572874617,140.0,0.0,azimuth_elevation
C1094,-220.58340944572748,236.1871604397272,0.0,12.305,9.752,-2.730212572874618,2.923343857112495,140.0,0.0,azimuth_elevation
C1095,-203.95119677141594,250.68969786329487,0.0,12.305,9.752,-2.5243517773042123,3.1028451628176783,140.0,0.0,azimuth_elevation
C1096,-186.36806947002427,264.02340419231604,0.0,12.305,9.752,-2.306721288459466,3.2678795720417693,140.0,0.0,azimuth_elevation
C1097,-167.91600819773657,276.12611153279323,0.0,12.305,9.752,-2.0783358001417342,3.4176776181859543,140.0,0.0,azimuth_elevation
C1098,-148.6810449820242,286.9413914762668,0.0,12.305,9.752,-1.840260150924608,3.5515408736095013,140.0,0.0,azimuth_elevation
C1099,-128.7528621006222,296.41881819510223,0.0,12.305,9.752,-1.5936043593849678,3.6688452060218113,140.0,0.0,azimuth_elevation
C1100,-108.22437394134948,304.514203550977,0.0,12.305,9.752,-1.3395184486839458,3.7690436884752816,140.0,0.0,azimuth_elevation
C1101,-87.19129379234369,311.18980312037877,0.0,12.305,9.752,-1.0791870846281009,3.851669149391196,140.0,0.0,azimuth_elevation
C1102,-65.75168758252642,316.4144921765322,0.0,12.305,9.752,-0.8138240522105348,3.9163363507292916,140.0,0.0,azimuth_elevation
C1103,-44.00551665297658,320.1639108072418,0.0,12.305,9.752,-0.5446665963849855,3.9627437841453235,140.0,0.0,azimuth_elevation
C1104,-22.054171691011693,322.42057749204884,0.0,12.305,9.752,-0.2729696534586856,3.9906750767621566,140.0,0.0,azimuth_elevation
C1105,11.515956029400616,337.108032571644,0.0,12.305,9.752,0.13656444074387156,3.9976680894646957,140.0,0.0,azimuth_elevation
C1106,34.49417538520957,335.5362793083485,0.0,12.305,9.752,0.4090565957681369,3.9790291154323794,140.0,0.0,azimuth_elevation
C1107,57.31156697220865,332.4001010210221,0.0,12.305,9.752,0.6796415401146667,3.9418380708687875,140.0,0.0,azimuth_elevation
C1108,79.86174557787955,327.7141200205595,0.0,12.305,9.752,0.9470576818657872,3.8862683575917663,140.0,0.0,azimuth_elevation
C1109,102.03957185997348,321.5001845135224,0.0,12.305,9.752,1.210058203524303,3.812579067256643,140.0,0.0,azimuth_elevation
C1110,123.7416425546591,313.7872667357148,0.0,12.305,9.752,1.467416875252226,3.721113773351333,140.0,0.0,azimuth_elevation
C1111,144.86677259027132,304.61132787024565,0.0,12.305,9.752,1.7179337721203276,3.612298929298131,140.0,0.0,azimuth_elevation
C1112,165.31646685882436,294.01515037989265,0.0,12.305,9.752,1.960440868712069,3.4866418801310046,140.0,0.0,azimuth_elevation
C1113,184.99537944567243,282.04813853551195,0.0,12.305,9.752,2.1938074849972753,3.3447284970188433,140.0,0.0,azimuth_elevation
C1114,203.81175817617714,268.7660880705212,0.0,12.305,9.752,2.416945558084378,3.187220445663619,140.0,0.0,azimuth_elevation
C1115,221.67787240670054,254.23092603543387,0.0,12.305,9.752,2.6288147152718904,3.0148521013094447,140.0,0.0,azimuth_elevation
C1116,238.51042206536349,238.5104220653635,0.0,12.305,9.752,2.82842712474619,2.8284271247461903,140.0,0.0,azimuth_elevation
C1117,254.23092603543392,221.67787240670052,0.0,12.305,9.752,3.0148521013094447,2.6288147152718895,140.0,0.0,azimuth_elevation
C1118,268.76608807052116,203.81175817617716,0.0,12.305,9.752,3.187220445663618,2.4169455580843784,140.0,0.0,azimuth_elevation
C1119,282.04813853551195,184.9953794456724,0.0,12.305,9.752,3.344728497018844,2.1938074849972753,140.0,0.0,azimuth_elevation
C1120,294.01515037989265,165.3164668588244,0.0,12.305,9.752,3.4866418801310046,1.9604408687120696,140.0,0.0,azimuth_elevation
C1121,304.61132787024565,144.86677259027132,0.0,12.305,9.752,3.612298929298131,1.7179337721203276,140.0,0.0,azimuth_elevation
C1122,313.7872667357148,123.74164255465912,0.0,12.305,9.752,3.7211137733513326,1.467416875252226,140.0,0.0,azimuth_elevation
C1123,321.5001845135224,102.03957185997349,0.0,12.305,9.752,3.812579067256643,1.2100582035243033,140.0,0.0,azimuth_elevation
C1124,327.7141200205595,79.86174557787956,0.0,12.305,9.752,3.8862683575917663,0.9470576818657873,140.0,0.0,azimuth_elevation
C1125,332.4001010210221,57.31156697220868,0.0,12.305,9.752,3.9418380708687875,0.679641540114667,140.0,0.0,azimuth_elevation
C1126,335.5362793083485,34.49417538520962,0.0,12.305,9.752,3.9790291154323794,0.4090565957681375,140.0,0.0,azimuth_elevation
C1127,337.108032571644,11.515956029400591,0.0,12.305,9.752,3.9976680894646957,0.13656444074387128,140.0,0.0,azimuth_elevation
C1128,337.108032571644,-11.515956029400627,0.0,12.305,9.752,3.9976680894646957,-0.1365644407438717,140.0,0.0,azimuth_elevation
C1129,335.5362793083485,-34.4941753852095,0.0,12.305,9.752,3.9790291154323794,-0.4090565957681361,140.0,0.0,azimuth_elevation
C1130,332.4001010210221,-57.31156697220863,0.0,12.305,9.752,3.9418380708687875,-0.6796415401146665,140.0,0.0,azimuth_elevation
C1131,327.7141200205595,-79.86174557787953,0.0,12.305,9.752,3.8862683575917663,-0.947057681865787,140.0,0.0,azimuth_elevation
C1132,321.5001845135224,-102.03957185997353,0.0,12.305,9.752,3.812579067256643,-1.2100582035243037,140.0,0.0,azimuth_elevation
C1133,313.7872667357148,-123.74164255465908,0.0,12.305,9.752,3.721113773351333,-1.4674168752522259,140.0,0.0,azimuth_elevation
C1134,304.61132787024565,-144.86677259027127,0.0,12.305,9.752,3.612298929298131,-1.717933772120327,140.0,0.0,azimuth_elevation
C1135,294.01515037989265,-165.31646685882438,0.0,12.305,9.752,3.4866418801310046,-1.9604408687120691,140.0,0.0,azimuth_elevation
C1136,282.04813853551195,-184.99537944567248,0.0,12.305,9.752,3.3447284970188425,-2.1938074849972753,140.0,0.0,azimuth_elevation
C1137,268.7660880705212,-203.81175817617714,0.0,12.305,9.752,3.187220445663619,-2.416945558084378,140.0,0.0,azimuth_elevation
C1164,-268.76608807052105,-203.81175817617734,0.0,12.305,9.752,-3.1872204456636166,-2.41694555808438,140.0,0.0,azimuth_elevation
C1165,-282.04813853551207,-184.99537944567228,0.0,12.305,9.752,-3.3447284970188447,-2.1938074849972735,140.0,0.0,azimuth_elevation
C1166,-294.0151503798926,-165.31646685882444,0.0,12.305,9.752,-3.4866418801310046,-1.9604408687120702,140.0,0.0,azimuth_elevation
C1167,-304.6113278702456,-144.86677259027138,0.0,12.305,9.752,-3.6122989292981305,-1.7179337721203283,140.0,0.0,azimuth_elevation
C1168,-313.7872667357148,-123.74164255465908,0.0,12.305,9.752,-3.721113773351333,-1.4674168752522259,140.0,0.0,azimuth_elevation
C1169,-321.50018451352236,-102.03957185997369,0.0,12.305,9.752,-3.8125790672566424,-1.2100582035243055,140.0,0.0,azimuth_elevation
C1170,-327.71412002055956,-79.86174557787939,0.0,12.305,9.752,-3.8862683575917663,-0.9470576818657852,140.0,0.0,azimuth_elevation
C1171,-332.4001010210221,-57.311566972208716,0.0,12.305,9.752,-3.941838070868787,-0.6796415401146674,140.0,0.0,azimuth_elevation
C1172,-335.5362793083485,-34.49417538520959,0.0,12.305,9.752,-3.9790291154323794,-0.4090565957681371,140.0,0.0,azimuth_elevation
C1173,-337.108032571644,-11.51595602940056,0.0,12.305,9.752,-3.9976680894646957,-0.1365644407438709,140.0,0.0,azimuth_elevation
C1174,-337.108032571644,11.515956029400435,0.0,12.305,9.752,-3.9976680894646957,0.13656444074386942,140.0,0.0,azimuth_elevation
C1175,-335.5362793083485,34.49417538520946,0.0,12.305,9.752,-3.9790291154323794,0.4090565957681356,140.0,0.0,azimuth_elevation
C1176,-332.4001010210221,57.311566972208595,0.0,12.305,9.752,-3.9418380708687875,0.679641540114666,140.0,0.0,azimuth_elevation
C1177,-327.7141200205595,79.86174557787956,0.0,12.305,9.752,-3.8862683575917663,0.9470576818657873,140.0,0.0,azimuth_elevation
C1178,-321.5001845135224,102.03957185997355,0.0,12.305,9.752,-3.812579067256643,1.210058203524304,140.0,0.0,azimuth_elevation
C1179,-313.78726673571487,123.74164255465897,0.0,12.305,9.752,-3.721113773351333,1.4674168752522243,140.0,0.0,azimuth_elevation
C1180,-304.61132787024565,144.86677259027124,0.0,12.305,9.752,-3.612298929298132,1.7179337721203267,140.0,0.0,azimuth_elevation
C1181,-294.01515037989265,165.31646685882436,0.0,12.305,9.752,-3.4866418801310046,1.960440868712069,140.0,0.0,azimuth_elevation
C1182,-282.04813853551195,184.99537944567243,0.0,12.305,9.752,-3.3447284970188433,2.1938074849972753,140.0,0.0,azimuth_elevation
C1183,-268.7660880705213,203.811758176177,0.0,12.305,9.752,-3.1872204456636197,2.4169455580843766,140.0,0.0,azimuth_elevation
C1184,-254.23092603543398,221.67787240670043,0.0,12.305,9.752,-3.0148521013094456,2.6288147152718886,140.0,0.0,azimuth_elevation
C1185,-238.51042206536354,238.51042206536343,0.0,12.305,9.752,-2.8284271247461907,2.8284271247461894,140.0,0.0,azimuth_elevation
C1186,-221.67787240670077,254.2309260354337,0.0,12.305,9.752,-2.6288147152718926,3.014852101309442,140.0,0.0,azimuth_elevation
C1187,-203.81175817617736,268.76608807052105,0.0,12.305,9.752,-2.41694555808438,3.187220445663616,140.0,0.0,azimuth_elevation
C1188,-184.99537944567228,282.04813853551207,0.0,12.305,9.752,-2.1938074849972735,3.3447284970188447,140.0,0.0,azimuth_elevation
C1189,-165.31646685882447,294.0151503798926,0.0,12.305,9.752,-1.9604408687120702,3.486641880131004,140.0,0.0,azimuth_elevation
C1190,-144.86677259027138,304.6113278702456,0.0,12.305,9.752,-1.7179337721203283,3.6122989292981305,140.0,0.0,azimuth_elevation
C1191,-123.74164255465938,313.7872667357147,0.0,12.305,9.752,-1.4674168752522294,3.7211137733513318,140.0,0.0,azimuth_elevation
C1192,-102.0395718599737,321.50018451352236,0.0,12.305,9.752,-1.2100582035243057,3.8125790672566424,140.0,0.0,azimuth_elevation
C1193,-79.8617455778794,327.71412002055956,0.0,12.305,9.752,-0.9470576818657853,3.8862683575917663,140.0,0.0,azimuth_elevation
C1194,-57.31156697220874,332.4001010210221,0.0,12.305,9.752,-0.6796415401146676,3.941838070868787,140.0,0.0,azimuth_elevation
C1195,-34.49417538520961,335.5362793083485,0.0,12.305,9.752,-0.40905659576813735,3.9790291154323794,140.0,0.0,azimuth_elevation
C1196,-11.51595602940088,337.108032571644,0.0,12.305,9.752,-0.1365644407438747,3.9976680894646957,140.0,0.0,azimuth_elevation
C1197,0.0,351.43537669518764,0.0,12.305,9.752,0.0,4.0,140.0,0.0,azimuth_elevation
C1198,23.982798247401853,350.61609971750136,0.0,12.305,9.752,0.2729696534586839,3.9906750767621566,140.0,0.0,azimuth_elevation
C1199,47.85377761846085,348.1620886319062,0.0,12.305,9.752,0.5446665963849864,3.9627437841453226,140.0,0.0,azimuth_elevation
C1200,71.50164058805336,344.0847851709013,0.0,12.305,9.752,0.8138240522105351,3.9163363507292916,140.0,0.0,azimuth_elevation
C1201,94.81612990271417,338.4031996053821,0.0,12.305,9.752,1.079187084628097,3.8516691493911974,140.0,0.0,azimuth_elevation
C1202,117.68854265084887,331.1438221099826,0.0,12.305,9.752,1.3395184486839444,3.7690436884752816,140.0,0.0,azimuth_elevation
C1203,140.01223708588716,322.34049925365224,0.0,12.305,9.752,1.5936043593849656,3.6688452060218117,140.0,0.0,azimuth_elevation
C1204,161.68312983933316,312.0342761913277,0.0,12.305,9.752,1.8402601509246086,3.551540873609501,140.0,0.0,azimuth_elevation
C1205,182.60018120547616,300.2732052924731,0.0,12.305,9.752,2.0783358001417342,3.417677618185954,140.0,0.0,azimuth_elevation
C1206,202.66586623514047,287.11212209875185,0.0,12.305,9.752,2.3067212884594683,3.2678795720417684,140.0,0.0,azimuth_elevation
C1207,221.78662944201798,272.612389655418,0.0,12.305,9.752,2.5243517773042115,3.102845162817679,140.0,0.0,azimuth_elevation
C1208,239.87332100153202,256.8416124084733,0.0,12.305,9.752,2.730212572874616,2.923343857112497,140.0,0.0,azimuth_elevation
C1209,256.8416124084732,239.87332100153208,0.0,12.305,9.752,2.923343857112496,2.7302125728746165,140.0,0.0,azimuth_elevation
C1210,272.612389655418,221.78662944201795,0.0,12.305,9.752,3.102845162817679,2.524351777304211,140.0,0.0,azimuth_elevation
C1211,287.1121220987518,202.66586623514047,0.0,12.305,9.752,3.2678795720417684,2.3067212884594688,140.0,0.0,azimuth_elevation
C1212,300.2732052924731,182.60018120547616,0.0,12.305,9.752,3.417677618185954,2.0783358001417342,140.0,0.0,azimuth_elevation
C1213,312.0342761913277,161.6831298393332,0.0,12.305,9.752,3.5515408736095004,1.8402601509246086,140.0,0.0,azimuth_elevation
C1214,322.34049925365224,140.01223708588714,0.0,12.305,9.752,3.6688452060218117,1.5936043593849654,140.0,0.0,azimuth_elevation
C1215,331.1438221099825,117.6885426508489,0.0,12.305,9.752,3.7690436884752816,1.339518448683945,140.0,0.0,azimuth_elevation
C1216,338.40319960538204,94.81612990271422,0.0,12.305,9.752,3.8516691493911974,1.079187084628098,140.0,0.0,azimuth_elevation
C1217,344.0847851709013,71.50164058805336,0.0,12.305,9.752,3.9163363507292916,0.8138240522105351,140.0,0.0,azimuth_elevation
C1218,348.1620886319062,47.85377761846085,0.0,12.305,9.752,3.9627437841453226,0.5446665963849864,140.0,0.0,azimuth_elevation
C1219,350.61609971750136,23.98279824740194,0.0,12.305,9.752,3.9906750767621566,0.2729696534586849,140.0,0.0,azimuth_elevation
C1220,351.43537669518764,2.1519210458845293e-14,0.0,12.305,9.752,4.0,2.4492935982947064e-16,140.0,0.0,azimuth_elevation
C1221,350.61609971750136,-23.982798247401817,0.0,12.305,9.752,3.9906750767621566,-0.2729696534586835,140.0,0.0,azimuth_elevation
C1222,348.1620886319062,-47.85377761846088,0.0,12.305,9.752,3.9627437841453226,-0.5446665963849867,140.0,0.0,azimuth_elevation
C1223,344.0847851709013,-71.50164058805339,0.0,12.305,9.752,3.916336350729291,-0.8138240522105352,140.0,0.0,azimuth_elevation
C1224,338.4031996053821,-94.81612990271411,0.0,12.305,9.752,3.8516691493911974,-1.0791870846280964,140.0,0.0,azimuth_elevation
C1225,331.1438221099826,-117.68854265084887,0.0,12.305,9.752,3.7690436884752816,-1.3395184486839444,140.0,0.0,azimuth_elevation
C1226,322.34049925365224,-140.01223708588716,0.0,12.305,9.752,3.6688452060218117,-1.5936043593849656,140.0,0.0,azimuth_elevation
C1227,312.0342761913277,-161.68312983933316,0.0,12.305,9.752,3.551540873609501,-1.8402601509246086,140.0,0.0,azimuth_elevation
C1228,300.27320529247316,-182.60018120547608,0.0,12.305,9.752,3.4176776181859547,-2.0783358001417334,140.0,0.0,azimuth_elevation
C1229,287.11212209875185,-202.66586623514047,0.0,12.305,9.752,3.2678795720417684,-2.3067212884594683,140.0,0.0,azimuth_elevation
C1257,-287.1121220987518,-202.6658662351405,0.0,12.305,9.752,-3.2678795720417684,-2.306721288459469,140.0,0.0,azimuth_elevation
C1258,-300.2732052924731,-182.60018120547616,0.0,12.305,9.752,-3.417677618185954,-2.0783358001417342,140.0,0.0,azimuth_elevation
C1259,-312.0342761913276,-161.68312983933336,0.0,12.305,9.752,-3.5515408736095,-1.8402601509246108,140.0,0.0,azimuth_elevation
C1260,-322.34049925365224,-140.01223708588702,0.0,12.305,9.752,-3.6688452060218126,-1.5936043593849643,140.0,0.0,azimuth_elevation
C1261,-331.1438221099825,-117.68854265084894,0.0,12.305,9.752,-3.7690436884752816,-1.3395184486839455,140.0,0.0,azimuth_elevation
C1262,-338.40319960538204,-94.81612990271418,0.0,12.305,9.752,-3.8516691493911974,-1.0791870846280975,140.0,0.0,azimuth_elevation
C1263,-344.0847851709013,-71.50164058805332,0.0,12.305,9.752,-3.9163363507292916,-0.8138240522105346,140.0,0.0,azimuth_elevation
C1264,-348.1620886319062,-47.85377761846105,0.0,12.305,9.752,-3.9627437841453226,-0.5446665963849886,140.0,0.0,azimuth_elevation
C1265,-350.61609971750136,-23.98279824740167,0.0,12.305,9.752,-3.9906750767621566,-0.27296965345868185,140.0,0.0,azimuth_elevation
C1266,-351.43537669518764,-6.455763137653588e-14,0.0,12.305,9.752,-4.0,-7.347880794884119e-16,140.0,0.0,azimuth_elevation
C1267,-350.61609971750136,23.982798247401856,0.0,12.305,9.752,-3.9906750767621566,0.27296965345868396,140.0,0.0,azimuth_elevation
C1268,-348.1620886319062,47.853777618460924,0.0,12.305,9.752,-3.9627437841453226,0.5446665963849872,140.0,0.0,azimuth_elevation
C1269,-344.08478517090134,71.5016405880532,0.0,12.305,9.752,-3.9163363507292916,0.8138240522105331,140.0,0.0,azimuth_elevation
C1270,-338.4031996053821,94.81612990271407,0.0,12.305,9.752,-3.8516691493911974,1.079187084628096,140.0,0.0,azimuth_elevation
C1271,-331.1438221099826,117.68854265084883,0.0,12.305,9.752,-3.7690436884752825,1.3395184486839442,140.0,0.0,azimuth_elevation
C1272,-322.3404992536522,140.0122370858872,0.0,12.305,9.752,-3.6688452060218117,1.5936043593849663,140.0,0.0,azimuth_elevation
C1273,-312.0342761913278,161.68312983933296,0.0,12.305,9.752,-3.5515408736095018,1.840260150924606,140.0,0.0,azimuth_elevation
C1274,-300.2732052924732,182.60018120547602,0.0,12.305,9.752,-3.417677618185955,2.078335800141733,140.0,0.0,azimuth_elevation
C1275,-287.1121220987519,202.6658662351404,0.0,12.305,9.752,-3.2678795720417684,2.3067212884594674,140.0,0.0,azimuth_elevation
C1276,-272.612389655418,221.78662944201795,0.0,12.305,9.752,-3.102845162817679,2.524351777304211,140.0,0.0,azimuth_elevation
C1277,-256.8416124084732,239.8733210015321,0.0,12.305,9.752,-2.9233438571124957,2.7302125728746165,140.0,0.0,azimuth_elevation
C1278,-239.8733210015322,256.8416124084731,0.0,12.305,9.752,-2.730212572874618,2.923343857112495,140.0,0.0,azimuth_elevation
C1279,-221.78662944201807,272.6123896554179,0.0,12.305,9.752,-2.524351777304212,3.1028451628176783,140.0,0.0,azimuth_elevation
C1280,-202.66586623514027,287.11212209875197,0.0,12.305,9.752,-2.306721288459466,3.2678795720417697,140.0,0.0,azimuth_elevation
C1281,-182.60018120547616,300.2732052924731,0.0,12.305,9.752,-2.0783358001417342,3.417677618185954,140.0,0.0,azimuth_elevation
C1282,-161.6831298393331,312.0342761913277,0.0,12.305,9.752,-1.840260150924608,3.551540873609501,140.0,0.0,azimuth_elevation
C1283,-140.0122370858873,322.3404992536521,0.0,12.305,9.752,-1.5936043593849674,3.6688452060218113,140.0,0.0,azimuth_elevation
C1284,-117.68854265084896,331.1438221099825,0.0,12.305,9.752,-1.3395184486839458,3.7690436884752816,140.0,0.0,azimuth_elevation
C1285,-94.8161299027145,338.403199605382,0.0,12.305,9.752,-1.0791870846281009,3.851669149391196,140.0,0.0,azimuth_elevation
C1286,-71.50164058805335,344.0847851709013,0.0,12.305,9.752,-0.8138240522105349,3.9163363507292916,140.0,0.0,azimuth_elevation
C1287,-47.85377761846077,348.1620886319062,0.0,12.305,9.752,-0.5446665963849855,3.9627437841453235,140.0,0.0,azimuth_elevation
C1288,-23.982798247402002,350.61609971750136,0.0,12.305,9.752,-0.2729696534586856,3.9906750767621566,140.0,0.0,azimuth_elevation
C1289,12.480831808594456,365.3529628900343,0.0,12.305,9.752,0.13656444074387158,3.997668089464696,140.0,0.0,azimuth_elevation
C1290,37.38430402650357,363.64951872320023,0.0,12.305,9.752,0.40905659576813685,3.9790291154323794,140.0,0.0,azimuth_elevation
C1291,62.11347336173904,360.2505726325799,0.0,12.305,9.752,0.6796415401146667,3.9418380708687875,140.0,0.0,azimuth_elevation
C1292,86.55304101140747,355.1719720738657,0.0,12.305,9.752,0.947057681865787,3.886268357591766,140.0,0.0,azimuth_elevation
C1293,110.58905842935926,348.4373958272403,0.0,12.305,9.752,1.2100582035243033,3.8125790672566438,140.0,0.0,azimuth_elevation
C1294,134.1094586069115,340.0782435959735,0.0,12.305,9.752,1.4674168752522259,3.7211137733513326,140.0,0.0,azimuth_elevation
C1295,157.00457858097465,330.1334896065102,0.0,12.305,9.752,1.7179337721203276,3.612298929298131,140.0,0.0,azimuth_elevation
C1296,179.16767073340907,318.64950089263584,0.0,12.305,9.752,1.9604408687120687,3.4866418801310046,140.0,0.0,azimuth_elevation
C1297,200.4954004976974,305.67982111096103,0.0,12.305,9.752,2.1938074849972753,3.3447284970188433,140.0,0.0,azimuth_elevation
C1298,220.8883281523948,291.2849208956776,0.0,12.305,9.752,2.416945558084378,3.1872204456636184,140.0,0.0,azimuth_elevation
C1299,240.25137245501398,275.5319159165474,0.0,12.305,9.752,2.62881471527189,3.0148521013094443,140.0,0.0,azimuth_elevation
C1300,258.4942539546684,258.4942539546684,0.0,12.305,9.752,2.8284271247461903,2.8284271247461903,140.0,0.0,azimuth_elevation
C1301,275.53191591654746,240.25137245501395,0.0,12.305,9.752,3.014852101309445,2.6288147152718895,140.0,0.0,azimuth_elevation
C1302,291.28492089567754,220.88832815239485,0.0,12.305,9.752,3.1872204456636184,2.416945558084379,140.0,0.0,azimuth_elevation
C1303,305.67982111096103,200.49540049769735,0.0,12.305,9.752,3.3447284970188433,2.193807484997275,140.0,0.0,azimuth_elevation
C1304,318.6495008926358,179.1676707334091,0.0,12.305,9.752,3.486641880131005,1.9604408687120696,140.0,0.0,azimuth_elevation
C1305,330.1334896065102,157.00457858097462,0.0,12.305,9.752,3.612298929298131,1.7179337721203272,140.0,0.0,azimuth_elevation
C1306,340.0782435959735,134.10945860691152,0.0,12.305,9.752,3.7211137733513326,1.4674168752522263,140.0,0.0,azimuth_elevation
C1307,348.4373958272403,110.58905842935928,0.0,12.305,9.752,3.812579067256643,1.2100582035243033,140.0,0.0,azimuth_elevation
C1308,355.1719720738657,86.55304101140749,0.0,12.305,9.752,3.886268357591766,0.9470576818657872,140.0,0.0,azimuth_elevation
C1309,360.2505726325799,62.11347336173907,0.0,12.305,9.752,3.9418380708687875,0.679641540114667,140.0,0.0,azimuth_elevation
C1310,363.64951872320023,37.38430402650363,0.0,12.305,9.752,3.9790291154323794,0.4090565957681375,140.0,0.0,azimuth_elevation
C1311,365.3529628900343,12.48083180859443,0.0,12.305,9.752,3.997668089464696,0.1365644407438713,140.0,0.0,azimuth_elevation
C1312,365.3529628900343,-12.480831808594468,0.0,12.305,9.752,3.997668089464696,-0.13656444074387172,140.0,0.0,azimuth_elevation
C1313,363.64951872320023,-37.3843040265035,0.0,12.305,9.752,3.9790291154323794,-0.4090565957681361,140.0,0.0,azimuth_elevation
C1314,360.2505726325799,-62.11347336173902,0.0,12.305,9.752,3.9418380708687875,-0.6796415401146665,140.0,0.0,azimuth_elevation
C1315,355.1719720738657,-86.55304101140744,0.0,12.305,9.752,3.886268357591766,-0.9470576818657868,140.0,0.0,azimuth_elevation
C1316,348.4373958272403,-110.58905842935931,0.0,12.305,9.752,3.812579067256643,-1.2100582035243037,140.0,0.0,azimuth_elevation
C1317,340.0782435959735,-134.10945860691146,0.0,12.305,9.752,3.7211137733513326,-1.4674168752522256,140.0,0.0,azimuth_elevation
C1318,330.1334896065102,-157.0045785809746,0.0,12.305,9.752,3.612298929298131,-1.717933772120327,140.0,0.0,azimuth_elevation
C1319,318.6495008926358,-179.16767073340907,0.0,12.305,9.752,3.486641880131005,-1.9604408687120694,140.0,0.0,azimuth_elevation
C1320,305.679821110961,-200.49540049769743,0.0,12.305,9.752,3.3447284970188433,-2.193807484997276,140.0,0.0,azimuth_elevation
C1349,-305.67982111096114,-200.49540049769723,0.0,12.305,9.752,-3.344728497018844,-2.193807484997273,140.0,0.0,azimuth_elevation
C1350,-318.6495008926358,-179.16767073340912,0.0,12.305,9.752,-3.486641880131004,-1.9604408687120696,140.0,0.0,azimuth_elevation
C1351,-330.1334896065101,-157.0045785809747,0.0,12.305,9.752,-3.612298929298131,-1.7179337721203285,140.0,0.0,azimuth_elevation
C1352,-340.0782435959735,-134.10945860691146,0.0,12.305,9.752,-3.7211137733513326,-1.4674168752522256,140.0,0.0,azimuth_elevation
C1353,-348.43739582724027,-110.58905842935948,0.0,12.305,9.752,-3.8125790672566424,-1.2100582035243055,140.0,0.0,azimuth_elevation
C1354,-355.17197207386573,-86.5530410114073,0.0,12.305,9.752,-3.8862683575917663,-0.9470576818657852,140.0,0.0,azimuth_elevation
C1355,-360.2505726325799,-62.11347336173911,0.0,12.305,9.752,-3.9418380708687875,-0.6796415401146675,140.0,0.0,azimuth_elevation
C1356,-363.64951872320023,-37.38430402650359,0.0,12.305,9.752,-3.9790291154323794,-0.40905659576813713,140.0,0.0,azimuth_elevation
C1357,-365.3529628900343,-12.480831808594395,0.0,12.305,9.752,-3.997668089464696,-0.13656444074387092,140.0,0.0,azimuth_elevation
C1358,-365.3529628900343,12.48083180859426,0.0,12.305,9.752,-3.997668089464696,0.13656444074386945,140.0,0.0,azimuth_elevation
C1359,-363.64951872320023,37.38430402650345,0.0,12.305,9.752,-3.9790291154323794,0.4090565957681356,140.0,0.0,azimuth_elevation
C1360,-360.2505726325799,62.113473361738976,0.0,12.305,9.752,-3.9418380708687875,0.679641540114666,140.0,0.0,azimuth_elevation
C1361,-355.1719720738657,86.55304101140747,0.0,12.305,9.752,-3.886268357591766,0.947057681865787,140.0,0.0,azimuth_elevation
C1362,-348.4373958272403,110.58905842935934,0.0,12.305,9.752,-3.812579067256643,1.210058203524304,140.0,0.0,azimuth_elevation
C1363,-340.07824359597356,134.10945860691135,0.0,12.305,9.752,-3.721113773351333,1.4674168752522243,140.0,0.0,azimuth_elevation
C1364,-330.13348960651024,157.00457858097457,0.0,12.305,9.752,-3.6122989292981313,1.7179337721203267,140.0,0.0,azimuth_elevation
C1365,-318.64950089263584,179.16767073340904,0.0,12.305,9.752,-3.486641880131005,1.9604408687120687,140.0,0.0,azimuth_elevation
C1366,-305.67982111096103,200.4954004976974,0.0,12.305,9.752,-3.3447284970188433,2.1938074849972753,140.0,0.0,azimuth_elevation
C1367,-291.2849208956777,220.88832815239465,0.0,12.305,9.752,-3.1872204456636197,2.416945558084376,140.0,0.0,azimuth_elevation
C1368,-275.5319159165475,240.25137245501386,0.0,12.305,9.752,-3.0148521013094456,2.6288147152718886,140.0,0.0,azimuth_elevation
C1369,-258.49425395466847,258.49425395466835,0.0,12.305,9.752,-2.8284271247461907,2.8284271247461894,140.0,0.0,azimuth_elevation
C1370,-240.25137245501423,275.5319159165472,0.0,12.305,9.752,-2.628814715271893,3.0148521013094425,140.0,0.0,azimuth_elevation
C1371,-220.88832815239505,291.28492089567743,0.0,12.305,9.752,-2.4169455580843806,3.1872204456636166,140.0,0.0,azimuth_elevation
C1372,-200.49540049769723,305.67982111096114,0.0,12.305,9.752,-2.193807484997273,3.344728497018844,140.0,0.0,azimuth_elevation
C1373,-179.16767073340915,318.6495008926358,0.0,12.305,9.752,-1.96044086871207,3.486641880131004,140.0,0.0,azimuth_elevation
C1374,-157.0045785809747,330.1334896065101,0.0,12.305,9.752,-1.7179337721203285,3.612298929298131,140.0,0.0,azimuth_elevation
C1375,-134.1094586069118,340.0782435959734,0.0,12.305,9.752,-1.4674168752522294,3.7211137733513313,140.0,0.0,azimuth_elevation
C1376,-110.5890584293595,348.43739582724027,0.0,12.305,9.752,-1.2100582035243057,3.8125790672566424,140.0,0.0,azimuth_elevation
C1377,-86.55304101140732,355.17197207386573,0.0,12.305,9.752,-0.9470576818657852,3.886268357591766,140.0,0.0,azimuth_elevation
C1378,-62.113473361739125,360.2505726325799,0.0,12.305,9.752,-0.6796415401146677,3.9418380708687875,140.0,0.0,azimuth_elevation
C1379,-37.38430402650361,363.64951872320023,0.0,12.305,9.752,-0.40905659576813724,3.9790291154323794,140.0,0.0,azimuth_elevation
C1380,-12.480831808594742,365.3529628900343,0.0,12.305,9.752,-0.13656444074387472,3.997668089464696,140.0,0.0,azimuth_elevation
C1381,0.0,379.6967827812266,0.0,12.305,9.752,0.0,4.0,140.0,0.0,azimuth_elevation
C1382,25.91142480379215,378.8116219429538,0.0,12.305,9.752,0.27296965345868396,3.990675076762157,140.0,0.0,azimuth_elevation
C1383,51.70203858394505,376.16026645657064,0.0,12.305,9.752,0.5446665963849864,3.962743784145323,140.0,0.0,azimuth_elevation
C1384,77.2515935935803,371.7550781652704,0.0,12.305,9.752,0.8138240522105351,3.9163363507292916,140.0,0.0,azimuth_elevation
C1385,102.44096601308495,365.6165960903853,0.0,12.305,9.752,1.079187084628097,3.8516691493911974,140.0,0.0,azimuth_elevation
C1386,127.15271136034833,357.7734406689881,0.0,12.305,9.752,1.3395184486839447,3.769043688475282,140.0,0.0,azimuth_elevation
C1387,151.27161207115228,348.26218031220213,0.0,12.305,9.752,1.5936043593849658,3.668845206021812,140.0,0.0,azimuth_elevation
C1388,174.6852146966421,337.1271609063886,0.0,12.305,9.752,1.8402601509246086,3.551540873609501,140.0,0.0,azimuth_elevation
C1389,197.28435421321572,324.42029905215304,0.0,12.305,9.752,2.0783358001417342,3.4176776181859543,140.0,0.0,azimuth_elevation
C1390,218.96366300025647,310.2008400051878,0.0,12.305,9.752,2.3067212884594683,3.2678795720417684,140.0,0.0,azimuth_elevation
C1391,239.6220621126201,294.535081447541,0.0,12.305,9.752,2.5243517773042115,3.102845162817679,140.0,0.0,azimuth_elevation
C1392,259.1632325573367,277.49606437721917,0.0,12.305,9.752,2.730212572874616,2.923343857112497,140.0,0.0,azimuth_elevation
C1393,277.49606437721917,259.16323255733676,0.0,12.305,9.752,2.9233438571124966,2.7302125728746165,140.0,0.0,azimuth_elevation
C1394,294.535081447541,239.62206211262009,0.0,12.305,9.752,3.102845162817679,2.524351777304211,140.0,0.0,azimuth_elevation
C1395,310.20084000518773,218.96366300025647,0.0,12.305,9.752,3.267879572041768,2.3067212884594683,140.0,0.0,azimuth_elevation
C1396,324.42029905215304,197.28435421321572,0.0,12.305,9.752,3.4176776181859543,2.0783358001417342,140.0,0.0,azimuth_elevation
C1397,337.1271609063886,174.6852146966421,0.0,12.305,9.752,3.551540873609501,1.8402601509246086,140.0,0.0,azimuth_elevation
C1398,348.26218031220213,151.27161207115225,0.0,12.305,9.752,3.668845206021812,1.5936043593849654,140.0,0.0,azimuth_elevation
C1399,357.77344066898803,127.15271136034838,0.0,12.305,9.752,3.7690436884752816,1.339518448683945,140.0,0.0,azimuth_elevation
C1400,365.6165960903853,102.44096601308502,0.0,12.305,9.752,3.8516691493911974,1.0791870846280978,140.0,0.0,azimuth_elevation
C1401,371.7550781652704,77.25159359358028,0.0,12.305,9.752,3.9163363507292916,0.813824052210535,140.0,0.0,azimuth_elevation
C1402,376.16026645657064,51.70203858394505,0.0,12.305,9.752,3.962743784145323,0.5446665963849864,140.0,0.0,azimuth_elevation
C1403,378.8116219429538,25.911424803792247,0.0,12.305,9.752,3.990675076762157,0.27296965345868496,140.0,0.0,azimuth_elevation
C1404,379.6967827812266,2.3249722483978852e-14,0.0,12.305,9.752,4.0,2.4492935982947064e-16,140.0,0.0,azimuth_elevation
C1405,378.8116219429538,-25.911424803792112,0.0,12.305,9.752,3.990675076762157,-0.2729696534586835,140.0,0.0,azimuth_elevation
C1406,376.16026645657064,-51.70203858394508,0.0,12.305,9.752,3.962743784145323,-0.5446665963849867,140.0,0.0,azimuth_elevation
C1407,371.7550781652704,-77.25159359358032,0.0,12.305,9.752,3.9163363507292916,-0.8138240522105354,140.0,0.0,azimuth_elevation
C1408,365.6165960903853,-102.44096601308489,0.0,12.305,9.752,3.8516691493911974,-1.0791870846280964,140.0,0.0,azimuth_elevation
C1409,357.7734406689881,-127.15271136034833,0.0,12.305,9.752,3.769043688475282,-1.3395184486839447,140.0,0.0,azimuth_elevation
C1410,348.26218031220213,-151.27161207115228,0.0,12.305,9.752,3.668845206021812,-1.5936043593849658,140.0,0.0,azimuth_elevation
C1411,337.1271609063886,-174.68521469664208,0.0,12.305,9.752,3.551540873609501,-1.8402601509246084,140.0,0.0,azimuth_elevation
C1412,324.4202990521531,-197.28435421321564,0.0,12.305,9.752,3.4176776181859547,-2.0783358001417334,140.0,0.0,azimuth_elevation
C1442,-324.42029905215304,-197.28435421321572,0.0,12.305,9.752,-3.4176776181859543,-2.0783358001417342,140.0,0.0,azimuth_elevation
C1443,-337.1271609063885,-174.6852146966423,0.0,12.305,9.752,-3.5515408736094995,-1.8402601509246108,140.0,0.0,azimuth_elevation
C1444,-348.2621803122022,-151.27161207115213,0.0,12.305,9.752,-3.6688452060218126,-1.5936043593849643,140.0,0.0,azimuth_elevation
C1445,-357.77344066898803,-127.15271136034842,0.0,12.305,9.752,-3.7690436884752816,-1.3395184486839455,140.0,0.0,azimuth_elevation
C1446,-365.6165960903853,-102.44096601308497,0.0,12.305,9.752,-3.8516691493911974,-1.0791870846280973,140.0,0.0,azimuth_elevation
C1447,-371.7550781652704,-77.25159359358025,0.0,12.305,9.752,-3.9163363507292916,-0.8138240522105347,140.0,0.0,azimuth_elevation
C1448,-376.16026645657064,-51.70203858394526,0.0,12.305,9.752,-3.962743784145323,-0.5446665963849886,140.0,0.0,azimuth_elevation
C1449,-378.8116219429539,-25.911424803791956,0.0,12.305,9.752,-3.990675076762157,-0.27296965345868185,140.0,0.0,azimuth_elevation
C1450,-379.6967827812266,-6.974916745193654e-14,0.0,12.305,9.752,-4.0,-7.347880794884118e-16,140.0,0.0,azimuth_elevation
C1451,-378.8116219429538,25.911424803792155,0.0,12.305,9.752,-3.990675076762157,0.272969653458684,140.0,0.0,azimuth_elevation
C1452,-376.16026645657064,51.702038583945125,0.0,12.305,9.752,-3.962743784145323,0.5446665963849872,140.0,0.0,azimuth_elevation
C1453,-371.75507816527045,77.25159359358011,0.0,12.305,9.752,-3.9163363507292916,0.8138240522105331,140.0,0.0,azimuth_elevation
C1454,-365.6165960903853,102.44096601308485,0.0,12.305,9.752,-3.8516691493911974,1.079187084628096,140.0,0.0,azimuth_elevation
C1455,-357.7734406689881,127.1527113603483,0.0,12.305,9.752,-3.769043688475282,1.3395184486839442,140.0,0.0,azimuth_elevation
C1456,-348.2621803122021,151.2716120711523,0.0,12.305,9.752,-3.668845206021812,1.5936043593849663,140.0,0.0,azimuth_elevation
C1457,-337.1271609063887,174.68521469664188,0.0,12.305,9.752,-3.551540873609502,1.8402601509246064,140.0,0.0,azimuth_elevation
C1458,-324.42029905215315,197.28435421321558,0.0,12.305,9.752,-3.4176776181859556,2.078335800141733,140.0,0.0,azimuth_elevation
C1459,-310.2008400051878,218.96366300025645,0.0,12.305,9.752,-3.2678795720417684,2.306721288459468,140.0,0.0,azimuth_elevation
C1460,-294.535081447541,239.62206211262009,0.0,12.305,9.752,-3.102845162817679,2.524351777304211,140.0,0.0,azimuth_elevation
C1461,-277.49606437721917,259.1632325573368,0.0,12.305,9.752,-2.9233438571124966,2.730212572874617,140.0,0.0,azimuth_elevation
C1462,-259.16323255733687,277.496064377219,0.0,12.305,9.752,-2.730212572874618,2.9233438571124952,140.0,0.0,azimuth_elevation
C1463,-239.6220621126202,294.5350814475409,0.0,12.305,9.752,-2.5243517773042123,3.1028451628176783,140.0,0.0,azimuth_elevation
C1464,-218.96366300025628,310.2008400051879,0.0,12.305,9.752,-2.306721288459466,3.2678795720417697,140.0,0.0,azimuth_elevation
C1465,-197.28435421321572,324.42029905215304,0.0,12.305,9.752,-2.0783358001417342,3.4176776181859543,140.0,0.0,azimuth_elevation
C1466,-174.68521469664205,337.12716090638867,0.0,12.305,9.752,-1.8402601509246082,3.5515408736095013,140.0,0.0,azimuth_elevation
C1467,-151.27161207115245,348.2621803122021,0.0,12.305,9.752,-1.5936043593849676,3.6688452060218113,140.0,0.0,azimuth_elevation
C1468,-127.15271136034845,357.77344066898803,0.0,12.305,9.752,-1.3395184486839458,3.7690436884752816,140.0,0.0,azimuth_elevation
C1469,-102.4409660130853,365.6165960903852,0.0,12.305,9.752,-1.0791870846281009,3.851669149391196,140.0,0.0,azimuth_elevation
C1470,-77.25159359358027,371.7550781652704,0.0,12.305,9.752,-0.8138240522105349,3.9163363507292916,140.0,0.0,azimuth_elevation
C1471,-51.702038583944955,376.16026645657064,0.0,12.305,9.752,-0.5446665963849854,3.962743784145323,140.0,0.0,azimuth_elevation
C1472,-25.911424803792315,378.8116219429538,0.0,12.305,9.752,-0.2729696534586857,3.990675076762157,140.0,0.0,azimuth_elevation
C1473,13.445707587788295,393.59789320842464,0.0,12.305,9.752,0.13656444074387158,3.997668089464696,140.0,0.0,azimuth_elevation
C1474,40.274432667797576,391.76275813805194,0.0,12.305,9.752,0.4090565957681369,3.9790291154323794,140.0,0.0,azimuth_elevation
C1475,66.91537975126941,388.1010442441377,0.0,12.305,9.752,0.6796415401146667,3.941838070868788,140.0,0.0,azimuth_elevation
C1476,93.2443364449354,382.6298241271718,0.0,12.305,9.752,0.9470576818657872,3.8862683575917663,140.0,0.0,azimuth_elevation
C1477,119.13854499874503,375.37460714095823,0.0,12.305,9.752,1.210058203524303,3.812579067256643,140.0,0.0,azimuth_elevation
C1478,144.47727465916387,366.3692204562322,0.0,12.305,9.752,1.4674168752522259,3.7211137733513326,140.0,0.0,azimuth_elevation
C1479,169.14238457167798,355.6556513427747,0.0,12.305,9.752,1.7179337721203276,3.612298929298131,140.0,0.0,azimuth_elevation
C1480,193.01887460799375,343.28385140537904,0.0,12.305,9.752,1.9604408687120687,3.4866418801310046,140.0,0.0,azimuth_elevation
C1481,215.99542154972235,329.3115036864101,0.0,12.305,9.752,2.193807484997275,3.344728497018843,140.0,0.0,azimuth_elevation
C1482,237.96489812861248,313.803753720834,0.0,12.305,9.752,2.416945558084378,3.1872204456636184,140.0,0.0,azimuth_elevation
C1483,258.8248725033274,296.83290579766094,0.0,12.305,9.752,2.62881471527189,3.0148521013094447,140.0,0.0,azimuth_elevation
C1484,278.4780858439733,278.47808584397336,0.0,12.305,9.752,2.8284271247461894,2.8284271247461903,140.0,0.0,azimuth_elevation
C1485,296.83290579766094,258.8248725033274,0.0,12.305,9.752,3.0148521013094447,2.62881471527189,140.0,0.0,azimuth_elevation
C1486,313.8037537208339,237.9648981286125,0.0,12.305,9.752,3.1872204456636184,2.4169455580843784,140.0,0.0,azimuth_elevation
C1487,329.3115036864101,215.9954215497223,0.0,12.305,9.752,3.3447284970188433,2.193807484997275,140.0,0.0,azimuth_elevation
C1488,343.283851405379,193.01887460799378,0.0,12.305,9.752,3.4866418801310046,1.9604408687120691,140.0,0.0,azimuth_elevation
C1489,355.6556513427747,169.14238457167795,0.0,12.305,9.752,3.612298929298131,1.7179337721203274,140.0,0.0,azimuth_elevation
C1490,366.3692204562322,144.4772746591639,0.0,12.305,9.752,3.7211137733513326,1.467416875252226,140.0,0.0,azimuth_elevation
C1491,375.37460714095823,119.13854499874506,0.0,12.305,9.752,3.812579067256643,1.2100582035243033,140.0,0.0,azimuth_elevation
C1492,382.6298241271718,93.24433644493541,0.0,12.305,9.752,3.8862683575917663,0.9470576818657873,140.0,0.0,azimuth_elevation
C1493,388.1010442441377,66.91537975126946,0.0,12.305,9.752,3.941838070868788,0.6796415401146672,140.0,0.0,azimuth_elevation
C1494,391.76275813805194,40.274432667797626,0.0,12.305,9.752,3.9790291154323794,0.4090565957681374,140.0,0.0,azimuth_elevation
C1495,393.59789320842464,13.445707587788268,0.0,12.305,9.752,3.997668089464696,0.1365644407438713,140.0,0.0,azimuth_elevation
C1496,393.59789320842464,-13.44570758778831,0.0,12.305,9.752,3.997668089464696,-0.13656444074387172,140.0,0.0,azimuth_elevation
C1497,391.76275813805194,-40.27443266779749,0.0,12.305,9.752,3.97902911543238,-0.40905659576813613,140.0,0.0,azimuth_elevation
C1498,388.1010442441377,-66.9153797512694,0.0,12.305,9.752,3.941838070868788,-0.6796415401146666,140.0,0.0,azimuth_elevation
C1499,382.6298241271718,-93.24433644493537,0.0,12.305,9.752,3.8862683575917663,-0.9470576818657869,140.0,0.0,azimuth_elevation
C1500,375.37460714095823,-119.1385449987451,0.0,12.305,9.752,3.812579067256643,-1.2100582035243037,140.0,0.0,azimuth_elevation
C1501,366.3692204562322,-144.47727465916384,0.0,12.305,9.752,3.721113773351333,-1.4674168752522259,140.0,0.0,azimuth_elevation
C1502,355.6556513427747,-169.14238457167792,0.0,12.305,9.752,3.6122989292981313,-1.7179337721203272,140.0,0.0,azimuth_elevation
C1534,-343.2838514053789,-193.01887460799384,0.0,12.305,9.752,-3.4866418801310046,-1.96044086871207,140.0,0.0,azimuth_elevation
C1535,-355.6556513427747,-169.14238457167804,0.0,12.305,9.752,-3.61229892929813,-1.7179337721203278,140.0,0.0,azimuth_elevation
C1536,-366.3692204562322,-144.47727465916384,0.0,12.305,9.752,-3.721113773351333,-1.4674168752522259,140.0,0.0,azimuth_elevation
C1537,-375.3746071409582,-119.13854499874527,0.0,12.305,9.752,-3.8125790672566424,-1.2100582035243055,140.0,0.0,azimuth_elevation
C1538,-382.62982412717184,-93.24433644493521,0.0,12.305,9.752,-3.8862683575917663,-0.9470576818657852,140.0,0.0,azimuth_elevation
C1539,-388.1010442441377,-66.9153797512695,0.0,12.305,9.752,-3.9418380708687875,-0.6796415401146675,140.0,0.0,azimuth_elevation
C1540,-391.76275813805194,-40.27443266779759,0.0,12.305,9.752,-3.9790291154323794,-0.4090565957681371,140.0,0.0,azimuth_elevation
C1541,-393.59789320842464,-13.44570758778823,0.0,12.305,9.752,-3.997668089464696,-0.13656444074387092,140.0,0.0,azimuth_elevation
C1542,-393.59789320842464,13.445707587788085,0.0,12.305,9.752,-3.997668089464696,0.13656444074386945,140.0,0.0,azimuth_elevation
C1543,-391.76275813805194,40.27443266779744,0.0,12.305,9.752,-3.97902911543238,0.40905659576813563,140.0,0.0,azimuth_elevation
C1544,-388.1010442441377,66.91537975126936,0.0,12.305,9.752,-3.941838070868788,0.6796415401146662,140.0,0.0,azimuth_elevation
C1545,-382.6298241271718,93.2443364449354,0.0,12.305,9.752,-3.8862683575917663,0.9470576818657872,140.0,0.0,azimuth_elevation
C1546,-375.37460714095823,119.13854499874512,0.0,12.305,9.752,-3.812579067256643,1.210058203524304,140.0,0.0,azimuth_elevation
C1547,-366.36922045623226,144.47727465916373,0.0,12.305,9.752,-3.721113773351333,1.4674168752522245,140.0,0.0,azimuth_elevation
C1548,-355.6556513427748,169.14238457167787,0.0,12.305,9.752,-3.6122989292981313,1.7179337721203265,140.0,0.0,azimuth_elevation
C1549,-343.28385140537904,193.01887460799372,0.0,12.305,9.752,-3.486641880131005,1.9604408687120687,140.0,0.0,azimuth_elevation
C1550,-329.3115036864101,215.99542154972235,0.0,12.305,9.752,-3.344728497018843,2.193807484997275,140.0,0.0,azimuth_elevation
C1551,-313.8037537208341,237.9648981286123,0.0,12.305,9.752,-3.1872204456636193,2.416945558084376,140.0,0.0,azimuth_elevation
C1552,-296.83290579766106,258.8248725033273,0.0,12.305,9.752,-3.014852101309445,2.628814715271888,140.0,0.0,azimuth_elevation
C1553,-278.47808584397336,278.47808584397325,0.0,12.305,9.752,-2.8284271247461903,2.8284271247461894,140.0,0.0,azimuth_elevation
C1554,-258.8248725033277,296.8329057976607,0.0,12.305,9.752,-2.628814715271892,3.0148521013094416,140.0,0.0,azimuth_elevation
C1555,-237.96489812861273,313.8037537208338,0.0,12.305,9.752,-2.4169455580843806,3.1872204456636166,140.0,0.0,azimuth_elevation
C1556,-215.99542154972218,329.3115036864102,0.0,12.305,9.752,-2.1938074849972735,3.344728497018844,140.0,0.0,azimuth_elevation
C1557,-193.01887460799387,343.2838514053789,0.0,12.305,9.752,-1.96044086871207,3.486641880131004,140.0,0.0,azimuth_elevation
C1558,-169.14238457167804,355.6556513427747,0.0,12.305,9.752,-1.7179337721203278,3.61229892929813,140.0,0.0,azimuth_elevation
C1559,-144.47727465916418,366.3692204562321,0.0,12.305,9.752,-1.467416875252229,3.7211137733513313,140.0,0.0,azimuth_elevation
C1560,-119.1385449987453,375.3746071409582,0.0,12.305,9.752,-1.2100582035243057,3.8125790672566424,140.0,0.0,azimuth_elevation
C1561,-93.24433644493523,382.62982412717184,0.0,12.305,9.752,-0.9470576818657853,3.8862683575917663,140.0,0.0,azimuth_elevation
C1562,-66.91537975126951,388.1010442441377,0.0,12.305,9.752,-0.6796415401146676,3.9418380708687875,140.0,0.0,azimuth_elevation
C1563,-40.27443266779761,391.76275813805194,0.0,12.305,9.752,-0.4090565957681373,3.9790291154323794,140.0,0.0,azimuth_elevation
C1564,-13.445707587788604,393.59789320842464,0.0,12.305,9.752,-0.1365644407438747,3.9976680894646957,140.0,0.0,azimuth_elevation
C1565,0.0,407.95818886726556,0.0,12.305,9.752,0.0,4.0,140.0,0.0,azimuth_elevation
C1566,27.84005136018245,407.00714416840634,0.0,12.305,9.752,0.2729696534586839,3.9906750767621566,140.0,0.0,azimuth_elevation
C1567,55.55029954942924,404.15844428123506,0.0,12.305,9.752,0.5446665963849864,3.9627437841453235,140.0,0.0,azimuth_elevation
C1568,83.00154659910721,399.4253711596395,0.0,12.305,9.752,0.813824052210535,3.916336350729291,140.0,0.0,azimuth_elevation
C1569,110.06580212345574,392.82999257538853,0.0,12.305,9.752,1.079187084628097,3.851669149391197,140.0,0.0,azimuth_elevation
C1570,136.6168800698478,384.4030592279936,0.0,12.305,9.752,1.3395184486839447,3.769043688475282,140.0,0.0,azimuth_elevation
C1571,162.53098705641742,374.1838613707521,0.0,12.305,9.752,1.5936043593849656,3.6688452060218117,140.0,0.0,azimuth_elevation
C1572,187.68729955395102,362.2200456214495,0.0,12.305,9.752,1.8402601509246086,3.551540873609501,140.0,0.0,azimuth_elevation
C1573,211.96852722095528,348.567392811833,0.0,12.305,9.752,2.0783358001417342,3.4176776181859543,140.0,0.0,azimuth_elevation
C1574,235.26145976537248,333.28955791162366,0.0,12.305,9.752,2.3067212884594683,3.2678795720417684,140.0,0.0,azimuth_elevation
C1575,257.4574947832223,316.45777323966405,0.0,12.305,9.752,2.5243517773042115,3.1028451628176787,140.0,0.0,azimuth_elevation
C1576,278.45314411314143,298.1505163459651,0.0,12.305,9.752,2.730212572874616,2.9233438571124966,140.0,0.0,azimuth_elevation
C1577,298.15051634596506,278.45314411314143,0.0,12.305,9.752,2.9233438571124966,2.7302125728746165,140.0,0.0,azimuth_elevation
C1578,316.45777323966405,257.4574947832222,0.0,12.305,9.752,3.102845162817679,2.524351777304211,140.0,0.0,azimuth_elevation
C1579,333.2895579116236,235.26145976537248,0.0,12.305,9.752,3.267879572041768,2.3067212884594688,140.0,0.0,azimuth_elevation
C1580,348.567392811833,211.96852722095528,0.0,12.305,9.752,3.4176776181859543,2.0783358001417342,140.0,0.0,azimuth_elevation
C1581,362.2200456214495,187.68729955395105,0.0,12.305,9.752,3.551540873609501,1.8402601509246088,140.0,0.0,azimuth_elevation
C1582,374.1838613707521,162.53098705641736,0.0,12.305,9.752,3.668845206021812,1.5936043593849654,140.0,0.0,azimuth_elevation
C1583,384.40305922799354,136.61688006984787,0.0,12.305,9.752,3.7690436884752816,1.339518448683945,140.0,0.0,azimuth_elevation
C1584,392.82999257538853,110.0658021234558,0.0,12.305,9.752,3.8516691493911965,1.0791870846280975,140.0,0.0,azimuth_elevation
C1585,399.4253711596395,83.0015465991072,0.0,12.305,9.752,3.916336350729291,0.8138240522105348,140.0,0.0,azimuth_elevation
C1586,404.15844428123506,55.55029954942924,0.0,12.305,9.752,3.9627437841453235,0.5446665963849864,140.0,0.0,azimuth_elevation
C1587,407.00714416840634,27.840051360182553,0.0,12.305,9.752,3.9906750767621566,0.2729696534586849,140.0,0.0,azimuth_elevation
C1588,407.95818886726556,2.4980234509112407e-14,0.0,12.305,9.752,4.0,2.4492935982947064e-16,140.0,0.0,azimuth_elevation
C1589,407.00714416840634,-27.84005136018241,0.0,12.305,9.752,3.990675076762157,-0.27296965345868357,140.0,0.0,azimuth_elevation
C1590,404.15844428123506,-55.550299549429276,0.0,12.305,9.752,3.9627437841453235,-0.5446665963849868,140.0,0.0,azimuth_elevation
C1591,399.4253711596395,-83.00154659910726,0.0,12.305,9.752,3.916336350729291,-0.8138240522105353,140.0,0.0,azimuth_elevation
C1592,392.82999257538853,-110.06580212345567,0.0,12.305,9.752,3.851669149391197,-1.0791870846280964,140.0,0.0,azimuth_elevation
C1593,384.4030592279936,-136.6168800698478,0.0,12.305,9.752,3.769043688475282,-1.3395184486839447,140.0,0.0,azimuth_elevation
C1594,374.1838613707521,-162.53098705641742,0.0,12.305,9.752,3.6688452060218117,-1.5936043593849656,140.0,0.0,azimuth_elevation
C1627,-362.22004562144946,-187.68729955395125,0.0,12.305,9.752,-3.5515408736094995,-1.8402601509246106,140.0,0.0,azimuth_elevation
C1628,-374.18386137075214,-162.53098705641725,0.0,12.305,9.752,-3.668845206021813,-1.5936043593849643,140.0,0.0,azimuth_elevation
C1629,-384.40305922799354,-136.6168800698479,0.0,12.305,9.752,-3.7690436884752816,-1.3395184486839453,140.0,0.0,azimuth_elevation
C1630,-392.82999257538853,-110.06580212345575,0.0,12.305,9.752,-3.851669149391197,-1.0791870846280973,140.0,0.0,azimuth_elevation
C1631,-399.4253711596395,-83.00154659910717,0.0,12.305,9.752,-3.916336350729291,-0.8138240522105346,140.0,0.0,azimuth_elevation
C1632,-404.15844428123506,-55.55029954942947,0.0,12.305,9.752,-3.962743784145323,-0.5446665963849886,140.0,0.0,azimuth_elevation
C1633,-407.0071441684064,-27.84005136018224,0.0,12.305,9.752,-3.990675076762157,-0.27296965345868185,140.0,0.0,azimuth_elevation
C1634,-407.95818886726556,-7.494070352733722e-14,0.0,12.305,9.752,-4.0,-7.347880794884119e-16,140.0,0.0,azimuth_elevation
C1635,-407.00714416840634,27.840051360182454,0.0,12.305,9.752,-3.9906750767621566,0.27296965345868396,140.0,0.0,azimuth_elevation
C1636,-404.15844428123506,55.550299549429326,0.0,12.305,9.752,-3.962743784145323,0.5446665963849872,140.0,0.0,azimuth_elevation
C1637,-399.42537115963955,83.00154659910703,0.0,12.305,9.752,-3.9163363507292916,0.8138240522105331,140.0,0.0,azimuth_elevation
C1638,-392.82999257538853,110.06580212345563,0.0,12.305,9.752,-3.851669149391198,1.0791870846280962,140.0,0.0,azimuth_elevation
C1639,-384.4030592279936,136.61688006984778,0.0,12.305,9.752,-3.769043688475282,1.3395184486839442,140.0,0.0,azimuth_elevation
C1640,-374.183861370752,162.53098705641742,0.0,12.305,9.752,-3.668845206021812,1.593604359384966,140.0,0.0,azimuth_elevation
C1641,-362.2200456214497,187.6872995539508,0.0,12.305,9.752,-3.5515408736095018,1.8402601509246062,140.0,0.0,azimuth_elevation
C1642,-348.56739281183303,211.96852722095514,0.0,12.305,9.752,-3.4176776181859547,2.078335800141733,140.0,0.0,azimuth_elevation
C1643,-333.2895579116237,235.26145976537245,0.0,12.305,9.752,-3.2678795720417684,2.3067212884594674,140.0,0.0,azimuth_elevation
C1644,-316.45777323966405,257.4574947832222,0.0,12.305,9.752,-3.102845162817679,2.524351777304211,140.0,0.0,azimuth_elevation
C1645,-298.15051634596506,278.4531441131415,0.0,12.305,9.752,-2.923343857112496,2.730212572874617,140.0,0.0,azimuth_elevation
C1646,-278.4531441131416,298.15051634596495,0.0,12.305,9.752,-2.730212572874618,2.923343857112495,140.0,0.0,azimuth_elevation
C1647,-257.45749478322233,316.45777323966394,0.0,12.305,9.752,-2.5243517773042123,3.1028451628176783,140.0,0.0,azimuth_elevation
C1648,-235.26145976537225,333.28955791162383,0.0,12.305,9.752,-2.306721288459466,3.2678795720417697,140.0,0.0,azimuth_elevation
C1649,-211.96852722095528,348.567392811833,0.0,12.305,9.752,-2.0783358001417342,3.4176776181859543,140.0,0.0,azimuth_elevation
C1650,-187.68729955395096,362.2200456214496,0.0,12.305,9.752,-1.840260150924608,3.5515408736095013,140.0,0.0,azimuth_elevation
C1651,-162.5309870564176,374.18386137075197,0.0,12.305,9.752,-1.5936043593849676,3.6688452060218113,140.0,0.0,azimuth_elevation
C1652,-136.61688006984792,384.40305922799354,0.0,12.305,9.752,-1.3395184486839458,3.7690436884752816,140.0,0.0,azimuth_elevation
C1653,-110.06580212345612,392.8299925753884,0.0,12.305,9.752,-1.0791870846281009,3.851669149391196,140.0,0.0,azimuth_elevation
C1654,-83.0015465991072,399.4253711596395,0.0,12.305,9.752,-0.8138240522105348,3.916336350729291,140.0,0.0,azimuth_elevation
C1655,-55.55029954942914,404.15844428123506,0.0,12.305,9.752,-0.5446665963849855,3.9627437841453235,140.0,0.0,azimuth_elevation
C1656,-27.840051360182624,407.00714416840634,0.0,12.305,9.752,-0.2729696534586856,3.9906750767621566,140.0,0.0,azimuth_elevation
C1657,14.410583366982134,421.842823526815,0.0,12.305,9.752,0.13656444074387158,3.9976680894646965,140.0,0.0,azimuth_elevation
C1658,43.164561309091575,419.87599755290364,0.0,12.305,9.752,0.4090565957681369,3.979029115432379,140.0,0.0,azimuth_elevation
C1659,71.7172861407998,415.95151585569556,0.0,12.305,9.752,0.6796415401146666,3.941838070868787,140.0,0.0,azimuth_elevation
C1660,99.93563187846333,410.08767618047796,0.0,12.305,9.752,0.9470576818657871,3.886268357591766,140.0,0.0,azimuth_elevation
C1661,127.68803156813081,402.31181845467614,0.0,12.305,9.752,1.2100582035243033,3.8125790672566438,140.0,0.0,azimuth_elevation
C1662,154.84509071141625,392.6601973164909,0.0,12.305,9.752,1.4674168752522259,3.7211137733513326,140.0,0.0,azimuth_elevation
C1663,181.2801905623813,381.1778130790393,0.0,12.305,9.752,1.7179337721203274,3.6122989292981305,140.0,0.0,azimuth_elevation
C1664,206.87007848257844,367.9182019181222,0.0,12.305,9.752,1.960440868712069,3.4866418801310046,140.0,0.0,azimuth_elevation
C1665,231.4954426017473,352.9431862618592,0.0,12.305,9.752,2.193807484997275,3.344728497018843,140.0,0.0,azimuth_elevation
C1666,255.04146810483013,336.32258654599036,0.0,12.305,9.752,2.4169455580843784,3.1872204456636184,140.0,0.0,azimuth_elevation
C1667,277.3983725516409,318.1338956787744,0.0,12.305,9.752,2.6288147152718904,3.0148521013094447,140.0,0.0,azimuth_elevation
C1668,298.4619177332782,298.46191773327826,0.0,12.305,9.752,2.82842712474619,2.8284271247461903,140.0,0.0,azimuth_elevation
C1669,318.1338956787745,277.3983725516408,0.0,12.305,9.752,3.0148521013094447,2.6288147152718895,140.0,0.0,azimuth_elevation
C1670,336.32258654599036,255.0414681048302,0.0,12.305,9.752,3.187220445663618,2.4169455580843784,140.0,0.0,azimuth_elevation
C1671,352.9431862618592,231.49544260174724,0.0,12.305,9.752,3.3447284970188433,2.193807484997275,140.0,0.0,azimuth_elevation
C1672,367.9182019181222,206.8700784825785,0.0,12.305,9.752,3.486641880131004,1.9604408687120691,140.0,0.0,azimuth_elevation
C1673,381.1778130790393,181.28019056238128,0.0,12.305,9.752,3.612298929298131,1.7179337721203274,140.0,0.0,azimuth_elevation
C1674,392.6601973164909,154.84509071141628,0.0,12.305,9.752,3.721113773351332,1.4674168752522259,140.0,0.0,azimuth_elevation
C1675,402.31181845467614,127.68803156813084,0.0,12.305,9.752,3.812579067256643,1.2100582035243033,140.0,0.0,azimuth_elevation
C1676,410.08767618047796,99.93563187846334,0.0,12.305,9.752,3.886268357591766,0.9470576818657872,140.0,0.0,azimuth_elevation
C1677,415.95151585569556,71.71728614079984,0.0,12.305,9.752,3.941838070868787,0.679641540114667,140.0,0.0,azimuth_elevation
C1678,419.87599755290364,43.16456130909163,0.0,12.305,9.752,3.979029115432379,0.40905659576813747,140.0,0.0,azimuth_elevation
C1679,421.842823526815,14.410583366982106,0.0,12.305,9.752,3.9976680894646965,0.1365644407438713,140.0,0.0,azimuth_elevation
C1680,421.842823526815,-14.41058336698215,0.0,12.305,9.752,3.9976680894646965,-0.13656444074387172,140.0,0.0,azimuth_elevation
C1681,419.87599755290364,-43.16456130909149,0.0,12.305,9.752,3.979029115432379,-0.4090565957681361,140.0,0.0,azimuth_elevation
C1682,415.95151585569556,-71.71728614079979,0.0,12.305,9.752,3.941838070868787,-0.6796415401146665,140.0,0.0,azimuth_elevation
C1683,410.08767618047796,-99.9356318784633,0.0,12.305,9.752,3.886268357591766,-0.9470576818657868,140.0,0.0,azimuth_elevation
C1684,402.31181845467614,-127.68803156813088,0.0,12.305,9.752,3.812579067256643,-1.2100582035243037,140.0,0.0,azimuth_elevation
C1685,392.6601973164909,-154.84509071141622,0.0,12.305,9.752,3.7211137733513326,-1.4674168752522256,140.0,0.0,azimuth_elevation
C1686,381.1778130790393,-181.28019056238122,0.0,12.305,9.752,3.612298929298131,-1.717933772120327,140.0,0.0,azimuth_elevation
C1719,-381.17781307903925,-181.28019056238136,0.0,12.305,9.752,-3.61229892929813,-1.717933772120328,140.0,0.0,azimuth_elevation
C1720,-392.6601973164909,-154.84509071141622,0.0,12.305,9.752,-3.7211137733513326,-1.4674168752522256,140.0,0.0,azimuth_elevation
C1721,-402.3118184546761,-127.68803156813107,0.0,12.305,9.752,-3.8125790672566424,-1.2100582035243055,140.0,0.0,azimuth_elevation
C1722,-410.087676180478,-99.93563187846313,0.0,12.305,9.752,-3.8862683575917663,-0.9470576818657852,140.0,0.0,azimuth_elevation
C1723,-415.95151585569556,-71.71728614079989,0.0,12.305,9.752,-3.941838070868787,-0.6796415401146674,140.0,0.0,azimuth_elevation
C1724,-419.87599755290364,-43.164561309091596,0.0,12.305,9.752,-3.979029115432379,-0.4090565957681371,140.0,0.0,azimuth_elevation
C1725,-421.842823526815,-14.410583366982065,0.0,12.305,9.752,-3.9976680894646965,-0.13656444074387092,140.0,0.0,azimuth_elevation
C1726,-421.842823526815,14.410583366981909,0.0,12.305,9.752,-3.9976680894646965,0.13656444074386945,140.0,0.0,azimuth_elevation
C1727,-419.87599755290364,43.16456130909143,0.0,12.305,9.752,-3.97902911543238,0.40905659576813563,140.0,0.0,azimuth_elevation
C1728,-415.95151585569556,71.71728614079973,0.0,12.305,9.752,-3.941838070868787,0.6796415401146659,140.0,0.0,azimuth_elevation
C1729,-410.08767618047796,99.93563187846333,0.0,12.305,9.752,-3.886268357591766,0.9470576818657871,140.0,0.0,azimuth_elevation
C1730,-402.31181845467614,127.68803156813091,0.0,12.305,9.752,-3.812579067256643,1.210058203524304,140.0,0.0,azimuth_elevation
C1731,-392.66019731649095,154.84509071141608,0.0,12.305,9.752,-3.721113773351333,1.4674168752522243,140.0,0.0,azimuth_elevation
C1732,-381.1778130790393,181.2801905623812,0.0,12.305,9.752,-3.612298929298132,1.7179337721203267,140.0,0.0,azimuth_elevation
C1733,-367.9182019181222,206.8700784825784,0.0,12.305,9.752,-3.4866418801310046,1.9604408687120687,140.0,0.0,azimuth_elevation
C1734,-352.9431862618592,231.4954426017473,0.0,12.305,9.752,-3.344728497018843,2.193807484997275,140.0,0.0,azimuth_elevation
C1735,-336.32258654599053,255.04146810482996,0.0,12.305,9.752,-3.1872204456636197,2.416945558084376,140.0,0.0,azimuth_elevation
C1736,-318.1338956787746,277.39837255164076,0.0,12.305,9.752,-3.014852101309445,2.6288147152718886,140.0,0.0,azimuth_elevation
C1737,-298.4619177332783,298.46191773327814,0.0,12.305,9.752,-2.8284271247461907,2.8284271247461894,140.0,0.0,azimuth_elevation
C1738,-277.39837255164116,318.1338956787742,0.0,12.305,9.752,-2.6288147152718926,3.014852101309442,140.0,0.0,azimuth_elevation
C1739,-255.04146810483041,336.3225865459902,0.0,12.305,9.752,-2.4169455580843806,3.1872204456636166,140.0,0.0,azimuth_elevation
C1740,-231.4954426017471,352.9431862618593,0.0,12.305,9.752,-2.1938074849972735,3.3447284970188447,140.0,0.0,azimuth_elevation
C1741,-206.87007848257855,367.9182019181221,0.0,12.305,9.752,-1.96044086871207,3.486641880131004,140.0,0.0,azimuth_elevation
C1742,-181.28019056238136,381.17781307903925,0.0,12.305,9.752,-1.717933772120328,3.61229892929813,140.0,0.0,azimuth_elevation
C1743,-154.8450907114166,392.6601973164907,0.0,12.305,9.752,-1.4674168752522292,3.7211137733513318,140.0,0.0,azimuth_elevation
C1744,-127.6880315681311,402.3118184546761,0.0,12.305,9.752,-1.2100582035243057,3.8125790672566424,140.0,0.0,azimuth_elevation
C1745,-99.93563187846314,410.087676180478,0.0,12.305,9.752,-0.9470576818657853,3.8862683575917663,140.0,0.0,azimuth_elevation
C1746,-71.71728614079991,415.95151585569556,0.0,12.305,9.752,-0.6796415401146677,3.941838070868787,140.0,0.0,azimuth_elevation
C1747,-43.16456130909162,419.87599755290364,0.0,12.305,9.752,-0.4090565957681373,3.979029115432379,140.0,0.0,azimuth_elevation
C1748,-14.410583366982467,421.842823526815,0.0,12.305,9.752,-0.13656444074387472,3.9976680894646957,140.0,0.0,azimuth_elevation
C1749,0.0,436.2195949533045,0.0,12.305,9.752,0.0,4.0,140.0,0.0,azimuth_elevation
C1750,29.76867791657275,435.20266639385886,0.0,12.305,9.752,0.2729696534586839,3.9906750767621566,140.0,0.0,azimuth_elevation
C1751,59.39856051491344,432.1566221058995,0.0,12.305,9.752,0.5446665963849864,3.962743784145323,140.0,0.0,azimuth_elevation
C1752,88.75149960463415,427.0956641540086,0.0,12.305,9.752,0.813824052210535,3.916336350729291,140.0,0.0,azimuth_elevation
C1753,117.69063823382652,420.0433890603918,0.0,12.305,9.752,1.0791870846280969,3.851669149391197,140.0,0.0,azimuth_elevation
C1754,146.0810487793473,411.0326777869991,0.0,12.305,9.752,1.3395184486839447,3.769043688475282,140.0,0.0,azimuth_elevation
C1755,173.79036204168253,400.105542429302,0.0,12.305,9.752,1.5936043593849658,3.668845206021812,140.0,0.0,azimuth_elevation
C1756,200.68938441125997,387.3129303365104,0.0,12.305,9.752,1.8402601509246088,3.551540873609501,140.0,0.0,azimuth_elevation
C1757,226.65270022869484,372.7144865715129,0.0,12.305,9.752,2.078335800141734,3.4176776181859543,140.0,0.0,azimuth_elevation
C1758,251.5592565304885,356.3782758180596,0.0,12.305,9.752,2.3067212884594683,3.2678795720417684,140.0,0.0,azimuth_elevation
C1759,275.29292745382435,338.3804650317871,0.0,12.305,9.752,2.524351777304211,3.102845162817679,140.0,0.0,azimuth_elevation
C1760,297.7430556689461,318.80496831471106,0.0,12.305,9.752,2.730212572874616,2.9233438571124966,140.0,0.0,azimuth_elevation
C1761,318.804968314711,297.74305566894617,0.0,12.305,9.752,2.923343857112496,2.7302125728746165,140.0,0.0,azimuth_elevation
C1762,338.3804650317871,275.29292745382435,0.0,12.305,9.752,3.102845162817679,2.524351777304211,140.0,0.0,azimuth_elevation
C1763,356.37827581805954,251.5592565304885,0.0,12.305,9.752,3.267879572041768,2.3067212884594683,140.0,0.0,azimuth_elevation
C1764,372.7144865715129,226.65270022869484,0.0,12.305,9.752,3.4176776181859543,2.078335800141734,140.0,0.0,azimuth_elevation
C1765,387.3129303365104,200.68938441125997,0.0,12.305,9.752,3.551540873609501,1.8402601509246088,140.0,0.0,azimuth_elevation
C1766,400.105542429302,173.79036204168247,0.0,12.305,9.752,3.6688452060218126,1.5936043593849656,140.0,0.0,azimuth_elevation
C1767,411.03267778699905,146.08104877934733,0.0,12.305,9.752,3.769043688475282,1.339518448683945,140.0,0.0,azimuth_elevation
C1768,420.04338906039175,117.69063823382659,0.0,12.305,9.752,3.851669149391197,1.0791870846280978,140.0,0.0,azimuth_elevation
C1769,427.0956641540086,88.75149960463413,0.0,12.305,9.752,3.916336350729291,0.8138240522105349,140.0,0.0,azimuth_elevation
C1770,432.1566221058995,59.39856051491344,0.0,12.305,9.752,3.962743784145323,0.5446665963849864,140.0,0.0,azimuth_elevation
C1771,435.20266639385886,29.76867791657286,0.0,12.305,9.752,3.9906750767621566,0.2729696534586849,140.0,0.0,azimuth_elevation
C1772,436.2195949533045,2.6710746534245965e-14,0.0,12.305,9.752,4.0,2.4492935982947064e-16,140.0,0.0,azimuth_elevation
C1773,435.20266639385886,-29.768677916572706,0.0,12.305,9.752,3.9906750767621566,-0.2729696534586835,140.0,0.0,azimuth_elevation
C1774,432.1566221058995,-59.39856051491348,0.0,12.305,9.752,3.962743784145323,-0.5446665963849867,140.0,0.0,azimuth_elevation
C1775,427.0956641540086,-88.75149960463418,0.0,12.305,9.752,3.916336350729291,-0.8138240522105353,140.0,0.0,azimuth_elevation
C1776,420.0433890603918,-117.69063823382645,0.0,12.305,9.752,3.851669149391197,-1.0791870846280962,140.0,0.0,azimuth_elevation
C1777,411.0326777869991,-146.0810487793473,0.0,12.305,9.752,3.769043688475282,-1.3395184486839447,140.0,0.0,azimuth_elevation
C1778,400.105542429302,-173.79036204168253,0.0,12.305,9.752,3.668845206021812,-1.5936043593849658,140.0,0.0,azimuth_elevation
C1812,-400.10554242930203,-173.79036204168236,0.0,12.305,9.752,-3.6688452060218126,-1.5936043593849643,140.0,0.0,azimuth_elevation
C1813,-411.03267778699905,-146.08104877934738,0.0,12.305,9.752,-3.7690436884752816,-1.3395184486839455,140.0,0.0,azimuth_elevation
C1814,-420.04338906039175,-117.69063823382655,0.0,12.305,9.752,-3.851669149391197,-1.0791870846280973,140.0,0.0,azimuth_elevation
C1815,-427.0956641540086,-88.75149960463409,0.0,12.305,9.752,-3.9163363507292916,-0.8138240522105347,140.0,0.0,azimuth_elevation
C1816,-432.15662210589943,-59.39856051491368,0.0,12.305,9.752,-3.962743784145323,-0.5446665963849887,140.0,0.0,azimuth_elevation
C1817,-435.2026663938589,-29.768677916572525,0.0,12.305,9.752,-3.9906750767621575,-0.27296965345868185,140.0,0.0,azimuth_elevation
C1818,-436.2195949533045,-8.013223960273789e-14,0.0,12.305,9.752,-4.0,-7.347880794884119e-16,140.0,0.0,azimuth_elevation
C1819,-435.20266639385886,29.768677916572756,0.0,12.305,9.752,-3.9906750767621566,0.27296965345868396,140.0,0.0,azimuth_elevation
C1820,-432.1566221058995,59.39856051491353,0.0,12.305,9.752,-3.962743784145323,0.5446665963849872,140.0,0.0,azimuth_elevation
C1821,-427.09566415400866,88.75149960463393,0.0,12.305,9.752,-3.916336350729292,0.8138240522105332,140.0,0.0,azimuth_elevation
C1822,-420.0433890603918,117.6906382338264,0.0,12.305,9.752,-3.851669149391198,1.079187084628096,140.0,0.0,azimuth_elevation
C1823,-411.0326777869991,146.08104877934724,0.0,12.305,9.752,-3.769043688475282,1.3395184486839442,140.0,0.0,azimuth_elevation
C1824,-400.105542429302,173.79036204168256,0.0,12.305,9.752,-3.668845206021812,1.593604359384966,140.0,0.0,azimuth_elevation
C1825,-387.3129303365106,200.6893844112597,0.0,12.305,9.752,-3.551540873609502,1.8402601509246064,140.0,0.0,azimuth_elevation
C1826,-372.71448657151296,226.6527002286947,0.0,12.305,9.752,-3.417677618185955,2.078335800141733,140.0,0.0,azimuth_elevation
C1827,-356.37827581805965,251.55925653048845,0.0,12.305,9.752,-3.2678795720417684,2.3067212884594674,140.0,0.0,azimuth_elevation
C1828,-338.3804650317871,275.29292745382435,0.0,12.305,9.752,-3.102845162817679,2.524351777304211,140.0,0.0,azimuth_elevation
C1829,-318.804968314711,297.7430556689462,0.0,12.305,9.752,-2.9233438571124957,2.730212572874617,140.0,0.0,azimuth_elevation
C1830,-297.7430556689463,318.80496831471083,0.0,12.305,9.752,-2.730212572874618,2.9233438571124952,140.0,0.0,azimuth_elevation
C1831,-275.29292745382446,338.38046503178697,0.0,12.305,9.752,-2.5243517773042123,3.1028451628176783,140.0,0.0,azimuth_elevation
C1832,-251.55925653048826,356.3782758180597,0.0,12.305,9.752,-2.306721288459466,3.2678795720417697,140.0,0.0,azimuth_elevation
C1833,-226.65270022869484,372.7144865715129,0.0,12.305,9.752,-2.078335800141734,3.4176776181859543,140.0,0.0,azimuth_elevation
C1834,-200.68938441125988,387.3129303365105,0.0,12.305,9.752,-1.840260150924608,3.5515408736095013,140.0,0.0,azimuth_elevation
C1835,-173.79036204168273,400.1055424293019,0.0,12.305,9.752,-1.5936043593849676,3.6688452060218113,140.0,0.0,azimuth_elevation
C1836,-146.0810487793474,411.03267778699905,0.0,12.305,9.752,-1.3395184486839458,3.7690436884752816,140.0,0.0,azimuth_elevation
C1837,-117.69063823382693,420.04338906039163,0.0,12.305,9.752,-1.0791870846281009,3.851669149391196,140.0,0.0,azimuth_elevation
C1838,-88.75149960463412,427.0956641540086,0.0,12.305,9.752,-0.8138240522105348,3.916336350729291,140.0,0.0,azimuth_elevation
C1839,-59.39856051491333,432.1566221058995,0.0,12.305,9.752,-0.5446665963849854,3.962743784145323,140.0,0.0,azimuth_elevation
C1840,-29.768677916572937,435.20266639385886,0.0,12.305,9.752,-0.2729696534586856,3.9906750767621566,140.0,0.0,azimuth_elevation
C1841,7.930104370492588,464.41330059676767,0.0,12.305,9.752,0.06829217429989887,3.999416979877116,140.0,0.0,azimuth_elevation
C1842,23.781066964513958,463.87181546256926,0.0,12.305,9.752,0.20479689727933223,3.9947538385818917,140.0,0.0,azimuth_elevation
C1843,39.60430189823768,462.789476541617,0.0,12.305,9.752,0.34106283623758404,3.9854329930056,140.0,0.0,azimuth_elevation
C1844,55.38135998754146,461.1675457926771,0.0,12.305,9.752,0.4769311111853242,3.9714653108372397,140.0,0.0,azimuth_elevation
C1845,71.09384588843804,459.0079143144502,0.0,12.305,9.752,0.6122433057916707,3.9528670777694113,140.0,0.0,azimuth_elevation
C1846,86.72343954522336,456.3131001406344,0.0,12.305,9.752,0.7468416520905449,3.92965997850993,140.0,0.0,azimuth_elevation
C1847,102.25191755084204,453.08624530401096,0.0,12.305,9.752,0.8805692144310624,3.9018710714984244,140.0,0.0,azimuth_elevation
C1848,117.6611743945648,449.33111217297477,0.0,12.305,9.752,1.0132700724574815,3.8695327573574057,140.0,0.0,azimuth_elevation
C1849,132.9332435722041,445.0520790647805,0.0,12.305,9.752,1.1447895029053652,3.832682741114595,140.0,0.0,azimuth_elevation
C1850,148.05031853425433,440.2541351406213,0.0,12.305,9.752,1.2749741600019833,3.791363988240543,140.0,0.0,azimuth_elevation
C1851,162.994773447532,434.9428745884893,0.0,12.305,9.752,1.4036722542606273,3.745624674552816,140.0,0.0,azimuth_elevation
C1852,177.7491837461088,429.12449010060317,0.0,12.305,9.752,1.5307337294603591,3.695518130045147,140.0,0.0,azimuth_elevation
C1853,192.29634644757598,422.8057656530058,0.0,12.305,9.752,1.6560104376048541,3.6411027767070485,140.0,0.0,azimuth_elevation
C1854,206.61930021095236,415.9940685957516,0.0,12.305,9.752,1.779356311656337,3.5824420604063865,140.0,0.0,azimuth_elevation
C1855,220.70134511284928,408.6973410629064,0.0,12.305,9.752,1.9006275358432145,3.5196043769143355,140.0,0.0,azimuth_elevation
C1856,234.52606211883395,400.92409071237347,0.0,12.305,9.752,2.0196827133428314,3.4526629921589707,140.0,0.0,azimuth_elevation
C1857,248.07733222728953,392.68338080634584,0.0,12.305,9.752,2.1363830311438408,3.3816959568004714,140.0,0.0,azimuth_elevation
C1858,261.33935526344965,383.98481964394773,0.0,12.305,9.752,2.250592421895966,3.306786015227543,140.0,0.0,azimuth_elevation
C1859,274.2966683016956,374.83854935838735,0.0,12.305,9.752,2.3621777225584433,3.228020509081162,140.0,0.0,azimuth_elevation
C1860,286.9341636946358,365.2552340916836,0.0,12.305,9.752,2.471008829662174,3.1454912754181295,140.0,0.0,azimuth_elevation
C1861,299.2371066879469,355.24604756075314,0.0,12.305,9.752,2.5769588510045454,3.0592945396331706,140.0,0.0,azimuth_elevation
C1862,311.19115260043833,344.8226600293567,0.0,12.305,9.752,2.679904253600066,2.969530803264427,140.0,0.0,azimuth_elevation
C1863,322.7823635493085,333.99722470109333,0.0,12.305,9.752,2.779725007714298,2.876304726813163,140.0,0.0,azimuth_elevation
C1864,333.99722470109333,322.7823635493085,0.0,12.305,9.752,2.876304726813163,2.779725007714298,140.0,0.0,azimuth_elevation
C1865,344.8226600293567,311.19115260043833,0.0,12.305,9.752,2.969530803264427,2.679904253600066,140.0,0.0,azimuth_elevation
C1866,355.24604756075314,299.2371066879469,0.0,12.305,9.752,3.0592945396331706,2.5769588510045454,140.0,0.0,azimuth_elevation
C1867,365.2552340916836,286.9341636946358,0.0,12.305,9.752,3.1454912754181295,2.471008829662174,140.0,0.0,azimuth_elevation
C1868,374.83854935838735,274.29666830169555,0.0,12.305,9.752,3.2280205090811624,2.362177722558443,140.0,0.0,azimuth_elevation
C1869,383.98481964394773,261.33935526344965,0.0,12.305,9.752,3.306786015227543,2.250592421895966,140.0,0.0,azimuth_elevation
C1870,392.6833808063458,248.07733222728953,0.0,12.305,9.752,3.3816959568004714,2.136383031143841,140.0,0.0,azimuth_elevation
C1871,400.92409071237347,234.52606211883395,0.0,12.305,9.752,3.4526629921589707,2.0196827133428314,140.0,0.0,azimuth_elevation
C1872,408.6973410629064,220.70134511284922,0.0,12.305,9.752,3.519604376914336,1.9006275358432143,140.0,0.0,azimuth_elevation
C1873,415.9940685957516,206.6193002109524,0.0,12.305,9.752,3.5824420604063865,1.7793563116563371,140.0,0.0,azimuth_elevation
C1874,422.8057656530058,192.296346447576,0.0,12.305,9.752,3.6411027767070485,1.6560104376048546,140.0,0.0,azimuth_elevation
C1875,429.12449010060317,177.74918374610883,0.0,12.305,9.752,3.695518130045147,1.5307337294603593,140.0,0.0,azimuth_elevation
C1876,434.9428745884893,162.99477344753197,0.0,12.305,9.752,3.745624674552816,1.403672254260627,140.0,0.0,azimuth_elevation
C1877,440.25413514062126,148.05031853425436,0.0,12.305,9.752,3.7913639882405428,1.2749741600019837,140.0,0.0,azimuth_elevation
C1878,445.0520790647805,132.9332435722041,0.0,12.305,9.752,3.832682741114595,1.1447895029053652,140.0,0.0,azimuth_elevation
C1879,449.33111217297477,117.66117439456485,0.0,12.305,9.752,3.8695327573574057,1.0132700724574821,140.0,0.0,azimuth_elevation
C1880,453.08624530401096,102.25191755084205,0.0,12.305,9.752,3.9018710714984244,0.8805692144310625,140.0,0.0,azimuth_elevation
C1881,456.31310014063433,86.72343954522343,0.0,12.305,9.752,3.92965997850993,0.7468416520905456,140.0,0.0,azimuth_elevation
C1882,459.0079143144502,71.09384588843797,0.0,12.305,9.752,3.9528670777694113,0.6122433057916702,140.0,0.0,azimuth_elevation
C1883,461.1675457926771,55.38135998754144,0.0,12.305,9.752,3.9714653108372397,0.47693111118532405,140.0,0.0,azimuth_elevation
C1884,462.789476541617,39.60430189823771,0.0,12.305,9.752,3.9854329930056,0.3410628362375843,140.0,0.0,azimuth_elevation
C1885,463.87181546256926,23.78106696451395,0.0,12.305,9.752,3.9947538385818917,0.20479689727933217,140.0,0.0,azimuth_elevation
C1886,464.41330059676767,7.930104370492639,0.0,12.305,9.752,3.999416979877116,0.06829217429989931,140.0,0.0,azimuth_elevation
C1887,464.41330059676767,-7.93010437049248,0.0,12.305,9.752,3.999416979877116,-0.06829217429989794,140.0,0.0,azimuth_elevation
C1888,463.87181546256926,-23.781066964514,0.0,12.305,9.752,3.9947538385818917,-0.2047968972793326,140.0,0.0,azimuth_elevation
C1889,462.789476541617,-39.60430189823765,0.0,12.305,9.752,3.9854329930056,-0.3410628362375838,140.0,0.0,azimuth_elevation
C1890,461.1675457926771,-55.38135998754148,0.0,12.305,9.752,3.9714653108372397,-0.47693111118532444,140.0,0.0,azimuth_elevation
C1891,459.0079143144502,-71.09384588843801,0.0,12.305,9.752,3.9528670777694113,-0.6122433057916705,140.0,0.0,azimuth_elevation
C1892,456.3131001406344,-86.72343954522329,0.0,12.305,9.752,3.92965997850993,-0.7468416520905443,140.0,0.0,azimuth_elevation
C1893,453.08624530401096,-102.2519175508421,0.0,12.305,9.752,3.9018710714984244,-0.8805692144310628,140.0,0.0,azimuth_elevation
C1894,449.33111217297477,-117.6611743945648,0.0,12.305,9.752,3.8695327573574057,-1.0132700724574815,140.0,0.0,azimuth_elevation
C1895,445.0520790647805,-132.93324357220402,0.0,12.305,9.752,3.8326827411145956,-1.1447895029053645,140.0,0.0,azimuth_elevation
C1896,440.2541351406213,-148.05031853425433,0.0,12.305,9.752,3.791363988240543,-1.2749741600019833,140.0,0.0,azimuth_elevation
C1897,434.9428745884893,-162.9947734475319,0.0,12.305,9.752,3.745624674552816,-1.4036722542606264,140.0,0.0,azimuth_elevation
C1968,-434.9428745884893,-162.99477344753203,0.0,12.305,9.752,-3.745624674552816,-1.4036722542606275,140.0,0.0,azimuth_elevation
C1969,-440.2541351406212,-148.05031853425453,0.0,12.305,9.752,-3.7913639882405423,-1.274974160001985,140.0,0.0,azimuth_elevation
C1970,-445.0520790647804,-132.93324357220445,0.0,12.305,9.752,-3.8326827411145943,-1.144789502905368,140.0,0.0,azimuth_elevation
C1971,-449.3311121729747,-117.6611743945649,0.0,12.305,9.752,-3.8695327573574057,-1.0132700724574826,140.0,0.0,azimuth_elevation
C1972,-453.08624530401096,-102.2519175508419,0.0,12.305,9.752,-3.901871071498425,-0.8805692144310613,140.0,0.0,azimuth_elevation
C1973,-456.31310014063433,-86.72343954522339,0.0,12.305,9.752,-3.92965997850993,-0.7468416520905452,140.0,0.0,azimuth_elevation
C1974,-459.00791431445015,-71.09384588843822,0.0,12.305,9.752,-3.9528670777694113,-0.6122433057916724,140.0,0.0,azimuth_elevation
C1975,-461.16754579267706,-55.381359987541806,0.0,12.305,9.752,-3.9714653108372393,-0.4769311111853272,140.0,0.0,azimuth_elevation
C1976,-462.789476541617,-39.604301898237765,0.0,12.305,9.752,-3.9854329930056,-0.3410628362375848,140.0,0.0,azimuth_elevation
C1977,-463.87181546256926,-23.781066964513805,0.0,12.305,9.752,-3.9947538385818917,-0.2047968972793309,140.0,0.0,azimuth_elevation
C1978,-464.41330059676767,-7.930104370492593,0.0,12.305,9.752,-3.999416979877116,-0.06829217429989891,140.0,0.0,azimuth_elevation
C1979,-464.41330059676767,7.930104370492422,0.0,12.305,9.752,-3.999416979877116,0.06829217429989744,140.0,0.0,azimuth_elevation
C1980,-463.87181546256926,23.781066964513634,0.0,12.305,9.752,-3.9947538385818917,0.20479689727932943,140.0,0.0,azimuth_elevation
C1981,-462.78947654161703,39.6043018982376,0.0,12.305,9.752,-3.9854329930056,0.3410628362375833,140.0,0.0,azimuth_elevation
C1982,-461.16754579267706,55.38135998754163,0.0,12.305,9.752,-3.9714653108372397,0.4769311111853258,140.0,0.0,azimuth_elevation
C1983,-459.00791431445015,71.09384588843805,0.0,12.305,9.752,-3.9528670777694113,0.612243305791671,140.0,0.0,azimuth_elevation
C1984,-456.3131001406344,86.72343954522321,0.0,12.305,9.752,-3.9296599785099304,0.7468416520905438,140.0,0.0,azimuth_elevation
C1985,-453.086245304011,102.25191755084174,0.0,12.305,9.752,-3.901871071498425,0.8805692144310598,140.0,0.0,azimuth_elevation
C1986,-449.33111217297477,117.66117439456475,0.0,12.305,9.752,-3.8695327573574057,1.0132700724574812,140.0,0.0,azimuth_elevation
C1987,-445.05207906478057,132.93324357220388,0.0,12.305,9.752,-3.8326827411145956,1.1447895029053632,140.0,0.0,azimuth_elevation
C1988,-440.2541351406213,148.05031853425436,0.0,12.305,9.752,-3.7913639882405428,1.2749741600019835,140.0,0.0,azimuth_elevation
C1989,-434.94287458848936,162.99477344753188,0.0,12.305,9.752,-3.745624674552816,1.4036722542606261,140.0,0.0,azimuth_elevation
C1990,-429.1244901006032,177.7491837461085,0.0,12.305,9.752,-3.6955181300451483,1.530733729460357,140.0,0.0,azimuth_elevation
C1991,-422.80576565300584,192.29634644757593,0.0,12.305,9.752,-3.6411027767070485,1.6560104376048534,140.0,0.0,azimuth_elevation
C1992,-415.99406859575174,206.6193002109522,0.0,12.305,9.752,-3.5824420604063874,1.7793563116563356,140.0,0.0,azimuth_elevation
C1993,-408.69734106290633,220.70134511284928,0.0,12.305,9.752,-3.5196043769143355,1.900627535843215,140.0,0.0,azimuth_elevation
C1994,-400.9240907123735,234.52606211883383,0.0,12.305,9.752,-3.4526629921589715,2.0196827133428306,140.0,0.0,azimuth_elevation
C1995,-392.683380806346,248.07733222728928,0.0,12.305,9.752,-3.3816959568004727,2.1363830311438385,140.0,0.0,azimuth_elevation
C1996,-383.98481964394773,261.33935526344965,0.0,12.305,9.752,-3.306786015227543,2.250592421895966,140.0,0.0,azimuth_elevation
C1997,-374.83854935838747,274.29666830169543,0.0,12.305,9.752,-3.2280205090811633,2.362177722558442,140.0,0.0,azimuth_elevation
C1998,-365.2552340916835,286.93416369463586,0.0,12.305,9.752,-3.1454912754181295,2.4710088296621744,140.0,0.0,azimuth_elevation
C1999,-355.2460475607532,299.23710668794683,0.0,12.305,9.752,-3.059294539633171,2.576958851004545,140.0,0.0,azimuth_elevation
C2000,-344.82266002935694,311.1911526004381,0.0,12.305,9.752,-2.9695308032644285,2.6799042536000637,140.0,0.0,azimuth_elevation
C2001,-333.99722470109333,322.7823635493085,0.0,12.305,9.752,-2.876304726813163,2.779725007714298,140.0,0.0,azimuth_elevation
C2002,-322.7823635493086,333.9972247010932,0.0,12.305,9.752,-2.7797250077142994,2.876304726813162,140.0,0.0,azimuth_elevation
C2003,-311.19115260043856,344.8226600293565,0.0,12.305,9.752,-2.679904253600068,2.969530803264425,140.0,0.0,azimuth_elevation
C2004,-299.237106687947,355.2460475607531,0.0,12.305,9.752,-2.5769588510045462,3.05929453963317,140.0,0.0,azimuth_elevation
C2005,-286.93416369463597,365.2552340916834,0.0,12.305,9.752,-2.4710088296621757,3.1454912754181286,140.0,0.0,azimuth_elevation
C2006,-274.2966683016956,374.83854935838735,0.0,12.305,9.752,-2.3621777225584433,3.228020509081162,140.0,0.0,azimuth_elevation
C2007,-261.33935526344976,383.9848196439476,0.0,12.305,9.752,-2.2505924218959668,3.306786015227542,140.0,0.0,azimuth_elevation
C2008,-248.0773322272898,392.68338080634567,0.0,12.305,9.752,-2.136383031143843,3.3816959568004696,140.0,0.0,azimuth_elevation
C2009,-234.52606211883403,400.9240907123734,0.0,12.305,9.752,-2.0196827133428323,3.4526629921589707,140.0,0.0,azimuth_elevation
C2010,-220.70134511284948,408.6973410629062,0.0,12.305,9.752,-1.9006275358432165,3.5196043769143346,140.0,0.0,azimuth_elevation
C2011,-206.61930021095273,415.9940685957515,0.0,12.305,9.752,-1.77935631165634,3.5824420604063847,140.0,0.0,azimuth_elevation
C2012,-192.29634644757573,422.80576565300584,0.0,12.305,9.752,-1.6560104376048521,3.6411027767070494,140.0,0.0,azimuth_elevation
C2013,-177.74918374610868,429.1244901006032,0.0,12.305,9.752,-1.5307337294603582,3.695518130045148,140.0,0.0,azimuth_elevation
C2014,-162.99477344753205,434.94287458848925,0.0,12.305,9.752,-1.4036722542606277,3.7456246745528157,140.0,0.0,azimuth_elevation
C2015,-148.05031853425456,440.2541351406212,0.0,12.305,9.752,-1.2749741600019853,3.7913639882405423,140.0,0.0,azimuth_elevation
C2016,-132.93324357220408,445.0520790647805,0.0,12.305,9.752,-1.144789502905365,3.832682741114595,140.0,0.0,azimuth_elevation
C2017,-117.66117439456492,449.3311121729747,0.0,12.305,9.752,-1.0132700724574828,3.8695327573574057,140.0,0.0,azimuth_elevation
C2018,-102.25191755084234,453.0862453040109,0.0,12.305,9.752,-0.880569214431065,3.9018710714984235,140.0,0.0,azimuth_elevation
C2019,-86.72343954522341,456.31310014063433,0.0,12.305,9.752,-0.7468416520905454,3.92965997850993,140.0,0.0,azimuth_elevation
C2020,-71.09384588843825,459.00791431445015,0.0,12.305,9.752,-0.6122433057916726,3.9528670777694113,140.0,0.0,azimuth_elevation
C2021,-55.38135998754183,461.16754579267706,0.0,12.305,9.752,-0.47693111118532744,3.9714653108372393,140.0,0.0,azimuth_elevation
C2022,-39.60430189823739,462.78947654161703,0.0,12.305,9.752,-0.3410628362375815,3.9854329930056,140.0,0.0,azimuth_elevation
C2023,-23.781066964513833,463.87181546256926,0.0,12.305,9.752,-0.20479689727933115,3.9947538385818917,140.0,0.0,azimuth_elevation
C2024,-7.9301043704926215,464.41330059676767,0.0,12.305,9.752,-0.06829217429989916,3.999416979877116,140.0,0.0,azimuth_elevation
C2025,0.0,492.74240712538244,0.0,12.305,9.752,0.0,4.0,140.0,0.0,azimuth_elevation
C2026,16.822772814966733,492.45514932279076,0.0,12.305,9.752,0.13656444074387156,3.997668089464696,140.0,0.0,azimuth_elevation
C2027,33.625931029353346,491.59371084476385,0.0,12.305,9.752,0.27296965345868396,3.990675076762157,140.0,0.0,azimuth_elevation
C2028,50.38988291232658,490.15909609003296,0.0,12.305,9.752,0.4090565957681369,3.9790291154323794,140.0,0.0,azimuth_elevation
C2029,67.09508244588183,488.15297775522833,0.0,12.305,9.752,0.5446665963849864,3.962743784145323,140.0,0.0,azimuth_elevation
C2030,83.72205211462577,485.5776948845901,0.0,12.305,9.752,0.6796415401146667,3.941838070868787,140.0,0.0,azimuth_elevation
C2031,100.251405615688,482.4362501427468,0.0,12.305,9.752,0.813824052210535,3.916336350729291,140.0,0.0,azimuth_elevation
C2032,116.66387046228313,478.7323063137433,0.0,12.305,9.752,0.947057681865787,3.886268357591766,140.0,0.0,azimuth_elevation
C2033,132.9403104545681,474.47018203039823,0.0,12.305,9.752,1.079187084628097,3.851669149391197,140.0,0.0,azimuth_elevation
C2034,149.06174799159527,469.65484673897095,0.0,12.305,9.752,1.2100582035243033,3.8125790672566433,140.0,0.0,azimuth_elevation
C2035,165.00938619834625,464.2919149050101,0.0,12.305,9.752,1.3395184486839447,3.769043688475282,140.0,0.0,azimuth_elevation
C2036,180.7646308420472,458.3876394671376,0.0,12.305,9.752,1.4674168752522259,3.7211137733513326,140.0,0.0,azimuth_elevation
C2037,196.30911201221278,451.9489045464019,0.0,12.305,9.752,1.5936043593849656,3.668845206021812,140.0,0.0,azimuth_elevation
C2038,211.62470553913963,444.9832174197007,0.0,12.305,9.752,1.7179337721203276,3.612298929298131,140.0,0.0,azimuth_elevation
C2039,226.6935541258778,437.4986997666323,0.0,12.305,9.752,1.8402601509246086,3.551540873609501,140.0,0.0,azimuth_elevation
C2040,241.49808816904016,429.50407819998014,0.0,12.305,9.752,1.960440868712069,3.486641880131005,140.0,0.0,azimuth_elevation
C2041,256.021046244174,421.0086740908727,0.0,12.305,9.752,2.0783358001417342,3.4176776181859543,140.0,0.0,azimuth_elevation
C2042,270.2454952318097,412.0223927004819,0.0,12.305,9.752,2.193807484997275,3.344728497018843,140.0,0.0,azimuth_elevation
C2043,284.15485006072055,402.5557116309314,0.0,12.305,9.752,2.3067212884594683,3.267879572041768,140.0,0.0,azimuth_elevation
C2044,297.7328930453743,392.6196686088814,0.0,12.305,9.752,2.416945558084378,3.1872204456636184,140.0,0.0,azimuth_elevation
C2045,310.9637927950286,382.2258486160331,0.0,12.305,9.752,2.5243517773042115,3.102845162817679,140.0,0.0,azimuth_elevation
C2046,323.8321226724245,371.3863703815582,0.0,12.305,9.752,2.62881471527189,3.0148521013094443,140.0,0.0,azimuth_elevation
C2047,336.32287878055547,360.1138722522029,0.0,12.305,9.752,2.730212572874616,2.9233438571124966,140.0,0.0,azimuth_elevation
C2048,348.42149745654046,348.4214974565405,0.0,12.305,9.752,2.82842712474619,2.8284271247461903,140.0,0.0,azimuth_elevation
C2049,360.11387225220284,336.3228787805555,0.0,12.305,9.752,2.923343857112496,2.7302125728746165,140.0,0.0,azimuth_elevation
C2050,371.38637038155827,323.8321226724244,0.0,12.305,9.752,3.0148521013094447,2.6288147152718895,140.0,0.0,azimuth_elevation
C2051,382.2258486160331,310.96379279502855,0.0,12.305,9.752,3.102845162817679,2.524351777304211,140.0,0.0,azimuth_elevation
C2052,392.61966860888134,297.73289304537434,0.0,12.305,9.752,3.187220445663618,2.4169455580843784,140.0,0.0,azimuth_elevation
C2053,402.55571163093134,284.15485006072055,0.0,12.305,9.752,3.267879572041768,2.3067212884594683,140.0,0.0,azimuth_elevation
C2054,412.0223927004819,270.2454952318096,0.0,12.305,9.752,3.3447284970188433,2.193807484997275,140.0,0.0,azimuth_elevation
C2055,421.0086740908727,256.021046244174,0.0,12.305,9.752,3.4176776181859543,2.0783358001417342,140.0,0.0,azimuth_elevation
C2056,429.5040781999801,241.49808816904022,0.0,12.305,9.752,3.4866418801310046,1.9604408687120694,140.0,0.0,azimuth_elevation
C2057,437.4986997666323,226.69355412587782,0.0,12.305,9.752,3.551540873609501,1.8402601509246088,140.0,0.0,azimuth_elevation
C2058,444.9832174197007,211.6247055391396,0.0,12.305,9.752,3.612298929298131,1.7179337721203274,140.0,0.0,azimuth_elevation
C2059,451.9489045464019,196.30911201221272,0.0,12.305,9.752,3.668845206021812,1.5936043593849654,140.0,0.0,azimuth_elevation
C2060,458.3876394671376,180.76463084204724,0.0,12.305,9.752,3.7211137733513326,1.467416875252226,140.0,0.0,azimuth_elevation
C2061,464.29191490501006,165.0093861983463,0.0,12.305,9.752,3.769043688475282,1.3395184486839453,140.0,0.0,azimuth_elevation
C2062,469.65484673897095,149.06174799159527,0.0,12.305,9.752,3.8125790672566433,1.2100582035243033,140.0,0.0,azimuth_elevation
C2063,474.4701820303982,132.94031045456816,0.0,12.305,9.752,3.851669149391197,1.0791870846280978,140.0,0.0,azimuth_elevation
C2064,478.7323063137433,116.66387046228316,0.0,12.305,9.752,3.886268357591766,0.9470576818657872,140.0,0.0,azimuth_elevation
C2065,482.4362501427468,100.25140561568799,0.0,12.305,9.752,3.916336350729291,0.8138240522105349,140.0,0.0,azimuth_elevation
C2066,485.5776948845901,83.7220521146258,0.0,12.305,9.752,3.941838070868787,0.6796415401146669,140.0,0.0,azimuth_elevation
C2067,488.15297775522833,67.09508244588183,0.0,12.305,9.752,3.962743784145323,0.5446665963849864,140.0,0.0,azimuth_elevation
C2068,490.15909609003296,50.38988291232665,0.0,12.305,9.752,3.9790291154323794,0.40905659576813747,140.0,0.0,azimuth_elevation
C2069,491.59371084476385,33.62593102935347,0.0,12.305,9.752,3.9906750767621566,0.2729696534586849,140.0,0.0,azimuth_elevation
C2070,492.45514932279076,16.8227728149667,0.0,12.305,9.752,3.997668089464696,0.1365644407438713,140.0,0.0,azimuth_elevation
C2071,492.74240712538244,3.017177058451308e-14,0.0,12.305,9.752,4.0,2.4492935982947064e-16,140.0,0.0,azimuth_elevation
C2072,492.45514932279076,-16.82277281496675,0.0,12.305,9.752,3.997668089464696,-0.13656444074387172,140.0,0.0,azimuth_elevation
C2073,491.59371084476385,-33.625931029353296,0.0,12.305,9.752,3.990675076762157,-0.2729696534586835,140.0,0.0,azimuth_elevation
C2074,490.15909609003296,-50.38988291232648,0.0,12.305,9.752,3.9790291154323794,-0.4090565957681361,140.0,0.0,azimuth_elevation
C2075,488.15297775522833,-67.09508244588187,0.0,12.305,9.752,3.962743784145323,-0.5446665963849867,140.0,0.0,azimuth_elevation
C2076,485.5776948845901,-83.72205211462574,0.0,12.305,9.752,3.941838070868787,-0.6796415401146665,140.0,0.0,azimuth_elevation
C2077,482.4362501427468,-100.25140561568804,0.0,12.305,9.752,3.916336350729291,-0.8138240522105354,140.0,0.0,azimuth_elevation
C2078,478.7323063137433,-116.6638704622831,0.0,12.305,9.752,3.886268357591766,-0.9470576818657868,140.0,0.0,azimuth_elevation
C2079,474.47018203039823,-132.94031045456802,0.0,12.305,9.752,3.851669149391197,-1.0791870846280964,140.0,0.0,azimuth_elevation
C2080,469.65484673897095,-149.06174799159533,0.0,12.305,9.752,3.8125790672566433,-1.2100582035243037,140.0,0.0,azimuth_elevation
C2153,-464.29191490501006,-165.00938619834636,0.0,12.305,9.752,-3.7690436884752816,-1.3395184486839455,140.0,0.0,azimuth_elevation
C2154,-469.65484673897083,-149.06174799159555,0.0,12.305,9.752,-3.8125790672566424,-1.2100582035243055,140.0,0.0,azimuth_elevation
C2155,-474.4701820303982,-132.94031045456813,0.0,12.305,9.752,-3.851669149391197,-1.0791870846280973,140.0,0.0,azimuth_elevation
C2156,-478.7323063137434,-116.6638704622829,0.0,12.305,9.752,-3.8862683575917663,-0.9470576818657851,140.0,0.0,azimuth_elevation
C2157,-482.4362501427468,-100.25140561568794,0.0,12.305,9.752,-3.916336350729291,-0.8138240522105346,140.0,0.0,azimuth_elevation
C2158,-485.5776948845901,-83.72205211462585,0.0,12.305,9.752,-3.941838070868787,-0.6796415401146674,140.0,0.0,azimuth_elevation
C2159,-488.1529777552283,-67.0950824458821,0.0,12.305,9.752,-3.962743784145323,-0.5446665963849886,140.0,0.0,azimuth_elevation
C2160,-490.15909609003296,-50.3898829123266,0.0,12.305,9.752,-3.9790291154323794,-0.4090565957681371,140.0,0.0,azimuth_elevation
C2161,-491.5937108447639,-33.62593102935309,0.0,12.305,9.752,-3.990675076762157,-0.27296965345868185,140.0,0.0,azimuth_elevation
C2162,-492.45514932279076,-16.82277281496665,0.0,12.305,9.752,-3.997668089464696,-0.13656444074387092,140.0,0.0,azimuth_elevation
C2163,-492.74240712538244,-9.051531175353923e-14,0.0,12.305,9.752,-4.0,-7.347880794884119e-16,140.0,0.0,azimuth_elevation
C2164,-492.45514932279076,16.82277281496647,0.0,12.305,9.752,-3.997668089464696,0.13656444074386945,140.0,0.0,azimuth_elevation
C2165,-491.59371084476385,33.62593102935335,0.0,12.305,9.752,-3.990675076762157,0.272969653458684,140.0,0.0,azimuth_elevation
C2166,-490.15909609003296,50.389882912326414,0.0,12.305,9.752,-3.9790291154323794,0.4090565957681356,140.0,0.0,azimuth_elevation
C2167,-488.15297775522833,67.09508244588193,0.0,12.305,9.752,-3.962743784145323,0.5446665963849872,140.0,0.0,azimuth_elevation
C2168,-485.5776948845901,83.72205211462568,0.0,12.305,9.752,-3.941838070868787,0.679641540114666,140.0,0.0,azimuth_elevation
C2169,-482.43625014274687,100.25140561568776,0.0,12.305,9.752,-3.9163363507292916,0.8138240522105331,140.0,0.0,azimuth_elevation
C2170,-478.7323063137433,116.66387046228314,0.0,12.305,9.752,-3.886268357591766,0.9470576818657871,140.0,0.0,azimuth_elevation
C2171,-474.47018203039823,132.94031045456796,0.0,12.305,9.752,-3.8516691493911974,1.079187084628096,140.0,0.0,azimuth_elevation
C2172,-469.6548467389709,149.06174799159535,0.0,12.305,9.752,-3.812579067256643,1.210058203524304,140.0,0.0,azimuth_elevation
C2173,-464.2919149050101,165.0093861983462,0.0,12.305,9.752,-3.769043688475282,1.3395184486839442,140.0,0.0,azimuth_elevation
C2174,-458.38763946713766,180.764630842047,0.0,12.305,9.752,-3.721113773351333,1.4674168752522243,140.0,0.0,azimuth_elevation
C2175,-451.9489045464018,196.3091120122128,0.0,12.305,9.752,-3.6688452060218117,1.593604359384966,140.0,0.0,azimuth_elevation
C2176,-444.98321741970074,211.62470553913948,0.0,12.305,9.752,-3.6122989292981313,1.7179337721203265,140.0,0.0,azimuth_elevation
C2177,-437.49869976663246,226.69355412587754,0.0,12.305,9.752,-3.551540873609502,1.8402601509246064,140.0,0.0,azimuth_elevation
C2178,-429.50407819998014,241.49808816904013,0.0,12.305,9.752,-3.486641880131005,1.9604408687120685,140.0,0.0,azimuth_elevation
C2179,-421.00867409087283,256.0210462441738,0.0,12.305,9.752,-3.417677618185955,2.078335800141733,140.0,0.0,azimuth_elevation
C2180,-412.0223927004819,270.2454952318097,0.0,12.305,9.752,-3.344728497018843,2.193807484997275,140.0,0.0,azimuth_elevation
C2181,-402.55571163093146,284.1548500607205,0.0,12.305,9.752,-3.2678795720417684,2.306721288459468,140.0,0.0,azimuth_elevation
C2182,-392.61966860888157,297.7328930453741,0.0,12.305,9.752,-3.1872204456636197,2.416945558084376,140.0,0.0,azimuth_elevation
C2183,-382.2258486160331,310.96379279502855,0.0,12.305,9.752,-3.102845162817679,2.524351777304211,140.0,0.0,azimuth_elevation
C2184,-371.3863703815584,323.8321226724243,0.0,12.305,9.752,-3.0148521013094456,2.6288147152718886,140.0,0.0,azimuth_elevation
C2185,-360.11387225220284,336.3228787805556,0.0,12.305,9.752,-2.923343857112496,2.730212572874617,140.0,0.0,azimuth_elevation
C2186,-348.4214974565406,348.4214974565404,0.0,12.305,9.752,-2.8284271247461907,2.8284271247461894,140.0,0.0,azimuth_elevation
C2187,-336.3228787805557,360.11387225220267,0.0,12.305,9.752,-2.730212572874618,2.923343857112495,140.0,0.0,azimuth_elevation
C2188,-323.8321226724248,371.386370381558,0.0,12.305,9.752,-2.6288147152718926,3.014852101309442,140.0,0.0,azimuth_elevation
C2189,-310.9637927950287,382.225848616033,0.0,12.305,9.752,-2.5243517773042123,3.1028451628176783,140.0,0.0,azimuth_elevation
C2190,-297.7328930453746,392.61966860888117,0.0,12.305,9.752,-2.4169455580843806,3.1872204456636166,140.0,0.0,azimuth_elevation
C2191,-284.15485006072026,402.55571163093157,0.0,12.305,9.752,-2.306721288459466,3.2678795720417697,140.0,0.0,azimuth_elevation
C2192,-270.24549523180946,412.022392700482,0.0,12.305,9.752,-2.1938074849972735,3.3447284970188442,140.0,0.0,azimuth_elevation
C2193,-256.021046244174,421.0086740908727,0.0,12.305,9.752,-2.0783358001417342,3.4176776181859543,140.0,0.0,azimuth_elevation
C2194,-241.4980881690403,429.50407819998003,0.0,12.305,9.752,-1.96044086871207,3.486641880131004,140.0,0.0,azimuth_elevation
C2195,-226.6935541258777,437.49869976663234,0.0,12.305,9.752,-1.8402601509246077,3.5515408736095013,140.0,0.0,azimuth_elevation
C2196,-211.62470553913968,444.9832174197006,0.0,12.305,9.752,-1.7179337721203283,3.6122989292981305,140.0,0.0,azimuth_elevation
C2197,-196.309112012213,451.94890454640176,0.0,12.305,9.752,-1.5936043593849676,3.668845206021811,140.0,0.0,azimuth_elevation
C2198,-180.7646308420476,458.38763946713743,0.0,12.305,9.752,-1.4674168752522292,3.7211137733513313,140.0,0.0,azimuth_elevation
C2199,-165.0093861983464,464.29191490501006,0.0,12.305,9.752,-1.3395184486839458,3.7690436884752816,140.0,0.0,azimuth_elevation
C2200,-149.06174799159558,469.65484673897083,0.0,12.305,9.752,-1.2100582035243057,3.8125790672566424,140.0,0.0,azimuth_elevation
C2201,-132.94031045456856,474.47018203039806,0.0,12.305,9.752,-1.0791870846281009,3.851669149391196,140.0,0.0,azimuth_elevation
C2202,-116.66387046228293,478.7323063137434,0.0,12.305,9.752,-0.9470576818657853,3.8862683575917663,140.0,0.0,azimuth_elevation
C2203,-100.25140561568797,482.4362501427468,0.0,12.305,9.752,-0.8138240522105348,3.916336350729291,140.0,0.0,azimuth_elevation
C2204,-83.72205211462588,485.5776948845901,0.0,12.305,9.752,-0.6796415401146676,3.941838070868787,140.0,0.0,azimuth_elevation
C2205,-67.0950824458817,488.15297775522833,0.0,12.305,9.752,-0.5446665963849854,3.9627437841453235,140.0,0.0,azimuth_elevation
C2206,-50.38988291232663,490.15909609003296,0.0,12.305,9.752,-0.4090565957681373,3.9790291154323794,140.0,0.0,azimuth_elevation
C2207,-33.62593102935356,491.59371084476385,0.0,12.305,9.752,-0.2729696534586856,3.9906750767621566,140.0,0.0,azimuth_elevation
C2208,-16.82277281496712,492.45514932279076,0.0,12.305,9.752,-0.13656444074387472,3.997668089464696,140.0,0.0,azimuth_elevation
C2209,8.895120805686586,520.927874284621,0.0,12.305,9.752,0.06829217429989887,3.999416979877116,140.0,0.0,azimuth_elevation
C2210,26.674991104099966,520.3204956855321,0.0,12.305,9.752,0.20479689727933223,3.9947538385818917,140.0,0.0,azimuth_elevation
C2211,44.42375955612096,519.1064466636315,0.0,12.305,9.752,0.34106283623758404,3.9854329930056003,140.0,0.0,azimuth_elevation
C2212,62.12073189167859,517.2871427457712,0.0,12.305,9.752,0.4769311111853243,3.9714653108372397,140.0,0.0,azimuth_elevation
C2213,79.74527423265671,514.8647051589379,0.0,12.305,9.752,0.6122433057916709,3.9528670777694117,140.0,0.0,azimuth_elevation
C2214,97.27683715107291,511.8419583569965,0.0,12.305,9.752,0.746841652090545,3.9296599785099304,140.0,0.0,azimuth_elevation
C2215,114.69497962879232,508.22242672750343,0.0,12.305,9.752,0.8805692144310624,3.9018710714984244,140.0,0.0,azimuth_elevation
C2216,131.9793928908403,504.0103304824286,0.0,12.305,9.752,1.0132700724574817,3.869532757357406,140.0,0.0,azimuth_elevation
C2217,149.10992408452572,499.2105807375768,0.0,12.305,9.752,1.1447895029053652,3.832682741114595,140.0,0.0,azimuth_elevation
C2218,166.06659977676554,493.8287737864464,0.0,12.305,9.752,1.2749741600019833,3.791363988240543,140.0,0.0,azimuth_elevation
C2219,182.82964924221466,487.8711845752016,0.0,12.305,9.752,1.4036722542606273,3.745624674552816,140.0,0.0,azimuth_elevation
C2220,199.37952751504685,481.34475938636575,0.0,12.305,9.752,1.5307337294603591,3.695518130045147,140.0,0.0,azimuth_elevation
C2221,215.6969381775109,474.25710773976675,0.0,12.305,9.752,1.6560104376048541,3.6411027767070485,140.0,0.0,azimuth_elevation
C2222,231.76285585869047,466.61649352017713,0.0,12.305,9.752,1.779356311656337,3.5824420604063865,140.0,0.0,azimuth_elevation
C2223,247.5585484172356,458.43182534199445,0.0,12.305,9.752,1.9006275358432148,3.519604376914336,140.0,0.0,azimuth_elevation
C2224,263.06559878220133,449.71264616219497,0.0,12.305,9.752,2.0196827133428314,3.452662992158971,140.0,0.0,azimuth_elevation
C2225,278.26592642652895,440.46912215367297,0.0,12.305,9.752,2.1363830311438408,3.3816959568004714,140.0,0.0,azimuth_elevation
C2226,293.14180844813154,430.7120308519378,0.0,12.305,9.752,2.2505924218959654,3.306786015227543,140.0,0.0,azimuth_elevation
C2227,307.675900234005,420.45274858898983,0.0,12.305,9.752,2.3621777225584433,3.2280205090811624,140.0,0.0,azimuth_elevation
C2228,321.85125568327106,409.7032372290258,0.0,12.305,9.752,2.471008829662174,3.14549127541813,140.0,0.0,azimuth_elevation
C2229,335.6513469655728,398.47603022144045,0.0,12.305,9.752,2.5769588510045454,3.0592945396331706,140.0,0.0,azimuth_elevation
C2230,349.0600837917856,386.78421798738543,0.0,12.305,9.752,2.679904253600066,2.969530803264427,140.0,0.0,azimuth_elevation
C2231,362.0618321745743,374.64143265692337,0.0,12.305,9.752,2.7797250077142985,2.8763047268131627,140.0,0.0,azimuth_elevation
C2232,374.64143265692337,362.0618321745743,0.0,12.305,9.752,2.8763047268131627,2.7797250077142985,140.0,0.0,azimuth_elevation
C2233,386.78421798738543,349.0600837917856,0.0,12.305,9.752,2.969530803264427,2.679904253600066,140.0,0.0,azimuth_elevation
C2234,398.47603022144045,335.6513469655728,0.0,12.305,9.752,3.0592945396331706,2.5769588510045454,140.0,0.0,azimuth_elevation
C2235,409.7032372290258,321.85125568327106,0.0,12.305,9.752,3.14549127541813,2.471008829662174,140.0,0.0,azimuth_elevation
C2236,420.45274858898983,307.6759002340049,0.0,12.305,9.752,3.2280205090811624,2.362177722558443,140.0,0.0,azimuth_elevation
C2237,430.7120308519378,293.1418084481316,0.0,12.305,9.752,3.306786015227543,2.250592421895966,140.0,0.0,azimuth_elevation
C2238,440.4691221536729,278.26592642652895,0.0,12.305,9.752,3.381695956800471,2.1363830311438408,140.0,0.0,azimuth_elevation
C2239,449.71264616219497,263.06559878220133,0.0,12.305,9.752,3.452662992158971,2.0196827133428314,140.0,0.0,azimuth_elevation
C2240,458.43182534199445,247.55854841723553,0.0,12.305,9.752,3.519604376914336,1.9006275358432143,140.0,0.0,azimuth_elevation
C2241,466.61649352017713,231.7628558586905,0.0,12.305,9.752,3.5824420604063865,1.7793563116563371,140.0,0.0,azimuth_elevation
C2242,474.25710773976675,215.69693817751096,0.0,12.305,9.752,3.6411027767070485,1.6560104376048546,140.0,0.0,azimuth_elevation
C2243,481.34475938636575,199.37952751504687,0.0,12.305,9.752,3.695518130045147,1.5307337294603593,140.0,0.0,azimuth_elevation
C2244,487.8711845752016,182.82964924221463,0.0,12.305,9.752,3.745624674552816,1.403672254260627,140.0,0.0,azimuth_elevation
C2245,493.82877378644633,166.0665997767656,0.0,12.305,9.752,3.791363988240543,1.274974160001984,140.0,0.0,azimuth_elevation
C2246,499.2105807375768,149.10992408452572,0.0,12.305,9.752,3.832682741114595,1.1447895029053652,140.0,0.0,azimuth_elevation
C2247,504.0103304824286,131.97939289084036,0.0,12.305,9.752,3.869532757357406,1.0132700724574821,140.0,0.0,azimuth_elevation
C2248,508.22242672750343,114.69497962879234,0.0,12.305,9.752,3.9018710714984244,0.8805692144310625,140.0,0.0,azimuth_elevation
C2249,511.84195835699643,97.276837151073,0.0,12.305,9.752,3.929659978509931,0.7468416520905458,140.0,0.0,azimuth_elevation
C2250,514.8647051589379,79.74527423265663,0.0,12.305,9.752,3.9528670777694117,0.6122433057916702,140.0,0.0,azimuth_elevation
C2251,517.2871427457712,62.12073189167856,0.0,12.305,9.752,3.9714653108372397,0.47693111118532405,140.0,0.0,azimuth_elevation
C2252,519.1064466636315,44.423759556121,0.0,12.305,9.752,3.9854329930056003,0.3410628362375843,140.0,0.0,azimuth_elevation
C2253,520.3204956855321,26.67499110409996,0.0,12.305,9.752,3.9947538385818917,0.20479689727933217,140.0,0.0,azimuth_elevation
C2254,520.927874284621,8.895120805686643,0.0,12.305,9.752,3.999416979877116,0.06829217429989931,140.0,0.0,azimuth_elevation
C2255,520.927874284621,-8.895120805686464,0.0,12.305,9.752,3.999416979877116,-0.06829217429989794,140.0,0.0,azimuth_elevation
C2256,520.3204956855321,-26.674991104100013,0.0,12.305,9.752,3.9947538385818917,-0.2047968972793326,140.0,0.0,azimuth_elevation
C2257,519.1064466636315,-44.423759556120935,0.0,12.305,9.752,3.9854329930056003,-0.3410628362375838,140.0,0.0,azimuth_elevation
C2258,517.2871427457712,-62.12073189167861,0.0,12.305,9.752,3.9714653108372397,-0.47693111118532444,140.0,0.0,azimuth_elevation
C2259,514.8647051589379,-79.74527423265668,0.0,12.305,9.752,3.9528670777694117,-0.6122433057916706,140.0,0.0,azimuth_elevation
C2260,511.8419583569965,-97.27683715107283,0.0,12.305,9.752,3.9296599785099304,-0.7468416520905443,140.0,0.0,azimuth_elevation
C2261,508.22242672750343,-114.69497962879238,0.0,12.305,9.752,3.9018710714984244,-0.8805692144310628,140.0,0.0,azimuth_elevation
C2262,504.0103304824286,-131.9793928908403,0.0,12.305,9.752,3.869532757357406,-1.0132700724574817,140.0,0.0,azimuth_elevation
C2338,-499.21058073757666,-149.10992408452609,0.0,12.305,9.752,-3.8326827411145943,-1.144789502905368,140.0,0.0,azimuth_elevation
C2339,-504.01033048242857,-131.97939289084042,0.0,12.305,9.752,-3.8695327573574057,-1.0132700724574826,140.0,0.0,azimuth_elevation
C2340,-508.22242672750343,-114.69497962879217,0.0,12.305,9.752,-3.9018710714984244,-0.8805692144310612,140.0,0.0,azimuth_elevation
C2341,-511.84195835699643,-97.27683715107294,0.0,12.305,9.752,-3.929659978509931,-0.7468416520905453,140.0,0.0,azimuth_elevation
C2342,-514.8647051589379,-79.74527423265691,0.0,12.305,9.752,-3.9528670777694117,-0.6122433057916724,140.0,0.0,azimuth_elevation
C2343,-517.2871427457711,-62.12073189167897,0.0,12.305,9.752,-3.971465310837239,-0.4769311111853272,140.0,0.0,azimuth_elevation
C2344,-519.1064466636315,-44.42375955612106,0.0,12.305,9.752,-3.9854329930056003,-0.3410628362375848,140.0,0.0,azimuth_elevation
C2345,-520.3204956855321,-26.674991104099792,0.0,12.305,9.752,-3.9947538385818917,-0.2047968972793309,140.0,0.0,azimuth_elevation
C2346,-520.927874284621,-8.895120805686592,0.0,12.305,9.752,-3.999416979877116,-0.06829217429989891,140.0,0.0,azimuth_elevation
C2347,-520.927874284621,8.8951208056864,0.0,12.305,9.752,-3.999416979877116,0.06829217429989744,140.0,0.0,azimuth_elevation
C2348,-520.3204956855321,26.6749911040996,0.0,12.305,9.752,-3.9947538385818917,0.20479689727932943,140.0,0.0,azimuth_elevation
C2349,-519.1064466636315,44.42375955612087,0.0,12.305,9.752,-3.9854329930056003,0.3410628362375834,140.0,0.0,azimuth_elevation
C2350,-517.2871427457711,62.12073189167877,0.0,12.305,9.752,-3.971465310837239,0.4769311111853257,140.0,0.0,azimuth_elevation
C2351,-514.8647051589379,79.74527423265673,0.0,12.305,9.752,-3.9528670777694117,0.612243305791671,140.0,0.0,azimuth_elevation
C2352,-511.8419583569965,97.27683715107275,0.0,12.305,9.752,-3.9296599785099304,0.7468416520905438,140.0,0.0,azimuth_elevation
C2353,-508.2224267275035,114.69497962879198,0.0,12.305,9.752,-3.901871071498425,0.8805692144310597,140.0,0.0,azimuth_elevation
C2354,-504.0103304824286,131.97939289084024,0.0,12.305,9.752,-3.869532757357406,1.0132700724574812,140.0,0.0,azimuth_elevation
C2355,-499.21058073757683,149.10992408452546,0.0,12.305,9.752,-3.8326827411145956,1.1447895029053632,140.0,0.0,azimuth_elevation
C2356,-493.8287737864464,166.0665997767656,0.0,12.305,9.752,-3.791363988240543,1.2749741600019837,140.0,0.0,azimuth_elevation
C2357,-487.87118457520165,182.82964924221451,0.0,12.305,9.752,-3.7456246745528166,1.4036722542606261,140.0,0.0,azimuth_elevation
C2358,-481.34475938636587,199.37952751504653,0.0,12.305,9.752,-3.695518130045148,1.5307337294603567,140.0,0.0,azimuth_elevation
C2359,-474.2571077397668,215.69693817751084,0.0,12.305,9.752,-3.641102776707049,1.6560104376048537,140.0,0.0,azimuth_elevation
C2360,-466.61649352017724,231.7628558586903,0.0,12.305,9.752,-3.5824420604063874,1.7793563116563356,140.0,0.0,azimuth_elevation
C2361,-458.4318253419944,247.55854841723564,0.0,12.305,9.752,-3.5196043769143355,1.900627535843215,140.0,0.0,azimuth_elevation
C2362,-449.712646162195,263.0655987822012,0.0,12.305,9.752,-3.4526629921589715,2.0196827133428306,140.0,0.0,azimuth_elevation
C2363,-440.46912215367314,278.26592642652867,0.0,12.305,9.752,-3.3816959568004727,2.1363830311438385,140.0,0.0,azimuth_elevation
C2364,-430.7120308519378,293.14180844813154,0.0,12.305,9.752,-3.306786015227543,2.2505924218959654,140.0,0.0,azimuth_elevation
C2365,-420.45274858898995,307.6759002340048,0.0,12.305,9.752,-3.2280205090811633,2.362177722558442,140.0,0.0,azimuth_elevation
C2366,-409.7032372290257,321.8512556832711,0.0,12.305,9.752,-3.1454912754181295,2.4710088296621744,140.0,0.0,azimuth_elevation
C2367,-398.4760302214405,335.65134696557277,0.0,12.305,9.752,-3.059294539633171,2.576958851004545,140.0,0.0,azimuth_elevation
C2368,-386.78421798738566,349.06008379178536,0.0,12.305,9.752,-2.969530803264429,2.679904253600064,140.0,0.0,azimuth_elevation
C2369,-374.64143265692337,362.0618321745743,0.0,12.305,9.752,-2.8763047268131627,2.7797250077142985,140.0,0.0,azimuth_elevation
C2370,-362.0618321745744,374.64143265692326,0.0,12.305,9.752,-2.7797250077142994,2.876304726813162,140.0,0.0,azimuth_elevation
C2371,-349.06008379178587,386.78421798738515,0.0,12.305,9.752,-2.679904253600068,2.969530803264425,140.0,0.0,azimuth_elevation
C2372,-335.65134696557294,398.4760302214404,0.0,12.305,9.752,-2.5769588510045462,3.05929453963317,140.0,0.0,azimuth_elevation
C2373,-321.8512556832713,409.7032372290256,0.0,12.305,9.752,-2.4710088296621757,3.1454912754181286,140.0,0.0,azimuth_elevation
C2374,-307.675900234005,420.45274858898983,0.0,12.305,9.752,-2.3621777225584433,3.2280205090811624,140.0,0.0,azimuth_elevation
C2375,-293.1418084481317,430.7120308519377,0.0,12.305,9.752,-2.2505924218959668,3.306786015227542,140.0,0.0,azimuth_elevation
C2376,-278.26592642652923,440.46912215367274,0.0,12.305,9.752,-2.136383031143843,3.3816959568004696,140.0,0.0,azimuth_elevation
C2377,-263.06559878220145,449.7126461621949,0.0,12.305,9.752,-2.0196827133428323,3.4526629921589707,140.0,0.0,azimuth_elevation
C2378,-247.55854841723584,458.4318253419943,0.0,12.305,9.752,-1.9006275358432165,3.5196043769143346,140.0,0.0,azimuth_elevation
C2379,-231.7628558586909,466.61649352017696,0.0,12.305,9.752,-1.7793563116563402,3.582442060406385,140.0,0.0,azimuth_elevation
C2380,-215.69693817751065,474.25710773976687,0.0,12.305,9.752,-1.6560104376048521,3.6411027767070494,140.0,0.0,azimuth_elevation
C2381,-199.37952751504673,481.3447593863658,0.0,12.305,9.752,-1.5307337294603582,3.6955181300451474,140.0,0.0,azimuth_elevation
C2382,-182.8296492422147,487.87118457520154,0.0,12.305,9.752,-1.403672254260628,3.745624674552816,140.0,0.0,azimuth_elevation
C2383,-166.0665997767658,493.8287737864463,0.0,12.305,9.752,-1.2749741600019855,3.7913639882405428,140.0,0.0,azimuth_elevation
C2384,-149.1099240845257,499.2105807375768,0.0,12.305,9.752,-1.144789502905365,3.832682741114595,140.0,0.0,azimuth_elevation
C2385,-131.97939289084044,504.01033048242857,0.0,12.305,9.752,-1.0132700724574828,3.8695327573574057,140.0,0.0,azimuth_elevation
C2386,-114.69497962879267,508.2224267275034,0.0,12.305,9.752,-0.880569214431065,3.901871071498424,140.0,0.0,azimuth_elevation
C2387,-97.27683715107297,511.84195835699643,0.0,12.305,9.752,-0.7468416520905455,3.929659978509931,140.0,0.0,azimuth_elevation
C2388,-79.74527423265694,514.8647051589379,0.0,12.305,9.752,-0.6122433057916726,3.9528670777694117,140.0,0.0,azimuth_elevation
C2389,-62.120731891679,517.2871427457711,0.0,12.305,9.752,-0.47693111118532744,3.971465310837239,140.0,0.0,azimuth_elevation
C2390,-44.423759556120636,519.1064466636315,0.0,12.305,9.752,-0.34106283623758155,3.9854329930056003,140.0,0.0,azimuth_elevation
C2391,-26.674991104099824,520.3204956855321,0.0,12.305,9.752,-0.20479689727933115,3.9947538385818917,140.0,0.0,azimuth_elevation
C2392,-8.895120805686624,520.927874284621,0.0,12.305,9.752,-0.06829217429989916,3.999416979877116,140.0,0.0,azimuth_elevation
C2393,0.0,549.2652192974604,0.0,12.305,9.752,0.0,4.0,140.0,0.0,azimuth_elevation
C2394,18.752524373354415,548.9450099595714,0.0,12.305,9.752,0.13656444074387158,3.997668089464696,140.0,0.0,azimuth_elevation
C2395,37.48318414213394,547.9847552956688,0.0,12.305,9.752,0.2729696534586839,3.9906750767621566,140.0,0.0,azimuth_elevation
C2396,56.17014019491458,546.3855749197364,0.0,12.305,9.752,0.4090565957681369,3.97902911543238,140.0,0.0,azimuth_elevation
C2397,74.79160437685022,544.1493334045572,0.0,12.305,9.752,0.5446665963849864,3.962743784145323,140.0,0.0,azimuth_elevation
C2398,93.32586489368653,541.2786381077057,0.0,12.305,9.752,0.6796415401146667,3.9418380708687875,140.0,0.0,azimuth_elevation
C2399,111.75131162674185,537.776836131485,0.0,12.305,9.752,0.8138240522105351,3.916336350729291,140.0,0.0,azimuth_elevation
C2400,130.046461329339,533.6480104203556,0.0,12.305,9.752,0.9470576818657871,3.886268357591766,140.0,0.0,azimuth_elevation
C2401,148.18998267530966,528.8969750004047,0.0,12.305,9.752,1.0791870846280969,3.851669149391197,140.0,0.0,azimuth_elevation
C2402,166.1607211303668,523.5292693664068,0.0,12.305,9.752,1.210058203524303,3.8125790672566433,140.0,0.0,azimuth_elevation
C2403,183.9377236173452,517.5511520230211,0.0,12.305,9.752,1.3395184486839447,3.7690436884752816,140.0,0.0,azimuth_elevation
C2404,201.50026294655197,510.969593187655,0.0,12.305,9.752,1.4674168752522259,3.7211137733513326,140.0,0.0,azimuth_elevation
C2405,218.82786198274303,503.7922666635017,0.0,12.305,9.752,1.5936043593849658,3.668845206021812,140.0,0.0,azimuth_elevation
C2406,235.90031752054625,496.0275408922298,0.0,12.305,9.752,1.7179337721203276,3.612298929298131,140.0,0.0,azimuth_elevation
C2407,252.69772384049566,487.6844691967541,0.0,12.305,9.752,1.8402601509246086,3.551540873609501,140.0,0.0,azimuth_elevation
C2408,269.2004959182096,478.7727792254665,0.0,12.305,9.752,1.9604408687120691,3.486641880131005,140.0,0.0,azimuth_elevation
C2409,285.3893922596531,469.3028616102325,0.0,12.305,9.752,2.0783358001417342,3.4176776181859543,140.0,0.0,azimuth_elevation
C2410,301.2455373358596,459.28575785137997,0.0,12.305,9.752,2.1938074849972753,3.3447284970188433,140.0,0.0,azimuth_elevation
C2411,316.75044359095256,448.7331474438032,0.0,12.305,9.752,2.3067212884594683,3.2678795720417684,140.0,0.0,azimuth_elevation
C2412,331.88603299780965,437.65733425919416,0.0,12.305,9.752,2.416945558084378,3.1872204456636184,140.0,0.0,azimuth_elevation
C2413,346.6346581362329,426.07123220027916,0.0,12.305,9.752,2.5243517773042115,3.102845162817679,140.0,0.0,azimuth_elevation
C2414,360.97912276905134,413.9883501437853,0.0,12.305,9.752,2.62881471527189,3.0148521013094443,140.0,0.0,azimuth_elevation
C2415,374.9027018921649,401.4227761896948,0.0,12.305,9.752,2.730212572874616,2.9233438571124966,140.0,0.0,azimuth_elevation
C2416,388.3891612351503,388.38916123515037,0.0,12.305,9.752,2.82842712474619,2.8284271247461903,140.0,0.0,azimuth_elevation
C2417,401.42277618969473,374.90270189216494,0.0,12.305,9.752,2.923343857112496,2.7302125728746165,140.0,0.0,azimuth_elevation
C2418,413.98835014378534,360.9791227690513,0.0,12.305,9.752,3.0148521013094447,2.6288147152718895,140.0,0.0,azimuth_elevation
C2419,426.07123220027916,346.6346581362328,0.0,12.305,9.752,3.1028451628176796,2.5243517773042115,140.0,0.0,azimuth_elevation
C2420,437.6573342591941,331.8860329978097,0.0,12.305,9.752,3.187220445663618,2.4169455580843784,140.0,0.0,azimuth_elevation
C2421,448.73314744380315,316.75044359095256,0.0,12.305,9.752,3.267879572041768,2.3067212884594683,140.0,0.0,azimuth_elevation
C2422,459.28575785137997,301.2455373358595,0.0,12.305,9.752,3.344728497018844,2.1938074849972753,140.0,0.0,azimuth_elevation
C2423,469.3028616102325,285.3893922596531,0.0,12.305,9.752,3.4176776181859543,2.0783358001417342,140.0,0.0,azimuth_elevation
C2424,478.7727792254664,269.20049591820964,0.0,12.305,9.752,3.4866418801310046,1.9604408687120696,140.0,0.0,azimuth_elevation
C2425,487.6844691967541,252.69772384049568,0.0,12.305,9.752,3.551540873609501,1.8402601509246088,140.0,0.0,azimuth_elevation
C2426,496.0275408922298,235.90031752054622,0.0,12.305,9.752,3.612298929298131,1.7179337721203274,140.0,0.0,azimuth_elevation
C2427,503.7922666635017,218.82786198274295,0.0,12.305,9.752,3.668845206021812,1.5936043593849654,140.0,0.0,azimuth_elevation
C2428,510.969593187655,201.500262946552,0.0,12.305,9.752,3.7211137733513326,1.467416875252226,140.0,0.0,azimuth_elevation
C2429,517.5511520230211,183.93772361734526,0.0,12.305,9.752,3.7690436884752816,1.339518448683945,140.0,0.0,azimuth_elevation
C2430,523.5292693664068,166.16072113036685,0.0,12.305,9.752,3.8125790672566433,1.2100582035243033,140.0,0.0,azimuth_elevation
C2431,528.8969750004046,148.18998267530975,0.0,12.305,9.752,3.851669149391197,1.0791870846280978,140.0,0.0,azimuth_elevation
C2432,533.6480104203556,130.04646132933902,0.0,12.305,9.752,3.886268357591766,0.9470576818657873,140.0,0.0,azimuth_elevation
C2433,537.776836131485,111.75131162674184,0.0,12.305,9.752,3.916336350729291,0.813824052210535,140.0,0.0,azimuth_elevation
C2434,541.2786381077057,93.32586489368657,0.0,12.305,9.752,3.9418380708687875,0.679641540114667,140.0,0.0,azimuth_elevation
C2435,544.1493334045572,74.79160437685022,0.0,12.305,9.752,3.962743784145323,0.5446665963849864,140.0,0.0,azimuth_elevation
C2436,546.3855749197364,56.17014019491466,0.0,12.305,9.752,3.97902911543238,0.40905659576813747,140.0,0.0,azimuth_elevation
C2437,547.9847552956688,37.48318414213408,0.0,12.305,9.752,3.9906750767621566,0.2729696534586849,140.0,0.0,azimuth_elevation
C2438,548.9450099595714,18.752524373354376,0.0,12.305,9.752,3.997668089464696,0.1365644407438713,140.0,0.0,azimuth_elevation
C2439,549.2652192974604,3.3632794634780195e-14,0.0,12.305,9.752,4.0,2.4492935982947064e-16,140.0,0.0,azimuth_elevation
C2440,548.9450099595714,-18.752524373354433,0.0,12.305,9.752,3.997668089464696,-0.13656444074387172,140.0,0.0,azimuth_elevation
C2441,547.9847552956688,-37.48318414213389,0.0,12.305,9.752,3.9906750767621566,-0.2729696534586835,140.0,0.0,azimuth_elevation
C2442,546.3855749197364,-56.17014019491447,0.0,12.305,9.752,3.97902911543238,-0.4090565957681361,140.0,0.0,azimuth_elevation
C2443,544.1493334045572,-74.79160437685026,0.0,12.305,9.752,3.962743784145323,-0.5446665963849867,140.0,0.0,azimuth_elevation
C2444,541.2786381077057,-93.3258648936865,0.0,12.305,9.752,3.9418380708687875,-0.6796415401146665,140.0,0.0,azimuth_elevation
C2445,537.776836131485,-111.7513116267419,0.0,12.305,9.752,3.916336350729291,-0.8138240522105354,140.0,0.0,azimuth_elevation
C2446,533.6480104203556,-130.04646132933897,0.0,12.305,9.752,3.886268357591766,-0.9470576818657869,140.0,0.0,azimuth_elevation
C2524,-533.6480104203556,-130.0464613293387,0.0,12.305,9.752,-3.8862683575917667,-0.9470576818657852,140.0,0.0,azimuth_elevation
C2525,-537.776836131485,-111.7513116267418,0.0,12.305,9.752,-3.916336350729292,-0.8138240522105349,140.0,0.0,azimuth_elevation
C2526,-541.2786381077057,-93.32586489368664,0.0,12.305,9.752,-3.9418380708687875,-0.6796415401146675,140.0,0.0,azimuth_elevation
C2527,-544.1493334045572,-74.79160437685053,0.0,12.305,9.752,-3.962743784145323,-0.5446665963849886,140.0,0.0,azimuth_elevation
C2528,-546.3855749197364,-56.1701401949146,0.0,12.305,9.752,-3.97902911543238,-0.4090565957681371,140.0,0.0,azimuth_elevation
C2529,-547.984755295669,-37.48318414213366,0.0,12.305,9.752,-3.9906750767621575,-0.27296965345868185,140.0,0.0,azimuth_elevation
C2530,-548.9450099595714,-18.752524373354323,0.0,12.305,9.752,-3.997668089464696,-0.13656444074387092,140.0,0.0,azimuth_elevation
C2531,-549.2652192974604,-1.0089838390434057e-13,0.0,12.305,9.752,-4.0,-7.347880794884119e-16,140.0,0.0,azimuth_elevation
C2532,-548.9450099595714,18.75252437335412,0.0,12.305,9.752,-3.997668089464696,0.13656444074386945,140.0,0.0,azimuth_elevation
C2533,-547.9847552956688,37.48318414213395,0.0,12.305,9.752,-3.9906750767621566,0.27296965345868396,140.0,0.0,azimuth_elevation
C2534,-546.3855749197364,56.170140194914396,0.0,12.305,9.752,-3.97902911543238,0.4090565957681356,140.0,0.0,azimuth_elevation
C2535,-544.1493334045572,74.79160437685033,0.0,12.305,9.752,-3.962743784145323,0.5446665963849872,140.0,0.0,azimuth_elevation
C2536,-541.2786381077057,93.32586489368644,0.0,12.305,9.752,-3.9418380708687875,0.679641540114666,140.0,0.0,azimuth_elevation
C2537,-537.7768361314851,111.7513116267416,0.0,12.305,9.752,-3.916336350729292,0.8138240522105332,140.0,0.0,azimuth_elevation
C2538,-533.6480104203556,130.046461329339,0.0,12.305,9.752,-3.886268357591766,0.9470576818657871,140.0,0.0,azimuth_elevation
C2539,-528.8969750004047,148.18998267530952,0.0,12.305,9.752,-3.851669149391198,1.079187084628096,140.0,0.0,azimuth_elevation
C2540,-523.5292693664067,166.16072113036694,0.0,12.305,9.752,-3.8125790672566433,1.2100582035243042,140.0,0.0,azimuth_elevation
C2541,-517.5511520230211,183.93772361734514,0.0,12.305,9.752,-3.7690436884752816,1.3395184486839442,140.0,0.0,azimuth_elevation
C2542,-510.96959318765505,201.50026294655174,0.0,12.305,9.752,-3.721113773351334,1.4674168752522245,140.0,0.0,azimuth_elevation
C2543,-503.79226666350166,218.82786198274306,0.0,12.305,9.752,-3.6688452060218117,1.593604359384966,140.0,0.0,azimuth_elevation
C2544,-496.02754089222987,235.9003175205461,0.0,12.305,9.752,-3.6122989292981313,1.7179337721203265,140.0,0.0,azimuth_elevation
C2545,-487.6844691967543,252.69772384049534,0.0,12.305,9.752,-3.551540873609502,1.8402601509246064,140.0,0.0,azimuth_elevation
C2546,-478.7727792254665,269.2004959182095,0.0,12.305,9.752,-3.486641880131005,1.9604408687120687,140.0,0.0,azimuth_elevation
C2547,-469.30286161023264,285.38939225965294,0.0,12.305,9.752,-3.417677618185955,2.078335800141733,140.0,0.0,azimuth_elevation
C2548,-459.28575785137997,301.2455373358596,0.0,12.305,9.752,-3.3447284970188433,2.1938074849972753,140.0,0.0,azimuth_elevation
C2549,-448.73314744380326,316.7504435909525,0.0,12.305,9.752,-3.267879572041769,2.306721288459468,140.0,0.0,azimuth_elevation
C2550,-437.6573342591944,331.8860329978094,0.0,12.305,9.752,-3.1872204456636197,2.416945558084376,140.0,0.0,azimuth_elevation
C2551,-426.07123220027916,346.6346581362328,0.0,12.305,9.752,-3.1028451628176796,2.5243517773042115,140.0,0.0,azimuth_elevation
C2552,-413.98835014378545,360.9791227690512,0.0,12.305,9.752,-3.0148521013094456,2.6288147152718886,140.0,0.0,azimuth_elevation
C2553,-401.42277618969473,374.902701892165,0.0,12.305,9.752,-2.923343857112496,2.730212572874617,140.0,0.0,azimuth_elevation
C2554,-388.3891612351504,388.38916123515025,0.0,12.305,9.752,-2.8284271247461907,2.8284271247461894,140.0,0.0,azimuth_elevation
C2555,-374.9027018921651,401.4227761896945,0.0,12.305,9.752,-2.7302125728746183,2.9233438571124952,140.0,0.0,azimuth_elevation
C2556,-360.97912276905174,413.98835014378494,0.0,12.305,9.752,-2.6288147152718926,3.014852101309442,140.0,0.0,azimuth_elevation
C2557,-346.634658136233,426.07123220027904,0.0,12.305,9.752,-2.5243517773042123,3.1028451628176783,140.0,0.0,azimuth_elevation
C2558,-331.88603299781,437.65733425919393,0.0,12.305,9.752,-2.4169455580843806,3.1872204456636166,140.0,0.0,azimuth_elevation
C2559,-316.7504435909523,448.7331474438034,0.0,12.305,9.752,-2.306721288459466,3.2678795720417697,140.0,0.0,azimuth_elevation
C2560,-301.24553733585935,459.28575785138014,0.0,12.305,9.752,-2.1938074849972735,3.3447284970188442,140.0,0.0,azimuth_elevation
C2561,-285.3893922596531,469.3028616102325,0.0,12.305,9.752,-2.0783358001417342,3.4176776181859543,140.0,0.0,azimuth_elevation
C2562,-269.2004959182097,478.77277922546637,0.0,12.305,9.752,-1.9604408687120702,3.4866418801310046,140.0,0.0,azimuth_elevation
C2563,-252.69772384049557,487.68446919675415,0.0,12.305,9.752,-1.840260150924608,3.5515408736095013,140.0,0.0,azimuth_elevation
C2564,-235.90031752054634,496.0275408922297,0.0,12.305,9.752,-1.7179337721203285,3.612298929298131,140.0,0.0,azimuth_elevation
C2565,-218.82786198274326,503.7922666635016,0.0,12.305,9.752,-1.5936043593849676,3.6688452060218113,140.0,0.0,azimuth_elevation
C2566,-201.50026294655243,510.9695931876548,0.0,12.305,9.752,-1.4674168752522292,3.7211137733513313,140.0,0.0,azimuth_elevation
C2567,-183.93772361734534,517.5511520230211,0.0,12.305,9.752,-1.3395184486839458,3.7690436884752816,140.0,0.0,azimuth_elevation
C2568,-166.16072113036716,523.5292693664067,0.0,12.305,9.752,-1.2100582035243057,3.8125790672566424,140.0,0.0,azimuth_elevation
C2569,-148.18998267531018,528.8969750004045,0.0,12.305,9.752,-1.0791870846281009,3.851669149391196,140.0,0.0,azimuth_elevation
C2570,-130.04646132933877,533.6480104203556,0.0,12.305,9.752,-0.9470576818657856,3.8862683575917667,140.0,0.0,azimuth_elevation
C2571,-111.75131162674182,537.776836131485,0.0,12.305,9.752,-0.8138240522105349,3.916336350729291,140.0,0.0,azimuth_elevation
C2572,-93.32586489368667,541.2786381077057,0.0,12.305,9.752,-0.6796415401146677,3.9418380708687875,140.0,0.0,azimuth_elevation
C2573,-74.79160437685009,544.1493334045572,0.0,12.305,9.752,-0.5446665963849854,3.962743784145323,140.0,0.0,azimuth_elevation
C2574,-56.17014019491463,546.3855749197364,0.0,12.305,9.752,-0.4090565957681373,3.97902911543238,140.0,0.0,azimuth_elevation
C2575,-37.48318414213418,547.9847552956688,0.0,12.305,9.752,-0.2729696534586856,3.9906750767621566,140.0,0.0,azimuth_elevation
C2576,-18.752524373354845,548.9450099595714,0.0,12.305,9.752,-0.13656444074387472,3.997668089464696,140.0,0.0,azimuth_elevation
C2577,9.860137240880583,577.4424479724744,0.0,12.305,9.752,0.06829217429989887,3.9994169798771164,140.0,0.0,azimuth_elevation
C2578,29.568915243685975,576.7691759084951,0.0,12.305,9.752,0.2047968972793322,3.9947538385818913,140.0,0.0,azimuth_elevation
C2579,49.24321721400425,575.4234167856458,0.0,12.305,9.752,0.34106283623758415,3.9854329930056003,140.0,0.0,azimuth_elevation
C2580,68.8601037958157,573.4067396988653,0.0,12.305,9.752,0.4769311111853242,3.9714653108372397,140.0,0.0,azimuth_elevation
C2581,88.39670257687538,570.7214960034257,0.0,12.305,9.752,0.6122433057916707,3.9528670777694113,140.0,0.0,azimuth_elevation
C2582,107.83023475692248,567.3708165733586,0.0,12.305,9.752,0.746841652090545,3.9296599785099304,140.0,0.0,azimuth_elevation
C2583,127.13804170674261,563.3586081509959,0.0,12.305,9.752,0.8805692144310624,3.9018710714984244,140.0,0.0,azimuth_elevation
C2584,146.2976113871158,558.6895487918824,0.0,12.305,9.752,1.0132700724574817,3.8695327573574057,140.0,0.0,azimuth_elevation
C2585,165.28660459684733,553.369082410373,0.0,12.305,9.752,1.1447895029053652,3.832682741114595,140.0,0.0,azimuth_elevation
C2586,184.08288101927678,547.4034124322716,0.0,12.305,9.752,1.274974160001983,3.7913639882405428,140.0,0.0,azimuth_elevation
C2587,202.66452503689732,540.799494561914,0.0,12.305,9.752,1.4036722542606273,3.7456246745528166,140.0,0.0,azimuth_elevation
C2588,221.0098712839849,533.5650286721284,0.0,12.305,9.752,1.5307337294603591,3.695518130045147,140.0,0.0,azimuth_elevation
C2589,239.09752990744585,525.7084498265277,0.0,12.305,9.752,1.6560104376048541,3.6411027767070485,140.0,0.0,azimuth_elevation
C2590,256.9064115064286,517.2389184446026,0.0,12.305,9.752,1.779356311656337,3.5824420604063865,140.0,0.0,azimuth_elevation
C2591,274.4157517216219,508.1663096210826,0.0,12.305,9.752,1.9006275358432148,3.519604376914336,140.0,0.0,azimuth_elevation
C2592,291.6051354455687,498.5012016120165,0.0,12.305,9.752,2.0196827133428314,3.452662992158971,140.0,0.0,azimuth_elevation
C2593,308.4545206257684,488.25486350100005,0.0,12.305,9.752,2.1363830311438408,3.3816959568004714,140.0,0.0,azimuth_elevation
C2594,324.94426163281344,477.43924205992795,0.0,12.305,9.752,2.2505924218959654,3.306786015227543,140.0,0.0,azimuth_elevation
C2595,341.0551321663144,466.0669478195923,0.0,12.305,9.752,2.3621777225584433,3.2280205090811624,140.0,0.0,azimuth_elevation
C2596,356.7683476719064,454.151240366368,0.0,12.305,9.752,2.471008829662174,3.14549127541813,140.0,0.0,azimuth_elevation
C2597,372.0655872431987,441.70601288212777,0.0,12.305,9.752,2.5769588510045454,3.0592945396331706,140.0,0.0,azimuth_elevation
C2598,386.9290149831329,428.74577594541415,0.0,12.305,9.752,2.679904253600066,2.969530803264427,140.0,0.0,azimuth_elevation
C2599,401.3413007998401,415.28564061275347,0.0,12.305,9.752,2.7797250077142985,2.8763047268131627,140.0,0.0,azimuth_elevation
C2600,415.28564061275347,401.3413007998401,0.0,12.305,9.752,2.8763047268131627,2.7797250077142985,140.0,0.0,azimuth_elevation
C2601,428.74577594541415,386.9290149831329,0.0,12.305,9.752,2.969530803264427,2.679904253600066,140.0,0.0,azimuth_elevation
C2602,441.70601288212777,372.0655872431987,0.0,12.305,9.752,3.0592945396331706,2.5769588510045454,140.0,0.0,azimuth_elevation
C2603,454.151240366368,356.7683476719064,0.0,12.305,9.752,3.14549127541813,2.471008829662174,140.0,0.0,azimuth_elevation
C2604,466.0669478195923,341.05513216631437,0.0,12.305,9.752,3.2280205090811624,2.362177722558443,140.0,0.0,azimuth_elevation
C2605,477.43924205992795,324.9442616328135,0.0,12.305,9.752,3.3067860152275426,2.2505924218959654,140.0,0.0,azimuth_elevation
C2606,488.254863501,308.4545206257684,0.0,12.305,9.752,3.381695956800471,2.1363830311438408,140.0,0.0,azimuth_elevation
C2607,498.5012016120165,291.6051354455687,0.0,12.305,9.752,3.452662992158971,2.0196827133428314,140.0,0.0,azimuth_elevation
C2608,508.1663096210826,274.41575172162186,0.0,12.305,9.752,3.519604376914336,1.9006275358432143,140.0,0.0,azimuth_elevation
C2609,517.2389184446026,256.90641150642864,0.0,12.305,9.752,3.5824420604063865,1.7793563116563373,140.0,0.0,azimuth_elevation
C2610,525.7084498265277,239.0975299074459,0.0,12.305,9.752,3.6411027767070485,1.6560104376048546,140.0,0.0,azimuth_elevation
C2611,533.5650286721284,221.00987128398495,0.0,12.305,9.752,3.695518130045147,1.5307337294603593,140.0,0.0,azimuth_elevation
C2612,540.799494561914,202.6645250368973,0.0,12.305,9.752,3.7456246745528166,1.403672254260627,140.0,0.0,azimuth_elevation
C2613,547.4034124322715,184.08288101927684,0.0,12.305,9.752,3.7913639882405428,1.2749741600019837,140.0,0.0,azimuth_elevation
C2614,553.369082410373,165.28660459684733,0.0,12.305,9.752,3.832682741114595,1.1447895029053652,140.0,0.0,azimuth_elevation
C2615,558.6895487918824,146.29761138711586,0.0,12.305,9.752,3.8695327573574057,1.0132700724574821,140.0,0.0,azimuth_elevation
C2616,563.3586081509959,127.13804170674263,0.0,12.305,9.752,3.9018710714984244,0.8805692144310625,140.0,0.0,azimuth_elevation
C2617,567.3708165733586,107.83023475692258,0.0,12.305,9.752,3.9296599785099295,0.7468416520905455,140.0,0.0,azimuth_elevation
C2618,570.7214960034257,88.39670257687528,0.0,12.305,9.752,3.9528670777694113,0.6122433057916701,140.0,0.0,azimuth_elevation
C2619,573.4067396988653,68.86010379581568,0.0,12.305,9.752,3.9714653108372397,0.47693111118532405,140.0,0.0,azimuth_elevation
C2620,575.4234167856458,49.24321721400428,0.0,12.305,9.752,3.9854329930056003,0.3410628362375844,140.0,0.0,azimuth_elevation
C2621,576.7691759084951,29.568915243685964,0.0,12.305,9.752,3.9947538385818913,0.20479689727933212,140.0,0.0,azimuth_elevation
C2622,577.4424479724744,9.860137240880647,0.0,12.305,9.752,3.9994169798771164,0.06829217429989931,140.0,0.0,azimuth_elevation
C2623,577.4424479724744,-9.86013724088045,0.0,12.305,9.752,3.9994169798771164,-0.06829217429989794,140.0,0.0,azimuth_elevation
C2624,576.7691759084951,-29.568915243686025,0.0,12.305,9.752,3.9947538385818913,-0.20479689727933253,140.0,0.0,azimuth_elevation
C2625,575.4234167856458,-49.24321721400421,0.0,12.305,9.752,3.9854329930056003,-0.3410628362375839,140.0,0.0,azimuth_elevation
C2626,573.4067396988653,-68.86010379581573,0.0,12.305,9.752,3.9714653108372397,-0.47693111118532444,140.0,0.0,azimuth_elevation
C2627,570.7214960034257,-88.39670257687534,0.0,12.305,9.752,3.9528670777694113,-0.6122433057916705,140.0,0.0,azimuth_elevation
C2628,567.3708165733586,-107.83023475692238,0.0,12.305,9.752,3.9296599785099304,-0.7468416520905443,140.0,0.0,azimuth_elevation
C2708,-563.3586081509959,-127.13804170674244,0.0,12.305,9.752,-3.9018710714984244,-0.8805692144310612,140.0,0.0,azimuth_elevation
C2709,-567.3708165733586,-107.83023475692251,0.0,12.305,9.752,-3.9296599785099304,-0.7468416520905452,140.0,0.0,azimuth_elevation
C2710,-570.7214960034256,-88.3967025768756,0.0,12.305,9.752,-3.9528670777694113,-0.6122433057916724,140.0,0.0,azimuth_elevation
C2711,-573.4067396988653,-68.86010379581613,0.0,12.305,9.752,-3.971465310837239,-0.4769311111853271,140.0,0.0,azimuth_elevation
C2712,-575.4234167856458,-49.24321721400435,0.0,12.305,9.752,-3.9854329930055994,-0.3410628362375848,140.0,0.0,azimuth_elevation
C2713,-576.7691759084951,-29.568915243685783,0.0,12.305,9.752,-3.994753838581892,-0.2047968972793309,140.0,0.0,azimuth_elevation
C2714,-577.4424479724744,-9.86013724088059,0.0,12.305,9.752,-3.9994169798771164,-0.06829217429989891,140.0,0.0,azimuth_elevation
C2715,-577.4424479724744,9.860137240880377,0.0,12.305,9.752,-3.9994169798771164,0.06829217429989744,140.0,0.0,azimuth_elevation
C2716,-576.7691759084951,29.56891524368557,0.0,12.305,9.752,-3.994753838581892,0.20479689727932943,140.0,0.0,azimuth_elevation
C2717,-575.4234167856459,49.24321721400415,0.0,12.305,9.752,-3.9854329930056003,0.3410628362375834,140.0,0.0,azimuth_elevation
C2718,-573.4067396988653,68.86010379581592,0.0,12.305,9.752,-3.9714653108372397,0.4769311111853257,140.0,0.0,azimuth_elevation
C2719,-570.7214960034256,88.3967025768754,0.0,12.305,9.752,-3.9528670777694113,0.612243305791671,140.0,0.0,azimuth_elevation
C2720,-567.3708165733586,107.8302347569223,0.0,12.305,9.752,-3.9296599785099304,0.7468416520905438,140.0,0.0,azimuth_elevation
C2721,-563.358608150996,127.13804170674223,0.0,12.305,9.752,-3.9018710714984253,0.8805692144310597,140.0,0.0,azimuth_elevation
C2722,-558.6895487918824,146.29761138711575,0.0,12.305,9.752,-3.8695327573574065,1.0132700724574815,140.0,0.0,azimuth_elevation
C2723,-553.369082410373,165.286604596847,0.0,12.305,9.752,-3.832682741114596,1.1447895029053634,140.0,0.0,azimuth_elevation
C2724,-547.4034124322716,184.08288101927684,0.0,12.305,9.752,-3.7913639882405428,1.2749741600019835,140.0,0.0,azimuth_elevation
C2725,-540.799494561914,202.66452503689717,0.0,12.305,9.752,-3.7456246745528166,1.4036722542606261,140.0,0.0,azimuth_elevation
C2726,-533.5650286721285,221.00987128398455,0.0,12.305,9.752,-3.695518130045148,1.5307337294603567,140.0,0.0,azimuth_elevation
C2727,-525.7084498265277,239.0975299074458,0.0,12.305,9.752,-3.6411027767070485,1.6560104376048537,140.0,0.0,azimuth_elevation
C2728,-517.2389184446027,256.9064115064284,0.0,12.305,9.752,-3.582442060406387,1.7793563116563358,140.0,0.0,azimuth_elevation
C2729,-508.1663096210825,274.415751721622,0.0,12.305,9.752,-3.5196043769143355,1.900627535843215,140.0,0.0,azimuth_elevation
C2730,-498.50120161201653,291.6051354455686,0.0,12.305,9.752,-3.4526629921589715,2.0196827133428306,140.0,0.0,azimuth_elevation
C2731,-488.2548635010002,308.4545206257681,0.0,12.305,9.752,-3.3816959568004727,2.1363830311438385,140.0,0.0,azimuth_elevation
C2732,-477.43924205992795,324.94426163281344,0.0,12.305,9.752,-3.306786015227543,2.2505924218959654,140.0,0.0,azimuth_elevation
C2733,-466.06694781959243,341.05513216631425,0.0,12.305,9.752,-3.2280205090811633,2.362177722558442,140.0,0.0,azimuth_elevation
C2734,-454.15124036636786,356.76834767190644,0.0,12.305,9.752,-3.1454912754181295,2.4710088296621744,140.0,0.0,azimuth_elevation
C2735,-441.7060128821278,372.06558724319865,0.0,12.305,9.752,-3.059294539633171,2.576958851004545,140.0,0.0,azimuth_elevation
C2736,-428.74577594541444,386.9290149831327,0.0,12.305,9.752,-2.9695308032644285,2.6799042536000637,140.0,0.0,azimuth_elevation
C2737,-415.28564061275347,401.3413007998401,0.0,12.305,9.752,-2.8763047268131627,2.7797250077142985,140.0,0.0,azimuth_elevation
C2738,-401.34130079984027,415.2856406127533,0.0,12.305,9.752,-2.7797250077142994,2.876304726813162,140.0,0.0,azimuth_elevation
C2739,-386.92901498313324,428.74577594541387,0.0,12.305,9.752,-2.679904253600068,2.969530803264425,140.0,0.0,azimuth_elevation
C2740,-372.0655872431989,441.7060128821277,0.0,12.305,9.752,-2.5769588510045462,3.05929453963317,140.0,0.0,azimuth_elevation
C2741,-356.7683476719066,454.15124036636774,0.0,12.305,9.752,-2.4710088296621757,3.1454912754181286,140.0,0.0,azimuth_elevation
C2742,-341.0551321663144,466.0669478195923,0.0,12.305,9.752,-2.3621777225584433,3.2280205090811624,140.0,0.0,azimuth_elevation
C2743,-324.9442616328136,477.4392420599278,0.0,12.305,9.752,-2.2505924218959668,3.306786015227542,140.0,0.0,azimuth_elevation
C2744,-308.45452062576874,488.25486350099976,0.0,12.305,9.752,-2.1363830311438434,3.38169595680047,140.0,0.0,azimuth_elevation
C2745,-291.60513544556886,498.5012016120164,0.0,12.305,9.752,-2.0196827133428323,3.4526629921589707,140.0,0.0,azimuth_elevation
C2746,-274.4157517216222,508.16630962108235,0.0,12.305,9.752,-1.9006275358432165,3.5196043769143346,140.0,0.0,azimuth_elevation
C2747,-256.9064115064291,517.2389184446024,0.0,12.305,9.752,-1.7793563116563405,3.5824420604063847,140.0,0.0,azimuth_elevation
C2748,-239.09752990744556,525.7084498265278,0.0,12.305,9.752,-1.6560104376048521,3.6411027767070494,140.0,0.0,azimuth_elevation
C2749,-221.00987128398478,533.5650286721284,0.0,12.305,9.752,-1.5307337294603585,3.695518130045148,140.0,0.0,azimuth_elevation
C2750,-202.66452503689737,540.7994945619139,0.0,12.305,9.752,-1.4036722542606277,3.7456246745528157,140.0,0.0,azimuth_elevation
C2751,-184.08288101927707,547.4034124322714,0.0,12.305,9.752,-1.2749741600019855,3.7913639882405428,140.0,0.0,azimuth_elevation
C2752,-165.28660459684727,553.369082410373,0.0,12.305,9.752,-1.144789502905365,3.832682741114595,140.0,0.0,azimuth_elevation
C2753,-146.29761138711598,558.6895487918824,0.0,12.305,9.752,-1.0132700724574828,3.8695327573574057,140.0,0.0,azimuth_elevation
C2754,-127.13804170674298,563.3586081509958,0.0,12.305,9.752,-0.880569214431065,3.9018710714984235,140.0,0.0,azimuth_elevation
C2755,-107.83023475692254,567.3708165733586,0.0,12.305,9.752,-0.7468416520905454,3.9296599785099304,140.0,0.0,azimuth_elevation
C2756,-88.39670257687564,570.7214960034256,0.0,12.305,9.752,-0.6122433057916726,3.9528670777694113,140.0,0.0,azimuth_elevation
C2757,-68.86010379581617,573.4067396988653,0.0,12.305,9.752,-0.4769311111853274,3.971465310837239,140.0,0.0,azimuth_elevation
C2758,-49.243217214003884,575.4234167856459,0.0,12.305,9.752,-0.34106283623758155,3.9854329930056003,140.0,0.0,azimuth_elevation
C2759,-29.56891524368582,576.7691759084951,0.0,12.305,9.752,-0.20479689727933112,3.9947538385818913,140.0,0.0,azimuth_elevation
C2760,-9.860137240880626,577.4424479724744,0.0,12.305,9.752,-0.06829217429989916,3.9994169798771164,140.0,0.0,azimuth_elevation
C2761,0.0,605.7880314695383,0.0,12.305,9.752,0.0,4.0,140.0,0.0,azimuth_elevation
C2762,20.682275931742094,605.4348705963521,0.0,12.305,9.752,0.13656444074387158,3.997668089464696,140.0,0.0,azimuth_elevation
C2763,41.34043725491454,604.3757997465739,0.0,12.305,9.752,0.2729696534586839,3.9906750767621566,140.0,0.0,azimuth_elevation
C2764,61.950397477502584,602.6120537494398,0.0,12.305,9.752,0.4090565957681369,3.9790291154323794,140.0,0.0,azimuth_elevation
C2765,82.4881263078186,600.145689053886,0.0,12.305,9.752,0.5446665963849864,3.962743784145323,140.0,0.0,azimuth_elevation
C2766,102.92967767274729,596.9795813308212,0.0,12.305,9.752,0.6796415401146667,3.9418380708687875,140.0,0.0,azimuth_elevation
C2767,123.2512176377957,593.1174221202232,0.0,12.305,9.752,0.8138240522105351,3.9163363507292916,140.0,0.0,azimuth_elevation
C2768,143.42905219639482,588.5637145269678,0.0,12.305,9.752,0.9470576818657871,3.8862683575917663,140.0,0.0,azimuth_elevation
C2769,163.43965489605125,583.3237679704112,0.0,12.305,9.752,1.0791870846280969,3.851669149391197,140.0,0.0,azimuth_elevation
C2770,183.25969426913835,577.4036919938426,0.0,12.305,9.752,1.210058203524303,3.8125790672566433,140.0,0.0,azimuth_elevation
C2771,202.86606103634415,570.8103891410321,0.0,12.305,9.752,1.3395184486839447,3.7690436884752816,140.0,0.0,azimuth_elevation
C2772,222.23589505105673,563.5515469081723,0.0,12.305,9.752,1.4674168752522259,3.721113773351332,140.0,0.0,azimuth_elevation
C2773,241.34661195327325,555.6356287806016,0.0,12.305,9.752,1.5936043593849658,3.668845206021812,140.0,0.0,azimuth_elevation
C2774,260.1759295019529,547.0718643647589,0.0,12.305,9.752,1.7179337721203276,3.612298929298131,140.0,0.0,azimuth_elevation
C2775,278.70189355511354,537.8702386268759,0.0,12.305,9.752,1.8402601509246088,3.5515408736095004,140.0,0.0,azimuth_elevation
C2776,296.90290366737895,528.0414802509529,0.0,12.305,9.752,1.9604408687120687,3.4866418801310046,140.0,0.0,azimuth_elevation
C2777,314.7577382751322,517.5970491295924,0.0,12.305,9.752,2.0783358001417342,3.4176776181859543,140.0,0.0,azimuth_elevation
C2778,332.24557943990953,506.5491230022781,0.0,12.305,9.752,2.1938074849972753,3.3447284970188433,140.0,0.0,azimuth_elevation
C2779,349.34603712118457,494.910583256675,0.0,12.305,9.752,2.3067212884594683,3.2678795720417684,140.0,0.0,azimuth_elevation
C2780,366.03917295024496,482.694999909507,0.0,12.305,9.752,2.416945558084378,3.1872204456636184,140.0,0.0,azimuth_elevation
C2781,382.30552347743713,469.9166157845252,0.0,12.305,9.752,2.5243517773042115,3.102845162817679,140.0,0.0,azimuth_elevation
C2782,398.12612286567827,456.5903299060123,0.0,12.305,9.752,2.62881471527189,3.0148521013094443,140.0,0.0,azimuth_elevation
C2783,413.48252500377424,442.7316801271866,0.0,12.305,9.752,2.730212572874616,2.9233438571124966,140.0,0.0,azimuth_elevation
C2784,428.35682501376016,428.3568250137602,0.0,12.305,9.752,2.82842712474619,2.8284271247461903,140.0,0.0,azimuth_elevation
C2785,442.73168012718656,413.4825250037743,0.0,12.305,9.752,2.923343857112496,2.7302125728746165,140.0,0.0,azimuth_elevation
C2786,456.59032990601236,398.12612286567816,0.0,12.305,9.752,3.014852101309445,2.62881471527189,140.0,0.0,azimuth_elevation
C2787,469.9166157845252,382.3055234774371,0.0,12.305,9.752,3.102845162817679,2.524351777304211,140.0,0.0,azimuth_elevation
C2788,482.6949999095069,366.039172950245,0.0,12.305,9.752,3.187220445663618,2.4169455580843784,140.0,0.0,azimuth_elevation
C2789,494.91058325667495,349.34603712118457,0.0,12.305,9.752,3.267879572041768,2.3067212884594683,140.0,0.0,azimuth_elevation
C2790,506.5491230022781,332.2455794399094,0.0,12.305,9.752,3.344728497018844,2.1938074849972753,140.0,0.0,azimuth_elevation
C2791,517.5970491295924,314.7577382751322,0.0,12.305,9.752,3.4176776181859543,2.0783358001417342,140.0,0.0,azimuth_elevation
C2792,528.0414802509528,296.902903667379,0.0,12.305,9.752,3.486641880131005,1.9604408687120698,140.0,0.0,azimuth_elevation
C2793,537.8702386268759,278.70189355511354,0.0,12.305,9.752,3.5515408736095004,1.8402601509246088,140.0,0.0,azimuth_elevation
C2794,547.0718643647589,260.17592950195285,0.0,12.305,9.752,3.612298929298131,1.7179337721203272,140.0,0.0,azimuth_elevation
C2795,555.6356287806016,241.3466119532732,0.0,12.305,9.752,3.668845206021812,1.5936043593849654,140.0,0.0,azimuth_elevation
C2796,563.5515469081723,222.23589505105676,0.0,12.305,9.752,3.721113773351332,1.467416875252226,140.0,0.0,azimuth_elevation
C2797,570.8103891410321,202.8660610363442,0.0,12.305,9.752,3.7690436884752816,1.339518448683945,140.0,0.0,azimuth_elevation
C2798,577.4036919938426,183.2596942691384,0.0,12.305,9.752,3.8125790672566433,1.2100582035243033,140.0,0.0,azimuth_elevation
C2799,583.323767970411,163.43965489605134,0.0,12.305,9.752,3.851669149391197,1.0791870846280978,140.0,0.0,azimuth_elevation
C2800,588.5637145269678,143.42905219639488,0.0,12.305,9.752,3.8862683575917663,0.9470576818657874,140.0,0.0,azimuth_elevation
C2801,593.1174221202232,123.25121763779569,0.0,12.305,9.752,3.9163363507292916,0.813824052210535,140.0,0.0,azimuth_elevation
C2802,596.9795813308212,102.92967767274735,0.0,12.305,9.752,3.9418380708687875,0.679641540114667,140.0,0.0,azimuth_elevation
C2803,600.145689053886,82.4881263078186,0.0,12.305,9.752,3.962743784145323,0.5446665963849864,140.0,0.0,azimuth_elevation
C2804,602.6120537494398,61.95039747750266,0.0,12.305,9.752,3.9790291154323794,0.40905659576813747,140.0,0.0,azimuth_elevation
C2805,604.3757997465739,41.34043725491469,0.0,12.305,9.752,3.9906750767621566,0.2729696534586849,140.0,0.0,azimuth_elevation
C2806,605.4348705963521,20.68227593174205,0.0,12.305,9.752,3.997668089464696,0.1365644407438713,140.0,0.0,azimuth_elevation
C2807,605.7880314695383,3.7093818685047306e-14,0.0,12.305,9.752,4.0,2.4492935982947064e-16,140.0,0.0,azimuth_elevation
C2808,605.4348705963521,-20.682275931742115,0.0,12.305,9.752,3.997668089464696,-0.13656444074387172,140.0,0.0,azimuth_elevation
C2809,604.3757997465739,-41.340437254914484,0.0,12.305,9.752,3.9906750767621566,-0.2729696534586835,140.0,0.0,azimuth_elevation
C2810,602.6120537494398,-61.950397477502456,0.0,12.305,9.752,3.9790291154323794,-0.4090565957681361,140.0,0.0,azimuth_elevation
C2811,600.145689053886,-82.48812630781866,0.0,12.305,9.752,3.962743784145323,-0.5446665963849867,140.0,0.0,azimuth_elevation
C2812,596.9795813308212,-102.92967767274726,0.0,12.305,9.752,3.9418380708687875,-0.6796415401146665,140.0,0.0,azimuth_elevation
C2894,-596.9795813308212,-102.92967767274742,0.0,12.305,9.752,-3.9418380708687875,-0.6796415401146675,140.0,0.0,azimuth_elevation
C2895,-600.1456890538859,-82.48812630781894,0.0,12.305,9.752,-3.962743784145323,-0.5446665963849887,140.0,0.0,azimuth_elevation
C2896,-602.6120537494398,-61.950397477502605,0.0,12.305,9.752,-3.9790291154323794,-0.4090565957681371,140.0,0.0,azimuth_elevation
C2897,-604.3757997465739,-41.34043725491423,0.0,12.305,9.752,-3.9906750767621566,-0.27296965345868185,140.0,0.0,azimuth_elevation
C2898,-605.4348705963521,-20.682275931741994,0.0,12.305,9.752,-3.997668089464696,-0.13656444074387092,140.0,0.0,azimuth_elevation
C2899,-605.7880314695383,-1.1128145605514192e-13,0.0,12.305,9.752,-4.0,-7.347880794884119e-16,140.0,0.0,azimuth_elevation
C2900,-605.4348705963521,20.68227593174177,0.0,12.305,9.752,-3.997668089464696,0.13656444074386945,140.0,0.0,azimuth_elevation
C2901,-604.3757997465739,41.34043725491455,0.0,12.305,9.752,-3.9906750767621566,0.27296965345868396,140.0,0.0,azimuth_elevation
C2902,-602.6120537494398,61.95039747750238,0.0,12.305,9.752,-3.9790291154323794,0.4090565957681356,140.0,0.0,azimuth_elevation
C2903,-600.145689053886,82.48812630781873,0.0,12.305,9.752,-3.962743784145323,0.5446665963849872,140.0,0.0,azimuth_elevation
C2904,-596.9795813308212,102.92967767274719,0.0,12.305,9.752,-3.941838070868788,0.6796415401146662,140.0,0.0,azimuth_elevation
C2905,-593.1174221202233,123.25121763779542,0.0,12.305,9.752,-3.916336350729292,0.8138240522105332,140.0,0.0,azimuth_elevation
C2906,-588.5637145269678,143.42905219639485,0.0,12.305,9.752,-3.8862683575917663,0.9470576818657872,140.0,0.0,azimuth_elevation
C2907,-583.3237679704112,163.43965489605108,0.0,12.305,9.752,-3.851669149391198,1.079187084628096,140.0,0.0,azimuth_elevation
C2908,-577.4036919938425,183.2596942691385,0.0,12.305,9.752,-3.8125790672566433,1.2100582035243042,140.0,0.0,azimuth_elevation
C2909,-570.8103891410321,202.86606103634406,0.0,12.305,9.752,-3.7690436884752825,1.3395184486839444,140.0,0.0,azimuth_elevation
C2910,-563.5515469081724,222.2358950510565,0.0,12.305,9.752,-3.721113773351333,1.4674168752522243,140.0,0.0,azimuth_elevation
C2911,-555.6356287806015,241.3466119532733,0.0,12.305,9.752,-3.668845206021812,1.5936043593849665,140.0,0.0,azimuth_elevation
C2912,-547.071864364759,260.17592950195274,0.0,12.305,9.752,-3.612298929298132,1.7179337721203265,140.0,0.0,azimuth_elevation
C2913,-537.8702386268761,278.7018935551132,0.0,12.305,9.752,-3.551540873609502,1.8402601509246066,140.0,0.0,azimuth_elevation
C2914,-528.0414802509529,296.9029036673789,0.0,12.305,9.752,-3.486641880131005,1.9604408687120687,140.0,0.0,azimuth_elevation
C2915,-517.5970491295925,314.75773827513206,0.0,12.305,9.752,-3.417677618185955,2.078335800141733,140.0,0.0,azimuth_elevation
C2916,-506.5491230022781,332.24557943990953,0.0,12.305,9.752,-3.3447284970188433,2.1938074849972753,140.0,0.0,azimuth_elevation
C2917,-494.91058325667507,349.3460371211845,0.0,12.305,9.752,-3.267879572041769,2.306721288459468,140.0,0.0,azimuth_elevation
C2918,-482.69499990950715,366.03917295024473,0.0,12.305,9.752,-3.1872204456636197,2.416945558084376,140.0,0.0,azimuth_elevation
C2919,-469.9166157845252,382.3055234774371,0.0,12.305,9.752,-3.102845162817679,2.524351777304211,140.0,0.0,azimuth_elevation
C2920,-456.5903299060125,398.12612286567804,0.0,12.305,9.752,-3.0148521013094456,2.6288147152718886,140.0,0.0,azimuth_elevation
C2921,-442.73168012718656,413.48252500377436,0.0,12.305,9.752,-2.923343857112496,2.730212572874617,140.0,0.0,azimuth_elevation
C2922,-428.3568250137603,428.35682501376004,0.0,12.305,9.752,-2.8284271247461907,2.8284271247461894,140.0,0.0,azimuth_elevation
C2923,-413.4825250037745,442.73168012718634,0.0,12.305,9.752,-2.7302125728746183,2.9233438571124952,140.0,0.0,azimuth_elevation
C2924,-398.12612286567867,456.59032990601196,0.0,12.305,9.752,-2.6288147152718926,3.014852101309442,140.0,0.0,azimuth_elevation
C2925,-382.30552347743725,469.9166157845251,0.0,12.305,9.752,-2.5243517773042123,3.1028451628176783,140.0,0.0,azimuth_elevation
C2926,-366.03917295024536,482.6949999095067,0.0,12.305,9.752,-2.4169455580843806,3.1872204456636166,140.0,0.0,azimuth_elevation
C2927,-349.3460371211842,494.91058325667524,0.0,12.305,9.752,-2.306721288459466,3.2678795720417697,140.0,0.0,azimuth_elevation
C2928,-332.24557943990925,506.5491230022783,0.0,12.305,9.752,-2.1938074849972735,3.3447284970188442,140.0,0.0,azimuth_elevation
C2929,-314.7577382751322,517.5970491295924,0.0,12.305,9.752,-2.0783358001417342,3.4176776181859543,140.0,0.0,azimuth_elevation
C2930,-296.9029036673791,528.0414802509528,0.0,12.305,9.752,-1.96044086871207,3.4866418801310046,140.0,0.0,azimuth_elevation
C2931,-278.70189355511343,537.870238626876,0.0,12.305,9.752,-1.840260150924608,3.5515408736095013,140.0,0.0,azimuth_elevation
C2932,-260.175929501953,547.0718643647589,0.0,12.305,9.752,-1.7179337721203283,3.612298929298131,140.0,0.0,azimuth_elevation
C2933,-241.34661195327354,555.6356287806015,0.0,12.305,9.752,-1.5936043593849676,3.6688452060218113,140.0,0.0,azimuth_elevation
C2934,-222.23589505105724,563.5515469081722,0.0,12.305,9.752,-1.4674168752522292,3.7211137733513318,140.0,0.0,azimuth_elevation
C2935,-202.86606103634432,570.8103891410321,0.0,12.305,9.752,-1.3395184486839458,3.7690436884752816,140.0,0.0,azimuth_elevation
C2936,-183.25969426913878,577.4036919938425,0.0,12.305,9.752,-1.2100582035243057,3.8125790672566424,140.0,0.0,azimuth_elevation
C2937,-163.43965489605182,583.3237679704109,0.0,12.305,9.752,-1.0791870846281009,3.851669149391196,140.0,0.0,azimuth_elevation
C2938,-143.4290521963946,588.5637145269679,0.0,12.305,9.752,-0.9470576818657854,3.8862683575917663,140.0,0.0,azimuth_elevation
C2939,-123.25121763779566,593.1174221202232,0.0,12.305,9.752,-0.8138240522105349,3.9163363507292916,140.0,0.0,azimuth_elevation
C2940,-102.92967767274745,596.9795813308212,0.0,12.305,9.752,-0.6796415401146677,3.9418380708687875,140.0,0.0,azimuth_elevation
C2941,-82.48812630781846,600.145689053886,0.0,12.305,9.752,-0.5446665963849854,3.962743784145323,140.0,0.0,azimuth_elevation
C2942,-61.95039747750264,602.6120537494398,0.0,12.305,9.752,-0.4090565957681373,3.9790291154323794,140.0,0.0,azimuth_elevation
C2943,-41.340437254914804,604.3757997465739,0.0,12.305,9.752,-0.2729696534586856,3.9906750767621566,140.0,0.0,azimuth_elevation
C2944,-20.68227593174257,605.4348705963521,0.0,12.305,9.752,-0.13656444074387472,3.997668089464696,140.0,0.0,azimuth_elevation
C2945,10.825153676074581,633.9570216603277,0.0,12.305,9.752,0.06829217429989887,3.9994169798771155,140.0,0.0,azimuth_elevation
C2946,32.462839383271984,633.2178561314579,0.0,12.305,9.752,0.20479689727933223,3.9947538385818917,140.0,0.0,azimuth_elevation
C2947,54.06267487188753,631.7403869076603,0.0,12.305,9.752,0.3410628362375841,3.9854329930056003,140.0,0.0,azimuth_elevation
C2948,75.59947569995283,629.5263366519594,0.0,12.305,9.752,0.4769311111853243,3.9714653108372393,140.0,0.0,azimuth_elevation
C2949,97.04813092109404,626.5782868479134,0.0,12.305,9.752,0.6122433057916707,3.9528670777694113,140.0,0.0,azimuth_elevation
C2950,118.38363236277203,622.8996747897207,0.0,12.305,9.752,0.746841652090545,3.92965997850993,140.0,0.0,azimuth_elevation
C2951,139.5811037846929,618.4947895744883,0.0,12.305,9.752,0.8805692144310625,3.901871071498424,140.0,0.0,azimuth_elevation
C2952,160.6158298833913,613.3687671013363,0.0,12.305,9.752,1.0132700724574817,3.869532757357406,140.0,0.0,azimuth_elevation
C2953,181.4632851091689,607.5275840831692,0.0,12.305,9.752,1.1447895029053652,3.8326827411145947,140.0,0.0,azimuth_elevation
C2954,202.09916226178802,600.9780510780967,0.0,12.305,9.752,1.2749741600019833,3.791363988240543,140.0,0.0,azimuth_elevation
C2955,222.49940083157998,593.7278045486263,0.0,12.305,9.752,1.4036722542606273,3.745624674552816,140.0,0.0,azimuth_elevation
C2956,242.64021505292297,585.785297957891,0.0,12.305,9.752,1.5307337294603591,3.695518130045147,140.0,0.0,azimuth_elevation
C2957,262.4981216373808,577.1597919132887,0.0,12.305,9.752,1.6560104376048543,3.6411027767070485,140.0,0.0,azimuth_elevation
C2958,282.0499671541667,567.8613433690282,0.0,12.305,9.752,1.7793563116563371,3.582442060406387,140.0,0.0,azimuth_elevation
C2959,301.2729550260083,557.9007939001707,0.0,12.305,9.752,1.9006275358432145,3.5196043769143355,140.0,0.0,azimuth_elevation
C2960,320.1446721089361,547.289757061838,0.0,12.305,9.752,2.0196827133428314,3.452662992158971,140.0,0.0,azimuth_elevation
C2961,338.6431148250079,536.0406048483271,0.0,12.305,9.752,2.1363830311438408,3.3816959568004714,140.0,0.0,azimuth_elevation
C2962,356.74671481749533,524.1664532679181,0.0,12.305,9.752,2.250592421895965,3.3067860152275426,140.0,0.0,azimuth_elevation
C2963,374.43436409862386,511.6811470501948,0.0,12.305,9.752,2.3621777225584433,3.2280205090811624,140.0,0.0,azimuth_elevation
C2964,391.68543966054165,498.59924350371017,0.0,12.305,9.752,2.471008829662174,3.14549127541813,140.0,0.0,azimuth_elevation
C2965,408.47982752082464,484.9359955428151,0.0,12.305,9.752,2.5769588510045454,3.0592945396331706,140.0,0.0,azimuth_elevation
C2966,424.7979461744802,470.7073339034429,0.0,12.305,9.752,2.679904253600066,2.969530803264427,140.0,0.0,azimuth_elevation
C2967,440.6207694251059,455.9298485685835,0.0,12.305,9.752,2.7797250077142985,2.8763047268131627,140.0,0.0,azimuth_elevation
C2968,455.9298485685835,440.6207694251059,0.0,12.305,9.752,2.8763047268131627,2.7797250077142985,140.0,0.0,azimuth_elevation
C2969,470.7073339034429,424.7979461744802,0.0,12.305,9.752,2.969530803264427,2.679904253600066,140.0,0.0,azimuth_elevation
C2970,484.9359955428151,408.47982752082464,0.0,12.305,9.752,3.0592945396331706,2.5769588510045454,140.0,0.0,azimuth_elevation
C2971,498.59924350371017,391.68543966054165,0.0,12.305,9.752,3.14549127541813,2.471008829662174,140.0,0.0,azimuth_elevation
C2972,511.6811470501948,374.43436409862375,0.0,12.305,9.752,3.2280205090811624,2.362177722558443,140.0,0.0,azimuth_elevation
C2973,524.1664532679181,356.7467148174954,0.0,12.305,9.752,3.3067860152275426,2.2505924218959654,140.0,0.0,azimuth_elevation
C2974,536.040604848327,338.6431148250079,0.0,12.305,9.752,3.3816959568004714,2.136383031143841,140.0,0.0,azimuth_elevation
C2975,547.289757061838,320.1446721089361,0.0,12.305,9.752,3.452662992158971,2.0196827133428314,140.0,0.0,azimuth_elevation
C2976,557.9007939001707,301.27295502600816,0.0,12.305,9.752,3.5196043769143364,1.900627535843214,140.0,0.0,azimuth_elevation
C2977,567.8613433690282,282.0499671541667,0.0,12.305,9.752,3.582442060406387,1.7793563116563371,140.0,0.0,azimuth_elevation
C2978,577.1597919132887,262.49812163738085,0.0,12.305,9.752,3.6411027767070485,1.6560104376048546,140.0,0.0,azimuth_elevation
C2979,585.785297957891,242.640215052923,0.0,12.305,9.752,3.695518130045147,1.5307337294603593,140.0,0.0,azimuth_elevation
C2980,593.7278045486263,222.49940083157995,0.0,12.305,9.752,3.745624674552816,1.403672254260627,140.0,0.0,azimuth_elevation
C2981,600.9780510780965,202.09916226178808,0.0,12.305,9.752,3.791363988240543,1.274974160001984,140.0,0.0,azimuth_elevation
C2982,607.5275840831692,181.4632851091689,0.0,12.305,9.752,3.8326827411145947,1.1447895029053652,140.0,0.0,azimuth_elevation
C2983,613.3687671013363,160.6158298833914,0.0,12.305,9.752,3.869532757357406,1.0132700724574821,140.0,0.0,azimuth_elevation
C2984,618.4947895744883,139.5811037846929,0.0,12.305,9.752,3.901871071498424,0.8805692144310625,140.0,0.0,azimuth_elevation
C2985,622.8996747897207,118.38363236277215,0.0,12.305,9.752,3.92965997850993,0.7468416520905456,140.0,0.0,azimuth_elevation
C2986,626.5782868479134,97.04813092109394,0.0,12.305,9.752,3.9528670777694117,0.6122433057916702,140.0,0.0,azimuth_elevation
C2987,629.5263366519594,75.59947569995279,0.0,12.305,9.752,3.9714653108372393,0.476931111185324,140.0,0.0,azimuth_elevation
C2988,631.7403869076603,54.06267487188757,0.0,12.305,9.752,3.9854329930056003,0.3410628362375844,140.0,0.0,azimuth_elevation
C2989,633.2178561314579,32.46283938327197,0.0,12.305,9.752,3.9947538385818917,0.20479689727933215,140.0,0.0,azimuth_elevation
C2990,633.9570216603277,10.82515367607465,0.0,12.305,9.752,3.9994169798771155,0.06829217429989931,140.0,0.0,azimuth_elevation
C2991,633.9570216603277,-10.825153676074434,0.0,12.305,9.752,3.9994169798771155,-0.06829217429989794,140.0,0.0,azimuth_elevation
C2992,633.2178561314579,-32.46283938327204,0.0,12.305,9.752,3.9947538385818917,-0.2047968972793326,140.0,0.0,azimuth_elevation
C2993,631.7403869076603,-54.062674871887495,0.0,12.305,9.752,3.9854329930056003,-0.3410628362375839,140.0,0.0,azimuth_elevation
C2994,629.5263366519594,-75.59947569995286,0.0,12.305,9.752,3.9714653108372393,-0.47693111118532444,140.0,0.0,azimuth_elevation
C2995,626.5782868479134,-97.04813092109401,0.0,12.305,9.752,3.9528670777694117,-0.6122433057916706,140.0,0.0,azimuth_elevation
C3078,-626.5782868479133,-97.0481309210943,0.0,12.305,9.752,-3.9528670777694117,-0.6122433057916725,140.0,0.0,azimuth_elevation
C3079,-629.5263366519594,-75.5994756999533,0.0,12.305,9.752,-3.9714653108372393,-0.4769311111853272,140.0,0.0,azimuth_elevation
C3080,-631.7403869076603,-54.06267487188765,0.0,12.305,9.752,-3.9854329930056003,-0.3410628362375849,140.0,0.0,azimuth_elevation
C3081,-633.2178561314579,-32.46283938327177,0.0,12.305,9.752,-3.9947538385818917,-0.2047968972793309,140.0,0.0,azimuth_elevation
C3082,-633.9570216603277,-10.825153676074587,0.0,12.305,9.752,-3.9994169798771155,-0.06829217429989891,140.0,0.0,azimuth_elevation
C3083,-633.9570216603277,10.825153676074354,0.0,12.305,9.752,-3.9994169798771155,0.06829217429989744,140.0,0.0,azimuth_elevation
C3084,-633.2178561314579,32.462839383271536,0.0,12.305,9.752,-3.994753838581892,0.20479689727932945,140.0,0.0,azimuth_elevation
C3085,-631.7403869076604,54.062674871887424,0.0,12.305,9.752,-3.9854329930056003,0.3410628362375834,140.0,0.0,azimuth_elevation
C3086,-629.5263366519594,75.59947569995306,0.0,12.305,9.752,-3.9714653108372393,0.4769311111853257,140.0,0.0,azimuth_elevation
C3087,-626.5782868479133,97.04813092109407,0.0,12.305,9.752,-3.9528670777694117,0.6122433057916711,140.0,0.0,azimuth_elevation
C3088,-622.8996747897207,118.38363236277185,0.0,12.305,9.752,-3.929659978509931,0.746841652090544,140.0,0.0,azimuth_elevation
C3089,-618.4947895744884,139.5811037846925,0.0,12.305,9.752,-3.901871071498425,0.8805692144310598,140.0,0.0,azimuth_elevation
C3090,-613.3687671013363,160.61582988339126,0.0,12.305,9.752,-3.8695327573574065,1.0132700724574815,140.0,0.0,azimuth_elevation
C3091,-607.5275840831694,181.4632851091686,0.0,12.305,9.752,-3.8326827411145956,1.1447895029053632,140.0,0.0,azimuth_elevation
C3092,-600.9780510780967,202.09916226178808,0.0,12.305,9.752,-3.7913639882405428,1.2749741600019835,140.0,0.0,azimuth_elevation
C3093,-593.7278045486263,222.4994008315798,0.0,12.305,9.752,-3.745624674552816,1.4036722542606261,140.0,0.0,azimuth_elevation
C3094,-585.7852979578911,242.64021505292257,0.0,12.305,9.752,-3.6955181300451483,1.530733729460357,140.0,0.0,azimuth_elevation
C3095,-577.1597919132887,262.4981216373807,0.0,12.305,9.752,-3.6411027767070485,1.6560104376048534,140.0,0.0,azimuth_elevation
C3096,-567.8613433690283,282.0499671541665,0.0,12.305,9.752,-3.5824420604063874,1.7793563116563356,140.0,0.0,azimuth_elevation
C3097,-557.9007939001706,301.2729550260083,0.0,12.305,9.752,-3.5196043769143355,1.9006275358432148,140.0,0.0,azimuth_elevation
C3098,-547.289757061838,320.14467210893594,0.0,12.305,9.752,-3.452662992158971,2.0196827133428306,140.0,0.0,azimuth_elevation
C3099,-536.0406048483273,338.6431148250075,0.0,12.305,9.752,-3.3816959568004727,2.1363830311438385,140.0,0.0,azimuth_elevation
C3100,-524.1664532679181,356.74671481749533,0.0,12.305,9.752,-3.3067860152275426,2.250592421895965,140.0,0.0,azimuth_elevation
C3101,-511.6811470501949,374.43436409862363,0.0,12.305,9.752,-3.2280205090811633,2.362177722558442,140.0,0.0,azimuth_elevation
C3102,-498.59924350371006,391.6854396605417,0.0,12.305,9.752,-3.1454912754181295,2.4710088296621744,140.0,0.0,azimuth_elevation
C3103,-484.9359955428152,408.4798275208246,0.0,12.305,9.752,-3.059294539633171,2.576958851004545,140.0,0.0,azimuth_elevation
C3104,-470.70733390344316,424.79794617447993,0.0,12.305,9.752,-2.969530803264429,2.679904253600064,140.0,0.0,azimuth_elevation
C3105,-455.9298485685835,440.6207694251059,0.0,12.305,9.752,-2.8763047268131627,2.7797250077142985,140.0,0.0,azimuth_elevation
C3106,-440.62076942510606,455.9298485685834,0.0,12.305,9.752,-2.7797250077142994,2.876304726813162,140.0,0.0,azimuth_elevation
C3107,-424.79794617448056,470.70733390344253,0.0,12.305,9.752,-2.679904253600068,2.969530803264425,140.0,0.0,azimuth_elevation
C3108,-408.47982752082476,484.935995542815,0.0,12.305,9.752,-2.5769588510045462,3.05929453963317,140.0,0.0,azimuth_elevation
C3109,-391.68543966054193,498.59924350370994,0.0,12.305,9.752,-2.4710088296621757,3.1454912754181286,140.0,0.0,azimuth_elevation
C3110,-374.43436409862386,511.6811470501948,0.0,12.305,9.752,-2.3621777225584433,3.2280205090811624,140.0,0.0,azimuth_elevation
C3111,-356.74671481749556,524.1664532679179,0.0,12.305,9.752,-2.2505924218959668,3.306786015227542,140.0,0.0,azimuth_elevation
C3112,-338.64311482500824,536.0406048483269,0.0,12.305,9.752,-2.136383031143843,3.38169595680047,140.0,0.0,azimuth_elevation
C3113,-320.1446721089362,547.2897570618379,0.0,12.305,9.752,-2.0196827133428323,3.4526629921589707,140.0,0.0,azimuth_elevation
C3114,-301.27295502600856,557.9007939001705,0.0,12.305,9.752,-1.9006275358432168,3.519604376914335,140.0,0.0,azimuth_elevation
C3115,-282.04996715416723,567.861343369028,0.0,12.305,9.752,-1.7793563116563402,3.582442060406385,140.0,0.0,azimuth_elevation
C3116,-262.49812163738045,577.1597919132888,0.0,12.305,9.752,-1.6560104376048521,3.6411027767070494,140.0,0.0,azimuth_elevation
C3117,-242.64021505292283,585.7852979578911,0.0,12.305,9.752,-1.530733729460358,3.695518130045147,140.0,0.0,azimuth_elevation
C3118,-222.49940083158006,593.7278045486262,0.0,12.305,9.752,-1.4036722542606277,3.7456246745528157,140.0,0.0,azimuth_elevation
C3119,-202.09916226178834,600.9780510780965,0.0,12.305,9.752,-1.2749741600019853,3.7913639882405423,140.0,0.0,azimuth_elevation
C3120,-181.46328510916888,607.5275840831692,0.0,12.305,9.752,-1.1447895029053652,3.8326827411145956,140.0,0.0,azimuth_elevation
C3121,-160.61582988339148,613.3687671013363,0.0,12.305,9.752,-1.0132700724574828,3.869532757357406,140.0,0.0,azimuth_elevation
C3122,-139.5811037846933,618.4947895744883,0.0,12.305,9.752,-0.8805692144310648,3.9018710714984235,140.0,0.0,azimuth_elevation
C3123,-118.3836323627721,622.8996747897207,0.0,12.305,9.752,-0.7468416520905454,3.92965997850993,140.0,0.0,azimuth_elevation
C3124,-97.04813092109433,626.5782868479133,0.0,12.305,9.752,-0.6122433057916726,3.952867077769411,140.0,0.0,azimuth_elevation
C3125,-75.59947569995333,629.5263366519594,0.0,12.305,9.752,-0.47693111118532744,3.9714653108372393,140.0,0.0,azimuth_elevation
C3126,-54.06267487188713,631.7403869076604,0.0,12.305,9.752,-0.34106283623758155,3.9854329930056003,140.0,0.0,azimuth_elevation
C3127,-32.46283938327181,633.2178561314579,0.0,12.305,9.752,-0.20479689727933117,3.9947538385818917,140.0,0.0,azimuth_elevation
C3128,-10.825153676074628,633.9570216603277,0.0,12.305,9.752,-0.06829217429989916,3.9994169798771155,140.0,0.0,azimuth_elevation
C3129,0.0,662.3108436416162,0.0,12.305,9.752,0.0,4.0,140.0,0.0,azimuth_elevation
C3130,22.612027490129773,661.9247312331328,0.0,12.305,9.752,0.13656444074387158,3.9976680894646965,140.0,0.0,azimuth_elevation
C3131,45.19769036769514,660.7668441974788,0.0,12.305,9.752,0.27296965345868396,3.990675076762157,140.0,0.0,azimuth_elevation
C3132,67.73065476009059,658.8385325791432,0.0,12.305,9.752,0.40905659576813697,3.9790291154323794,140.0,0.0,azimuth_elevation
C3133,90.184648238787,656.1420447032149,0.0,12.305,9.752,0.5446665963849864,3.962743784145323,140.0,0.0,azimuth_elevation
C3134,112.53349045180806,652.6805245539368,0.0,12.305,9.752,0.6796415401146667,3.941838070868787,140.0,0.0,azimuth_elevation
C3135,134.75112364884956,648.4580081089614,0.0,12.305,9.752,0.8138240522105351,3.9163363507292916,140.0,0.0,azimuth_elevation
C3136,156.81164306345067,643.4794186335802,0.0,12.305,9.752,0.9470576818657869,3.886268357591766,140.0,0.0,azimuth_elevation
C3137,178.6893271167928,637.7505609404176,0.0,12.305,9.752,1.0791870846280969,3.851669149391197,140.0,0.0,azimuth_elevation
C3138,200.3586674079099,631.2781146212784,0.0,12.305,9.752,1.210058203524303,3.8125790672566433,140.0,0.0,azimuth_elevation
C3139,221.7943984553431,624.0696262590433,0.0,12.305,9.752,1.3395184486839447,3.7690436884752825,140.0,0.0,azimuth_elevation
C3140,242.9715271555615,616.1335006286897,0.0,12.305,9.752,1.4674168752522259,3.7211137733513326,140.0,0.0,azimuth_elevation
C3141,263.8653619238035,607.4789908977015,0.0,12.305,9.752,1.5936043593849656,3.6688452060218117,140.0,0.0,azimuth_elevation
C3142,284.45154148335956,598.116187837288,0.0,12.305,9.752,1.7179337721203276,3.6122989292981305,140.0,0.0,azimuth_elevation
C3143,304.7060632697314,588.0560080569978,0.0,12.305,9.752,1.8402601509246086,3.5515408736095013,140.0,0.0,azimuth_elevation
C3144,324.6053114165483,577.3101812764393,0.0,12.305,9.752,1.960440868712069,3.4866418801310055,140.0,0.0,azimuth_elevation
C3145,344.12608429061135,565.8912366489523,0.0,12.305,9.752,2.0783358001417342,3.4176776181859547,140.0,0.0,azimuth_elevation
C3146,363.24562154395943,553.8124881531763,0.0,12.305,9.752,2.193807484997275,3.344728497018843,140.0,0.0,azimuth_elevation
C3147,381.9416306514166,541.0880190695468,0.0,12.305,9.752,2.3067212884594683,3.2678795720417684,140.0,0.0,azimuth_elevation
C3148,400.1923129026803,527.7326655598198,0.0,12.305,9.752,2.416945558084378,3.1872204456636184,140.0,0.0,azimuth_elevation
C3149,417.9763888186414,513.7619993687713,0.0,12.305,9.752,2.5243517773042115,3.102845162817679,140.0,0.0,azimuth_elevation
C3150,435.27312296230514,499.1923096682393,0.0,12.305,9.752,2.62881471527189,3.0148521013094443,140.0,0.0,azimuth_elevation
C3151,452.0623481153836,484.04058406467846,0.0,12.305,9.752,2.730212572874616,2.9233438571124966,140.0,0.0,azimuth_elevation
C3152,468.32448879236995,468.32448879237,0.0,12.305,9.752,2.82842712474619,2.8284271247461903,140.0,0.0,azimuth_elevation
C3153,484.0405840646784,452.0623481153837,0.0,12.305,9.752,2.923343857112496,2.7302125728746165,140.0,0.0,azimuth_elevation
C3154,499.19230966823943,435.273122962305,0.0,12.305,9.752,3.0148521013094447,2.6288147152718895,140.0,0.0,azimuth_elevation
C3155,513.7619993687713,417.97638881864134,0.0,12.305,9.752,3.102845162817679,2.524351777304211,140.0,0.0,azimuth_elevation
C3156,527.7326655598197,400.1923129026804,0.0,12.305,9.752,3.187220445663618,2.4169455580843784,140.0,0.0,azimuth_elevation
C3157,541.0880190695467,381.9416306514166,0.0,12.305,9.752,3.2678795720417684,2.3067212884594688,140.0,0.0,azimuth_elevation
C3158,553.8124881531763,363.2456215439594,0.0,12.305,9.752,3.344728497018844,2.193807484997275,140.0,0.0,azimuth_elevation
C3159,565.8912366489523,344.12608429061135,0.0,12.305,9.752,3.4176776181859547,2.0783358001417342,140.0,0.0,azimuth_elevation
C3160,577.3101812764392,324.6053114165484,0.0,12.305,9.752,3.4866418801310046,1.9604408687120691,140.0,0.0,azimuth_elevation
C3161,588.0560080569978,304.70606326973143,0.0,12.305,9.752,3.5515408736095004,1.8402601509246086,140.0,0.0,azimuth_elevation
C3162,598.116187837288,284.4515414833595,0.0,12.305,9.752,3.6122989292981305,1.7179337721203274,140.0,0.0,azimuth_elevation
C3163,607.4789908977015,263.86536192380345,0.0,12.305,9.752,3.6688452060218126,1.5936043593849654,140.0,0.0,azimuth_elevation
C3164,616.1335006286897,242.97152715556155,0.0,12.305,9.752,3.7211137733513326,1.467416875252226,140.0,0.0,azimuth_elevation
C3165,624.0696262590432,221.79439845534316,0.0,12.305,9.752,3.7690436884752816,1.339518448683945,140.0,0.0,azimuth_elevation
C3166,631.2781146212784,200.35866740790996,0.0,12.305,9.752,3.8125790672566433,1.2100582035243033,140.0,0.0,azimuth_elevation
C3167,637.7505609404175,178.68932711679292,0.0,12.305,9.752,3.851669149391197,1.0791870846280978,140.0,0.0,azimuth_elevation
C3168,643.4794186335802,156.81164306345073,0.0,12.305,9.752,3.886268357591766,0.9470576818657872,140.0,0.0,azimuth_elevation
C3169,648.4580081089614,134.75112364884953,0.0,12.305,9.752,3.9163363507292916,0.813824052210535,140.0,0.0,azimuth_elevation
C3170,652.6805245539368,112.53349045180812,0.0,12.305,9.752,3.941838070868787,0.679641540114667,140.0,0.0,azimuth_elevation
C3171,656.1420447032149,90.184648238787,0.0,12.305,9.752,3.962743784145323,0.5446665963849864,140.0,0.0,azimuth_elevation
C3172,658.8385325791432,67.73065476009067,0.0,12.305,9.752,3.9790291154323794,0.40905659576813747,140.0,0.0,azimuth_elevation
C3173,660.7668441974788,45.1976903676953,0.0,12.305,9.752,3.990675076762157,0.27296965345868496,140.0,0.0,azimuth_elevation
C3174,661.9247312331328,22.612027490129726,0.0,12.305,9.752,3.9976680894646965,0.1365644407438713,140.0,0.0,azimuth_elevation
C3175,662.3108436416162,4.055484273531442e-14,0.0,12.305,9.752,4.0,2.4492935982947064e-16,140.0,0.0,azimuth_elevation
C3176,661.9247312331328,-22.612027490129798,0.0,12.305,9.752,3.9976680894646965,-0.13656444074387172,140.0,0.0,azimuth_elevation
C3177,660.7668441974788,-45.197690367695074,0.0,12.305,9.752,3.990675076762157,-0.27296965345868357,140.0,0.0,azimuth_elevation
C3178,658.8385325791432,-67.73065476009045,0.0,12.305,9.752,3.9790291154323794,-0.4090565957681361,140.0,0.0,azimuth_elevation
C3263,-656.1420447032148,-90.18464823878736,0.0,12.305,9.752,-3.962743784145323,-0.5446665963849887,140.0,0.0,azimuth_elevation
C3264,-658.8385325791432,-67.73065476009062,0.0,12.305,9.752,-3.9790291154323794,-0.40905659576813713,140.0,0.0,azimuth_elevation
C3265,-660.7668441974789,-45.1976903676948,0.0,12.305,9.752,-3.990675076762157,-0.27296965345868185,140.0,0.0,azimuth_elevation
C3266,-661.9247312331328,-22.612027490129663,0.0,12.305,9.752,-3.9976680894646965,-0.13656444074387092,140.0,0.0,azimuth_elevation
C3267,-662.3108436416162,-1.2166452820594326e-13,0.0,12.305,9.752,-4.0,-7.347880794884119e-16,140.0,0.0,azimuth_elevation
C3268,-661.9247312331328,22.61202749012942,0.0,12.305,9.752,-3.9976680894646965,0.13656444074386945,140.0,0.0,azimuth_elevation
C3269,-660.7668441974788,45.197690367695145,0.0,12.305,9.752,-3.990675076762157,0.272969653458684,140.0,0.0,azimuth_elevation
C3270,-658.8385325791432,67.73065476009036,0.0,12.305,9.752,-3.9790291154323794,0.4090565957681356,140.0,0.0,azimuth_elevation
C3271,-656.1420447032149,90.18464823878713,0.0,12.305,9.752,-3.962743784145323,0.5446665963849872,140.0,0.0,azimuth_elevation
C3272,-652.6805245539368,112.53349045180795,0.0,12.305,9.752,-3.941838070868788,0.6796415401146662,140.0,0.0,azimuth_elevation
C3273,-648.4580081089615,134.75112364884924,0.0,12.305,9.752,-3.916336350729292,0.8138240522105332,140.0,0.0,azimuth_elevation
C3274,-643.4794186335802,156.8116430634507,0.0,12.305,9.752,-3.886268357591766,0.9470576818657871,140.0,0.0,azimuth_elevation
C3275,-637.7505609404176,178.68932711679264,0.0,12.305,9.752,-3.8516691493911974,1.079187084628096,140.0,0.0,azimuth_elevation
C3276,-631.2781146212783,200.35866740791008,0.0,12.305,9.752,-3.8125790672566433,1.2100582035243042,140.0,0.0,azimuth_elevation
C3277,-624.0696262590433,221.794398455343,0.0,12.305,9.752,-3.7690436884752825,1.3395184486839442,140.0,0.0,azimuth_elevation
C3278,-616.1335006286898,242.97152715556123,0.0,12.305,9.752,-3.721113773351333,1.4674168752522243,140.0,0.0,azimuth_elevation
C3279,-607.4789908977014,263.86536192380356,0.0,12.305,9.752,-3.6688452060218117,1.593604359384966,140.0,0.0,azimuth_elevation
C3280,-598.1161878372881,284.4515414833594,0.0,12.305,9.752,-3.6122989292981313,1.7179337721203267,140.0,0.0,azimuth_elevation
C3281,-588.056008056998,304.706063269731,0.0,12.305,9.752,-3.5515408736095027,1.8402601509246062,140.0,0.0,azimuth_elevation
C3282,-577.3101812764393,324.6053114165483,0.0,12.305,9.752,-3.4866418801310055,1.960440868712069,140.0,0.0,azimuth_elevation
C3283,-565.8912366489524,344.1260842906111,0.0,12.305,9.752,-3.417677618185955,2.078335800141733,140.0,0.0,azimuth_elevation
C3284,-553.8124881531763,363.24562154395943,0.0,12.305,9.752,-3.344728497018843,2.193807484997275,140.0,0.0,azimuth_elevation
C3285,-541.0880190695469,381.9416306514165,0.0,12.305,9.752,-3.267879572041769,2.306721288459468,140.0,0.0,azimuth_elevation
C3286,-527.73266555982,400.19231290268004,0.0,12.305,9.752,-3.1872204456636197,2.416945558084376,140.0,0.0,azimuth_elevation
C3287,-513.7619993687713,417.97638881864134,0.0,12.305,9.752,-3.102845162817679,2.524351777304211,140.0,0.0,azimuth_elevation
C3288,-499.19230966823955,435.2731229623049,0.0,12.305,9.752,-3.0148521013094456,2.6288147152718886,140.0,0.0,azimuth_elevation
C3289,-484.0405840646784,452.06234811538377,0.0,12.305,9.752,-2.923343857112496,2.730212572874617,140.0,0.0,azimuth_elevation
C3290,-468.3244887923701,468.3244887923699,0.0,12.305,9.752,-2.8284271247461907,2.8284271247461894,140.0,0.0,azimuth_elevation
C3291,-452.06234811538394,484.04058406467817,0.0,12.305,9.752,-2.730212572874618,2.923343857112495,140.0,0.0,azimuth_elevation
C3292,-435.2731229623056,499.192309668239,0.0,12.305,9.752,-2.6288147152718926,3.014852101309442,140.0,0.0,azimuth_elevation
C3293,-417.9763888186415,513.7619993687712,0.0,12.305,9.752,-2.5243517773042123,3.1028451628176787,140.0,0.0,azimuth_elevation
C3294,-400.1923129026807,527.7326655598195,0.0,12.305,9.752,-2.4169455580843806,3.1872204456636166,140.0,0.0,azimuth_elevation
C3295,-381.94163065141623,541.088019069547,0.0,12.305,9.752,-2.306721288459466,3.2678795720417697,140.0,0.0,azimuth_elevation
C3296,-363.24562154395915,553.8124881531764,0.0,12.305,9.752,-2.1938074849972735,3.3447284970188442,140.0,0.0,azimuth_elevation
C3297,-344.12608429061135,565.8912366489523,0.0,12.305,9.752,-2.0783358001417342,3.4176776181859547,140.0,0.0,azimuth_elevation
C3298,-324.6053114165485,577.310181276439,0.0,12.305,9.752,-1.9604408687120698,3.486641880131004,140.0,0.0,azimuth_elevation
C3299,-304.70606326973126,588.0560080569978,0.0,12.305,9.752,-1.840260150924608,3.5515408736095013,140.0,0.0,azimuth_elevation
C3300,-284.4515414833597,598.116187837288,0.0,12.305,9.752,-1.7179337721203283,3.6122989292981305,140.0,0.0,azimuth_elevation
C3301,-263.8653619238038,607.4789908977012,0.0,12.305,9.752,-1.5936043593849676,3.6688452060218113,140.0,0.0,azimuth_elevation
C3302,-242.97152715556206,616.1335006286895,0.0,12.305,9.752,-1.4674168752522292,3.7211137733513313,140.0,0.0,azimuth_elevation
C3303,-221.79439845534327,624.0696262590432,0.0,12.305,9.752,-1.3395184486839458,3.7690436884752816,140.0,0.0,azimuth_elevation
C3304,-200.35866740791036,631.2781146212783,0.0,12.305,9.752,-1.2100582035243057,3.8125790672566424,140.0,0.0,azimuth_elevation
C3305,-178.68932711679344,637.7505609404174,0.0,12.305,9.752,-1.0791870846281009,3.851669149391196,140.0,0.0,azimuth_elevation
C3306,-156.81164306345042,643.4794186335803,0.0,12.305,9.752,-0.9470576818657853,3.8862683575917667,140.0,0.0,azimuth_elevation
C3307,-134.75112364884953,648.4580081089614,0.0,12.305,9.752,-0.813824052210535,3.9163363507292916,140.0,0.0,azimuth_elevation
C3308,-112.53349045180823,652.6805245539368,0.0,12.305,9.752,-0.6796415401146677,3.941838070868787,140.0,0.0,azimuth_elevation
C3309,-90.18464823878683,656.1420447032149,0.0,12.305,9.752,-0.5446665963849854,3.962743784145323,140.0,0.0,azimuth_elevation
C3310,-67.73065476009064,658.8385325791432,0.0,12.305,9.752,-0.4090565957681373,3.9790291154323794,140.0,0.0,azimuth_elevation
C3311,-45.19769036769542,660.7668441974788,0.0,12.305,9.752,-0.2729696534586857,3.990675076762157,140.0,0.0,azimuth_elevation
C3312,-22.61202749013029,661.9247312331328,0.0,12.305,9.752,-0.13656444074387472,3.9976680894646965,140.0,0.0,azimuth_elevation
C3313,11.790170111268578,690.471595348181,0.0,12.305,9.752,0.06829217429989887,3.999416979877116,140.0,0.0,azimuth_elevation
C3314,35.35676352285799,689.6665363544208,0.0,12.305,9.752,0.20479689727933223,3.9947538385818917,140.0,0.0,azimuth_elevation
C3315,58.882132529770814,688.0573570296748,0.0,12.305,9.752,0.34106283623758404,3.9854329930056,140.0,0.0,azimuth_elevation
C3316,82.33884760408996,685.6459336050535,0.0,12.305,9.752,0.4769311111853242,3.9714653108372393,140.0,0.0,azimuth_elevation
C3317,105.69955926531271,682.4350776924011,0.0,12.305,9.752,0.6122433057916709,3.9528670777694117,140.0,0.0,azimuth_elevation
C3318,128.9370299686216,678.428533006083,0.0,12.305,9.752,0.746841652090545,3.9296599785099304,140.0,0.0,azimuth_elevation
C3319,152.0241658626432,673.6309709979809,0.0,12.305,9.752,0.8805692144310625,3.9018710714984244,140.0,0.0,azimuth_elevation
C3320,174.93404837966682,668.0479854107901,0.0,12.305,9.752,1.0132700724574817,3.869532757357406,140.0,0.0,azimuth_elevation
C3321,197.63996562149052,661.6860857559656,0.0,12.305,9.752,1.1447895029053652,3.832682741114595,140.0,0.0,azimuth_elevation
C3322,220.11544350429924,654.5526897239217,0.0,12.305,9.752,1.2749741600019833,3.791363988240543,140.0,0.0,azimuth_elevation
C3323,242.33427662626264,646.6561145353386,0.0,12.305,9.752,1.4036722542606273,3.745624674552816,140.0,0.0,azimuth_elevation
C3324,264.270558821861,638.0055672436536,0.0,12.305,9.752,1.5307337294603591,3.6955181300451465,140.0,0.0,azimuth_elevation
C3325,285.8987133673157,628.6111340000497,0.0,12.305,9.752,1.656010437604854,3.641102776707049,140.0,0.0,azimuth_elevation
C3326,307.1935228019048,618.4837682934536,0.0,12.305,9.752,1.779356311656337,3.5824420604063865,140.0,0.0,azimuth_elevation
C3327,328.1301583303946,607.6352781792588,0.0,12.305,9.752,1.9006275358432148,3.519604376914336,140.0,0.0,azimuth_elevation
C3328,348.6842087723035,596.0783125116595,0.0,12.305,9.752,2.0196827133428314,3.452662992158971,140.0,0.0,azimuth_elevation
C3329,368.83170902424735,583.8263461956542,0.0,12.305,9.752,2.1363830311438408,3.3816959568004714,140.0,0.0,azimuth_elevation
C3330,388.5491680021772,570.8936644759082,0.0,12.305,9.752,2.2505924218959654,3.306786015227543,140.0,0.0,azimuth_elevation
C3331,407.81359603093324,557.2953462807973,0.0,12.305,9.752,2.3621777225584433,3.2280205090811624,140.0,0.0,azimuth_elevation
C3332,426.6025316491769,543.0472466410523,0.0,12.305,9.752,2.471008829662174,3.14549127541813,140.0,0.0,azimuth_elevation
C3333,444.8940677984506,528.1659782035024,0.0,12.305,9.752,2.5769588510045454,3.0592945396331706,140.0,0.0,azimuth_elevation
C3334,462.66687736582753,512.6688918614716,0.0,12.305,9.752,2.679904253600066,2.969530803264427,140.0,0.0,azimuth_elevation
C3335,479.9002380503717,496.5740565244136,0.0,12.305,9.752,2.7797250077142985,2.8763047268131627,140.0,0.0,azimuth_elevation
C3336,496.5740565244136,479.9002380503717,0.0,12.305,9.752,2.8763047268131627,2.7797250077142985,140.0,0.0,azimuth_elevation
C3337,512.6688918614716,462.66687736582753,0.0,12.305,9.752,2.969530803264427,2.679904253600066,140.0,0.0,azimuth_elevation
C3338,528.1659782035024,444.8940677984506,0.0,12.305,9.752,3.0592945396331706,2.5769588510045454,140.0,0.0,azimuth_elevation
C3339,543.0472466410523,426.6025316491769,0.0,12.305,9.752,3.14549127541813,2.471008829662174,140.0,0.0,azimuth_elevation
C3340,557.2953462807973,407.8135960309332,0.0,12.305,9.752,3.2280205090811624,2.362177722558443,140.0,0.0,azimuth_elevation
C3341,570.8936644759082,388.5491680021773,0.0,12.305,9.752,3.306786015227543,2.250592421895966,140.0,0.0,azimuth_elevation
C3342,583.8263461956542,368.83170902424735,0.0,12.305,9.752,3.3816959568004714,2.1363830311438408,140.0,0.0,azimuth_elevation
C3343,596.0783125116595,348.6842087723035,0.0,12.305,9.752,3.452662992158971,2.0196827133428314,140.0,0.0,azimuth_elevation
C3344,607.6352781792588,328.1301583303945,0.0,12.305,9.752,3.519604376914336,1.9006275358432143,140.0,0.0,azimuth_elevation
C3345,618.4837682934536,307.19352280190486,0.0,12.305,9.752,3.5824420604063865,1.7793563116563371,140.0,0.0,azimuth_elevation
C3346,628.6111340000497,285.8987133673158,0.0,12.305,9.752,3.641102776707049,1.6560104376048546,140.0,0.0,azimuth_elevation
C3347,638.0055672436536,264.2705588218611,0.0,12.305,9.752,3.6955181300451465,1.5307337294603596,140.0,0.0,azimuth_elevation
C3348,646.6561145353386,242.3342766262626,0.0,12.305,9.752,3.745624674552816,1.403672254260627,140.0,0.0,azimuth_elevation
C3349,654.5526897239217,220.11544350429932,0.0,12.305,9.752,3.791363988240543,1.2749741600019837,140.0,0.0,azimuth_elevation
C3350,661.6860857559656,197.63996562149052,0.0,12.305,9.752,3.832682741114595,1.1447895029053652,140.0,0.0,azimuth_elevation
C3351,668.0479854107901,174.9340483796669,0.0,12.305,9.752,3.869532757357406,1.0132700724574821,140.0,0.0,azimuth_elevation
C3352,673.6309709979809,152.0241658626432,0.0,12.305,9.752,3.9018710714984244,0.8805692144310625,140.0,0.0,azimuth_elevation
C3353,678.4285330060828,128.93702996862172,0.0,12.305,9.752,3.92965997850993,0.7468416520905456,140.0,0.0,azimuth_elevation
C3354,682.4350776924011,105.6995592653126,0.0,12.305,9.752,3.9528670777694117,0.6122433057916702,140.0,0.0,azimuth_elevation
C3355,685.6459336050535,82.33884760408992,0.0,12.305,9.752,3.9714653108372393,0.476931111185324,140.0,0.0,azimuth_elevation
C3356,688.0573570296748,58.88213252977086,0.0,12.305,9.752,3.9854329930056,0.3410628362375843,140.0,0.0,azimuth_elevation
C3357,689.6665363544208,35.35676352285798,0.0,12.305,9.752,3.9947538385818917,0.20479689727933217,140.0,0.0,azimuth_elevation
C3358,690.471595348181,11.790170111268655,0.0,12.305,9.752,3.999416979877116,0.06829217429989931,140.0,0.0,azimuth_elevation
C3359,690.471595348181,-11.790170111268418,0.0,12.305,9.752,3.999416979877116,-0.06829217429989794,140.0,0.0,azimuth_elevation
C3360,689.6665363544208,-35.35676352285805,0.0,12.305,9.752,3.9947538385818917,-0.2047968972793326,140.0,0.0,azimuth_elevation
C3361,688.0573570296748,-58.88213252977077,0.0,12.305,9.752,3.9854329930056,-0.3410628362375838,140.0,0.0,azimuth_elevation
C3447,-685.6459336050534,-82.33884760409046,0.0,12.305,9.752,-3.9714653108372393,-0.4769311111853272,140.0,0.0,azimuth_elevation
C3448,-688.0573570296748,-58.88213252977094,0.0,12.305,9.752,-3.9854329930056,-0.3410628362375848,140.0,0.0,azimuth_elevation
C3449,-689.6665363544208,-35.35676352285776,0.0,12.305,9.752,-3.9947538385818917,-0.2047968972793309,140.0,0.0,azimuth_elevation
C3450,-690.471595348181,-11.790170111268585,0.0,12.305,9.752,-3.999416979877116,-0.06829217429989891,140.0,0.0,azimuth_elevation
C3451,-690.471595348181,11.790170111268331,0.0,12.305,9.752,-3.999416979877116,0.06829217429989744,140.0,0.0,azimuth_elevation
C3452,-689.6665363544208,35.356763522857506,0.0,12.305,9.752,-3.9947538385818917,0.20479689727932943,140.0,0.0,azimuth_elevation
C3453,-688.0573570296749,58.88213252977069,0.0,12.305,9.752,-3.9854329930056,0.3410628362375833,140.0,0.0,azimuth_elevation
C3454,-685.6459336050534,82.3388476040902,0.0,12.305,9.752,-3.9714653108372393,0.4769311111853257,140.0,0.0,azimuth_elevation
C3455,-682.4350776924011,105.69955926531274,0.0,12.305,9.752,-3.9528670777694117,0.612243305791671,140.0,0.0,azimuth_elevation
C3456,-678.428533006083,128.93702996862137,0.0,12.305,9.752,-3.9296599785099304,0.7468416520905437,140.0,0.0,azimuth_elevation
C3457,-673.630970997981,152.02416586264272,0.0,12.305,9.752,-3.9018710714984253,0.8805692144310597,140.0,0.0,azimuth_elevation
C3458,-668.0479854107901,174.93404837966673,0.0,12.305,9.752,-3.869532757357406,1.0132700724574812,140.0,0.0,azimuth_elevation
C3459,-661.6860857559656,197.63996562149018,0.0,12.305,9.752,-3.832682741114596,1.1447895029053634,140.0,0.0,azimuth_elevation
C3460,-654.5526897239217,220.11544350429932,0.0,12.305,9.752,-3.791363988240543,1.2749741600019837,140.0,0.0,azimuth_elevation
C3461,-646.6561145353387,242.33427662626244,0.0,12.305,9.752,-3.7456246745528166,1.4036722542606261,140.0,0.0,azimuth_elevation
C3462,-638.0055672436538,264.2705588218606,0.0,12.305,9.752,-3.695518130045148,1.530733729460357,140.0,0.0,azimuth_elevation
C3463,-628.6111340000497,285.8987133673156,0.0,12.305,9.752,-3.641102776707049,1.6560104376048537,140.0,0.0,azimuth_elevation
C3464,-618.4837682934537,307.1935228019046,0.0,12.305,9.752,-3.582442060406387,1.7793563116563356,140.0,0.0,azimuth_elevation
C3465,-607.6352781792586,328.13015833039464,0.0,12.305,9.752,-3.5196043769143355,1.900627535843215,140.0,0.0,azimuth_elevation
C3466,-596.0783125116596,348.68420877230335,0.0,12.305,9.752,-3.452662992158972,2.0196827133428306,140.0,0.0,azimuth_elevation
C3467,-583.8263461956544,368.83170902424695,0.0,12.305,9.752,-3.3816959568004727,2.1363830311438385,140.0,0.0,azimuth_elevation
C3468,-570.8936644759082,388.5491680021772,0.0,12.305,9.752,-3.306786015227543,2.2505924218959654,140.0,0.0,azimuth_elevation
C3469,-557.2953462807974,407.813596030933,0.0,12.305,9.752,-3.2280205090811633,2.362177722558442,140.0,0.0,azimuth_elevation
C3470,-543.0472466410523,426.602531649177,0.0,12.305,9.752,-3.14549127541813,2.4710088296621744,140.0,0.0,azimuth_elevation
C3471,-528.1659782035025,444.89406779845046,0.0,12.305,9.752,-3.059294539633171,2.576958851004545,140.0,0.0,azimuth_elevation
C3472,-512.6688918614719,462.6668773658272,0.0,12.305,9.752,-2.969530803264429,2.679904253600064,140.0,0.0,azimuth_elevation
C3473,-496.5740565244136,479.9002380503717,0.0,12.305,9.752,-2.8763047268131627,2.7797250077142985,140.0,0.0,azimuth_elevation
C3474,-479.90023805037185,496.57405652441344,0.0,12.305,9.752,-2.7797250077142994,2.876304726813162,140.0,0.0,azimuth_elevation
C3475,-462.6668773658279,512.6688918614713,0.0,12.305,9.752,-2.679904253600068,2.969530803264425,140.0,0.0,azimuth_elevation
C3476,-444.8940677984507,528.1659782035024,0.0,12.305,9.752,-2.5769588510045462,3.0592945396331706,140.0,0.0,azimuth_elevation
C3477,-426.60253164917725,543.0472466410521,0.0,12.305,9.752,-2.4710088296621757,3.1454912754181286,140.0,0.0,azimuth_elevation
C3478,-407.81359603093324,557.2953462807973,0.0,12.305,9.752,-2.3621777225584433,3.2280205090811624,140.0,0.0,azimuth_elevation
C3479,-388.54916800217745,570.8936644759079,0.0,12.305,9.752,-2.2505924218959668,3.3067860152275417,140.0,0.0,azimuth_elevation
C3480,-368.8317090242477,583.826346195654,0.0,12.305,9.752,-2.136383031143843,3.38169595680047,140.0,0.0,azimuth_elevation
C3481,-348.68420877230363,596.0783125116594,0.0,12.305,9.752,-2.0196827133428323,3.4526629921589707,140.0,0.0,azimuth_elevation
C3482,-328.1301583303949,607.6352781792585,0.0,12.305,9.752,-1.9006275358432168,3.5196043769143346,140.0,0.0,azimuth_elevation
C3483,-307.1935228019054,618.4837682934534,0.0,12.305,9.752,-1.77935631165634,3.582442060406385,140.0,0.0,azimuth_elevation
C3484,-285.89871336731534,628.6111340000498,0.0,12.305,9.752,-1.656010437604852,3.6411027767070494,140.0,0.0,azimuth_elevation
C3485,-264.27055882186085,638.0055672436537,0.0,12.305,9.752,-1.5307337294603582,3.6955181300451474,140.0,0.0,azimuth_elevation
C3486,-242.33427662626272,646.6561145353385,0.0,12.305,9.752,-1.403672254260628,3.745624674552816,140.0,0.0,azimuth_elevation
C3487,-220.11544350429958,654.5526897239216,0.0,12.305,9.752,-1.2749741600019853,3.7913639882405423,140.0,0.0,azimuth_elevation
C3488,-197.6399656214905,661.6860857559656,0.0,12.305,9.752,-1.144789502905365,3.832682741114595,140.0,0.0,azimuth_elevation
C3489,-174.93404837966702,668.0479854107901,0.0,12.305,9.752,-1.0132700724574828,3.869532757357406,140.0,0.0,azimuth_elevation
C3490,-152.02416586264363,673.6309709979807,0.0,12.305,9.752,-0.880569214431065,3.901871071498424,140.0,0.0,azimuth_elevation
C3491,-128.9370299686217,678.4285330060828,0.0,12.305,9.752,-0.7468416520905455,3.92965997850993,140.0,0.0,azimuth_elevation
C3492,-105.69955926531303,682.4350776924011,0.0,12.305,9.752,-0.6122433057916726,3.9528670777694117,140.0,0.0,azimuth_elevation
C3493,-82.3388476040905,685.6459336050534,0.0,12.305,9.752,-0.47693111118532744,3.9714653108372393,140.0,0.0,azimuth_elevation
C3494,-58.88213252977038,688.0573570296749,0.0,12.305,9.752,-0.34106283623758155,3.9854329930056003,140.0,0.0,azimuth_elevation
C3495,-35.356763522857804,689.6665363544208,0.0,12.305,9.752,-0.20479689727933115,3.9947538385818917,140.0,0.0,azimuth_elevation
C3496,-11.79017011126863,690.471595348181,0.0,12.305,9.752,-0.06829217429989916,3.999416979877116,140.0,0.0,azimuth_elevation
C3497,0.0,718.8336558136941,0.0,12.305,9.752,0.0,4.0,140.0,0.0,azimuth_elevation
C3498,24.541779048517455,718.4145918699134,0.0,12.305,9.752,0.13656444074387158,3.997668089464696,140.0,0.0,azimuth_elevation
C3499,49.054943480475735,717.1578886483838,0.0,12.305,9.752,0.27296965345868396,3.990675076762157,140.0,0.0,azimuth_elevation
C3500,73.51091204267858,715.0650114088467,0.0,12.305,9.752,0.4090565957681369,3.9790291154323794,140.0,0.0,azimuth_elevation
C3501,97.88117016975539,712.1384003525437,0.0,12.305,9.752,0.5446665963849864,3.962743784145323,140.0,0.0,azimuth_elevation
C3502,122.13730323086882,708.3814677770525,0.0,12.305,9.752,0.6796415401146666,3.941838070868787,140.0,0.0,azimuth_elevation
C3503,146.2510296599034,703.7985940976996,0.0,12.305,9.752,0.813824052210535,3.9163363507292916,140.0,0.0,azimuth_elevation
C3504,170.19423393050653,698.3951227401924,0.0,12.305,9.752,0.9470576818657871,3.8862683575917663,140.0,0.0,azimuth_elevation
C3505,193.9389993375344,692.177353910424,0.0,12.305,9.752,1.079187084628097,3.851669149391197,140.0,0.0,azimuth_elevation
C3506,217.45764054668146,685.1525372487142,0.0,12.305,9.752,1.210058203524303,3.8125790672566433,140.0,0.0,azimuth_elevation
C3507,240.72273587434205,677.3288633770543,0.0,12.305,9.752,1.3395184486839447,3.769043688475282,140.0,0.0,azimuth_elevation
C3508,263.70715926006625,668.7154543492071,0.0,12.305,9.752,1.4674168752522259,3.7211137733513326,140.0,0.0,azimuth_elevation
C3509,286.3841118943337,659.3223530148013,0.0,12.305,9.752,1.5936043593849656,3.668845206021812,140.0,0.0,azimuth_elevation
C3510,308.7271534647662,649.1605113098171,0.0,12.305,9.752,1.7179337721203274,3.6122989292981305,140.0,0.0,azimuth_elevation
C3511,330.7102329843492,638.2417774871196,0.0,12.305,9.752,1.8402601509246086,3.551540873609501,140.0,0.0,azimuth_elevation
C3512,352.3077191657177,626.5788823019255,0.0,12.305,9.752,1.9604408687120687,3.486641880131005,140.0,0.0,azimuth_elevation
C3513,373.49443030609046,614.185424168312,0.0,12.305,9.752,2.0783358001417342,3.4176776181859543,140.0,0.0,azimuth_elevation
C3514,394.2456636480093,601.0758533040744,0.0,12.305,9.752,2.1938074849972753,3.344728497018843,140.0,0.0,azimuth_elevation
C3515,414.53722418164864,587.2654548824187,0.0,12.305,9.752,2.306721288459468,3.267879572041768,140.0,0.0,azimuth_elevation
C3516,434.34545285511564,572.7703312101326,0.0,12.305,9.752,2.4169455580843784,3.187220445663619,140.0,0.0,azimuth_elevation
C3517,453.64725415984566,557.6073829530173,0.0,12.305,9.752,2.524351777304211,3.1028451628176787,140.0,0.0,azimuth_elevation
C3518,472.420123058932,541.7942894304664,0.0,12.305,9.752,2.62881471527189,3.0148521013094443,140.0,0.0,azimuth_elevation
C3519,490.642171226993,525.3494880021703,0.0,12.305,9.752,2.730212572874616,2.9233438571124966,140.0,0.0,azimuth_elevation
C3520,508.2921525709798,508.29215257097985,0.0,12.305,9.752,2.82842712474619,2.8284271247461903,140.0,0.0,azimuth_elevation
C3521,525.3494880021702,490.64217122699307,0.0,12.305,9.752,2.9233438571124966,2.730212572874617,140.0,0.0,azimuth_elevation
C3522,541.7942894304665,472.42012305893195,0.0,12.305,9.752,3.014852101309445,2.6288147152718895,140.0,0.0,azimuth_elevation
C3523,557.6073829530173,453.64725415984555,0.0,12.305,9.752,3.102845162817679,2.524351777304211,140.0,0.0,azimuth_elevation
C3524,572.7703312101324,434.34545285511575,0.0,12.305,9.752,3.1872204456636184,2.416945558084379,140.0,0.0,azimuth_elevation
C3525,587.2654548824186,414.53722418164864,0.0,12.305,9.752,3.267879572041768,2.3067212884594683,140.0,0.0,azimuth_elevation
C3526,601.0758533040744,394.24566364800927,0.0,12.305,9.752,3.344728497018844,2.1938074849972753,140.0,0.0,azimuth_elevation
C3527,614.185424168312,373.49443030609046,0.0,12.305,9.752,3.4176776181859543,2.0783358001417342,140.0,0.0,azimuth_elevation
C3528,626.5788823019254,352.3077191657178,0.0,12.305,9.752,3.486641880131005,1.9604408687120698,140.0,0.0,azimuth_elevation
C3529,638.2417774871196,330.71023298434926,0.0,12.305,9.752,3.551540873609501,1.8402601509246088,140.0,0.0,azimuth_elevation
C3530,649.1605113098171,308.72715346476616,0.0,12.305,9.752,3.612298929298131,1.7179337721203274,140.0,0.0,azimuth_elevation
C3531,659.3223530148013,286.38411189433367,0.0,12.305,9.752,3.668845206021812,1.5936043593849654,140.0,0.0,azimuth_elevation
C3532,668.7154543492071,263.7071592600663,0.0,12.305,9.752,3.7211137733513326,1.467416875252226,140.0,0.0,azimuth_elevation
C3533,677.3288633770542,240.7227358743421,0.0,12.305,9.752,3.7690436884752816,1.339518448683945,140.0,0.0,azimuth_elevation
C3534,685.1525372487142,217.45764054668152,0.0,12.305,9.752,3.8125790672566433,1.2100582035243033,140.0,0.0,azimuth_elevation
C3535,692.1773539104239,193.9389993375345,0.0,12.305,9.752,3.8516691493911974,1.079187084628098,140.0,0.0,azimuth_elevation
C3536,698.3951227401924,170.19423393050658,0.0,12.305,9.752,3.8862683575917663,0.9470576818657874,140.0,0.0,azimuth_elevation
C3537,703.7985940976996,146.2510296599034,0.0,12.305,9.752,3.9163363507292916,0.813824052210535,140.0,0.0,azimuth_elevation
C3538,708.3814677770525,122.1373032308689,0.0,12.305,9.752,3.941838070868787,0.6796415401146669,140.0,0.0,azimuth_elevation
C3539,712.1384003525437,97.88117016975539,0.0,12.305,9.752,3.962743784145323,0.5446665963849864,140.0,0.0,azimuth_elevation
C3540,715.0650114088467,73.51091204267868,0.0,12.305,9.752,3.9790291154323794,0.40905659576813747,140.0,0.0,azimuth_elevation
C3541,717.1578886483838,49.05494348047591,0.0,12.305,9.752,3.990675076762157,0.27296965345868496,140.0,0.0,azimuth_elevation
C3542,718.4145918699134,24.5417790485174,0.0,12.305,9.752,3.997668089464696,0.1365644407438713,140.0,0.0,azimuth_elevation
C3543,718.8336558136941,4.401586678558153e-14,0.0,12.305,9.752,4.0,2.4492935982947064e-16,140.0,0.0,azimuth_elevation
C3544,718.4145918699134,-24.54177904851748,0.0,12.305,9.752,3.997668089464696,-0.13656444074387172,140.0,0.0,azimuth_elevation
C3545,717.1578886483838,-49.054943480475664,0.0,12.305,9.752,3.990675076762157,-0.27296965345868357,140.0,0.0,azimuth_elevation
C3632,-715.0650114088467,-73.51091204267861,0.0,12.305,9.752,-3.9790291154323794,-0.4090565957681371,140.0,0.0,azimuth_elevation
C3633,-717.157888648384,-49.054943480475366,0.0,12.305,9.752,-3.990675076762157,-0.27296965345868185,140.0,0.0,azimuth_elevation
C3634,-718.4145918699134,-24.541779048517334,0.0,12.305,9.752,-3.997668089464696,-0.13656444074387092,140.0,0.0,azimuth_elevation
C3635,-718.8336558136941,-1.320476003567446e-13,0.0,12.305,9.752,-4.0,-7.347880794884119e-16,140.0,0.0,azimuth_elevation
C3636,-718.4145918699134,24.541779048517068,0.0,12.305,9.752,-3.9976680894646965,0.13656444074386945,140.0,0.0,azimuth_elevation
C3637,-717.1578886483838,49.05494348047574,0.0,12.305,9.752,-3.990675076762157,0.27296965345868396,140.0,0.0,azimuth_elevation
C3638,-715.0650114088467,73.51091204267834,0.0,12.305,9.752,-3.97902911543238,0.40905659576813563,140.0,0.0,azimuth_elevation
C3639,-712.1384003525437,97.88117016975553,0.0,12.305,9.752,-3.962743784145323,0.5446665963849872,140.0,0.0,azimuth_elevation
C3640,-708.3814677770525,122.13730323086871,0.0,12.305,9.752,-3.9418380708687875,0.679641540114666,140.0,0.0,azimuth_elevation
C3641,-703.7985940976997,146.25102965990308,0.0,12.305,9.752,-3.916336350729292,0.8138240522105333,140.0,0.0,azimuth_elevation
C3642,-698.3951227401924,170.19423393050656,0.0,12.305,9.752,-3.8862683575917663,0.9470576818657872,140.0,0.0,azimuth_elevation
C3643,-692.177353910424,193.9389993375342,0.0,12.305,9.752,-3.8516691493911974,1.079187084628096,140.0,0.0,azimuth_elevation
C3644,-685.1525372487141,217.45764054668163,0.0,12.305,9.752,-3.8125790672566433,1.2100582035243042,140.0,0.0,azimuth_elevation
C3645,-677.3288633770543,240.72273587434196,0.0,12.305,9.752,-3.769043688475282,1.3395184486839442,140.0,0.0,azimuth_elevation
C3646,-668.7154543492072,263.70715926006596,0.0,12.305,9.752,-3.721113773351333,1.4674168752522243,140.0,0.0,azimuth_elevation
C3647,-659.3223530148011,286.3841118943338,0.0,12.305,9.752,-3.668845206021812,1.5936043593849663,140.0,0.0,azimuth_elevation
C3648,-649.1605113098171,308.727153464766,0.0,12.305,9.752,-3.612298929298132,1.7179337721203267,140.0,0.0,azimuth_elevation
C3649,-638.2417774871199,330.7102329843488,0.0,12.305,9.752,-3.551540873609502,1.8402601509246064,140.0,0.0,azimuth_elevation
C3650,-626.5788823019255,352.3077191657177,0.0,12.305,9.752,-3.486641880131005,1.9604408687120687,140.0,0.0,azimuth_elevation
C3651,-614.1854241683122,373.49443030609024,0.0,12.305,9.752,-3.417677618185955,2.078335800141733,140.0,0.0,azimuth_elevation
C3652,-601.0758533040744,394.2456636480093,0.0,12.305,9.752,-3.344728497018843,2.1938074849972753,140.0,0.0,azimuth_elevation
C3653,-587.2654548824187,414.5372241816485,0.0,12.305,9.752,-3.2678795720417684,2.306721288459468,140.0,0.0,azimuth_elevation
C3654,-572.7703312101328,434.34545285511535,0.0,12.305,9.752,-3.1872204456636197,2.416945558084376,140.0,0.0,azimuth_elevation
C3655,-557.6073829530173,453.64725415984555,0.0,12.305,9.752,-3.102845162817679,2.524351777304211,140.0,0.0,azimuth_elevation
C3656,-541.7942894304666,472.4201230589318,0.0,12.305,9.752,-3.0148521013094456,2.6288147152718886,140.0,0.0,azimuth_elevation
C3657,-525.3494880021702,490.6421712269932,0.0,12.305,9.752,-2.923343857112496,2.730212572874617,140.0,0.0,azimuth_elevation
C3658,-508.29215257097997,508.2921525709797,0.0,12.305,9.752,-2.8284271247461907,2.8284271247461894,140.0,0.0,azimuth_elevation
C3659,-490.64217122699336,525.34948800217,0.0,12.305,9.752,-2.730212572874618,2.923343857112495,140.0,0.0,azimuth_elevation
C3660,-472.42012305893246,541.7942894304659,0.0,12.305,9.752,-2.628814715271893,3.014852101309442,140.0,0.0,azimuth_elevation
C3661,-453.64725415984583,557.6073829530171,0.0,12.305,9.752,-2.5243517773042123,3.102845162817678,140.0,0.0,azimuth_elevation
C3662,-434.34545285511615,572.7703312101322,0.0,12.305,9.752,-2.4169455580843806,3.1872204456636166,140.0,0.0,azimuth_elevation
C3663,-414.53722418164824,587.2654548824189,0.0,12.305,9.752,-2.306721288459466,3.2678795720417697,140.0,0.0,azimuth_elevation
C3664,-394.245663648009,601.0758533040746,0.0,12.305,9.752,-2.1938074849972735,3.3447284970188442,140.0,0.0,azimuth_elevation
C3665,-373.49443030609046,614.185424168312,0.0,12.305,9.752,-2.0783358001417342,3.4176776181859543,140.0,0.0,azimuth_elevation
C3666,-352.3077191657179,626.5788823019254,0.0,12.305,9.752,-1.96044086871207,3.486641880131004,140.0,0.0,azimuth_elevation
C3667,-330.7102329843491,638.2417774871197,0.0,12.305,9.752,-1.840260150924608,3.5515408736095018,140.0,0.0,azimuth_elevation
C3668,-308.72715346476633,649.160511309817,0.0,12.305,9.752,-1.7179337721203283,3.6122989292981305,140.0,0.0,azimuth_elevation
C3669,-286.38411189433407,659.3223530148011,0.0,12.305,9.752,-1.5936043593849674,3.668845206021811,140.0,0.0,azimuth_elevation
C3670,-263.7071592600669,668.7154543492069,0.0,12.305,9.752,-1.4674168752522292,3.7211137733513313,140.0,0.0,azimuth_elevation
C3671,-240.72273587434225,677.3288633770542,0.0,12.305,9.752,-1.3395184486839458,3.7690436884752816,140.0,0.0,azimuth_elevation
C3672,-217.45764054668194,685.1525372487141,0.0,12.305,9.752,-1.2100582035243057,3.812579067256643,140.0,0.0,azimuth_elevation
C3673,-193.93899933753505,692.1773539104238,0.0,12.305,9.752,-1.0791870846281009,3.851669149391196,140.0,0.0,azimuth_elevation
C3674,-170.19423393050624,698.3951227401925,0.0,12.305,9.752,-0.9470576818657853,3.8862683575917663,140.0,0.0,azimuth_elevation
C3675,-146.25102965990337,703.7985940976996,0.0,12.305,9.752,-0.8138240522105349,3.9163363507292916,140.0,0.0,azimuth_elevation
C3676,-122.13730323086901,708.3814677770525,0.0,12.305,9.752,-0.6796415401146676,3.941838070868787,140.0,0.0,azimuth_elevation
C3677,-97.88117016975521,712.1384003525437,0.0,12.305,9.752,-0.5446665963849854,3.962743784145323,140.0,0.0,azimuth_elevation
C3678,-73.51091204267865,715.0650114088467,0.0,12.305,9.752,-0.4090565957681373,3.9790291154323794,140.0,0.0,azimuth_elevation
C3679,-49.05494348047605,717.1578886483838,0.0,12.305,9.752,-0.2729696534586857,3.990675076762157,140.0,0.0,azimuth_elevation
C3680,-24.541779048518016,718.4145918699134,0.0,12.305,9.752,-0.13656444074387472,3.997668089464696,140.0,0.0,azimuth_elevation
C3681,12.755186546462577,746.9861690360344,0.0,12.305,9.752,0.06829217429989887,3.9994169798771164,140.0,0.0,azimuth_elevation
C3682,38.250687662443994,746.1152165773836,0.0,12.305,9.752,0.2047968972793322,3.9947538385818917,140.0,0.0,azimuth_elevation
C3683,63.7015901876541,744.3743271516893,0.0,12.305,9.752,0.34106283623758404,3.9854329930056,140.0,0.0,azimuth_elevation
C3684,89.07821950822708,741.7655305581476,0.0,12.305,9.752,0.4769311111853242,3.9714653108372393,140.0,0.0,azimuth_elevation
C3685,114.35098760953139,738.291868536889,0.0,12.305,9.752,0.6122433057916707,3.9528670777694113,140.0,0.0,azimuth_elevation
C3686,139.49042757447117,733.957391222445,0.0,12.305,9.752,0.7468416520905451,3.9296599785099304,140.0,0.0,azimuth_elevation
C3687,164.46722794059346,728.7671524214733,0.0,12.305,9.752,0.8805692144310623,3.9018710714984244,140.0,0.0,azimuth_elevation
C3688,189.25226687594233,722.727203720244,0.0,12.305,9.752,1.0132700724574817,3.869532757357406,140.0,0.0,azimuth_elevation
C3689,213.81664613381213,715.8445874287618,0.0,12.305,9.752,1.1447895029053652,3.832682741114595,140.0,0.0,azimuth_elevation
C3690,238.13172474681048,708.1273283697469,0.0,12.305,9.752,1.274974160001983,3.7913639882405428,140.0,0.0,azimuth_elevation
C3691,262.1691524209453,699.5844245220509,0.0,12.305,9.752,1.4036722542606273,3.7456246745528157,140.0,0.0,azimuth_elevation
C3692,285.9009025907991,690.2258365294163,0.0,12.305,9.752,1.5307337294603593,3.695518130045147,140.0,0.0,azimuth_elevation
C3693,309.2993050972506,680.0624760868106,0.0,12.305,9.752,1.6560104376048541,3.641102776707049,140.0,0.0,azimuth_elevation
C3694,332.33707844964295,669.1061932178792,0.0,12.305,9.752,1.779356311656337,3.5824420604063865,140.0,0.0,azimuth_elevation
C3695,354.98736163478094,657.3697624583468,0.0,12.305,9.752,1.9006275358432148,3.519604376914336,140.0,0.0,azimuth_elevation
C3696,377.2237454356709,644.866867961481,0.0,12.305,9.752,2.0196827133428314,3.452662992158971,140.0,0.0,azimuth_elevation
C3697,399.0203032234868,631.6120875429813,0.0,12.305,9.752,2.1363830311438408,3.381695956800471,140.0,0.0,azimuth_elevation
C3698,420.3516211868591,617.6208756838982,0.0,12.305,9.752,2.2505924218959654,3.306786015227543,140.0,0.0,azimuth_elevation
C3699,441.1928279632427,602.9095455113998,0.0,12.305,9.752,2.3621777225584433,3.2280205090811624,140.0,0.0,azimuth_elevation
C3700,461.51962363781223,587.4952497783945,0.0,12.305,9.752,2.471008829662174,3.14549127541813,140.0,0.0,azimuth_elevation
C3701,481.30830807607646,571.3959608641898,0.0,12.305,9.752,2.5769588510045454,3.0592945396331706,140.0,0.0,azimuth_elevation
C3702,500.5358085571748,554.6304498195003,0.0,12.305,9.752,2.679904253600066,2.969530803264427,140.0,0.0,azimuth_elevation
C3703,519.1797066756375,537.2182644802436,0.0,12.305,9.752,2.7797250077142985,2.8763047268131627,140.0,0.0,azimuth_elevation
C3704,537.2182644802436,519.1797066756375,0.0,12.305,9.752,2.8763047268131627,2.7797250077142985,140.0,0.0,azimuth_elevation
C3705,554.6304498195003,500.5358085571748,0.0,12.305,9.752,2.969530803264427,2.679904253600066,140.0,0.0,azimuth_elevation
C3706,571.3959608641898,481.30830807607646,0.0,12.305,9.752,3.0592945396331706,2.5769588510045454,140.0,0.0,azimuth_elevation
C3707,587.4952497783945,461.51962363781223,0.0,12.305,9.752,3.14549127541813,2.471008829662174,140.0,0.0,azimuth_elevation
C3708,602.9095455113998,441.19282796324256,0.0,12.305,9.752,3.2280205090811624,2.362177722558443,140.0,0.0,azimuth_elevation
C3709,617.6208756838982,420.3516211868592,0.0,12.305,9.752,3.306786015227543,2.250592421895966,140.0,0.0,azimuth_elevation
C3710,631.6120875429813,399.0203032234868,0.0,12.305,9.752,3.381695956800471,2.1363830311438408,140.0,0.0,azimuth_elevation
C3711,644.866867961481,377.2237454356709,0.0,12.305,9.752,3.452662992158971,2.0196827133428314,140.0,0.0,azimuth_elevation
C3712,657.3697624583468,354.9873616347808,0.0,12.305,9.752,3.519604376914336,1.9006275358432143,140.0,0.0,azimuth_elevation
C3713,669.1061932178792,332.337078449643,0.0,12.305,9.752,3.5824420604063865,1.7793563116563371,140.0,0.0,azimuth_elevation
C3714,680.0624760868106,309.29930509725074,0.0,12.305,9.752,3.641102776707049,1.6560104376048546,140.0,0.0,azimuth_elevation
C3715,690.2258365294163,285.9009025907991,0.0,12.305,9.752,3.695518130045147,1.5307337294603593,140.0,0.0,azimuth_elevation
C3716,699.5844245220509,262.16915242094524,0.0,12.305,9.752,3.7456246745528157,1.403672254260627,140.0,0.0,azimuth_elevation
C3717,708.1273283697468,238.13172474681056,0.0,12.305,9.752,3.7913639882405428,1.2749741600019837,140.0,0.0,azimuth_elevation
C3718,715.8445874287618,213.81664613381213,0.0,12.305,9.752,3.832682741114595,1.1447895029053652,140.0,0.0,azimuth_elevation
C3719,722.727203720244,189.2522668759424,0.0,12.305,9.752,3.869532757357406,1.0132700724574821,140.0,0.0,azimuth_elevation
C3720,728.7671524214733,164.4672279405935,0.0,12.305,9.752,3.9018710714984244,0.8805692144310625,140.0,0.0,azimuth_elevation
C3721,733.9573912224449,139.49042757447128,0.0,12.305,9.752,3.9296599785099304,0.7468416520905458,140.0,0.0,azimuth_elevation
C3722,738.291868536889,114.35098760953126,0.0,12.305,9.752,3.9528670777694117,0.6122433057916702,140.0,0.0,azimuth_elevation
C3723,741.7655305581476,89.07821950822704,0.0,12.305,9.752,3.9714653108372397,0.47693111118532405,140.0,0.0,azimuth_elevation
C3724,744.3743271516893,63.70159018765415,0.0,12.305,9.752,3.9854329930056,0.3410628362375843,140.0,0.0,azimuth_elevation
C3725,746.1152165773836,38.25068766244399,0.0,12.305,9.752,3.9947538385818917,0.20479689727933217,140.0,0.0,azimuth_elevation
C3726,746.9861690360344,12.755186546462658,0.0,12.305,9.752,3.9994169798771164,0.06829217429989931,140.0,0.0,azimuth_elevation
C3727,746.9861690360344,-12.755186546462403,0.0,12.305,9.752,3.9994169798771164,-0.06829217429989794,140.0,0.0,azimuth_elevation
C3728,746.1152165773836,-38.250687662444065,0.0,12.305,9.752,3.9947538385818917,-0.2047968972793326,140.0,0.0,azimuth_elevation
C3817,-746.1152165773836,-38.250687662443745,0.0,12.305,9.752,-3.9947538385818917,-0.20479689727933087,140.0,0.0,azimuth_elevation
C3818,-746.9861690360344,-12.755186546462584,0.0,12.305,9.752,-3.9994169798771164,-0.06829217429989891,140.0,0.0,azimuth_elevation
C3819,-746.9861690360344,12.755186546462308,0.0,12.305,9.752,-3.9994169798771164,0.06829217429989744,140.0,0.0,azimuth_elevation
C3820,-746.1152165773836,38.250687662443475,0.0,12.305,9.752,-3.9947538385818917,0.20479689727932943,140.0,0.0,azimuth_elevation
C3821,-744.3743271516894,63.70159018765397,0.0,12.305,9.752,-3.9854329930056,0.3410628362375833,140.0,0.0,azimuth_elevation
C3822,-741.7655305581475,89.07821950822735,0.0,12.305,9.752,-3.9714653108372393,0.4769311111853257,140.0,0.0,azimuth_elevation
C3823,-738.2918685368888,114.3509876095314,0.0,12.305,9.752,-3.9528670777694113,0.612243305791671,140.0,0.0,azimuth_elevation
C3824,-733.957391222445,139.4904275744709,0.0,12.305,9.752,-3.9296599785099304,0.7468416520905437,140.0,0.0,azimuth_elevation
C3825,-728.7671524214734,164.46722794059298,0.0,12.305,9.752,-3.901871071498425,0.8805692144310597,140.0,0.0,azimuth_elevation
C3826,-722.727203720244,189.25226687594224,0.0,12.305,9.752,-3.869532757357406,1.0132700724574812,140.0,0.0,azimuth_elevation
C3827,-715.8445874287619,213.81664613381173,0.0,12.305,9.752,-3.8326827411145956,1.1447895029053632,140.0,0.0,azimuth_elevation
C3828,-708.1273283697469,238.13172474681056,0.0,12.305,9.752,-3.7913639882405428,1.2749741600019835,140.0,0.0,azimuth_elevation
C3829,-699.584424522051,262.16915242094507,0.0,12.305,9.752,-3.7456246745528166,1.403672254260626,140.0,0.0,azimuth_elevation
C3830,-690.2258365294164,285.90090259079864,0.0,12.305,9.752,-3.695518130045148,1.530733729460357,140.0,0.0,azimuth_elevation
C3831,-680.0624760868106,309.29930509725057,0.0,12.305,9.752,-3.641102776707049,1.6560104376048537,140.0,0.0,azimuth_elevation
C3832,-669.1061932178793,332.3370784496427,0.0,12.305,9.752,-3.5824420604063874,1.7793563116563358,140.0,0.0,azimuth_elevation
C3833,-657.3697624583467,354.98736163478094,0.0,12.305,9.752,-3.5196043769143355,1.9006275358432148,140.0,0.0,azimuth_elevation
C3834,-644.8668679614811,377.2237454356707,0.0,12.305,9.752,-3.4526629921589715,2.0196827133428306,140.0,0.0,azimuth_elevation
C3835,-631.6120875429816,399.02030322348634,0.0,12.305,9.752,-3.381695956800473,2.1363830311438385,140.0,0.0,azimuth_elevation
C3836,-617.6208756838982,420.3516211868591,0.0,12.305,9.752,-3.306786015227543,2.2505924218959654,140.0,0.0,azimuth_elevation
C3837,-602.9095455113999,441.19282796324245,0.0,12.305,9.752,-3.2280205090811633,2.362177722558442,140.0,0.0,azimuth_elevation
C3838,-587.4952497783944,461.5196236378123,0.0,12.305,9.752,-3.145491275418129,2.4710088296621744,140.0,0.0,azimuth_elevation
C3839,-571.3959608641899,481.3083080760764,0.0,12.305,9.752,-3.0592945396331714,2.576958851004545,140.0,0.0,azimuth_elevation
C3840,-554.6304498195007,500.53580855717445,0.0,12.305,9.752,-2.969530803264429,2.679904253600064,140.0,0.0,azimuth_elevation
C3841,-537.2182644802436,519.1797066756375,0.0,12.305,9.752,-2.8763047268131627,2.7797250077142985,140.0,0.0,azimuth_elevation
C3842,-519.1797066756376,537.2182644802435,0.0,12.305,9.752,-2.779725007714299,2.876304726813162,140.0,0.0,azimuth_elevation
C3843,-500.53580855717524,554.6304498195,0.0,12.305,9.752,-2.679904253600068,2.9695308032644254,140.0,0.0,azimuth_elevation
C3844,-481.3083080760766,571.3959608641896,0.0,12.305,9.752,-2.5769588510045462,3.05929453963317,140.0,0.0,azimuth_elevation
C3845,-461.5196236378125,587.4952497783943,0.0,12.305,9.752,-2.4710088296621757,3.1454912754181286,140.0,0.0,azimuth_elevation
C3846,-441.1928279632427,602.9095455113998,0.0,12.305,9.752,-2.3621777225584433,3.2280205090811624,140.0,0.0,azimuth_elevation
C3847,-420.35162118685935,617.620875683898,0.0,12.305,9.752,-2.2505924218959668,3.3067860152275417,140.0,0.0,azimuth_elevation
C3848,-399.0203032234872,631.612087542981,0.0,12.305,9.752,-2.136383031143843,3.38169595680047,140.0,0.0,azimuth_elevation
C3849,-377.22374543567105,644.8668679614809,0.0,12.305,9.752,-2.0196827133428323,3.4526629921589707,140.0,0.0,azimuth_elevation
C3850,-354.9873616347813,657.3697624583466,0.0,12.305,9.752,-1.9006275358432168,3.5196043769143346,140.0,0.0,azimuth_elevation
C3851,-332.33707844964357,669.1061932178789,0.0,12.305,9.752,-1.7793563116563402,3.5824420604063847,140.0,0.0,azimuth_elevation
C3852,-309.2993050972503,680.0624760868108,0.0,12.305,9.752,-1.6560104376048521,3.6411027767070494,140.0,0.0,azimuth_elevation
C3853,-285.9009025907989,690.2258365294163,0.0,12.305,9.752,-1.5307337294603582,3.695518130045147,140.0,0.0,azimuth_elevation
C3854,-262.16915242094535,699.5844245220509,0.0,12.305,9.752,-1.4036722542606275,3.7456246745528157,140.0,0.0,azimuth_elevation
C3855,-238.13172474681085,708.1273283697467,0.0,12.305,9.752,-1.2749741600019853,3.7913639882405423,140.0,0.0,azimuth_elevation
C3856,-213.81664613381207,715.8445874287618,0.0,12.305,9.752,-1.144789502905365,3.832682741114595,140.0,0.0,azimuth_elevation
C3857,-189.25226687594252,722.727203720244,0.0,12.305,9.752,-1.0132700724574828,3.869532757357406,140.0,0.0,azimuth_elevation
C3858,-164.46722794059394,728.7671524214733,0.0,12.305,9.752,-0.8805692144310647,3.9018710714984235,140.0,0.0,azimuth_elevation
C3859,-139.49042757447123,733.9573912224449,0.0,12.305,9.752,-0.7468416520905454,3.9296599785099304,140.0,0.0,azimuth_elevation
C3860,-114.35098760953171,738.2918685368888,0.0,12.305,9.752,-0.6122433057916726,3.9528670777694113,140.0,0.0,azimuth_elevation
C3861,-89.07821950822768,741.7655305581475,0.0,12.305,9.752,-0.47693111118532744,3.9714653108372393,140.0,0.0,azimuth_elevation
C3862,-63.70159018765363,744.3743271516894,0.0,12.305,9.752,-0.3410628362375815,3.9854329930056,140.0,0.0,azimuth_elevation
C3863,-38.250687662443795,746.1152165773836,0.0,12.305,9.752,-0.20479689727933115,3.9947538385818917,140.0,0.0,azimuth_elevation
C3864,-12.75518654646263,746.9861690360344,0.0,12.305,9.752,-0.06829217429989916,3.9994169798771164,140.0,0.0,azimuth_elevation
