mirror_id,x,y,z,width,height,aim_x,aim_y,aim_z,roll_deg,mount_type
N0001,8.655142360674239,126.53370243516443,0.0,12.305,9.752,0.2729696534586839,3.9906750767621566,140.0,0.0,azimuth_elevation
N0002,25.674494412538785,123.55245028861546,0.0,12.305,9.752,0.8138240522105351,3.9163363507292916,140.0,0.0,azimuth_elevation
N0003,41.85658508350356,117.77314301650995,0.0,12.305,9.752,1.3395184486839444,3.769043688475282,140.0,0.0,azimuth_elevation
N0004,56.75540598283388,109.53296143757751,0.0,12.305,9.752,1.8402601509246086,3.551540873609501,140.0,0.0,azimuth_elevation
N0005,70.07228054110003,99.26980571613356,0.0,12.305,9.752,2.3067212884594683,3.2678795720417684,140.0,0.0,azimuth_elevation
N0006,81.67672406227057,87.45441725994002,0.0,12.305,9.752,2.7302125728746165,2.9233438571124966,140.0,0.0,azimuth_elevation
N0007,91.5973561707077,74.51997657399038,0.0,12.305,9.752,3.102845162817679,2.524351777304211,140.0,0.0,azimuth_elevation
N0008,99.98435241236788,60.80183162006633,0.0,12.305,9.752,3.4176776181859543,2.0783358001417342,140.0,0.0,azimuth_elevation
N0009,107.05000257989717,46.49837788290752,0.0,12.305,9.752,3.668845206021812,1.5936043593849654,140.0,0.0,azimuth_elevation
N0010,112.99794951395336,31.66054065785773,0.0,12.305,9.752,3.851669149391197,1.0791870846280978,140.0,0.0,azimuth_elevation
N0011,117.9539174266813,16.212392785046685,0.0,12.305,9.752,3.962743784145323,0.5446665963849864,140.0,0.0,azimuth_elevation
N0012,121.91080101153815,7.464883612013506e-15,0.0,12.305,9.752,4.0,2.4492935982947064e-16,140.0,0.0,azimuth_elevation
N0013,124.69883670560691,-17.139460601351715,0.0,12.305,9.752,3.962743784145323,-0.5446665963849867,140.0,0.0,azimuth_elevation
N0014,125.98754826483918,-35.300055544195466,0.0,12.305,9.752,3.8516691493911974,-1.0791870846280964,140.0,0.0,azimuth_elevation
N0015,125.32090168685029,-54.434549302441184,0.0,12.305,9.752,3.668845206021812,-1.5936043593849658,140.0,0.0,azimuth_elevation
N0016,122.1814828724273,-74.3002056767875,0.0,12.305,9.752,3.4176776181859547,-2.0783358001417334,140.0,0.0,azimuth_elevation
N0017,116.07445836276577,-94.43357624767455,0.0,12.305,9.752,3.102845162817679,-2.5243517773042115,140.0,0.0,azimuth_elevation
N0018,106.61844329203404,-114.16047759405677,0.0,12.305,9.752,2.7302125728746165,-2.9233438571124966,140.0,0.0,azimuth_elevation
N0019,93.62880359407056,-132.6417960204082,0.0,12.305,9.752,2.3067212884594688,-3.267879572041768,140.0,0.0,azimuth_elevation
N0020,77.17965330809496,-148.9499694904492,0.0,12.305,9.752,1.840260150924609,-3.551540873609501,140.0,0.0,azimuth_elevation
N0021,57.633783691654905,-162.1659252841204,0.0,12.305,9.752,1.3395184486839453,-3.7690436884752816,140.0,0.0,azimuth_elevation
N0022,35.634521658694865,-171.48273282625178,0.0,12.305,9.752,0.8138240522105361,-3.916336350729291,140.0,0.0,azimuth_elevation
N0023,12.059308588080382,-176.30085108607273,0.0,12.305,9.752,0.2729696534586834,-3.990675076762157,140.0,0.0,azimuth_elevation
N0024,-12.059308588080382,-176.30085108607273,0.0,12.305,9.752,-0.2729696534586834,-3.990675076762157,140.0,0.0,azimuth_elevation
N0025,-35.634521658694716,-171.4827328262518,0.0,12.305,9.752,-0.8138240522105327,-3.9163363507292916,140.0,0.0,azimuth_elevation
N0026,-57.63378369165484,-162.16592528412048,0.0,12.305,9.752,-1.3395184486839435,-3.769043688475283,140.0,0.0,azimuth_elevation
N0027,-77.17965330809488,-148.94996949044923,0.0,12.305,9.752,-1.8402601509246073,-3.5515408736095018,140.0,0.0,azimuth_elevation
N0028,-93.62880359407056,-132.6417960204082,0.0,12.305,9.752,-2.3067212884594688,-3.267879572041768,140.0,0.0,azimuth_elevation
N0029,-106.61844329203404,-114.16047759405677,0.0,12.305,9.752,-2.7302125728746165,-2.9233438571124966,140.0,0.0,azimuth_elevation
N0030,-116.07445836276574,-94.43357624767461,0.0,12.305,9.752,-3.102845162817678,-2.524351777304213,140.0,0.0,azimuth_elevation
N0031,-122.18148287242727,-74.30020567678756,0.0,12.305,9.752,-3.417677618185954,-2.0783358001417347,140.0,0.0,azimuth_elevation
N0032,-125.32090168685025,-54.434549302441106,0.0,12.305,9.752,-3.6688452060218126,-1.593604359384964,140.0,0.0,azimuth_elevation
N0033,-125.98754826483916,-35.3000555441955,0.0,12.305,9.752,-3.851669149391197,-1.0791870846280973,140.0,0.0,azimuth_elevation
N0034,-124.69883670560692,-17.13946060135177,0.0,12.305,9.752,-3.9627437841453226,-0.5446665963849885,140.0,0.0,azimuth_elevation
N0035,-121.91080101153815,-1.9604752034687592e-14,0.0,12.305,9.752,-4.0,-6.432490598706546e-16,140.0,0.0,azimuth_elevation
N0036,-117.95391742668133,16.212392785046717,0.0,12.305,9.752,-3.962743784145323,0.5446665963849874,140.0,0.0,azimuth_elevation
N0037,-112.99794951395334,31.660540657857673,0.0,12.305,9.752,-3.8516691493911974,1.079187084628096,140.0,0.0,azimuth_elevation
N0038,-107.05000257989714,46.49837788290754,0.0,12.305,9.752,-3.6688452060218117,1.5936043593849663,140.0,0.0,azimuth_elevation
N0039,-99.98435241236791,60.801831620066295,0.0,12.305,9.752,-3.417677618185955,2.078335800141733,140.0,0.0,azimuth_elevation
N0040,-91.5973561707077,74.51997657399038,0.0,12.305,9.752,-3.102845162817679,2.524351777304211,140.0,0.0,azimuth_elevation
N0041,-81.67672406227058,87.45441725993993,0.0,12.305,9.752,-2.730212572874618,2.923343857112495,140.0,0.0,azimuth_elevation
N0042,-70.07228054109996,99.2698057161336,0.0,12.305,9.752,-2.306721288459466,3.2678795720417697,140.0,0.0,azimuth_elevation
N0043,-56.755405982833864,109.53296143757753,0.0,12.305,9.752,-1.840260150924608,3.5515408736095013,140.0,0.0,azimuth_elevation
N0044,-41.8565850835036,117.77314301650992,0.0,12.305,9.752,-1.339518448683946,3.7690436884752816,140.0,0.0,azimuth_elevation
N0045,-25.674494412538778,123.55245028861546,0.0,12.305,9.752,-0.8138240522105349,3.9163363507292916,140.0,0.0,azimuth_elevation
N0046,-8.655142360674294,126.53370243516443,0.0,12.305,9.752,-0.2729696534586856,3.9906750767621566,140.0,0.0,azimuth_elevation
N0047,0.0,143.10615256576807,0.0,12.305,9.752,0.0,4.0,140.0,0.0,azimuth_elevation
N0048,19.442250417061494,141.45287686331662,0.0,12.305,9.752,0.5446665963849864,3.962743784145323,140.0,0.0,azimuth_elevation
N0049,38.27054017948431,136.589346777305,0.0,12.305,9.752,1.079187084628097,3.8516691493911974,140.0,0.0,azimuth_elevation
N0050,55.94115723293472,128.78946102568074,0.0,12.305,9.752,1.5936043593849658,3.668845206021812,140.0,0.0,azimuth_elevation
N0051,72.0385704384831,118.46238216987163,0.0,12.305,9.752,2.0783358001417342,3.4176776181859543,140.0,0.0,azimuth_elevation
N0052,86.31087554594498,106.09031795572135,0.0,12.305,9.752,2.5243517773042115,3.102845162817679,140.0,0.0,azimuth_elevation
N0053,98.67651288279441,92.15742974079495,0.0,12.305,9.752,2.923343857112496,2.7302125728746165,140.0,0.0,azimuth_elevation
N0054,109.20105714051007,77.08252329228546,0.0,12.305,9.752,3.267879572041768,2.3067212884594683,140.0,0.0,azimuth_elevation
N0055,118.04817704073416,61.16763507118863,0.0,12.305,9.752,3.551540873609501,1.8402601509246088,140.0,0.0,azimuth_elevation
N0056,125.41350865345288,44.57197168320525,0.0,12.305,9.752,3.7690436884752816,1.339518448683945,140.0,0.0,azimuth_elevation
N0057,131.4533792251318,27.316326325710858,0.0,12.305,9.752,3.916336350729291,0.813824052210535,140.0,0.0,azimuth_elevation
N0058,136.22149724553918,9.317805679861971,0.0,12.305,9.752,3.9906750767621566,0.2729696534586849,140.0,0.0,azimuth_elevation
N0059,139.62566347294538,-9.550657028953657,0.0,12.305,9.752,3.990675076762157,-0.2729696534586835,140.0,0.0,azimuth_elevation
N0060,141.41340647128789,-29.386043788074552,0.0,12.305,9.752,3.9163363507292916,-0.8138240522105354,140.0,0.0,azimuth_elevation
N0061,141.19070726160416,-50.17918941559473,0.0,12.305,9.752,3.7690436884752816,-1.3395184486839447,140.0,0.0,azimuth_elevation
N0062,138.47242436599524,-71.75062701831693,0.0,12.305,9.752,3.5515408736095013,-1.8402601509246084,140.0,0.0,azimuth_elevation
N0063,132.75758019348058,-93.71053298801078,0.0,12.305,9.752,3.2678795720417684,-2.3067212884594683,140.0,0.0,azimuth_elevation
N0064,123.61823211255786,-115.4513694066782,0.0,12.305,9.752,2.9233438571124957,-2.730212572874617,140.0,0.0,azimuth_elevation
N0065,110.78797773800308,-136.17671828203717,0.0,12.305,9.752,2.524351777304212,-3.1028451628176787,140.0,0.0,azimuth_elevation
N0066,94.23570089854255,-154.96400811315038,0.0,12.305,9.752,2.0783358001417356,-3.4176776181859534,140.0,0.0,azimuth_elevation
N0067,74.21205633988781,-170.85328960614706,0.0,12.305,9.752,1.5936043593849658,-3.668845206021812,140.0,0.0,azimuth_elevation
N0068,51.26013893037013,-182.94983189096715,0.0,12.305,9.752,1.079187084628097,-3.851669149391197,140.0,0.0,azimuth_elevation
N0069,26.187169695987198,-190.5258090470116,0.0,12.305,9.752,0.5446665963849884,-3.962743784145323,140.0,0.0,azimuth_elevation
N0070,2.364868316353283e-14,-193.10615256576807,0.0,12.305,9.752,4.898587196589413e-16,-4.0,140.0,0.0,azimuth_elevation
N0071,-26.187169695987027,-190.5258090470116,0.0,12.305,9.752,-0.5446665963849848,-3.962743784145323,140.0,0.0,azimuth_elevation
N0072,-51.26013893037014,-182.94983189096718,0.0,12.305,9.752,-1.079187084628097,-3.851669149391197,140.0,0.0,azimuth_elevation
N0073,-74.21205633988785,-170.85328960614697,0.0,12.305,9.752,-1.5936043593849671,-3.6688452060218113,140.0,0.0,azimuth_elevation
N0074,-94.2357008985424,-154.96400811315047,0.0,12.305,9.752,-2.0783358001417325,-3.417677618185955,140.0,0.0,azimuth_elevation
N0075,-110.78797773800302,-136.17671828203723,0.0,12.305,9.752,-2.5243517773042106,-3.1028451628176796,140.0,0.0,azimuth_elevation
N0076,-123.61823211255786,-115.4513694066782,0.0,12.305,9.752,-2.9233438571124957,-2.730212572874617,140.0,0.0,azimuth_elevation
N0077,-132.75758019348058,-93.71053298801078,0.0,12.305,9.752,-3.2678795720417684,-2.3067212884594683,140.0,0.0,azimuth_elevation
N0078,-138.47242436599524,-71.750627018317,0.0,12.305,9.752,-3.5515408736095004,-1.8402601509246097,140.0,0.0,azimuth_elevation
N0079,-141.1907072616042,-50.17918941559477,0.0,12.305,9.752,-3.7690436884752816,-1.3395184486839455,140.0,0.0,azimuth_elevation
N0080,-141.41340647128786,-29.386043788074513,0.0,12.305,9.752,-3.9163363507292916,-0.8138240522105346,140.0,0.0,azimuth_elevation
N0081,-139.62566347294535,-9.550657028953593,0.0,12.305,9.752,-3.990675076762157,-0.27296965345868174,140.0,0.0,azimuth_elevation
N0082,-136.22149724553918,9.31780567986194,0.0,12.305,9.752,-3.9906750767621566,0.272969653458684,140.0,0.0,azimuth_elevation
N0083,-131.45337922513184,27.3163263257108,0.0,12.305,9.752,-3.916336350729292,0.8138240522105333,140.0,0.0,azimuth_elevation
N0084,-125.41350865345287,44.57197168320521,0.0,12.305,9.752,-3.769043688475282,1.3395184486839442,140.0,0.0,azimuth_elevation
N0085,-118.04817704073423,61.167635071188556,0.0,12.305,9.752,-3.551540873609502,1.8402601509246064,140.0,0.0,azimuth_elevation
N0086,-109.2010571405101,77.08252329228543,0.0,12.305,9.752,-3.267879572041769,2.3067212884594674,140.0,0.0,azimuth_elevation
N0087,-98.67651288279441,92.15742974079497,0.0,12.305,9.752,-2.923343857112496,2.730212572874617,140.0,0.0,azimuth_elevation
N0088,-86.31087554594501,106.09031795572132,0.0,12.305,9.752,-2.5243517773042123,3.1028451628176783,140.0,0.0,azimuth_elevation
N0089,-72.0385704384831,118.46238216987163,0.0,12.305,9.752,-2.0783358001417342,3.4176776181859543,140.0,0.0,azimuth_elevation
N0090,-55.94115723293477,128.78946102568068,0.0,12.305,9.752,-1.5936043593849676,3.6688452060218113,140.0,0.0,azimuth_elevation
N0091,-38.27054017948443,136.58934677730494,0.0,12.305,9.752,-1.0791870846281009,3.8516691493911965,140.0,0.0,azimuth_elevation
N0092,-19.44225041706146,141.45287686331662,0.0,12.305,9.752,-0.5446665963849854,3.962743784145323,140.0,0.0,azimuth_elevation
N0093,10.86556211137409,158.8488953385977,0.0,12.305,9.752,0.27296965345868396,3.990675076762157,140.0,0.0,azimuth_elevation
N0094,32.26457772695757,155.26567229095082,0.0,12.305,9.752,0.813824052210535,3.9163363507292916,140.0,0.0,azimuth_elevation
N0095,52.70357117841015,148.29363679556425,0.0,12.305,9.752,1.3395184486839447,3.7690436884752825,140.0,0.0,azimuth_elevation
N0096,71.65723603056601,138.29218794123886,0.0,12.305,9.752,1.8402601509246088,3.551540873609501,140.0,0.0,azimuth_elevation
N0097,88.75136164321367,125.73203496918497,0.0,12.305,9.752,2.3067212884594683,3.2678795720417684,140.0,0.0,azimuth_elevation
N0098,103.78510028001203,111.12670799985769,0.0,12.305,9.752,2.730212572874616,2.9233438571124966,140.0,0.0,azimuth_elevation
N0099,116.72319028579474,94.9613588139838,0.0,12.305,9.752,3.102845162817679,2.524351777304211,140.0,0.0,azimuth_elevation
N0100,127.65959767514023,77.6315210855849,0.0,12.305,9.752,3.4176776181859543,2.0783358001417342,140.0,0.0,azimuth_elevation
N0101,136.75912153468434,59.40286930220395,0.0,12.305,9.752,3.668845206021812,1.5936043593849654,140.0,0.0,azimuth_elevation
N0102,144.1875174864394,40.39944777202598,0.0,12.305,9.752,3.851669149391197,1.0791870846280978,140.0,0.0,azimuth_elevation
N0103,150.04293177846776,20.622926289197043,0.0,12.305,9.752,3.9627437841453226,0.5446665963849864,140.0,0.0,azimuth_elevation
N0104,154.301504119998,9.448242156208884e-15,0.0,12.305,9.752,4.0,2.4492935982947064e-16,140.0,0.0,azimuth_elevation
N0105,156.78785105739337,-21.549994105502073,0.0,12.305,9.752,3.9627437841453226,-0.5446665963849867,140.0,0.0,azimuth_elevation
N0106,157.17711623732527,-44.038962658363715,0.0,12.305,9.752,3.851669149391198,-1.0791870846280964,140.0,0.0,azimuth_elevation
N0107,155.03002064163746,-67.33904072173762,0.0,12.305,9.752,3.6688452060218126,-1.5936043593849656,140.0,0.0,azimuth_elevation
N0108,149.8567281351996,-91.12989514230603,0.0,12.305,9.752,3.417677618185955,-2.0783358001417334,140.0,0.0,azimuth_elevation
N0109,141.2002924778528,-114.87495848766795,0.0,12.305,9.752,3.102845162817679,-2.5243517773042115,140.0,0.0,azimuth_elevation
N0110,128.72681950977554,-137.83276833397446,0.0,12.305,9.752,2.730212572874617,-2.9233438571124966,140.0,0.0,azimuth_elevation
N0111,112.30788469618422,-159.10402527345963,0.0,12.305,9.752,2.3067212884594688,-3.267879572041768,140.0,0.0,azimuth_elevation
N0112,92.08148335582707,-177.70919599411056,0.0,12.305,9.752,1.840260150924609,-3.551540873609501,140.0,0.0,azimuth_elevation
N0113,68.48076978656148,-192.68641906317467,0.0,12.305,9.752,1.339518448683945,-3.7690436884752816,140.0,0.0,azimuth_elevation
N0114,42.224604973113664,-203.19595482858716,0.0,12.305,9.752,0.8138240522105361,-3.916336350729291,140.0,0.0,azimuth_elevation
N0115,14.269728338780228,-208.616043989506,0.0,12.305,9.752,0.2729696534586834,-3.990675076762157,140.0,0.0,azimuth_elevation
N0116,-14.269728338780228,-208.616043989506,0.0,12.305,9.752,-0.2729696534586834,-3.990675076762157,140.0,0.0,azimuth_elevation
N0117,-42.22460497311357,-203.19595482858713,0.0,12.305,9.752,-0.8138240522105344,-3.916336350729291,140.0,0.0,azimuth_elevation
N0118,-68.48076978656141,-192.68641906317478,0.0,12.305,9.752,-1.3395184486839435,-3.7690436884752825,140.0,0.0,azimuth_elevation
N0119,-92.08148335582699,-177.7091959941106,0.0,12.305,9.752,-1.8402601509246073,-3.5515408736095018,140.0,0.0,azimuth_elevation
N0120,-112.30788469618422,-159.10402527345963,0.0,12.305,9.752,-2.3067212884594688,-3.267879572041768,140.0,0.0,azimuth_elevation
N0121,-128.72681950977548,-137.8327683339745,0.0,12.305,9.752,-2.730212572874615,-2.9233438571124974,140.0,0.0,azimuth_elevation
N0122,-141.2002924778528,-114.87495848766795,0.0,12.305,9.752,-3.102845162817679,-2.5243517773042115,140.0,0.0,azimuth_elevation
N0123,-149.8567281351996,-91.12989514230611,0.0,12.305,9.752,-3.417677618185954,-2.0783358001417347,140.0,0.0,azimuth_elevation
N0124,-155.03002064163738,-67.33904072173752,0.0,12.305,9.752,-3.668845206021812,-1.593604359384964,140.0,0.0,azimuth_elevation
N0125,-157.17711623732524,-44.03896265836375,0.0,12.305,9.752,-3.851669149391197,-1.0791870846280973,140.0,0.0,azimuth_elevation
N0126,-156.78785105739334,-21.54999410550214,0.0,12.305,9.752,-3.9627437841453226,-0.5446665963849885,140.0,0.0,azimuth_elevation
N0127,-154.301504119998,-2.4813574365454163e-14,0.0,12.305,9.752,-4.0,-6.432490598706546e-16,140.0,0.0,azimuth_elevation
N0128,-150.04293177846776,20.622926289197075,0.0,12.305,9.752,-3.9627437841453226,0.5446665963849873,140.0,0.0,azimuth_elevation
N0129,-144.18751748643942,40.399447772025916,0.0,12.305,9.752,-3.8516691493911974,1.079187084628096,140.0,0.0,azimuth_elevation
N0130,-136.7591215346843,59.40286930220399,0.0,12.305,9.752,-3.6688452060218117,1.5936043593849663,140.0,0.0,azimuth_elevation
N0131,-127.65959767514029,77.63152108558485,0.0,12.305,9.752,-3.417677618185955,2.078335800141733,140.0,0.0,azimuth_elevation
N0132,-116.72319028579474,94.9613588139838,0.0,12.305,9.752,-3.102845162817679,2.524351777304211,140.0,0.0,azimuth_elevation
N0133,-103.7851002800121,111.1267079998576,0.0,12.305,9.752,-2.7302125728746183,2.923343857112495,140.0,0.0,azimuth_elevation
N0134,-88.7513616432136,125.73203496918505,0.0,12.305,9.752,-2.306721288459466,3.2678795720417697,140.0,0.0,azimuth_elevation
N0135,-71.65723603056597,138.2921879412389,0.0,12.305,9.752,-1.8402601509246077,3.5515408736095013,140.0,0.0,azimuth_elevation
N0136,-52.70357117841019,148.29363679556423,0.0,12.305,9.752,-1.3395184486839458,3.7690436884752816,140.0,0.0,azimuth_elevation
N0137,-32.26457772695756,155.26567229095082,0.0,12.305,9.752,-0.8138240522105349,3.9163363507292916,140.0,0.0,azimuth_elevation
N0138,-10.865562111374157,158.8488953385977,0.0,12.305,9.752,-0.2729696534586857,3.990675076762157,140.0,0.0,azimuth_elevation
N0139,0.0,175.4968556742279,0.0,12.305,9.752,0.0,4.0,140.0,0.0,azimuth_elevation
N0140,23.85278392121185,173.54189121510308,0.0,12.305,9.752,0.5446665963849864,3.9627437841453235,140.0,0.0,azimuth_elevation
N0141,47.009447293652556,167.77891474979108,0.0,12.305,9.752,1.079187084628097,3.8516691493911974,140.0,0.0,azimuth_elevation
N0142,68.84564865223116,158.4985799804679,0.0,12.305,9.752,1.593604359384966,3.668845206021812,140.0,0.0,azimuth_elevation
N0143,88.86825990400168,146.13762743264397,0.0,12.305,9.752,2.0783358001417342,3.4176776181859543,140.0,0.0,azimuth_elevation
N0144,106.75225778593838,131.2161520708084,0.0,12.305,9.752,2.5243517773042115,3.102845162817679,140.0,0.0,azimuth_elevation
N0145,122.34880362271208,114.26580595853643,0.0,12.305,9.752,2.923343857112496,2.7302125728746165,140.0,0.0,azimuth_elevation
N0146,135.66328639356152,95.7616043943991,0.0,12.305,9.752,3.267879572041769,2.3067212884594683,140.0,0.0,azimuth_elevation
N0147,146.80740354439553,76.06946511892075,0.0,12.305,9.752,3.5515408736095013,1.8402601509246088,140.0,0.0,azimuth_elevation
N0148,155.93400243250719,55.41895777811184,0.0,12.305,9.752,3.7690436884752816,1.339518448683945,140.0,0.0,azimuth_elevation
N0149,163.1666012274672,33.906409640129645,0.0,12.305,9.752,3.9163363507292916,0.813824052210535,140.0,0.0,azimuth_elevation
N0150,168.53669014897247,11.528225430561829,0.0,12.305,9.752,3.9906750767621566,0.2729696534586849,140.0,0.0,azimuth_elevation
N0151,171.94085637637866,-11.761076779653502,0.0,12.305,9.752,3.9906750767621566,-0.2729696534586835,140.0,0.0,azimuth_elevation
N0152,173.1266284736232,-35.97612710249334,0.0,12.305,9.752,3.916336350729291,-0.8138240522105354,140.0,0.0,azimuth_elevation
N0153,171.71120104065847,-61.02617551050131,0.0,12.305,9.752,3.7690436884752816,-1.3395184486839447,140.0,0.0,azimuth_elevation
N0154,167.23165086965656,-86.65245706604905,0.0,12.305,9.752,3.5515408736095004,-1.8402601509246084,140.0,0.0,azimuth_elevation
N0155,159.219809446532,-112.38961409012443,0.0,12.305,9.752,3.2678795720417684,-2.3067212884594683,140.0,0.0,azimuth_elevation
N0156,147.29052285247553,-137.5597456244197,0.0,12.305,9.752,2.9233438571124957,-2.730212572874617,140.0,0.0,azimuth_elevation
N0157,131.2293599779965,-161.3025523971242,0.0,12.305,9.752,2.524351777304212,-3.1028451628176783,140.0,0.0,azimuth_elevation
N0158,111.06539036406112,-182.63925337592272,0.0,12.305,9.752,2.0783358001417356,-3.4176776181859534,140.0,0.0,azimuth_elevation
N0159,87.11654775918424,-200.56240856093424,0.0,12.305,9.752,1.5936043593849656,-3.668845206021812,140.0,0.0,azimuth_elevation
N0160,59.99904604453839,-214.13939986345326,0.0,12.305,9.752,1.079187084628097,-3.851669149391197,140.0,0.0,azimuth_elevation
N0161,30.597703200137563,-222.614823398798,0.0,12.305,9.752,0.5446665963849884,-3.9627437841453226,140.0,0.0,azimuth_elevation
N0162,2.7615400251923587e-14,-225.4968556742279,0.0,12.305,9.752,4.898587196589413e-16,-4.0,140.0,0.0,azimuth_elevation
N0163,-30.597703200137367,-222.61482339879805,0.0,12.305,9.752,-0.5446665963849848,-3.962743784145323,140.0,0.0,azimuth_elevation
N0164,-59.99904604453839,-214.13939986345326,0.0,12.305,9.752,-1.079187084628097,-3.851669149391197,140.0,0.0,azimuth_elevation
N0165,-87.11654775918424,-200.56240856093424,0.0,12.305,9.752,-1.5936043593849656,-3.668845206021812,140.0,0.0,azimuth_elevation
N0166,-111.06539036406095,-182.63925337592283,0.0,12.305,9.752,-2.0783358001417325,-3.4176776181859556,140.0,0.0,azimuth_elevation
N0167,-131.2293599779964,-161.30255239712426,0.0,12.305,9.752,-2.5243517773042106,-3.1028451628176796,140.0,0.0,azimuth_elevation
N0168,-147.29052285247553,-137.5597456244197,0.0,12.305,9.752,-2.9233438571124957,-2.730212572874617,140.0,0.0,azimuth_elevation
N0169,-159.219809446532,-112.38961409012443,0.0,12.305,9.752,-3.2678795720417684,-2.3067212884594683,140.0,0.0,azimuth_elevation
N0170,-167.23165086965653,-86.65245706604921,0.0,12.305,9.752,-3.5515408736094995,-1.8402601509246115,140.0,0.0,azimuth_elevation
N0171,-171.7112010406585,-61.02617551050136,0.0,12.305,9.752,-3.7690436884752816,-1.3395184486839455,140.0,0.0,azimuth_elevation
N0172,-173.1266284736232,-35.9761271024933,0.0,12.305,9.752,-3.916336350729291,-0.8138240522105347,140.0,0.0,azimuth_elevation
N0173,-171.94085637637866,-11.761076779653424,0.0,12.305,9.752,-3.9906750767621575,-0.27296965345868174,140.0,0.0,azimuth_elevation
N0174,-168.53669014897247,11.52822543056179,0.0,12.305,9.752,-3.9906750767621566,0.272969653458684,140.0,0.0,azimuth_elevation
N0175,-163.16660122746725,33.90640964012958,0.0,12.305,9.752,-3.916336350729292,0.8138240522105333,140.0,0.0,azimuth_elevation
N0176,-155.93400243250719,55.41895777811179,0.0,12.305,9.752,-3.7690436884752825,1.3395184486839442,140.0,0.0,azimuth_elevation
N0177,-146.80740354439558,76.06946511892066,0.0,12.305,9.752,-3.5515408736095018,1.8402601509246064,140.0,0.0,azimuth_elevation
N0178,-135.66328639356152,95.76160439439909,0.0,12.305,9.752,-3.267879572041769,2.306721288459468,140.0,0.0,azimuth_elevation
N0179,-122.34880362271208,114.26580595853646,0.0,12.305,9.752,-2.923343857112496,2.730212572874617,140.0,0.0,azimuth_elevation
N0180,-106.75225778593843,131.21615207080836,0.0,12.305,9.752,-2.5243517773042123,3.1028451628176787,140.0,0.0,azimuth_elevation
N0181,-88.86825990400168,146.13762743264397,0.0,12.305,9.752,-2.0783358001417342,3.4176776181859543,140.0,0.0,azimuth_elevation
N0182,-68.84564865223122,158.49857998046784,0.0,12.305,9.752,-1.5936043593849676,3.6688452060218113,140.0,0.0,azimuth_elevation
N0183,-47.00944729365271,167.778914749791,0.0,12.305,9.752,-1.0791870846281009,3.851669149391196,140.0,0.0,azimuth_elevation
N0184,-23.852783921211802,173.54189121510308,0.0,12.305,9.752,-0.5446665963849854,3.9627437841453235,140.0,0.0,azimuth_elevation
N0185,13.075981862073938,191.164088242031,0.0,12.305,9.752,0.27296965345868396,3.9906750767621566,140.0,0.0,azimuth_elevation
N0186,38.85466104137636,186.9788942932862,0.0,12.305,9.752,0.8138240522105351,3.9163363507292916,140.0,0.0,azimuth_elevation
N0187,63.550557273316734,178.81413057461856,0.0,12.305,9.752,1.3395184486839447,3.769043688475282,140.0,0.0,azimuth_elevation
N0188,86.55906607829813,167.05141444490022,0.0,12.305,9.752,1.8402601509246088,3.551540873609501,140.0,0.0,azimuth_elevation
N0189,107.43044274532731,152.1942642222364,0.0,12.305,9.752,2.3067212884594683,3.2678795720417684,140.0,0.0,azimuth_elevation
N0190,125.8934764977535,134.79899873977533,0.0,12.305,9.752,2.730212572874616,2.923343857112496,140.0,0.0,azimuth_elevation
N0191,141.84902440088177,115.4027410539772,0.0,12.305,9.752,3.1028451628176796,2.5243517773042115,140.0,0.0,azimuth_elevation
N0192,155.33484293791258,94.46121055110345,0.0,12.305,9.752,3.4176776181859543,2.0783358001417342,140.0,0.0,azimuth_elevation
N0193,166.4682404894715,72.30736072150039,0.0,12.305,9.752,3.668845206021812,1.5936043593849654,140.0,0.0,azimuth_elevation
N0194,175.37708545892548,49.138354886194236,0.0,12.305,9.752,3.8516691493911974,1.0791870846280978,140.0,0.0,azimuth_elevation
N0195,182.13194613025422,25.033459793347397,0.0,12.305,9.752,3.962743784145323,0.5446665963849864,140.0,0.0,azimuth_elevation
N0196,186.69220722845782,1.1431600700404262e-14,0.0,12.305,9.752,4.0,2.4492935982947064e-16,140.0,0.0,azimuth_elevation
N0197,188.87686540917983,-25.96052760965243,0.0,12.305,9.752,3.962743784145323,-0.5446665963849867,140.0,0.0,azimuth_elevation
N0198,188.36668420981135,-52.77786977253197,0.0,12.305,9.752,3.8516691493911974,-1.0791870846280964,140.0,0.0,azimuth_elevation
N0199,184.73913959642462,-80.24353214103407,0.0,12.305,9.752,3.668845206021812,-1.5936043593849658,140.0,0.0,azimuth_elevation
N0200,177.531973397972,-107.9595846078246,0.0,12.305,9.752,3.4176776181859547,-2.0783358001417334,140.0,0.0,azimuth_elevation
N0201,166.32612659293983,-135.31634072766136,0.0,12.305,9.752,3.102845162817679,-2.5243517773042115,140.0,0.0,azimuth_elevation
N0202,150.835195727517,-161.5050590738921,0.0,12.305,9.752,2.7302125728746165,-2.923343857112496,140.0,0.0,azimuth_elevation
N0203,130.98696579829786,-185.56625452651105,0.0,12.305,9.752,2.3067212884594688,-3.267879572041768,140.0,0.0,azimuth_elevation
N0204,106.98331340355921,-206.46842249777194,0.0,12.305,9.752,1.840260150924609,-3.551540873609501,140.0,0.0,azimuth_elevation
N0205,79.3277558814681,-223.206912842229,0.0,12.305,9.752,1.3395184486839455,-3.7690436884752816,140.0,0.0,azimuth_elevation
N0206,48.81468828753246,-234.90917683092252,0.0,12.305,9.752,0.8138240522105361,-3.916336350729291,140.0,0.0,azimuth_elevation
N0207,16.480148089480075,-240.93123689293935,0.0,12.305,9.752,0.2729696534586834,-3.990675076762157,140.0,0.0,azimuth_elevation
N0208,-16.48014808948007,-240.93123689293932,0.0,12.305,9.752,-0.2729696534586834,-3.990675076762157,140.0,0.0,azimuth_elevation
N0209,-48.81468828753225,-234.90917683092255,0.0,12.305,9.752,-0.8138240522105327,-3.916336350729292,140.0,0.0,azimuth_elevation
N0210,-79.327755881468,-223.2069128422291,0.0,12.305,9.752,-1.3395184486839435,-3.7690436884752825,140.0,0.0,azimuth_elevation
N0211,-106.9833134035591,-206.46842249777194,0.0,12.305,9.752,-1.8402601509246073,-3.5515408736095013,140.0,0.0,azimuth_elevation
N0212,-130.98696579829786,-185.56625452651105,0.0,12.305,9.752,-2.3067212884594688,-3.267879572041768,140.0,0.0,azimuth_elevation
N0213,-150.835195727517,-161.5050590738921,0.0,12.305,9.752,-2.7302125728746165,-2.923343857112496,140.0,0.0,azimuth_elevation
N0214,-166.32612659293983,-135.31634072766136,0.0,12.305,9.752,-3.102845162817679,-2.5243517773042115,140.0,0.0,azimuth_elevation
N0215,-177.53197339797194,-107.95958460782467,0.0,12.305,9.752,-3.417677618185954,-2.0783358001417347,140.0,0.0,azimuth_elevation
N0216,-184.7391395964246,-80.24353214103395,0.0,12.305,9.752,-3.6688452060218126,-1.593604359384964,140.0,0.0,azimuth_elevation
N0217,-188.36668420981127,-52.777869772532,0.0,12.305,9.752,-3.8516691493911965,-1.0791870846280973,140.0,0.0,azimuth_elevation
N0218,-188.87686540917983,-25.96052760965252,0.0,12.305,9.752,-3.9627437841453226,-0.5446665963849885,140.0,0.0,azimuth_elevation
N0219,-186.69220722845782,-3.0022396696220733e-14,0.0,12.305,9.752,-4.0,-6.432490598706546e-16,140.0,0.0,azimuth_elevation
N0220,-182.13194613025422,25.033459793347436,0.0,12.305,9.752,-3.962743784145323,0.5446665963849873,140.0,0.0,azimuth_elevation
N0221,-175.37708545892548,49.13835488619416,0.0,12.305,9.752,-3.8516691493911974,1.079187084628096,140.0,0.0,azimuth_elevation
N0222,-166.46824048947144,72.30736072150042,0.0,12.305,9.752,-3.6688452060218113,1.5936043593849663,140.0,0.0,azimuth_elevation
N0223,-155.33484293791267,94.4612105511034,0.0,12.305,9.752,-3.417677618185955,2.078335800141733,140.0,0.0,azimuth_elevation
N0224,-141.84902440088177,115.4027410539772,0.0,12.305,9.752,-3.1028451628176796,2.5243517773042115,140.0,0.0,azimuth_elevation
N0225,-125.89347649775361,134.79899873977527,0.0,12.305,9.752,-2.7302125728746183,2.9233438571124952,140.0,0.0,azimuth_elevation
N0226,-107.43044274532721,152.19426422223648,0.0,12.305,9.752,-2.306721288459466,3.2678795720417697,140.0,0.0,azimuth_elevation
N0227,-86.55906607829809,167.05141444490025,0.0,12.305,9.752,-1.840260150924608,3.5515408736095013,140.0,0.0,azimuth_elevation
N0228,-63.5505572733168,178.81413057461853,0.0,12.305,9.752,-1.339518448683946,3.7690436884752816,140.0,0.0,azimuth_elevation
N0229,-38.854661041376346,186.9788942932862,0.0,12.305,9.752,-0.8138240522105348,3.9163363507292916,140.0,0.0,azimuth_elevation
N0230,-13.075981862074018,191.164088242031,0.0,12.305,9.752,-0.2729696534586856,3.9906750767621566,140.0,0.0,azimuth_elevation
N0231,0.0,207.88755878268773,0.0,12.305,9.752,0.0,4.0,140.0,0.0,azimuth_elevation
N0232,28.263317425362203,205.6309055668895,0.0,12.305,9.752,0.5446665963849864,3.962743784145323,140.0,0.0,azimuth_elevation
N0233,55.74835440782082,198.96848272227717,0.0,12.305,9.752,1.079187084628097,3.8516691493911974,140.0,0.0,azimuth_elevation
N0234,81.7501400715276,188.20769893525505,0.0,12.305,9.752,1.5936043593849658,3.668845206021812,140.0,0.0,azimuth_elevation
N0235,105.69794936952023,173.81287269541633,0.0,12.305,9.752,2.0783358001417342,3.4176776181859547,140.0,0.0,azimuth_elevation
N0236,127.19364002593178,156.34198618589542,0.0,12.305,9.752,2.5243517773042115,3.102845162817679,140.0,0.0,azimuth_elevation
N0237,146.02109436262975,136.37418217627794,0.0,12.305,9.752,2.923343857112496,2.730212572874617,140.0,0.0,azimuth_elevation
N0238,162.12551564661294,114.44068549651274,0.0,12.305,9.752,3.2678795720417684,2.3067212884594683,140.0,0.0,azimuth_elevation
N0239,175.56663004805685,90.97129516665287,0.0,12.305,9.752,3.5515408736095004,1.8402601509246088,140.0,0.0,azimuth_elevation
N0240,186.4544962115615,66.26594387301843,0.0,12.305,9.752,3.7690436884752816,1.339518448683945,140.0,0.0,azimuth_elevation
N0241,194.8798232298026,40.49649295454844,0.0,12.305,9.752,3.9163363507292916,0.813824052210535,140.0,0.0,azimuth_elevation
N0242,200.85188305240575,13.738645181261685,0.0,12.305,9.752,3.9906750767621566,0.2729696534586849,140.0,0.0,azimuth_elevation
N0243,204.25604927981195,-13.971496530353347,0.0,12.305,9.752,3.9906750767621566,-0.2729696534586835,140.0,0.0,azimuth_elevation
N0244,204.83985047595863,-42.566210416912135,0.0,12.305,9.752,3.9163363507292916,-0.8138240522105354,140.0,0.0,azimuth_elevation
N0245,202.2316948197128,-71.8731616054079,0.0,12.305,9.752,3.7690436884752825,-1.3395184486839447,140.0,0.0,azimuth_elevation
N0246,195.99087737331791,-101.55428711378116,0.0,12.305,9.752,3.5515408736095013,-1.8402601509246084,140.0,0.0,azimuth_elevation
N0247,185.68203869958342,-131.06869519223807,0.0,12.305,9.752,3.2678795720417684,-2.3067212884594683,140.0,0.0,azimuth_elevation
N0248,170.9628135923932,-159.66812184216118,0.0,12.305,9.752,2.9233438571124957,-2.730212572874617,140.0,0.0,azimuth_elevation
N0249,151.6707422179899,-186.42838651221126,0.0,12.305,9.752,2.524351777304212,-3.1028451628176787,140.0,0.0,azimuth_elevation
N0250,127.89507982957969,-210.31449863869506,0.0,12.305,9.752,2.0783358001417356,-3.4176776181859534,140.0,0.0,azimuth_elevation
N0251,100.02103917848068,-230.2715275157214,0.0,12.305,9.752,1.5936043593849656,-3.668845206021812,140.0,0.0,azimuth_elevation
N0252,68.73795315870663,-245.3289678359393,0.0,12.305,9.752,1.079187084628097,-3.851669149391197,140.0,0.0,azimuth_elevation
N0253,35.00823670428794,-254.70383775058446,0.0,12.305,9.752,0.5446665963849884,-3.9627437841453226,140.0,0.0,azimuth_elevation
N0254,3.158211734031434e-14,-257.88755878268773,0.0,12.305,9.752,4.898587196589413e-16,-4.0,140.0,0.0,azimuth_elevation
N0255,-35.00823670428771,-254.70383775058448,0.0,12.305,9.752,-0.5446665963849848,-3.962743784145323,140.0,0.0,azimuth_elevation
N0256,-68.73795315870665,-245.32896783593932,0.0,12.305,9.752,-1.079187084628097,-3.851669149391197,140.0,0.0,azimuth_elevation
N0257,-100.02103917848068,-230.2715275157214,0.0,12.305,9.752,-1.5936043593849656,-3.668845206021812,140.0,0.0,azimuth_elevation
N0258,-127.89507982957949,-210.3144986386952,0.0,12.305,9.752,-2.0783358001417325,-3.4176776181859556,140.0,0.0,azimuth_elevation
N0259,-151.67074221798978,-186.4283865122113,0.0,12.305,9.752,-2.5243517773042106,-3.1028451628176796,140.0,0.0,azimuth_elevation
N0260,-170.9628135923932,-159.66812184216118,0.0,12.305,9.752,-2.9233438571124957,-2.730212572874617,140.0,0.0,azimuth_elevation
N0261,-185.68203869958344,-131.0686951922381,0.0,12.305,9.752,-3.2678795720417684,-2.3067212884594683,140.0,0.0,azimuth_elevation
N0262,-195.99087737331794,-101.55428711378129,0.0,12.305,9.752,-3.5515408736095004,-1.84026015092461,140.0,0.0,azimuth_elevation
N0263,-202.2316948197128,-71.87316160540796,0.0,12.305,9.752,-3.7690436884752816,-1.3395184486839455,140.0,0.0,azimuth_elevation
N0264,-204.83985047595863,-42.566210416912085,0.0,12.305,9.752,-3.9163363507292916,-0.8138240522105346,140.0,0.0,azimuth_elevation
N0265,-204.25604927981195,-13.971496530353255,0.0,12.305,9.752,-3.990675076762157,-0.27296965345868174,140.0,0.0,azimuth_elevation
N0266,-200.85188305240575,13.73864518126164,0.0,12.305,9.752,-3.9906750767621566,0.272969653458684,140.0,0.0,azimuth_elevation
N0267,-194.8798232298026,40.49649295454836,0.0,12.305,9.752,-3.9163363507292916,0.8138240522105333,140.0,0.0,azimuth_elevation
N0268,-186.45449621156146,66.26594387301836,0.0,12.305,9.752,-3.769043688475282,1.339518448683944,140.0,0.0,azimuth_elevation
N0269,-175.56663004805696,90.97129516665277,0.0,12.305,9.752,-3.551540873609502,1.8402601509246066,140.0,0.0,azimuth_elevation
N0270,-162.12551564661297,114.44068549651274,0.0,12.305,9.752,-3.267879572041769,2.306721288459468,140.0,0.0,azimuth_elevation
N0271,-146.02109436262975,136.37418217627794,0.0,12.305,9.752,-2.923343857112496,2.730212572874617,140.0,0.0,azimuth_elevation
N0272,-127.19364002593183,156.3419861858954,0.0,12.305,9.752,-2.5243517773042123,3.1028451628176787,140.0,0.0,azimuth_elevation
N0273,-105.69794936952023,173.81287269541633,0.0,12.305,9.752,-2.0783358001417342,3.4176776181859547,140.0,0.0,azimuth_elevation
N0274,-81.75014007152767,188.207698935255,0.0,12.305,9.752,-1.5936043593849676,3.6688452060218113,140.0,0.0,azimuth_elevation
N0275,-55.748354407821,198.96848272227706,0.0,12.305,9.752,-1.0791870846281009,3.851669149391196,140.0,0.0,azimuth_elevation
N0276,-28.26331742536215,205.6309055668895,0.0,12.305,9.752,-0.5446665963849854,3.962743784145323,140.0,0.0,azimuth_elevation
N0277,15.286401612773787,223.47928114546428,0.0,12.305,9.752,0.27296965345868396,3.9906750767621566,140.0,0.0,azimuth_elevation
N0278,45.44474435579515,218.6921162956216,0.0,12.305,9.752,0.8138240522105351,3.916336350729292,140.0,0.0,azimuth_elevation
N0279,74.39754336822331,209.33462435367287,0.0,12.305,9.752,1.3395184486839447,3.769043688475282,140.0,0.0,azimuth_elevation
N0280,101.46089612603025,195.81064094856157,0.0,12.305,9.752,1.8402601509246088,3.551540873609501,140.0,0.0,azimuth_elevation
N0281,126.10952384744097,178.65649347528785,0.0,12.305,9.752,2.3067212884594683,3.2678795720417684,140.0,0.0,azimuth_elevation
N0282,148.00185271549503,158.47128947969304,0.0,12.305,9.752,2.7302125728746165,2.9233438571124966,140.0,0.0,azimuth_elevation
N0283,166.97485851596886,135.84412329397057,0.0,12.305,9.752,3.10284516281768,2.5243517773042106,140.0,0.0,azimuth_elevation
N0284,183.0100882006849,111.29090001662199,0.0,12.305,9.752,3.4176776181859543,2.0783358001417342,140.0,0.0,azimuth_elevation
N0285,196.1773594442586,85.2118521407968,0.0,12.305,9.752,3.6688452060218117,1.5936043593849654,140.0,0.0,azimuth_elevation
N0286,206.56665343141154,57.8772620003625,0.0,12.305,9.752,3.851669149391197,1.0791870846280978,140.0,0.0,azimuth_elevation
N0287,214.22096048204068,29.443993297497748,0.0,12.305,9.752,3.9627437841453235,0.5446665963849864,140.0,0.0,azimuth_elevation
N0288,219.08291033691765,1.341495924459964e-14,0.0,12.305,9.752,4.0,2.4492935982947064e-16,140.0,0.0,azimuth_elevation
N0289,220.96587976096626,-30.371061113802785,0.0,12.305,9.752,3.9627437841453226,-0.5446665963849867,140.0,0.0,azimuth_elevation
N0290,219.55625218229744,-61.516776886700214,0.0,12.305,9.752,3.8516691493911974,-1.0791870846280964,140.0,0.0,azimuth_elevation
N0291,214.44825855121178,-93.1480235603305,0.0,12.305,9.752,3.668845206021812,-1.5936043593849658,140.0,0.0,azimuth_elevation
N0292,205.20721866074433,-124.78927407334315,0.0,12.305,9.752,3.4176776181859547,-2.0783358001417334,140.0,0.0,azimuth_elevation
N0293,191.4519607080269,-155.75772296765476,0.0,12.305,9.752,3.102845162817679,-2.5243517773042115,140.0,0.0,azimuth_elevation
N0294,172.9435719452585,-185.1773498138098,0.0,12.305,9.752,2.7302125728746165,-2.9233438571124966,140.0,0.0,azimuth_elevation
N0295,149.66604690041152,-212.02848377956246,0.0,12.305,9.752,2.3067212884594688,-3.267879572041768,140.0,0.0,azimuth_elevation
N0296,121.8851434512913,-235.2276490014332,0.0,12.305,9.752,1.840260150924609,-3.551540873609501,140.0,0.0,azimuth_elevation
N0297,90.17474197637468,-253.7274066212833,0.0,12.305,9.752,1.3395184486839453,-3.7690436884752816,140.0,0.0,azimuth_elevation
N0298,55.40477160195126,-266.6223988332579,0.0,12.305,9.752,0.8138240522105361,-3.9163363507292908,140.0,0.0,azimuth_elevation
N0299,18.690567840179916,-273.2464297963726,0.0,12.305,9.752,0.2729696534586834,-3.9906750767621566,140.0,0.0,azimuth_elevation
N0300,-18.690567840179916,-273.2464297963726,0.0,12.305,9.752,-0.2729696534586834,-3.9906750767621566,140.0,0.0,azimuth_elevation
N0301,-55.404771601951026,-266.62239883325793,0.0,12.305,9.752,-0.8138240522105327,-3.9163363507292916,140.0,0.0,azimuth_elevation
N0302,-90.17474197637456,-253.72740662128336,0.0,12.305,9.752,-1.3395184486839435,-3.7690436884752825,140.0,0.0,azimuth_elevation
N0303,-121.88514345129119,-235.22764900143324,0.0,12.305,9.752,-1.8402601509246073,-3.5515408736095013,140.0,0.0,azimuth_elevation
N0304,-149.66604690041152,-212.02848377956246,0.0,12.305,9.752,-2.3067212884594688,-3.267879572041768,140.0,0.0,azimuth_elevation
N0305,-172.94357194525844,-185.17734981380988,0.0,12.305,9.752,-2.730212572874615,-2.9233438571124974,140.0,0.0,azimuth_elevation
N0306,-191.45196070802686,-155.75772296765476,0.0,12.305,9.752,-3.102845162817679,-2.5243517773042115,140.0,0.0,azimuth_elevation
N0307,-205.20721866074427,-124.78927407334321,0.0,12.305,9.752,-3.417677618185954,-2.0783358001417347,140.0,0.0,azimuth_elevation
N0308,-214.44825855121175,-93.14802356033037,0.0,12.305,9.752,-3.6688452060218126,-1.593604359384964,140.0,0.0,azimuth_elevation
N0309,-219.55625218229738,-61.51677688670026,0.0,12.305,9.752,-3.851669149391197,-1.0791870846280973,140.0,0.0,azimuth_elevation
N0310,-220.96587976096626,-30.371061113802885,0.0,12.305,9.752,-3.9627437841453226,-0.5446665963849885,140.0,0.0,azimuth_elevation
N0311,-219.08291033691765,-3.5231219026987304e-14,0.0,12.305,9.752,-4.0,-6.432490598706547e-16,140.0,0.0,azimuth_elevation
N0312,-214.22096048204068,29.443993297497798,0.0,12.305,9.752,-3.9627437841453235,0.5446665963849873,140.0,0.0,azimuth_elevation
N0313,-206.56665343141157,57.8772620003624,0.0,12.305,9.752,-3.8516691493911974,1.079187084628096,140.0,0.0,azimuth_elevation
N0314,-196.17735944425863,85.21185214079686,0.0,12.305,9.752,-3.668845206021812,1.5936043593849665,140.0,0.0,azimuth_elevation
N0315,-183.010088200685,111.29090001662195,0.0,12.305,9.752,-3.4176776181859556,2.078335800141733,140.0,0.0,azimuth_elevation
N0316,-166.97485851596886,135.84412329397057,0.0,12.305,9.752,-3.10284516281768,2.5243517773042106,140.0,0.0,azimuth_elevation
N0317,-148.0018527154951,158.4712894796929,0.0,12.305,9.752,-2.7302125728746183,2.923343857112495,140.0,0.0,azimuth_elevation
N0318,-126.10952384744083,178.6564934752879,0.0,12.305,9.752,-2.306721288459466,3.26787957204177,140.0,0.0,azimuth_elevation
N0319,-101.4608961260302,195.8106409485616,0.0,12.305,9.752,-1.840260150924608,3.5515408736095013,140.0,0.0,azimuth_elevation
N0320,-74.3975433682234,209.33462435367284,0.0,12.305,9.752,-1.339518448683946,3.7690436884752816,140.0,0.0,azimuth_elevation
N0321,-45.44474435579513,218.6921162956216,0.0,12.305,9.752,-0.8138240522105348,3.916336350729292,140.0,0.0,azimuth_elevation
N0322,-15.286401612773881,223.47928114546428,0.0,12.305,9.752,-0.2729696534586856,3.9906750767621566,140.0,0.0,azimuth_elevation
N0323,0.0,240.27826189114757,0.0,12.305,9.752,0.0,4.0,140.0,0.0,azimuth_elevation
N0324,32.67385092951256,237.71991991867594,0.0,12.305,9.752,0.5446665963849865,3.962743784145323,140.0,0.0,azimuth_elevation
N0325,64.48726152198905,230.15805069476323,0.0,12.305,9.752,1.079187084628097,3.8516691493911974,140.0,0.0,azimuth_elevation
N0326,94.65463149082403,217.91681789004224,0.0,12.305,9.752,1.5936043593849658,3.668845206021812,140.0,0.0,azimuth_elevation
N0327,122.52763883503879,201.48811795818867,0.0,12.305,9.752,2.0783358001417342,3.4176776181859543,140.0,0.0,azimuth_elevation
N0328,147.6350222659252,181.46782030098245,0.0,12.305,9.752,2.5243517773042115,3.102845162817679,140.0,0.0,azimuth_elevation
N0329,169.6933851025474,158.4825583940194,0.0,12.305,9.752,2.923343857112496,2.7302125728746165,140.0,0.0,azimuth_elevation
N0330,188.58774489966436,133.1197665986264,0.0,12.305,9.752,3.2678795720417684,2.3067212884594688,140.0,0.0,azimuth_elevation
N0331,204.3258565517182,105.87312521438498,0.0,12.305,9.752,3.551540873609501,1.8402601509246088,140.0,0.0,azimuth_elevation
N0332,216.9749899906158,77.11292996792501,0.0,12.305,9.752,3.7690436884752816,1.339518448683945,140.0,0.0,azimuth_elevation
N0333,226.5930452321379,47.086576268967214,0.0,12.305,9.752,3.9163363507292916,0.813824052210535,140.0,0.0,azimuth_elevation
N0334,233.16707595583907,15.949064931961543,0.0,12.305,9.752,3.990675076762157,0.2729696534586849,140.0,0.0,azimuth_elevation
N0335,236.5712421832452,-16.18191628105319,0.0,12.305,9.752,3.9906750767621566,-0.2729696534586835,140.0,0.0,azimuth_elevation
N0336,236.55307247829398,-49.15629373133092,0.0,12.305,9.752,3.9163363507292916,-0.8138240522105354,140.0,0.0,azimuth_elevation
N0337,232.75218859876713,-82.7201477003145,0.0,12.305,9.752,3.769043688475282,-1.3395184486839447,140.0,0.0,azimuth_elevation
N0338,224.75010387697927,-116.45611716151328,0.0,12.305,9.752,3.551540873609501,-1.8402601509246084,140.0,0.0,azimuth_elevation
N0339,212.14426795263483,-149.74777629435172,0.0,12.305,9.752,3.2678795720417684,-2.3067212884594683,140.0,0.0,azimuth_elevation
N0340,194.63510433231087,-181.77649805990268,0.0,12.305,9.752,2.9233438571124957,-2.730212572874617,140.0,0.0,azimuth_elevation
N0341,172.1121244579833,-211.55422062729826,0.0,12.305,9.752,2.524351777304212,-3.1028451628176787,140.0,0.0,azimuth_elevation
N0342,144.72476929509824,-237.98974390146736,0.0,12.305,9.752,2.0783358001417356,-3.4176776181859534,140.0,0.0,azimuth_elevation
N0343,112.92553059777711,-259.9806464705086,0.0,12.305,9.752,1.5936043593849656,-3.6688452060218126,140.0,0.0,azimuth_elevation
N0344,77.47686027287487,-276.5185358084253,0.0,12.305,9.752,1.079187084628097,-3.851669149391197,140.0,0.0,azimuth_elevation
N0345,39.418770208438296,-286.79285210237083,0.0,12.305,9.752,0.5446665963849884,-3.962743784145322,140.0,0.0,azimuth_elevation
N0346,3.55488344287051e-14,-290.27826189114757,0.0,12.305,9.752,4.898587196589413e-16,-4.0,140.0,0.0,azimuth_elevation
N0347,-39.41877020843805,-286.79285210237094,0.0,12.305,9.752,-0.5446665963849848,-3.962743784145323,140.0,0.0,azimuth_elevation
N0348,-77.4768602728749,-276.5185358084254,0.0,12.305,9.752,-1.079187084628097,-3.851669149391197,140.0,0.0,azimuth_elevation
N0349,-112.92553059777711,-259.9806464705086,0.0,12.305,9.752,-1.5936043593849656,-3.6688452060218126,140.0,0.0,azimuth_elevation
N0350,-144.72476929509804,-237.98974390146756,0.0,12.305,9.752,-2.0783358001417325,-3.4176776181859556,140.0,0.0,azimuth_elevation
N0351,-172.11212445798319,-211.55422062729832,0.0,12.305,9.752,-2.5243517773042106,-3.1028451628176796,140.0,0.0,azimuth_elevation
N0352,-194.63510433231093,-181.7764980599026,0.0,12.305,9.752,-2.923343857112497,-2.730212572874616,140.0,0.0,azimuth_elevation
N0353,-212.14426795263483,-149.74777629435172,0.0,12.305,9.752,-3.2678795720417684,-2.3067212884594683,140.0,0.0,azimuth_elevation
N0354,-224.75010387697924,-116.45611716151352,0.0,12.305,9.752,-3.5515408736094995,-1.8402601509246115,140.0,0.0,azimuth_elevation
N0355,-232.7521885987671,-82.72014770031456,0.0,12.305,9.752,-3.769043688475281,-1.3395184486839455,140.0,0.0,azimuth_elevation
N0356,-236.55307247829396,-49.15629373133086,0.0,12.305,9.752,-3.9163363507292916,-0.8138240522105346,140.0,0.0,azimuth_elevation
N0357,-236.57124218324523,-16.181916281053088,0.0,12.305,9.752,-3.990675076762157,-0.27296965345868174,140.0,0.0,azimuth_elevation
N0358,-233.16707595583904,15.949064931961487,0.0,12.305,9.752,-3.990675076762157,0.272969653458684,140.0,0.0,azimuth_elevation
N0359,-226.59304523213797,47.08657626896713,0.0,12.305,9.752,-3.916336350729292,0.8138240522105334,140.0,0.0,azimuth_elevation
N0360,-216.97498999061577,77.11292996792494,0.0,12.305,9.752,-3.769043688475282,1.3395184486839442,140.0,0.0,azimuth_elevation
N0361,-204.32585655171832,105.87312521438486,0.0,12.305,9.752,-3.551540873609502,1.8402601509246064,140.0,0.0,azimuth_elevation
N0362,-188.58774489966441,133.11976659862634,0.0,12.305,9.752,-3.2678795720417693,2.3067212884594674,140.0,0.0,azimuth_elevation
N0363,-169.6933851025474,158.48255839401943,0.0,12.305,9.752,-2.923343857112496,2.730212572874617,140.0,0.0,azimuth_elevation
N0364,-147.63502226592524,181.46782030098242,0.0,12.305,9.752,-2.5243517773042123,3.1028451628176783,140.0,0.0,azimuth_elevation
N0365,-122.52763883503879,201.48811795818867,0.0,12.305,9.752,-2.0783358001417342,3.4176776181859543,140.0,0.0,azimuth_elevation
N0366,-94.65463149082413,217.91681789004215,0.0,12.305,9.752,-1.5936043593849676,3.6688452060218113,140.0,0.0,azimuth_elevation
N0367,-64.48726152198927,230.1580506947631,0.0,12.305,9.752,-1.0791870846281009,3.851669149391196,140.0,0.0,azimuth_elevation
N0368,-32.6738509295125,237.71991991867594,0.0,12.305,9.752,-0.5446665963849855,3.962743784145323,140.0,0.0,azimuth_elevation
N0369,8.777289227089343,256.9386940261163,0.0,12.305,9.752,0.13656444074387158,3.997668089464696,140.0,0.0,azimuth_elevation
N0370,26.274348825165145,255.57930136302718,0.0,12.305,9.752,0.4090565957681369,3.9790291154323794,140.0,0.0,azimuth_elevation
N0371,43.600090665555754,252.87521014360323,0.0,12.305,9.752,0.6796415401146668,3.9418380708687875,140.0,0.0,azimuth_elevation
N0372,60.64438075002755,248.85531524359553,0.0,12.305,9.752,0.9470576818657871,3.886268357591766,140.0,0.0,azimuth_elevation
N0373,77.30302374094393,243.56174710603239,0.0,12.305,9.752,1.210058203524303,3.8125790672566433,140.0,0.0,azimuth_elevation
N0374,93.47979022999084,237.04847669481958,0.0,12.305,9.752,1.467416875252226,3.7211137733513326,140.0,0.0,azimuth_elevation
N0375,109.08811413808115,229.37955135126256,0.0,12.305,9.752,1.7179337721203274,3.612298929298131,140.0,0.0,azimuth_elevation
N0376,124.05239129616007,220.6270384006752,0.0,12.305,9.752,1.960440868712069,3.486641880131005,140.0,0.0,azimuth_elevation
N0377,138.30882772530353,210.86876612724615,0.0,12.305,9.752,2.1938074849972753,3.344728497018843,140.0,0.0,azimuth_elevation
N0378,151.8058058923158,200.18596061961446,0.0,12.305,9.752,2.4169455580843784,3.1872204456636184,140.0,0.0,azimuth_elevation
N0379,164.50375841531678,188.66088159447327,0.0,12.305,9.752,2.62881471527189,3.0148521013094443,140.0,0.0,azimuth_elevation
N0380,176.37456042066924,176.37456042066927,0.0,12.305,9.752,2.82842712474619,2.8284271247461903,140.0,0.0,azimuth_elevation
N0381,187.40047307155163,163.4047391729229,0.0,12.305,9.752,3.014852101309445,2.6288147152718895,140.0,0.0,azimuth_elevation
N0382,197.57269077818702,149.82410081637502,0.0,12.305,9.752,3.187220445663618,2.416945558084379,140.0,0.0,azimuth_elevation
N0383,206.88956239311537,135.6988679201815,0.0,12.305,9.752,3.3447284970188433,2.193807484997275,140.0,0.0,azimuth_elevation
N0384,215.35457151600616,121.08783115061175,0.0,12.305,9.752,3.4866418801310046,1.9604408687120694,140.0,0.0,azimuth_elevation
N0385,222.9741722296683,106.04184988044419,0.0,12.305,9.752,3.612298929298131,1.7179337721203274,140.0,0.0,azimuth_elevation
N0386,229.7555836625442,90.60384637102842,0.0,12.305,9.752,3.7211137733513326,1.467416875252226,140.0,0.0,azimuth_elevation
N0387,235.70464939719824,74.80929302198787,0.0,12.305,9.752,3.8125790672566433,1.2100582035243033,140.0,0.0,azimuth_elevation
N0388,240.82386578110626,58.687170076423754,0.0,12.305,9.752,3.886268357591766,0.9470576818657872,140.0,0.0,azimuth_elevation
N0389,245.11067670170192,42.261349861938086,0.0,12.305,9.752,3.9418380708687875,0.679641540114667,140.0,0.0,azimuth_elevation
N0390,248.55612161081444,25.552344055266516,0.0,12.305,9.752,3.9790291154323794,0.40905659576813747,140.0,0.0,azimuth_elevation
N0391,251.14390895557568,8.579333427688459,0.0,12.305,9.752,3.997668089464696,0.1365644407438713,140.0,0.0,azimuth_elevation
N0392,252.8499692896924,-8.637614197925004,0.0,12.305,9.752,3.997668089464696,-0.13656444074387172,140.0,0.0,azimuth_elevation
N0393,253.64252193713025,-26.07524186320835,0.0,12.305,9.752,3.9790291154323794,-0.4090565957681361,140.0,0.0,azimuth_elevation
N0394,253.4826670059766,-43.70482680896754,0.0,12.305,9.752,3.9418380708687875,-0.6796415401146665,140.0,0.0,azimuth_elevation
N0395,252.3254917243851,-61.490039616364356,0.0,12.305,9.752,3.886268357591766,-0.9470576818657868,140.0,0.0,azimuth_elevation
N0396,250.12165745006993,-79.38504569672686,0.0,12.305,9.752,3.8125790672566433,-1.2100582035243037,140.0,0.0,azimuth_elevation
N0397,246.8194122430106,-97.3329472640753,0.0,12.305,9.752,3.7211137733513326,-1.4674168752522256,140.0,0.0,azimuth_elevation
N0398,242.36695449727875,-115.2646512722928,0.0,12.305,9.752,3.612298929298131,-1.717933772120327,140.0,0.0,azimuth_elevation
N0399,236.7150566296684,-133.09823239972593,0.0,12.305,9.752,3.4866418801310046,-1.9604408687120694,140.0,0.0,azimuth_elevation
N0400,229.8198449307517,-150.73884067402554,0.0,12.305,9.752,3.344728497018843,-2.1938074849972757,140.0,0.0,azimuth_elevation
N0401,221.64562296188203,-168.07918153744936,0.0,12.305,9.752,3.1872204456636184,-2.416945558084378,140.0,0.0,azimuth_elevation
N0402,212.16762172245993,-185.00057294551672,0.0,12.305,9.752,3.014852101309445,-2.628814715271889,140.0,0.0,azimuth_elevation
N0403,201.37456042066924,-201.3745604206692,0.0,12.305,9.752,2.8284271247461903,-2.82842712474619,140.0,0.0,azimuth_elevation
N0404,189.27090706622502,-217.06504782187946,0.0,12.305,9.752,2.6288147152718895,-3.0148521013094447,140.0,0.0,azimuth_elevation
N0405,175.8787380760108,-231.93087989854,0.0,12.305,9.752,2.416945558084379,-3.187220445663618,140.0,0.0,azimuth_elevation
N0406,161.23911026293982,-245.82879337340225,0.0,12.305,9.752,2.193807484997275,-3.344728497018844,140.0,0.0,azimuth_elevation
N0407,145.41287640982233,-258.616637151561,0.0,12.305,9.752,1.9604408687120696,-3.4866418801310046,140.0,0.0,azimuth_elevation
N0408,128.48089640569168,-270.1567499594139,0.0,12.305,9.752,1.717933772120328,-3.6122989292981313,140.0,0.0,azimuth_elevation
N0409,110.54361881045729,-280.31937580177265,0.0,12.305,9.752,1.4674168752522272,-3.7211137733513318,140.0,0.0,azimuth_elevation
N0410,91.72003179381552,-288.9859944312935,0.0,12.305,9.752,1.2100582035243017,-3.8125790672566433,140.0,0.0,azimuth_elevation
N0411,72.1460066933063,-296.0524457036549,0.0,12.305,9.752,0.9470576818657866,-3.8862683575917663,140.0,0.0,azimuth_elevation
N0418,-72.1460066933063,-296.05244570365494,0.0,12.305,9.752,-0.9470576818657864,-3.8862683575917663,140.0,0.0,azimuth_elevation
N0419,-91.7200317938155,-288.9859944312934,0.0,12.305,9.752,-1.2100582035243017,-3.8125790672566433,140.0,0.0,azimuth_elevation
N0420,-110.54361881045705,-280.31937580177276,0.0,12.305,9.752,-1.4674168752522239,-3.7211137733513335,140.0,0.0,azimuth_elevation
N0421,-128.48089640569168,-270.1567499594139,0.0,12.305,9.752,-1.717933772120328,-3.6122989292981313,140.0,0.0,azimuth_elevation
N0422,-145.41287640982225,-258.6166371515611,0.0,12.305,9.752,-1.960440868712068,-3.4866418801310055,140.0,0.0,azimuth_elevation
N0423,-161.23911026293982,-245.82879337340225,0.0,12.305,9.752,-2.193807484997275,-3.344728497018844,140.0,0.0,azimuth_elevation
N0424,-175.87873807601073,-231.9308798985402,0.0,12.305,9.752,-2.416945558084377,-3.1872204456636193,140.0,0.0,azimuth_elevation
N0425,-189.2709070662249,-217.06504782187955,0.0,12.305,9.752,-2.628814715271888,-3.014852101309446,140.0,0.0,azimuth_elevation
N0426,-201.37456042066924,-201.3745604206692,0.0,12.305,9.752,-2.8284271247461903,-2.82842712474619,140.0,0.0,azimuth_elevation
N0427,-212.16762172245993,-185.00057294551672,0.0,12.305,9.752,-3.014852101309445,-2.628814715271889,140.0,0.0,azimuth_elevation
N0428,-221.64562296188194,-168.0791815374496,0.0,12.305,9.752,-3.187220445663616,-2.416945558084381,140.0,0.0,azimuth_elevation
N0429,-229.81984493075174,-150.7388406740254,0.0,12.305,9.752,-3.3447284970188442,-2.193807484997274,140.0,0.0,azimuth_elevation
N0430,-236.7150566296684,-133.09823239972593,0.0,12.305,9.752,-3.4866418801310046,-1.9604408687120694,140.0,0.0,azimuth_elevation
N0431,-242.3669544972788,-115.26465127229297,0.0,12.305,9.752,-3.6122989292981305,-1.7179337721203287,140.0,0.0,azimuth_elevation
N0432,-246.8194122430106,-97.3329472640753,0.0,12.305,9.752,-3.7211137733513326,-1.4674168752522256,140.0,0.0,azimuth_elevation
N0433,-250.12165745006988,-79.38504569672696,0.0,12.305,9.752,-3.8125790672566424,-1.2100582035243053,140.0,0.0,azimuth_elevation
N0434,-252.32549172438507,-61.49003961636423,0.0,12.305,9.752,-3.8862683575917663,-0.947057681865785,140.0,0.0,azimuth_elevation
N0435,-253.48266700597665,-43.70482680896761,0.0,12.305,9.752,-3.9418380708687875,-0.6796415401146674,140.0,0.0,azimuth_elevation
N0436,-253.64252193713025,-26.075241863208408,0.0,12.305,9.752,-3.9790291154323794,-0.40905659576813697,140.0,0.0,azimuth_elevation
N0437,-252.8499692896924,-8.637614197924949,0.0,12.305,9.752,-3.997668089464696,-0.13656444074387084,140.0,0.0,azimuth_elevation
N0438,-251.14390895557568,8.579333427688347,0.0,12.305,9.752,-3.997668089464696,0.13656444074386953,140.0,0.0,azimuth_elevation
N0439,-248.55612161081444,25.552344055266406,0.0,12.305,9.752,-3.9790291154323794,0.4090565957681357,140.0,0.0,azimuth_elevation
N0440,-245.11067670170198,42.261349861938044,0.0,12.305,9.752,-3.9418380708687875,0.6796415401146662,140.0,0.0,azimuth_elevation
N0441,-240.82386578110626,58.687170076423754,0.0,12.305,9.752,-3.886268357591766,0.9470576818657872,140.0,0.0,azimuth_elevation
N0442,-235.7046493971982,74.80929302198793,0.0,12.305,9.752,-3.812579067256643,1.2100582035243042,140.0,0.0,azimuth_elevation
N0443,-229.7555836625443,90.60384637102834,0.0,12.305,9.752,-3.721113773351333,1.4674168752522243,140.0,0.0,azimuth_elevation
N0444,-222.97417222966834,106.04184988044415,0.0,12.305,9.752,-3.6122989292981313,1.7179337721203267,140.0,0.0,azimuth_elevation
N0445,-215.35457151600622,121.08783115061173,0.0,12.305,9.752,-3.486641880131005,1.960440868712069,140.0,0.0,azimuth_elevation
N0446,-206.88956239311537,135.69886792018153,0.0,12.305,9.752,-3.3447284970188433,2.1938074849972753,140.0,0.0,azimuth_elevation
N0447,-197.57269077818717,149.82410081637482,0.0,12.305,9.752,-3.18722044566362,2.4169455580843753,140.0,0.0,azimuth_elevation
N0448,-187.40047307155166,163.40473917292283,0.0,12.305,9.752,-3.0148521013094456,2.6288147152718886,140.0,0.0,azimuth_elevation
N0449,-176.3745604206693,176.3745604206692,0.0,12.305,9.752,-2.8284271247461907,2.8284271247461894,140.0,0.0,azimuth_elevation
N0450,-164.50375841531695,188.6608815944731,0.0,12.305,9.752,-2.628814715271893,3.014852101309442,140.0,0.0,azimuth_elevation
N0451,-151.80580589231593,200.18596061961435,0.0,12.305,9.752,-2.4169455580843806,3.1872204456636166,140.0,0.0,azimuth_elevation
N0452,-138.30882772530342,210.86876612724623,0.0,12.305,9.752,-2.1938074849972735,3.3447284970188442,140.0,0.0,azimuth_elevation
N0453,-124.05239129616014,220.62703840067513,0.0,12.305,9.752,-1.96044086871207,3.486641880131004,140.0,0.0,azimuth_elevation
N0454,-109.08811413808121,229.37955135126253,0.0,12.305,9.752,-1.7179337721203283,3.6122989292981305,140.0,0.0,azimuth_elevation
N0455,-93.47979022999104,237.0484766948195,0.0,12.305,9.752,-1.4674168752522292,3.7211137733513313,140.0,0.0,azimuth_elevation
N0456,-77.3030237409441,243.5617471060323,0.0,12.305,9.752,-1.2100582035243057,3.8125790672566424,140.0,0.0,azimuth_elevation
N0457,-60.64438075002742,248.85531524359556,0.0,12.305,9.752,-0.9470576818657852,3.8862683575917663,140.0,0.0,azimuth_elevation
N0458,-43.60009066555581,252.87521014360323,0.0,12.305,9.752,-0.6796415401146677,3.9418380708687875,140.0,0.0,azimuth_elevation
N0459,-26.274348825165166,255.57930136302713,0.0,12.305,9.752,-0.4090565957681373,3.9790291154323794,140.0,0.0,azimuth_elevation
N0460,-8.777289227089545,256.9386940261163,0.0,12.305,9.752,-0.13656444074387472,3.997668089464696,140.0,0.0,azimuth_elevation
N0461,0.0,273.9396679771865,0.0,12.305,9.752,0.0,4.0,140.0,0.0,azimuth_elevation
N0462,18.68874707668323,273.21981117626234,0.0,12.305,9.752,0.2729696534586839,3.9906750767621566,140.0,0.0,azimuth_elevation
N0463,37.25741180011648,271.0678018519365,0.0,12.305,9.752,0.5446665963849865,3.9627437841453235,140.0,0.0,azimuth_elevation
N0464,55.588401489015695,267.5060743646429,0.0,12.305,9.752,0.8138240522105351,3.9163363507292916,140.0,0.0,azimuth_elevation
N0465,73.56900019660777,262.57120053144456,0.0,12.305,9.752,1.079187084628097,3.851669149391198,140.0,0.0,azimuth_elevation
N0466,91.0935550308994,256.3126987816471,0.0,12.305,9.752,1.3395184486839447,3.769043688475282,140.0,0.0,azimuth_elevation
N0467,108.06537236125882,248.79143997672153,0.0,12.305,9.752,1.5936043593849658,3.668845206021812,140.0,0.0,azimuth_elevation
N0468,124.39824721095344,240.07771909482594,0.0,12.305,9.752,1.8402601509246088,3.551540873609501,140.0,0.0,azimuth_elevation
N0469,140.01756517296968,230.24907650241957,0.0,12.305,9.752,2.0783358001417347,3.4176776181859543,140.0,0.0,azimuth_elevation
N0470,154.86093490303406,219.38796343050583,0.0,12.305,9.752,2.3067212884594683,3.2678795720417684,140.0,0.0,azimuth_elevation
N0471,168.878329835888,207.57935306290935,0.0,12.305,9.752,2.5243517773042115,3.102845162817679,140.0,0.0,azimuth_elevation
N0472,182.0317393535512,194.90840102549967,0.0,12.305,9.752,2.730212572874616,2.9233438571124966,140.0,0.0,azimuth_elevation
N0473,194.29435127839523,181.45825692320486,0.0,12.305,9.752,2.923343857112496,2.7302125728746165,140.0,0.0,azimuth_elevation
N0474,205.64930833543923,167.30812198393008,0.0,12.305,9.752,3.102845162817679,2.524351777304211,140.0,0.0,azimuth_elevation
N0475,216.0881002283566,152.53163710316267,0.0,12.305,9.752,3.267879572041768,2.3067212884594683,140.0,0.0,azimuth_elevation
N0476,225.6086693763021,137.1956710873122,0.0,12.305,9.752,3.4176776181859543,2.0783358001417342,140.0,0.0,azimuth_elevation
N0477,234.21332144615198,121.35956127544216,0.0,12.305,9.752,3.551540873609501,1.8402601509246088,140.0,0.0,azimuth_elevation
N0478,241.90654100833163,105.07483872087987,0.0,12.305,9.752,3.668845206021812,1.5936043593849654,140.0,0.0,azimuth_elevation
N0479,248.69281752906284,88.38544858314778,0.0,12.305,9.752,3.7690436884752816,1.339518448683945,140.0,0.0,azimuth_elevation
N0480,254.57458725433588,71.32845423206534,0.0,12.305,9.752,3.851669149391197,1.0791870846280978,140.0,0.0,azimuth_elevation
N0481,259.55039229999153,53.93519174497836,0.0,12.305,9.752,3.916336350729291,0.813824052210535,140.0,0.0,azimuth_elevation
N0482,263.61334959119444,36.23282092017684,0.0,12.305,9.752,3.962743784145323,0.5446665963849864,140.0,0.0,azimuth_elevation
N0483,266.7500095349204,18.24620052052107,0.0,12.305,9.752,3.990675076762156,0.2729696534586849,140.0,0.0,azimuth_elevation
N0484,268.9396679771865,1.646780517760067e-14,0.0,12.305,9.752,4.0,2.4492935982947064e-16,140.0,0.0,azimuth_elevation
N0485,270.15417576232664,-18.47905186961271,0.0,12.305,9.752,3.990675076762157,-0.2729696534586835,140.0,0.0,azimuth_elevation
N0486,270.35826887012007,-37.15988873648189,0.0,12.305,9.752,3.962743784145323,-0.5446665963849867,140.0,0.0,azimuth_elevation
N0487,269.5104195461476,-56.004909207342074,0.0,12.305,9.752,3.916336350729291,-0.8138240522105354,140.0,0.0,azimuth_elevation
N0488,267.5641860052217,-74.96796911840302,0.0,12.305,9.752,3.8516691493911974,-1.0791870846280964,140.0,0.0,azimuth_elevation
N0489,264.47001613721426,-93.99266631553729,0.0,12.305,9.752,3.769043688475282,-1.3395184486839447,140.0,0.0,azimuth_elevation
N0490,260.1774401152847,-113.01101014041352,0.0,12.305,9.752,3.668845206021812,-1.5936043593849658,140.0,0.0,azimuth_elevation
N0491,254.63756877141302,-131.94255322257044,0.0,12.305,9.752,3.551540873609501,-1.8402601509246086,140.0,0.0,azimuth_elevation
N0492,247.80579983636142,-150.69404514403328,0.0,12.305,9.752,3.4176776181859547,-2.0783358001417334,140.0,0.0,azimuth_elevation
N0493,239.6446232813271,-169.159646798888,0.0,12.305,9.752,3.2678795720417684,-2.3067212884594683,140.0,0.0,azimuth_elevation
N0494,230.12641052749728,-187.22172165761427,0.0,12.305,9.752,3.102845162817679,-2.5243517773042115,140.0,0.0,azimuth_elevation
N0495,219.23607050815866,-204.7521965890881,0.0,12.305,9.752,2.9233438571124957,-2.730212572874617,140.0,0.0,azimuth_elevation
N0496,206.97345858331465,-221.6144613596164,0.0,12.305,9.752,2.7302125728746165,-2.9233438571124966,140.0,0.0,azimuth_elevation
N0497,193.35543202794608,-237.66575338922513,0.0,12.305,9.752,2.524351777304212,-3.1028451628176787,140.0,0.0,azimuth_elevation
N0498,178.4174579560046,-252.75995373478042,0.0,12.305,9.752,2.3067212884594688,-3.267879572041768,140.0,0.0,azimuth_elevation
N0499,162.21469563302912,-266.7507024456983,0.0,12.305,9.752,2.0783358001417356,-3.417677618185954,140.0,0.0,azimuth_elevation
N0500,144.82249453621452,-279.49472714769763,0.0,12.305,9.752,1.840260150924609,-3.551540873609501,140.0,0.0,azimuth_elevation
N0501,126.33627146821192,-290.8552685571879,0.0,12.305,9.752,1.5936043593849656,-3.668845206021812,140.0,0.0,azimuth_elevation
N0513,-126.33627146821205,-290.85526855718786,0.0,12.305,9.752,-1.5936043593849671,-3.6688452060218113,140.0,0.0,azimuth_elevation
N0514,-144.82249453621452,-279.49472714769763,0.0,12.305,9.752,-1.840260150924609,-3.551540873609501,140.0,0.0,azimuth_elevation
N0515,-162.21469563302892,-266.7507024456985,0.0,12.305,9.752,-2.0783358001417325,-3.417677618185955,140.0,0.0,azimuth_elevation
N0516,-178.4174579560046,-252.75995373478042,0.0,12.305,9.752,-2.3067212884594688,-3.267879572041768,140.0,0.0,azimuth_elevation
N0517,-193.355432027946,-237.66575338922522,0.0,12.305,9.752,-2.5243517773042106,-3.1028451628176796,140.0,0.0,azimuth_elevation
N0518,-206.97345858331457,-221.6144613596165,0.0,12.305,9.752,-2.730212572874615,-2.9233438571124974,140.0,0.0,azimuth_elevation
N0519,-219.23607050815872,-204.752196589088,0.0,12.305,9.752,-2.923343857112497,-2.730212572874616,140.0,0.0,azimuth_elevation
N0520,-230.12641052749717,-187.22172165761435,0.0,12.305,9.752,-3.102845162817678,-2.524351777304213,140.0,0.0,azimuth_elevation
N0521,-239.6446232813271,-169.159646798888,0.0,12.305,9.752,-3.2678795720417684,-2.3067212884594683,140.0,0.0,azimuth_elevation
N0522,-247.8057998363614,-150.6940451440334,0.0,12.305,9.752,-3.417677618185954,-2.0783358001417347,140.0,0.0,azimuth_elevation
N0523,-254.63756877141296,-131.94255322257067,0.0,12.305,9.752,-3.5515408736094995,-1.8402601509246113,140.0,0.0,azimuth_elevation
N0524,-260.1774401152847,-113.0110101404134,0.0,12.305,9.752,-3.668845206021812,-1.593604359384964,140.0,0.0,azimuth_elevation
N0525,-264.47001613721426,-93.99266631553735,0.0,12.305,9.752,-3.769043688475282,-1.3395184486839455,140.0,0.0,azimuth_elevation
N0526,-267.56418600522176,-74.96796911840312,0.0,12.305,9.752,-3.8516691493911965,-1.0791870846280973,140.0,0.0,azimuth_elevation
N0527,-269.5104195461476,-56.00490920734201,0.0,12.305,9.752,-3.916336350729291,-0.8138240522105346,140.0,0.0,azimuth_elevation
N0528,-270.35826887012007,-37.15988873648201,0.0,12.305,9.752,-3.962743784145323,-0.5446665963849885,140.0,0.0,azimuth_elevation
N0529,-270.15417576232664,-18.47905186961259,0.0,12.305,9.752,-3.990675076762157,-0.27296965345868174,140.0,0.0,azimuth_elevation
N0530,-268.9396679771865,-4.324879714706281e-14,0.0,12.305,9.752,-4.0,-6.432490598706546e-16,140.0,0.0,azimuth_elevation
N0531,-266.7500095349204,18.24620052052101,0.0,12.305,9.752,-3.990675076762156,0.272969653458684,140.0,0.0,azimuth_elevation
N0532,-263.6133495911945,36.23282092017691,0.0,12.305,9.752,-3.9627437841453235,0.5446665963849873,140.0,0.0,azimuth_elevation
N0533,-259.55039229999164,53.93519174497826,0.0,12.305,9.752,-3.916336350729292,0.8138240522105333,140.0,0.0,azimuth_elevation
N0534,-254.5745872543359,71.32845423206523,0.0,12.305,9.752,-3.8516691493911974,1.079187084628096,140.0,0.0,azimuth_elevation
N0535,-248.69281752906292,88.38544858314775,0.0,12.305,9.752,-3.769043688475282,1.3395184486839442,140.0,0.0,azimuth_elevation
N0536,-241.90654100833154,105.0748387208799,0.0,12.305,9.752,-3.6688452060218117,1.5936043593849663,140.0,0.0,azimuth_elevation
N0537,-234.21332144615204,121.35956127544196,0.0,12.305,9.752,-3.551540873609502,1.8402601509246064,140.0,0.0,azimuth_elevation
N0538,-225.6086693763021,137.1956710873121,0.0,12.305,9.752,-3.417677618185955,2.078335800141733,140.0,0.0,azimuth_elevation
N0539,-216.0881002283567,152.53163710316267,0.0,12.305,9.752,-3.267879572041769,2.306721288459468,140.0,0.0,azimuth_elevation
N0540,-205.64930833543923,167.30812198393008,0.0,12.305,9.752,-3.102845162817679,2.524351777304211,140.0,0.0,azimuth_elevation
N0541,-194.29435127839523,181.45825692320489,0.0,12.305,9.752,-2.923343857112496,2.730212572874617,140.0,0.0,azimuth_elevation
N0542,-182.03173935355125,194.90840102549953,0.0,12.305,9.752,-2.730212572874618,2.923343857112495,140.0,0.0,azimuth_elevation
N0543,-168.87832983588808,207.5793530629093,0.0,12.305,9.752,-2.5243517773042123,3.1028451628176783,140.0,0.0,azimuth_elevation
N0544,-154.86093490303392,219.38796343050592,0.0,12.305,9.752,-2.306721288459466,3.2678795720417697,140.0,0.0,azimuth_elevation
N0545,-140.01756517296968,230.24907650241957,0.0,12.305,9.752,-2.0783358001417347,3.4176776181859543,140.0,0.0,azimuth_elevation
N0546,-124.39824721095339,240.07771909482597,0.0,12.305,9.752,-1.840260150924608,3.5515408736095013,140.0,0.0,azimuth_elevation
N0547,-108.06537236125894,248.79143997672148,0.0,12.305,9.752,-1.5936043593849674,3.6688452060218113,140.0,0.0,azimuth_elevation
N0548,-91.09355503089947,256.3126987816471,0.0,12.305,9.752,-1.3395184486839458,3.769043688475282,140.0,0.0,azimuth_elevation
N0549,-73.569000196608,262.57120053144433,0.0,12.305,9.752,-1.0791870846281009,3.851669149391196,140.0,0.0,azimuth_elevation
N0550,-55.58840148901568,267.5060743646429,0.0,12.305,9.752,-0.8138240522105349,3.9163363507292916,140.0,0.0,azimuth_elevation
N0551,-37.25741180011641,271.0678018519365,0.0,12.305,9.752,-0.5446665963849855,3.9627437841453235,140.0,0.0,azimuth_elevation
N0552,-18.68874707668335,273.21981117626234,0.0,12.305,9.752,-0.2729696534586856,3.9906750767621566,140.0,0.0,azimuth_elevation
N0553,9.926527001287408,290.5804762652839,0.0,12.305,9.752,0.13656444074387158,3.997668089464696,140.0,0.0,azimuth_elevation
N0554,29.716703870746127,289.0642300837126,0.0,12.305,9.752,0.40905659576813685,3.9790291154323794,140.0,0.0,azimuth_elevation
N0555,49.31951313424093,286.0471631508339,0.0,12.305,9.752,0.6796415401146667,3.941838070868788,140.0,0.0,azimuth_elevation
N0556,68.61420405407429,281.5596295796506,0.0,12.305,9.752,0.9470576818657871,3.8862683575917663,140.0,0.0,azimuth_elevation
N0557,87.4860888850875,275.64594016054673,0.0,12.305,9.752,1.210058203524303,3.8125790672566433,140.0,0.0,azimuth_elevation
N0558,105.82861906383371,268.3629571491025,0.0,12.305,9.752,1.467416875252226,3.7211137733513326,140.0,0.0,azimuth_elevation
N0559,123.5451307211469,259.77831664207963,0.0,12.305,9.752,1.7179337721203272,3.6122989292981313,140.0,0.0,azimuth_elevation
N0560,140.55019034350605,249.9683554515952,0.0,12.305,9.752,1.9604408687120691,3.486641880131005,140.0,0.0,azimuth_elevation
N0561,156.7704888820748,239.01583217367067,0.0,12.305,9.752,2.1938074849972753,3.344728497018843,140.0,0.0,azimuth_elevation
N0562,172.14525237194735,227.00754104641672,0.0,12.305,9.752,2.4169455580843784,3.1872204456636184,140.0,0.0,azimuth_elevation
N0563,186.62615832924723,214.03192181235448,0.0,12.305,9.752,2.62881471527189,3.0148521013094443,140.0,0.0,azimuth_elevation
N0564,200.17676892838145,200.17676892838148,0.0,12.305,9.752,2.82842712474619,2.8284271247461903,140.0,0.0,azimuth_elevation
N0565,212.7715132894329,185.52713908685337,0.0,12.305,9.752,3.014852101309445,2.6288147152718895,140.0,0.0,azimuth_elevation
N0566,224.3942712049893,170.16354729600658,0.0,12.305,9.752,3.187220445663618,2.4169455580843784,140.0,0.0,azimuth_elevation
N0567,235.0366284395398,154.16052907695274,0.0,12.305,9.752,3.3447284970188433,2.193807484997275,140.0,0.0,azimuth_elevation
N0568,244.69588856692621,137.58563019795776,0.0,12.305,9.752,3.4866418801310046,1.9604408687120694,140.0,0.0,azimuth_elevation
N0569,253.37293752048532,120.49886646350993,0.0,12.305,9.752,3.612298929298131,1.7179337721203274,140.0,0.0,azimuth_elevation
N0570,261.07006411682715,102.95267520487131,0.0,12.305,9.752,3.721113773351332,1.467416875252226,140.0,0.0,azimuth_elevation
N0571,267.7888424517126,84.99235816613145,0.0,12.305,9.752,3.8125790672566433,1.2100582035243033,140.0,0.0,azimuth_elevation
N0572,273.5281801171613,66.6569933804705,0.0,12.305,9.752,3.8862683575917663,0.9470576818657873,140.0,0.0,azimuth_elevation
N0573,278.28262970893263,47.98077233062328,0.0,12.305,9.752,3.9418380708687875,0.679641540114667,140.0,0.0,azimuth_elevation
N0574,282.0410503314999,28.99469910084751,0.0,12.305,9.752,3.979029115432379,0.40905659576813747,140.0,0.0,azimuth_elevation
N0575,284.78569119474326,9.728571201886522,0.0,12.305,9.752,3.9976680894646957,0.1365644407438713,140.0,0.0,azimuth_elevation
N0576,286.49175152886005,-9.78685197212307,0.0,12.305,9.752,3.9976680894646965,-0.13656444074387172,140.0,0.0,azimuth_elevation
N0577,287.12745065781564,-29.51759690878933,0.0,12.305,9.752,3.979029115432379,-0.4090565957681361,140.0,0.0,azimuth_elevation
N0578,286.65462001320725,-49.42424927765272,0.0,12.305,9.752,3.941838070868788,-0.6796415401146665,140.0,0.0,azimuth_elevation
N0579,285.0298060604401,-69.45986292041107,0.0,12.305,9.752,3.8862683575917663,-0.9470576818657866,140.0,0.0,azimuth_elevation
N0580,282.2058505045843,-89.56811084087045,0.0,12.305,9.752,3.8125790672566438,-1.2100582035243037,140.0,0.0,azimuth_elevation
N0581,278.1338926972935,-109.68177609791816,0.0,12.305,9.752,3.7211137733513326,-1.4674168752522256,140.0,0.0,azimuth_elevation
N0582,272.76571978809574,-129.72166785535853,0.0,12.305,9.752,3.612298929298131,-1.7179337721203267,140.0,0.0,azimuth_elevation
N0583,266.0563736805884,-149.59603144707188,0.0,12.305,9.752,3.4866418801310046,-1.960440868712069,140.0,0.0,azimuth_elevation
N0584,257.9669109771762,-169.2005018307968,0.0,12.305,9.752,3.3447284970188433,-2.1938074849972757,140.0,0.0,azimuth_elevation
N0585,248.4672033886843,-188.41862801708092,0.0,12.305,9.752,3.1872204456636184,-2.416945558084378,140.0,0.0,azimuth_elevation
N0586,237.5386619403412,-207.1229728594472,0.0,12.305,9.752,3.014852101309445,-2.628814715271889,140.0,0.0,azimuth_elevation
N0587,225.1767689283815,-225.17676892838145,0.0,12.305,9.752,2.8284271247461903,-2.82842712474619,140.0,0.0,azimuth_elevation
N0588,211.3933069801555,-242.4360880397607,0.0,12.305,9.752,2.6288147152718895,-3.0148521013094447,140.0,0.0,azimuth_elevation
N0589,196.21818455564235,-258.75246032534227,0.0,12.305,9.752,2.416945558084379,-3.187220445663618,140.0,0.0,azimuth_elevation
N0590,179.7007714197111,-273.97585941982675,0.0,12.305,9.752,2.193807484997275,-3.344728497018844,140.0,0.0,azimuth_elevation
N0591,161.91067545716828,-287.95795420248095,0.0,12.305,9.752,1.9604408687120696,-3.4866418801310046,140.0,0.0,azimuth_elevation
N0606,-161.91067545716822,-287.9579542024811,0.0,12.305,9.752,-1.9604408687120682,-3.4866418801310055,140.0,0.0,azimuth_elevation
N0607,-179.70077141971095,-273.9758594198268,0.0,12.305,9.752,-2.193807484997273,-3.3447284970188447,140.0,0.0,azimuth_elevation
N0608,-196.2181845556423,-258.7524603253425,0.0,12.305,9.752,-2.416945558084377,-3.1872204456636197,140.0,0.0,azimuth_elevation
N0609,-211.3933069801554,-242.43608803976082,0.0,12.305,9.752,-2.628814715271888,-3.014852101309446,140.0,0.0,azimuth_elevation
N0610,-225.1767689283815,-225.17676892838145,0.0,12.305,9.752,-2.8284271247461903,-2.82842712474619,140.0,0.0,azimuth_elevation
N0611,-237.5386619403412,-207.1229728594472,0.0,12.305,9.752,-3.014852101309445,-2.628814715271889,140.0,0.0,azimuth_elevation
N0612,-248.46720338868417,-188.4186280170812,0.0,12.305,9.752,-3.187220445663616,-2.416945558084381,140.0,0.0,azimuth_elevation
N0613,-257.9669109771762,-169.2005018307966,0.0,12.305,9.752,-3.3447284970188442,-2.193807484997274,140.0,0.0,azimuth_elevation
N0614,-266.05637368058837,-149.59603144707185,0.0,12.305,9.752,-3.4866418801310046,-1.960440868712069,140.0,0.0,azimuth_elevation
N0615,-272.7657197880958,-129.7216678553587,0.0,12.305,9.752,-3.612298929298131,-1.7179337721203287,140.0,0.0,azimuth_elevation
N0616,-278.1338926972935,-109.68177609791816,0.0,12.305,9.752,-3.7211137733513326,-1.4674168752522256,140.0,0.0,azimuth_elevation
N0617,-282.2058505045842,-89.56811084087056,0.0,12.305,9.752,-3.812579067256642,-1.2100582035243053,140.0,0.0,azimuth_elevation
N0618,-285.0298060604401,-69.45986292041094,0.0,12.305,9.752,-3.8862683575917663,-0.947057681865785,140.0,0.0,azimuth_elevation
N0619,-286.65462001320736,-49.424249277652805,0.0,12.305,9.752,-3.941838070868788,-0.6796415401146674,140.0,0.0,azimuth_elevation
N0620,-287.12745065781564,-29.517596908789393,0.0,12.305,9.752,-3.979029115432379,-0.40905659576813697,140.0,0.0,azimuth_elevation
N0621,-286.49175152886005,-9.786851972123007,0.0,12.305,9.752,-3.9976680894646965,-0.13656444074387084,140.0,0.0,azimuth_elevation
N0622,-284.78569119474326,9.728571201886394,0.0,12.305,9.752,-3.9976680894646957,0.13656444074386953,140.0,0.0,azimuth_elevation
N0623,-282.04105033149983,28.994699100847377,0.0,12.305,9.752,-3.979029115432379,0.4090565957681357,140.0,0.0,azimuth_elevation
N0624,-278.28262970893263,47.98077233062322,0.0,12.305,9.752,-3.9418380708687875,0.6796415401146662,140.0,0.0,azimuth_elevation
N0625,-273.5281801171613,66.6569933804705,0.0,12.305,9.752,-3.8862683575917663,0.9470576818657873,140.0,0.0,azimuth_elevation
N0626,-267.7888424517125,84.9923581661315,0.0,12.305,9.752,-3.8125790672566433,1.2100582035243042,140.0,0.0,azimuth_elevation
N0627,-261.07006411682727,102.9526752048712,0.0,12.305,9.752,-3.721113773351333,1.4674168752522243,140.0,0.0,azimuth_elevation
N0628,-253.3729375204853,120.49886646350986,0.0,12.305,9.752,-3.6122989292981313,1.7179337721203267,140.0,0.0,azimuth_elevation
N0629,-244.69588856692627,137.58563019795773,0.0,12.305,9.752,-3.486641880131005,1.960440868712069,140.0,0.0,azimuth_elevation
N0630,-235.0366284395398,154.16052907695277,0.0,12.305,9.752,-3.3447284970188433,2.1938074849972753,140.0,0.0,azimuth_elevation
N0631,-224.3942712049894,170.16354729600639,0.0,12.305,9.752,-3.1872204456636197,2.416945558084376,140.0,0.0,azimuth_elevation
N0632,-212.77151328943293,185.5271390868533,0.0,12.305,9.752,-3.0148521013094456,2.6288147152718886,140.0,0.0,azimuth_elevation
N0633,-200.17676892838156,200.17676892838148,0.0,12.305,9.752,-2.8284271247461907,2.8284271247461894,140.0,0.0,azimuth_elevation
N0634,-186.62615832924746,214.03192181235437,0.0,12.305,9.752,-2.6288147152718926,3.014852101309442,140.0,0.0,azimuth_elevation
N0635,-172.14525237194752,227.0075410464166,0.0,12.305,9.752,-2.4169455580843806,3.1872204456636166,140.0,0.0,azimuth_elevation
N0636,-156.77048888207463,239.0158321736707,0.0,12.305,9.752,-2.1938074849972735,3.3447284970188442,140.0,0.0,azimuth_elevation
N0637,-140.5501903435061,249.96835545159513,0.0,12.305,9.752,-1.9604408687120698,3.486641880131004,140.0,0.0,azimuth_elevation
N0638,-123.54513072114696,259.7783166420795,0.0,12.305,9.752,-1.7179337721203283,3.6122989292981305,140.0,0.0,azimuth_elevation
N0639,-105.82861906383395,268.36295714910244,0.0,12.305,9.752,-1.4674168752522292,3.7211137733513313,140.0,0.0,azimuth_elevation
N0640,-87.48608888508768,275.6459401605467,0.0,12.305,9.752,-1.2100582035243055,3.8125790672566424,140.0,0.0,azimuth_elevation
N0641,-68.61420405407416,281.5596295796506,0.0,12.305,9.752,-0.9470576818657853,3.8862683575917663,140.0,0.0,azimuth_elevation
N0642,-49.319513134241,286.04716315083397,0.0,12.305,9.752,-0.6796415401146676,3.941838070868788,140.0,0.0,azimuth_elevation
N0643,-29.71670387074616,289.06423008371263,0.0,12.305,9.752,-0.40905659576813724,3.9790291154323794,140.0,0.0,azimuth_elevation
N0644,-9.926527001287635,290.5804762652839,0.0,12.305,9.752,-0.13656444074387472,3.997668089464696,140.0,0.0,azimuth_elevation
N0645,0.0,307.60107406322544,0.0,12.305,9.752,0.0,4.0,140.0,0.0,azimuth_elevation
N0646,20.98588266524275,306.8027447553437,0.0,12.305,9.752,0.2729696534586839,3.9906750767621566,140.0,0.0,azimuth_elevation
N0647,41.840972670720404,304.41568378519713,0.0,12.305,9.752,0.5446665963849864,3.962743784145323,140.0,0.0,azimuth_elevation
N0648,62.437016965026835,300.46342143249655,0.0,12.305,9.752,0.8138240522105351,3.9163363507292916,140.0,0.0,azimuth_elevation
N0649,82.65073887122647,294.98435036812583,0.0,12.305,9.752,1.079187084628097,3.851669149391198,140.0,0.0,azimuth_elevation
N0650,102.36607364612219,288.0305263200942,0.0,12.305,9.752,1.3395184486839447,3.769043688475282,140.0,0.0,azimuth_elevation
N0651,121.47611323169365,279.6660620634009,0.0,12.305,9.752,1.5936043593849658,3.668845206021812,140.0,0.0,azimuth_elevation
N0652,139.88468327201056,269.9651839892597,0.0,12.305,9.752,1.8402601509246086,3.551540873609501,140.0,0.0,azimuth_elevation
N0653,157.50749151090056,259.0100350466505,0.0,12.305,9.752,2.0783358001417342,3.4176776181859543,140.0,0.0,azimuth_elevation
N0654,174.2728054075703,246.8883187591981,0.0,12.305,9.752,2.306721288459468,3.2678795720417684,140.0,0.0,azimuth_elevation
N0655,190.1216374058508,233.69088582483622,0.0,12.305,9.752,2.5243517773042115,3.1028451628176787,140.0,0.0,azimuth_elevation
N0656,205.00743788273658,219.50936720134746,0.0,12.305,9.752,2.730212572874616,2.9233438571124966,140.0,0.0,azimuth_elevation
N0657,218.895317454243,204.43395545239028,0.0,12.305,9.752,2.923343857112496,2.730212572874617,140.0,0.0,azimuth_elevation
N0658,231.7608410973661,188.5514295538929,0.0,12.305,9.752,3.102845162817679,2.524351777304211,140.0,0.0,azimuth_elevation
N0659,243.58845555704886,171.94350760769896,0.0,12.305,9.752,3.267879572041768,2.3067212884594683,140.0,0.0,azimuth_elevation
N0660,254.36962792053302,154.6855974252431,0.0,12.305,9.752,3.4176776181859543,2.0783358001417342,140.0,0.0,azimuth_elevation
N0661,264.1007863405857,136.8459973364993,0.0,12.305,9.752,3.551540873609501,1.8402601509246088,140.0,0.0,azimuth_elevation
N0662,272.781163095011,118.48557959131467,0.0,12.305,9.752,3.668845206021812,1.5936043593849654,140.0,0.0,azimuth_elevation
N0663,280.41064506750996,99.65796719837059,0.0,12.305,9.752,3.7690436884752816,1.339518448683945,140.0,0.0,azimuth_elevation
N0664,286.9877370910172,80.41019290668406,0.0,12.305,9.752,3.851669149391197,1.0791870846280978,140.0,0.0,azimuth_elevation
N0665,292.50773936784515,60.7838072209895,0.0,12.305,9.752,3.916336350729291,0.813824052210535,140.0,0.0,azimuth_elevation
N0666,296.96123152445506,40.816381790780774,0.0,12.305,9.752,3.962743784145323,0.5446665963849864,140.0,0.0,azimuth_elevation
N0667,300.3329431140018,20.5433361090806,0.0,12.305,9.752,3.990675076762156,0.2729696534586849,140.0,0.0,azimuth_elevation
N0668,302.60107406322544,1.852897183850401e-14,0.0,12.305,9.752,4.0,2.4492935982947064e-16,140.0,0.0,azimuth_elevation
N0669,303.73710934140803,-20.776187458172227,0.0,12.305,9.752,3.9906750767621566,-0.2729696534586835,140.0,0.0,azimuth_elevation
N0670,303.7061508033807,-41.743449607085815,0.0,12.305,9.752,3.9627437841453235,-0.5446665963849867,140.0,0.0,azimuth_elevation
N0671,302.4677666140013,-62.85352468335322,0.0,12.305,9.752,3.916336350729292,-0.8138240522105354,140.0,0.0,azimuth_elevation
N0672,299.977335841903,-84.04970779302172,0.0,12.305,9.752,3.8516691493911974,-1.0791870846280964,140.0,0.0,azimuth_elevation
N0673,296.1878436756614,-105.26518493076009,0.0,12.305,9.752,3.769043688475282,-1.3395184486839447,140.0,0.0,azimuth_elevation
N0674,291.052062201964,-126.42175101084834,0.0,12.305,9.752,3.6688452060218117,-1.5936043593849658,140.0,0.0,azimuth_elevation
N0675,284.5250336658467,-147.42898928362757,0.0,12.305,9.752,3.5515408736095004,-1.8402601509246086,140.0,0.0,azimuth_elevation
N0676,276.5667583805923,-168.18397148196416,0.0,12.305,9.752,3.4176776181859543,-2.0783358001417334,140.0,0.0,azimuth_elevation
N0677,267.1449786100194,-188.5715173034243,0.0,12.305,9.752,3.2678795720417684,-2.3067212884594683,140.0,0.0,azimuth_elevation
N0678,256.23794328942415,-208.46502922757705,0.0,12.305,9.752,3.102845162817679,-2.5243517773042115,140.0,0.0,azimuth_elevation
N0679,243.83703668400645,-227.72789511827352,0.0,12.305,9.752,2.9233438571124957,-2.730212572874617,140.0,0.0,azimuth_elevation
N0680,229.94915711250005,-246.2154275354642,0.0,12.305,9.752,2.7302125728746165,-2.9233438571124966,140.0,0.0,azimuth_elevation
N0681,214.5987395979089,-263.777286151152,0.0,12.305,9.752,2.524351777304212,-3.1028451628176787,140.0,0.0,azimuth_elevation
N0682,197.8293284605409,-280.2603090634727,0.0,12.305,9.752,2.3067212884594688,-3.2678795720417675,140.0,0.0,azimuth_elevation
N0700,-197.829328460541,-280.2603090634726,0.0,12.305,9.752,-2.30672128845947,-3.267879572041767,140.0,0.0,azimuth_elevation
N0701,-214.59873959790878,-263.77728615115205,0.0,12.305,9.752,-2.5243517773042106,-3.102845162817679,140.0,0.0,azimuth_elevation
N0702,-229.9491571125,-246.2154275354643,0.0,12.305,9.752,-2.730212572874615,-2.9233438571124974,140.0,0.0,azimuth_elevation
N0703,-243.83703668400645,-227.72789511827352,0.0,12.305,9.752,-2.9233438571124957,-2.730212572874617,140.0,0.0,azimuth_elevation
N0704,-256.23794328942404,-208.46502922757716,0.0,12.305,9.752,-3.102845162817678,-2.524351777304213,140.0,0.0,azimuth_elevation
N0705,-267.1449786100194,-188.5715173034243,0.0,12.305,9.752,-3.2678795720417684,-2.3067212884594683,140.0,0.0,azimuth_elevation
N0706,-276.5667583805923,-168.1839714819643,0.0,12.305,9.752,-3.417677618185954,-2.0783358001417347,140.0,0.0,azimuth_elevation
N0707,-284.52503366584676,-147.42898928362771,0.0,12.305,9.752,-3.551540873609501,-1.84026015092461,140.0,0.0,azimuth_elevation
N0708,-291.0520622019641,-126.4217510108482,0.0,12.305,9.752,-3.6688452060218126,-1.593604359384964,140.0,0.0,azimuth_elevation
N0709,-296.1878436756614,-105.26518493076016,0.0,12.305,9.752,-3.769043688475282,-1.3395184486839455,140.0,0.0,azimuth_elevation
N0710,-299.9773358419031,-84.04970779302182,0.0,12.305,9.752,-3.851669149391197,-1.0791870846280973,140.0,0.0,azimuth_elevation
N0711,-302.4677666140013,-62.85352468335315,0.0,12.305,9.752,-3.916336350729292,-0.8138240522105346,140.0,0.0,azimuth_elevation
N0712,-303.70615080338064,-41.74344960708595,0.0,12.305,9.752,-3.9627437841453226,-0.5446665963849885,140.0,0.0,azimuth_elevation
N0713,-303.73710934140803,-20.776187458172092,0.0,12.305,9.752,-3.9906750767621566,-0.27296965345868174,140.0,0.0,azimuth_elevation
N0714,-302.60107406322544,-4.866196410175503e-14,0.0,12.305,9.752,-4.0,-6.432490598706546e-16,140.0,0.0,azimuth_elevation
N0715,-300.3329431140018,20.543336109080535,0.0,12.305,9.752,-3.990675076762156,0.272969653458684,140.0,0.0,azimuth_elevation
N0716,-296.96123152445506,40.81638179078084,0.0,12.305,9.752,-3.962743784145323,0.5446665963849873,140.0,0.0,azimuth_elevation
N0717,-292.50773936784526,60.78380722098939,0.0,12.305,9.752,-3.916336350729292,0.8138240522105333,140.0,0.0,azimuth_elevation
N0718,-286.9877370910172,80.41019290668393,0.0,12.305,9.752,-3.851669149391197,1.079187084628096,140.0,0.0,azimuth_elevation
N0719,-280.41064506751,99.65796719837053,0.0,12.305,9.752,-3.7690436884752816,1.3395184486839442,140.0,0.0,azimuth_elevation
N0720,-272.7811630950109,118.48557959131475,0.0,12.305,9.752,-3.6688452060218113,1.5936043593849663,140.0,0.0,azimuth_elevation
N0721,-264.1007863405858,136.8459973364991,0.0,12.305,9.752,-3.5515408736095027,1.8402601509246066,140.0,0.0,azimuth_elevation
N0722,-254.36962792053302,154.68559742524297,0.0,12.305,9.752,-3.417677618185955,2.078335800141733,140.0,0.0,azimuth_elevation
N0723,-243.58845555704895,171.9435076076989,0.0,12.305,9.752,-3.267879572041769,2.306721288459468,140.0,0.0,azimuth_elevation
N0724,-231.7608410973661,188.5514295538929,0.0,12.305,9.752,-3.102845162817679,2.524351777304211,140.0,0.0,azimuth_elevation
N0725,-218.895317454243,204.43395545239028,0.0,12.305,9.752,-2.923343857112496,2.730212572874617,140.0,0.0,azimuth_elevation
N0726,-205.00743788273667,219.5093672013473,0.0,12.305,9.752,-2.730212572874618,2.923343857112495,140.0,0.0,azimuth_elevation
N0727,-190.12163740585086,233.69088582483616,0.0,12.305,9.752,-2.5243517773042123,3.1028451628176783,140.0,0.0,azimuth_elevation
N0728,-174.2728054075701,246.8883187591982,0.0,12.305,9.752,-2.3067212884594657,3.26787957204177,140.0,0.0,azimuth_elevation
N0729,-157.50749151090056,259.0100350466505,0.0,12.305,9.752,-2.0783358001417342,3.4176776181859543,140.0,0.0,azimuth_elevation
N0730,-139.8846832720105,269.9651839892597,0.0,12.305,9.752,-1.840260150924608,3.551540873609501,140.0,0.0,azimuth_elevation
N0731,-121.47611323169377,279.66606206340083,0.0,12.305,9.752,-1.5936043593849676,3.6688452060218113,140.0,0.0,azimuth_elevation
N0732,-102.36607364612227,288.0305263200942,0.0,12.305,9.752,-1.3395184486839458,3.769043688475282,140.0,0.0,azimuth_elevation
N0733,-82.65073887122675,294.9843503681257,0.0,12.305,9.752,-1.0791870846281009,3.851669149391196,140.0,0.0,azimuth_elevation
N0734,-62.43701696502682,300.46342143249655,0.0,12.305,9.752,-0.8138240522105349,3.9163363507292916,140.0,0.0,azimuth_elevation
N0735,-41.840972670720326,304.41568378519713,0.0,12.305,9.752,-0.5446665963849854,3.962743784145323,140.0,0.0,azimuth_elevation
N0736,-20.985882665242883,306.8027447553437,0.0,12.305,9.752,-0.2729696534586856,3.9906750767621566,140.0,0.0,azimuth_elevation
N0737,11.075764775485473,324.22225850445153,0.0,12.305,9.752,0.13656444074387158,3.997668089464696,140.0,0.0,azimuth_elevation
N0738,33.15905891632711,322.54915880439796,0.0,12.305,9.752,0.4090565957681369,3.979029115432379,140.0,0.0,azimuth_elevation
N0739,55.03893560292611,319.21911615806454,0.0,12.305,9.752,0.6796415401146667,3.9418380708687875,140.0,0.0,azimuth_elevation
N0740,76.58402735812102,314.26394391570557,0.0,12.305,9.752,0.947057681865787,3.8862683575917654,140.0,0.0,azimuth_elevation
N0741,97.66915402923108,307.7301332150611,0.0,12.305,9.752,1.210058203524303,3.8125790672566433,140.0,0.0,azimuth_elevation
N0742,118.17744789767659,299.6774376033855,0.0,12.305,9.752,1.4674168752522259,3.7211137733513326,140.0,0.0,azimuth_elevation
N0743,138.00214730421268,290.1770819328966,0.0,12.305,9.752,1.7179337721203274,3.612298929298131,140.0,0.0,azimuth_elevation
N0744,157.04798939085202,279.30967250251524,0.0,12.305,9.752,1.9604408687120691,3.4866418801310055,140.0,0.0,azimuth_elevation
N0745,175.23215003884607,267.1628982200952,0.0,12.305,9.752,2.1938074849972753,3.344728497018844,140.0,0.0,azimuth_elevation
N0746,192.4846988515789,253.82912147321903,0.0,12.305,9.752,2.416945558084378,3.1872204456636184,140.0,0.0,azimuth_elevation
N0747,208.74855824317774,239.40296203023578,0.0,12.305,9.752,2.62881471527189,3.0148521013094443,140.0,0.0,azimuth_elevation
N0748,223.97897743609371,223.97897743609374,0.0,12.305,9.752,2.82842712474619,2.8284271247461903,140.0,0.0,azimuth_elevation
N0749,238.14255350731412,207.64953900078385,0.0,12.305,9.752,3.0148521013094447,2.6288147152718895,140.0,0.0,azimuth_elevation
N0750,251.21585163179157,190.50299377563815,0.0,12.305,9.752,3.187220445663618,2.4169455580843784,140.0,0.0,azimuth_elevation
N0751,263.1836944859643,172.62219023372398,0.0,12.305,9.752,3.344728497018843,2.193807484997275,140.0,0.0,azimuth_elevation
N0752,274.0372056178462,154.08342924530373,0.0,12.305,9.752,3.486641880131004,1.9604408687120694,140.0,0.0,azimuth_elevation
N0753,283.7717028113023,134.95588304657568,0.0,12.305,9.752,3.612298929298131,1.7179337721203274,140.0,0.0,azimuth_elevation
N0754,292.38454457111015,115.30150403871419,0.0,12.305,9.752,3.7211137733513326,1.467416875252226,140.0,0.0,azimuth_elevation
N0755,299.8730355062269,95.17542331027504,0.0,12.305,9.752,3.812579067256643,1.2100582035243033,140.0,0.0,azimuth_elevation
N0756,306.23249445321625,74.62681668451722,0.0,12.305,9.752,3.8862683575917654,0.9470576818657872,140.0,0.0,azimuth_elevation
N0757,311.4545827161632,53.700194799308456,0.0,12.305,9.752,3.9418380708687875,0.679641540114667,140.0,0.0,azimuth_elevation
N0758,315.5259790521853,32.437054146428494,0.0,12.305,9.752,3.9790291154323794,0.40905659576813747,140.0,0.0,azimuth_elevation
N0759,318.4274734339109,10.877808976084586,0.0,12.305,9.752,3.9976680894646957,0.1365644407438713,140.0,0.0,azimuth_elevation
N0760,320.1335337680277,-10.936089746321137,0.0,12.305,9.752,3.9976680894646965,-0.13656444074387172,140.0,0.0,azimuth_elevation
N0761,320.6123793785011,-32.959951954370304,0.0,12.305,9.752,3.97902911543238,-0.4090565957681361,140.0,0.0,azimuth_elevation
N0762,319.8265730204379,-55.1436717463379,0.0,12.305,9.752,3.9418380708687875,-0.6796415401146665,140.0,0.0,azimuth_elevation
N0763,317.7341203964951,-77.42968622445783,0.0,12.305,9.752,3.8862683575917654,-0.9470576818657869,140.0,0.0,azimuth_elevation
N0764,314.29004355909865,-99.75117598501403,0.0,12.305,9.752,3.8125790672566433,-1.2100582035243037,140.0,0.0,azimuth_elevation
N0765,309.4483731515765,-122.03060493176106,0.0,12.305,9.752,3.721113773351332,-1.4674168752522256,140.0,0.0,azimuth_elevation
N0766,303.1644850789127,-144.17868443842428,0.0,12.305,9.752,3.612298929298131,-1.7179337721203272,140.0,0.0,azimuth_elevation
N0767,295.3976907315084,-166.09383049441786,0.0,12.305,9.752,3.4866418801310046,-1.960440868712069,140.0,0.0,azimuth_elevation
N0768,286.1139770236007,-187.66216298756808,0.0,12.305,9.752,3.344728497018843,-2.1938074849972757,140.0,0.0,azimuth_elevation
N0769,275.28878381548657,-208.7580744967125,0.0,12.305,9.752,3.1872204456636184,-2.416945558084378,140.0,0.0,azimuth_elevation
N0770,262.90970215822244,-229.24537277337765,0.0,12.305,9.752,3.014852101309445,-2.628814715271889,140.0,0.0,azimuth_elevation
N0771,248.97897743609374,-248.97897743609371,0.0,12.305,9.752,2.8284271247461903,-2.82842712474619,140.0,0.0,azimuth_elevation
N0772,233.51570689408595,-267.807128257642,0.0,12.305,9.752,2.6288147152718895,-3.0148521013094447,140.0,0.0,azimuth_elevation
N0793,-233.5157068940859,-267.80712825764215,0.0,12.305,9.752,-2.628814715271888,-3.0148521013094465,140.0,0.0,azimuth_elevation
N0794,-248.97897743609374,-248.97897743609371,0.0,12.305,9.752,-2.8284271247461903,-2.82842712474619,140.0,0.0,azimuth_elevation
N0795,-262.90970215822244,-229.24537277337765,0.0,12.305,9.752,-3.014852101309445,-2.628814715271889,140.0,0.0,azimuth_elevation
N0796,-275.2887838154864,-208.7580744967128,0.0,12.305,9.752,-3.1872204456636157,-2.416945558084381,140.0,0.0,azimuth_elevation
N0797,-286.11397702360074,-187.6621629875679,0.0,12.305,9.752,-3.3447284970188442,-2.193807484997274,140.0,0.0,azimuth_elevation
N0798,-295.39769073150836,-166.093830494418,0.0,12.305,9.752,-3.4866418801310037,-1.9604408687120707,140.0,0.0,azimuth_elevation
N0799,-303.16448507891283,-144.17868443842448,0.0,12.305,9.752,-3.6122989292981305,-1.7179337721203285,140.0,0.0,azimuth_elevation
N0800,-309.4483731515765,-122.03060493176106,0.0,12.305,9.752,-3.721113773351332,-1.4674168752522256,140.0,0.0,azimuth_elevation
N0801,-314.2900435590986,-99.75117598501416,0.0,12.305,9.752,-3.812579067256643,-1.2100582035243053,140.0,0.0,azimuth_elevation
N0802,-317.7341203964951,-77.42968622445765,0.0,12.305,9.752,-3.8862683575917663,-0.9470576818657849,140.0,0.0,azimuth_elevation
N0803,-319.82657302043793,-55.14367174633798,0.0,12.305,9.752,-3.9418380708687875,-0.6796415401146674,140.0,0.0,azimuth_elevation
N0804,-320.6123793785011,-32.959951954370375,0.0,12.305,9.752,-3.97902911543238,-0.40905659576813697,140.0,0.0,azimuth_elevation
N0805,-320.1335337680277,-10.936089746321066,0.0,12.305,9.752,-3.9976680894646965,-0.13656444074387084,140.0,0.0,azimuth_elevation
N0806,-318.4274734339109,10.877808976084443,0.0,12.305,9.752,-3.9976680894646957,0.13656444074386953,140.0,0.0,azimuth_elevation
N0807,-315.5259790521853,32.43705414642835,0.0,12.305,9.752,-3.9790291154323794,0.4090565957681357,140.0,0.0,azimuth_elevation
N0808,-311.45458271616326,53.70019479930839,0.0,12.305,9.752,-3.9418380708687875,0.6796415401146662,140.0,0.0,azimuth_elevation
N0809,-306.23249445321625,74.62681668451722,0.0,12.305,9.752,-3.8862683575917654,0.9470576818657872,140.0,0.0,azimuth_elevation
N0810,-299.8730355062269,95.17542331027511,0.0,12.305,9.752,-3.812579067256643,1.2100582035243042,140.0,0.0,azimuth_elevation
N0811,-292.38454457111015,115.30150403871404,0.0,12.305,9.752,-3.7211137733513326,1.4674168752522243,140.0,0.0,azimuth_elevation
N0812,-283.77170281130236,134.95588304657562,0.0,12.305,9.752,-3.6122989292981313,1.7179337721203267,140.0,0.0,azimuth_elevation
N0813,-274.03720561784627,154.08342924530368,0.0,12.305,9.752,-3.486641880131005,1.9604408687120685,140.0,0.0,azimuth_elevation
N0814,-263.1836944859643,172.62219023372398,0.0,12.305,9.752,-3.344728497018843,2.193807484997275,140.0,0.0,azimuth_elevation
N0815,-251.21585163179174,190.50299377563795,0.0,12.305,9.752,-3.18722044566362,2.4169455580843757,140.0,0.0,azimuth_elevation
N0816,-238.14255350731423,207.64953900078373,0.0,12.305,9.752,-3.014852101309446,2.628814715271888,140.0,0.0,azimuth_elevation
N0817,-223.97897743609383,223.97897743609371,0.0,12.305,9.752,-2.8284271247461907,2.8284271247461894,140.0,0.0,azimuth_elevation
N0818,-208.74855824317797,239.40296203023559,0.0,12.305,9.752,-2.6288147152718926,3.014852101309442,140.0,0.0,azimuth_elevation
N0819,-192.4846988515791,253.82912147321886,0.0,12.305,9.752,-2.4169455580843806,3.1872204456636166,140.0,0.0,azimuth_elevation
N0820,-175.23215003884593,267.16289822009526,0.0,12.305,9.752,-2.1938074849972735,3.3447284970188442,140.0,0.0,azimuth_elevation
N0821,-157.0479893908521,279.3096725025151,0.0,12.305,9.752,-1.9604408687120702,3.486641880131004,140.0,0.0,azimuth_elevation
N0822,-138.0021473042127,290.17708193289656,0.0,12.305,9.752,-1.717933772120328,3.612298929298131,140.0,0.0,azimuth_elevation
N0823,-118.17744789767686,299.6774376033854,0.0,12.305,9.752,-1.4674168752522292,3.7211137733513313,140.0,0.0,azimuth_elevation
N0824,-97.66915402923128,307.730133215061,0.0,12.305,9.752,-1.2100582035243055,3.8125790672566424,140.0,0.0,azimuth_elevation
N0825,-76.58402735812088,314.2639439157056,0.0,12.305,9.752,-0.9470576818657852,3.8862683575917663,140.0,0.0,azimuth_elevation
N0826,-55.03893560292618,319.21911615806454,0.0,12.305,9.752,-0.6796415401146676,3.9418380708687875,140.0,0.0,azimuth_elevation
N0827,-33.15905891632715,322.54915880439796,0.0,12.305,9.752,-0.40905659576813735,3.979029115432379,140.0,0.0,azimuth_elevation
N0828,-11.075764775485727,324.22225850445153,0.0,12.305,9.752,-0.13656444074387472,3.997668089464696,140.0,0.0,azimuth_elevation
N0829,0.0,341.2624801492644,0.0,12.305,9.752,0.0,4.0,140.0,0.0,azimuth_elevation
N0830,23.283018253802272,340.3856783344251,0.0,12.305,9.752,0.2729696534586839,3.990675076762156,140.0,0.0,azimuth_elevation
N0831,46.42453354132434,337.7635657184577,0.0,12.305,9.752,0.5446665963849865,3.9627437841453226,140.0,0.0,azimuth_elevation
N0832,69.28563244103799,333.4207685003502,0.0,12.305,9.752,0.8138240522105351,3.9163363507292916,140.0,0.0,azimuth_elevation
N0833,91.73247754584517,327.39750020480716,0.0,12.305,9.752,1.0791870846280969,3.8516691493911974,140.0,0.0,azimuth_elevation
N0834,113.63859226134498,319.74835385854135,0.0,12.305,9.752,1.3395184486839447,3.769043688475282,140.0,0.0,azimuth_elevation
N0835,134.88685410212847,310.5406841500802,0.0,12.305,9.752,1.5936043593849658,3.6688452060218117,140.0,0.0,azimuth_elevation
N0836,155.3711193330677,299.8526488836934,0.0,12.305,9.752,1.8402601509246086,3.551540873609501,140.0,0.0,azimuth_elevation
N0837,174.99741784883145,287.77099359088146,0.0,12.305,9.752,2.0783358001417342,3.4176776181859543,140.0,0.0,azimuth_elevation
N0838,193.68467591210663,274.38867408789037,0.0,12.305,9.752,2.3067212884594683,3.2678795720417684,140.0,0.0,azimuth_elevation
N0839,211.36494497581361,259.8024185867631,0.0,12.305,9.752,2.5243517773042115,3.102845162817679,140.0,0.0,azimuth_elevation
N0840,227.98313641192198,244.1103333771952,0.0,12.305,9.752,2.7302125728746165,2.9233438571124966,140.0,0.0,azimuth_elevation
N0841,243.49628363009077,227.40965398157567,0.0,12.305,9.752,2.923343857112496,2.7302125728746165,140.0,0.0,azimuth_elevation
N0842,257.87237385929296,209.79473712385567,0.0,12.305,9.752,3.102845162817679,2.524351777304211,140.0,0.0,azimuth_elevation
N0843,271.08881088574117,191.35537811223523,0.0,12.305,9.752,3.2678795720417684,2.3067212884594683,140.0,0.0,azimuth_elevation
N0844,283.13058646476395,172.175523763174,0.0,12.305,9.752,3.4176776181859543,2.0783358001417342,140.0,0.0,azimuth_elevation
N0845,293.98825123501945,152.33243339755643,0.0,12.305,9.752,3.551540873609501,1.8402601509246088,140.0,0.0,azimuth_elevation
N0846,303.6557851816903,131.8963204617495,0.0,12.305,9.752,3.6688452060218117,1.5936043593849654,140.0,0.0,azimuth_elevation
N0847,312.12847260595714,110.93048581359339,0.0,12.305,9.752,3.7690436884752816,1.339518448683945,140.0,0.0,azimuth_elevation
N0848,319.40088692769854,89.49193158130278,0.0,12.305,9.752,3.8516691493911974,1.0791870846280978,140.0,0.0,azimuth_elevation
N0849,325.4650864356989,67.63242269700066,0.0,12.305,9.752,3.916336350729292,0.8138240522105351,140.0,0.0,azimuth_elevation
N0850,330.3091134577156,45.3999426613847,0.0,12.305,9.752,3.9627437841453226,0.5446665963849864,140.0,0.0,azimuth_elevation
N0851,333.91587669308325,22.84047169764013,0.0,12.305,9.752,3.990675076762157,0.2729696534586849,140.0,0.0,azimuth_elevation
N0852,336.2624801492644,2.0590138499407352e-14,0.0,12.305,9.752,4.0,2.4492935982947064e-16,140.0,0.0,azimuth_elevation
N0853,337.3200429204894,-23.073323046731744,0.0,12.305,9.752,3.9906750767621566,-0.2729696534586835,140.0,0.0,azimuth_elevation
N0854,337.05403273664126,-46.32701047768974,0.0,12.305,9.752,3.962743784145323,-0.5446665963849867,140.0,0.0,azimuth_elevation
N0855,335.42511368185495,-69.70214015936438,0.0,12.305,9.752,3.9163363507292916,-0.8138240522105354,140.0,0.0,azimuth_elevation
N0856,332.39048567858435,-93.13144646764043,0.0,12.305,9.752,3.8516691493911974,-1.0791870846280964,140.0,0.0,azimuth_elevation
N0857,327.9056712141085,-116.53770354598288,0.0,12.305,9.752,3.769043688475282,-1.3395184486839447,140.0,0.0,azimuth_elevation
N0858,321.9266842886434,-139.83249188128315,0.0,12.305,9.752,3.668845206021812,-1.5936043593849656,140.0,0.0,azimuth_elevation
N0859,314.4124985602804,-162.9154253446847,0.0,12.305,9.752,3.5515408736095004,-1.8402601509246084,140.0,0.0,azimuth_elevation
N0860,305.3277169248233,-185.67389781989505,0.0,12.305,9.752,3.4176776181859547,-2.0783358001417334,140.0,0.0,azimuth_elevation
N0861,294.64533393871164,-207.98338780796055,0.0,12.305,9.752,3.267879572041768,-2.3067212884594683,140.0,0.0,azimuth_elevation
N0862,282.349476051351,-229.70833679753986,0.0,12.305,9.752,3.102845162817679,-2.5243517773042115,140.0,0.0,azimuth_elevation
N0863,268.43800285985424,-250.70359364745892,0.0,12.305,9.752,2.923343857112496,-2.730212572874617,140.0,0.0,azimuth_elevation
N0864,252.92485564168547,-270.81639371131195,0.0,12.305,9.752,2.7302125728746165,-2.923343857112496,140.0,0.0,azimuth_elevation
N0886,-252.92485564168538,-270.8163937113121,0.0,12.305,9.752,-2.730212572874615,-2.923343857112498,140.0,0.0,azimuth_elevation
N0887,-268.4380028598543,-250.7035936474588,0.0,12.305,9.752,-2.923343857112497,-2.730212572874616,140.0,0.0,azimuth_elevation
N0888,-282.349476051351,-229.70833679753986,0.0,12.305,9.752,-3.102845162817679,-2.5243517773042115,140.0,0.0,azimuth_elevation
N0889,-294.64533393871164,-207.98338780796055,0.0,12.305,9.752,-3.267879572041768,-2.3067212884594683,140.0,0.0,azimuth_elevation
N0890,-305.3277169248233,-185.67389781989522,0.0,12.305,9.752,-3.4176776181859543,-2.0783358001417347,140.0,0.0,azimuth_elevation
N0891,-314.41249856028037,-162.915425344685,0.0,12.305,9.752,-3.5515408736094995,-1.8402601509246115,140.0,0.0,azimuth_elevation
N0892,-321.92668428864346,-139.832491881283,0.0,12.305,9.752,-3.668845206021813,-1.593604359384964,140.0,0.0,azimuth_elevation
N0893,-327.9056712141085,-116.53770354598295,0.0,12.305,9.752,-3.769043688475282,-1.3395184486839455,140.0,0.0,azimuth_elevation
N0894,-332.3904856785844,-93.13144646764054,0.0,12.305,9.752,-3.851669149391197,-1.0791870846280973,140.0,0.0,azimuth_elevation
N0895,-335.42511368185495,-69.7021401593643,0.0,12.305,9.752,-3.9163363507292916,-0.8138240522105346,140.0,0.0,azimuth_elevation
N0896,-337.05403273664115,-46.32701047768989,0.0,12.305,9.752,-3.9627437841453226,-0.5446665963849885,140.0,0.0,azimuth_elevation
N0897,-337.32004292048947,-23.073323046731595,0.0,12.305,9.752,-3.9906750767621575,-0.27296965345868174,140.0,0.0,azimuth_elevation
N0898,-336.2624801492644,-5.4075131056447246e-14,0.0,12.305,9.752,-4.0,-6.432490598706546e-16,140.0,0.0,azimuth_elevation
N0899,-333.91587669308325,22.840471697640055,0.0,12.305,9.752,-3.990675076762157,0.272969653458684,140.0,0.0,azimuth_elevation
N0900,-330.3091134577156,45.39994266138477,0.0,12.305,9.752,-3.9627437841453226,0.5446665963849873,140.0,0.0,azimuth_elevation
N0901,-325.4650864356989,67.63242269700052,0.0,12.305,9.752,-3.916336350729292,0.8138240522105333,140.0,0.0,azimuth_elevation
N0902,-319.40088692769854,89.49193158130262,0.0,12.305,9.752,-3.8516691493911974,1.079187084628096,140.0,0.0,azimuth_elevation
N0903,-312.12847260595714,110.93048581359332,0.0,12.305,9.752,-3.7690436884752816,1.3395184486839442,140.0,0.0,azimuth_elevation
N0904,-303.65578518169025,131.89632046174955,0.0,12.305,9.752,-3.6688452060218117,1.5936043593849665,140.0,0.0,azimuth_elevation
N0905,-293.9882512350195,152.3324333975562,0.0,12.305,9.752,-3.551540873609502,1.8402601509246064,140.0,0.0,azimuth_elevation
N0906,-283.130586464764,172.17552376317389,0.0,12.305,9.752,-3.417677618185955,2.078335800141733,140.0,0.0,azimuth_elevation
N0907,-271.0888108857412,191.35537811223514,0.0,12.305,9.752,-3.267879572041769,2.3067212884594674,140.0,0.0,azimuth_elevation
N0908,-257.87237385929296,209.79473712385567,0.0,12.305,9.752,-3.102845162817679,2.524351777304211,140.0,0.0,azimuth_elevation
N0909,-243.49628363009083,227.40965398157573,0.0,12.305,9.752,-2.923343857112496,2.730212572874617,140.0,0.0,azimuth_elevation
N0910,-227.98313641192206,244.11033337719502,0.0,12.305,9.752,-2.730212572874618,2.923343857112495,140.0,0.0,azimuth_elevation
N0911,-211.36494497581373,259.8024185867631,0.0,12.305,9.752,-2.5243517773042123,3.1028451628176787,140.0,0.0,azimuth_elevation
N0912,-193.68467591210646,274.3886740878905,0.0,12.305,9.752,-2.306721288459466,3.2678795720417697,140.0,0.0,azimuth_elevation
N0913,-174.99741784883145,287.77099359088146,0.0,12.305,9.752,-2.0783358001417342,3.4176776181859543,140.0,0.0,azimuth_elevation
N0914,-155.37111933306764,299.85264888369346,0.0,12.305,9.752,-1.840260150924608,3.5515408736095018,140.0,0.0,azimuth_elevation
N0915,-134.88685410212858,310.54068415008015,0.0,12.305,9.752,-1.5936043593849671,3.6688452060218113,140.0,0.0,azimuth_elevation
N0916,-113.6385922613451,319.74835385854135,0.0,12.305,9.752,-1.339518448683946,3.769043688475282,140.0,0.0,azimuth_elevation
N0917,-91.7324775458455,327.397500204807,0.0,12.305,9.752,-1.0791870846281009,3.8516691493911956,140.0,0.0,azimuth_elevation
N0918,-69.28563244103798,333.4207685003502,0.0,12.305,9.752,-0.8138240522105349,3.9163363507292916,140.0,0.0,azimuth_elevation
N0919,-46.42453354132424,337.7635657184577,0.0,12.305,9.752,-0.5446665963849854,3.9627437841453226,140.0,0.0,azimuth_elevation
N0920,-23.283018253802425,340.3856783344251,0.0,12.305,9.752,-0.2729696534586857,3.990675076762156,140.0,0.0,azimuth_elevation
N0921,12.225002549683541,357.86404074361917,0.0,12.305,9.752,0.1365644407438716,3.9976680894646957,140.0,0.0,azimuth_elevation
N0922,36.601413961908094,356.0340875250834,0.0,12.305,9.752,0.40905659576813685,3.9790291154323794,140.0,0.0,azimuth_elevation
N0923,60.7583580716113,352.39106916529516,0.0,12.305,9.752,0.6796415401146668,3.9418380708687875,140.0,0.0,azimuth_elevation
N0924,84.55385066216776,346.9682582517606,0.0,12.305,9.752,0.9470576818657871,3.8862683575917654,140.0,0.0,azimuth_elevation
N0925,107.85221917337468,339.8143262695754,0.0,12.305,9.752,1.2100582035243033,3.812579067256643,140.0,0.0,azimuth_elevation
N0926,130.5262767315195,330.9919180576685,0.0,12.305,9.752,1.467416875252226,3.721113773351333,140.0,0.0,azimuth_elevation
N0927,152.45916388727844,320.5758472237136,0.0,12.305,9.752,1.7179337721203276,3.612298929298131,140.0,0.0,azimuth_elevation
N0928,173.54578843819797,308.65098955343524,0.0,12.305,9.752,1.9604408687120687,3.486641880131005,140.0,0.0,azimuth_elevation
N0929,193.69381119561734,295.30996426651967,0.0,12.305,9.752,2.1938074849972753,3.3447284970188433,140.0,0.0,azimuth_elevation
N0930,212.8241453312105,280.6507019000213,0.0,12.305,9.752,2.416945558084378,3.1872204456636184,140.0,0.0,azimuth_elevation
N0931,230.87095815710822,264.77400224811703,0.0,12.305,9.752,2.62881471527189,3.0148521013094443,140.0,0.0,azimuth_elevation
N0932,247.78118594380595,247.781185943806,0.0,12.305,9.752,2.82842712474619,2.8284271247461903,140.0,0.0,azimuth_elevation
N0933,263.5135937251954,229.77193891471433,0.0,12.305,9.752,3.0148521013094447,2.6288147152718895,140.0,0.0,azimuth_elevation
N0934,278.0374320585938,210.84244025526974,0.0,12.305,9.752,3.187220445663618,2.4169455580843784,140.0,0.0,azimuth_elevation
N0935,291.3307605323888,191.08385139049525,0.0,12.305,9.752,3.3447284970188433,2.193807484997275,140.0,0.0,azimuth_elevation
N0936,303.37852266876627,170.5812282926497,0.0,12.305,9.752,3.4866418801310046,1.9604408687120694,140.0,0.0,azimuth_elevation
N0937,314.17046810211934,149.41289962964143,0.0,12.305,9.752,3.612298929298131,1.7179337721203274,140.0,0.0,azimuth_elevation
N0938,323.6990250253931,127.65033287255707,0.0,12.305,9.752,3.7211137733513326,1.467416875252226,140.0,0.0,azimuth_elevation
N0939,331.9572285607413,105.35848845441862,0.0,12.305,9.752,3.8125790672566438,1.2100582035243033,140.0,0.0,azimuth_elevation
N0940,338.93680878927125,82.59663998856396,0.0,12.305,9.752,3.8862683575917654,0.9470576818657873,140.0,0.0,azimuth_elevation
N0941,344.6265357233939,59.41961726799364,0.0,12.305,9.752,3.941838070868788,0.679641540114667,140.0,0.0,azimuth_elevation
N0942,349.01090777287067,35.87940919200948,0.0,12.305,9.752,3.9790291154323794,0.4090565957681375,140.0,0.0,azimuth_elevation
N0943,352.0692556730786,12.027046750282649,0.0,12.305,9.752,3.9976680894646965,0.1365644407438713,140.0,0.0,azimuth_elevation
N0944,353.77531600719533,-12.085327520519204,0.0,12.305,9.752,3.9976680894646965,-0.13656444074387172,140.0,0.0,azimuth_elevation
N0945,354.0973080991865,-36.40230699995128,0.0,12.305,9.752,3.9790291154323794,-0.409056595768136,140.0,0.0,azimuth_elevation
N0946,352.9985260276685,-60.863094215023075,0.0,12.305,9.752,3.9418380708687875,-0.6796415401146665,140.0,0.0,azimuth_elevation
N0947,350.4384347325501,-85.39950952850455,0.0,12.305,9.752,3.8862683575917654,-0.9470576818657868,140.0,0.0,azimuth_elevation
N0948,346.374236613613,-109.93424112915761,0.0,12.305,9.752,3.8125790672566433,-1.2100582035243037,140.0,0.0,azimuth_elevation
N0949,340.7628536058595,-134.37943376560395,0.0,12.305,9.752,3.7211137733513326,-1.4674168752522259,140.0,0.0,azimuth_elevation
N0950,333.56325036972976,-158.63570102149004,0.0,12.305,9.752,3.612298929298131,-1.7179337721203267,140.0,0.0,azimuth_elevation
N0951,324.7390077824284,-182.59162954176384,0.0,12.305,9.752,3.4866418801310046,-1.9604408687120691,140.0,0.0,azimuth_elevation
N0952,314.26104307002515,-206.12382414433935,0.0,12.305,9.752,3.344728497018843,-2.1938074849972757,140.0,0.0,azimuth_elevation
N0953,302.1103642422888,-229.09752097634407,0.0,12.305,9.752,3.1872204456636184,-2.416945558084378,140.0,0.0,azimuth_elevation
N0954,288.2807423761037,-251.36777268730813,0.0,12.305,9.752,3.014852101309445,-2.628814715271889,140.0,0.0,azimuth_elevation
N0978,-272.781185943806,-272.78118594380595,0.0,12.305,9.752,-2.8284271247461903,-2.82842712474619,140.0,0.0,azimuth_elevation
N0979,-288.2807423761037,-251.36777268730813,0.0,12.305,9.752,-3.014852101309445,-2.628814715271889,140.0,0.0,azimuth_elevation
N0980,-302.11036424228865,-229.09752097634438,0.0,12.305,9.752,-3.187220445663616,-2.416945558084381,140.0,0.0,azimuth_elevation
N0981,-314.26104307002527,-206.12382414433915,0.0,12.305,9.752,-3.3447284970188447,-2.193807484997274,140.0,0.0,azimuth_elevation
N0982,-324.73900778242836,-182.59162954176398,0.0,12.305,9.752,-3.4866418801310037,-1.9604408687120705,140.0,0.0,azimuth_elevation
N0983,-333.5632503697298,-158.63570102149026,0.0,12.305,9.752,-3.6122989292981305,-1.7179337721203287,140.0,0.0,azimuth_elevation
N0984,-340.7628536058595,-134.37943376560395,0.0,12.305,9.752,-3.7211137733513326,-1.4674168752522259,140.0,0.0,azimuth_elevation
N0985,-346.37423661361294,-109.93424112915775,0.0,12.305,9.752,-3.8125790672566424,-1.2100582035243053,140.0,0.0,azimuth_elevation
N0986,-350.4384347325501,-85.39950952850438,0.0,12.305,9.752,-3.8862683575917663,-0.9470576818657851,140.0,0.0,azimuth_elevation
N0987,-352.99852602766856,-60.86309421502317,0.0,12.305,9.752,-3.9418380708687875,-0.6796415401146674,140.0,0.0,azimuth_elevation
N0988,-354.0973080991865,-36.402306999951364,0.0,12.305,9.752,-3.9790291154323794,-0.409056595768137,140.0,0.0,azimuth_elevation
N0989,-353.77531600719533,-12.085327520519124,0.0,12.305,9.752,-3.9976680894646965,-0.13656444074387084,140.0,0.0,azimuth_elevation
N0990,-352.0692556730786,12.027046750282492,0.0,12.305,9.752,-3.9976680894646965,0.13656444074386953,140.0,0.0,azimuth_elevation
N0991,-349.01090777287067,35.87940919200933,0.0,12.305,9.752,-3.9790291154323794,0.4090565957681357,140.0,0.0,azimuth_elevation
N0992,-344.62653572339394,59.419617267993566,0.0,12.305,9.752,-3.941838070868788,0.6796415401146662,140.0,0.0,azimuth_elevation
N0993,-338.93680878927125,82.59663998856396,0.0,12.305,9.752,-3.8862683575917654,0.9470576818657873,140.0,0.0,azimuth_elevation
N0994,-331.95722856074127,105.35848845441869,0.0,12.305,9.752,-3.812579067256643,1.2100582035243042,140.0,0.0,azimuth_elevation
N0995,-323.6990250253932,127.65033287255693,0.0,12.305,9.752,-3.721113773351333,1.4674168752522243,140.0,0.0,azimuth_elevation
N0996,-314.17046810211934,149.41289962964137,0.0,12.305,9.752,-3.612298929298131,1.7179337721203267,140.0,0.0,azimuth_elevation
N0997,-303.37852266876627,170.58122829264966,0.0,12.305,9.752,-3.4866418801310046,1.9604408687120687,140.0,0.0,azimuth_elevation
N0998,-291.3307605323888,191.08385139049528,0.0,12.305,9.752,-3.3447284970188433,2.1938074849972753,140.0,0.0,azimuth_elevation
N0999,-278.03743205859394,210.84244025526948,0.0,12.305,9.752,-3.1872204456636197,2.416945558084376,140.0,0.0,azimuth_elevation
N1000,-263.51359372519545,229.77193891471424,0.0,12.305,9.752,-3.0148521013094456,2.6288147152718886,140.0,0.0,azimuth_elevation
N1001,-247.7811859438061,247.78118594380595,0.0,12.305,9.752,-2.8284271247461907,2.8284271247461894,140.0,0.0,azimuth_elevation
N1002,-230.8709581571085,264.7740022481168,0.0,12.305,9.752,-2.628814715271893,3.0148521013094416,140.0,0.0,azimuth_elevation
N1003,-212.82414533121064,280.6507019000211,0.0,12.305,9.752,-2.41694555808438,3.1872204456636166,140.0,0.0,azimuth_elevation
N1004,-193.69381119561714,295.3099642665198,0.0,12.305,9.752,-2.193807484997273,3.3447284970188447,140.0,0.0,azimuth_elevation
N1005,-173.5457884381981,308.6509895534351,0.0,12.305,9.752,-1.96044086871207,3.4866418801310037,140.0,0.0,azimuth_elevation
N1006,-152.4591638872785,320.57584722371354,0.0,12.305,9.752,-1.7179337721203283,3.6122989292981305,140.0,0.0,azimuth_elevation
N1007,-130.52627673151977,330.99191805766833,0.0,12.305,9.752,-1.4674168752522292,3.721113773351331,140.0,0.0,azimuth_elevation
N1008,-107.8522191733749,339.81432626957536,0.0,12.305,9.752,-1.2100582035243057,3.8125790672566424,140.0,0.0,azimuth_elevation
N1009,-84.5538506621676,346.96825825176063,0.0,12.305,9.752,-0.9470576818657853,3.8862683575917663,140.0,0.0,azimuth_elevation
N1010,-60.758358071611376,352.39106916529516,0.0,12.305,9.752,-0.6796415401146677,3.9418380708687875,140.0,0.0,azimuth_elevation
N1011,-36.60141396190813,356.0340875250834,0.0,12.305,9.752,-0.4090565957681373,3.9790291154323794,140.0,0.0,azimuth_elevation
N1012,-12.225002549683818,357.86404074361917,0.0,12.305,9.752,-0.13656444074387472,3.9976680894646957,140.0,0.0,azimuth_elevation
N1013,0.0,374.9238862353033,0.0,12.305,9.752,0.0,4.0,140.0,0.0,azimuth_elevation
N1014,25.580153842361792,373.9686119135065,0.0,12.305,9.752,0.2729696534586839,3.990675076762156,140.0,0.0,azimuth_elevation
N1015,51.00809441192825,371.1114476517183,0.0,12.305,9.752,0.5446665963849864,3.962743784145323,140.0,0.0,azimuth_elevation
N1016,76.13424791704912,366.3781155682038,0.0,12.305,9.752,0.8138240522105351,3.9163363507292916,140.0,0.0,azimuth_elevation
N1017,100.81421622046389,359.81065004148843,0.0,12.305,9.752,1.079187084628097,3.8516691493911974,140.0,0.0,azimuth_elevation
N1018,124.91111087656775,351.4661813969885,0.0,12.305,9.752,1.3395184486839444,3.769043688475282,140.0,0.0,azimuth_elevation
N1019,148.29759497256327,341.4153062367596,0.0,12.305,9.752,1.5936043593849658,3.668845206021812,140.0,0.0,azimuth_elevation
N1020,170.85755539412483,329.7401137781271,0.0,12.305,9.752,1.8402601509246086,3.551540873609501,140.0,0.0,azimuth_elevation
N1021,192.48734418676233,316.53195213511236,0.0,12.305,9.752,2.0783358001417342,3.4176776181859543,140.0,0.0,azimuth_elevation
N1022,213.09654641664292,301.8890294165827,0.0,12.305,9.752,2.3067212884594683,3.267879572041769,140.0,0.0,azimuth_elevation
N1023,232.6082525457764,285.9139513486899,0.0,12.305,9.752,2.5243517773042115,3.1028451628176783,140.0,0.0,azimuth_elevation
N1024,250.9588349411074,268.71129955304303,0.0,12.305,9.752,2.730212572874616,2.9233438571124966,140.0,0.0,azimuth_elevation
N1025,268.09724980593853,250.38535251076107,0.0,12.305,9.752,2.9233438571124957,2.7302125728746165,140.0,0.0,azimuth_elevation
N1026,283.98390662121983,231.03804469381848,0.0,12.305,9.752,3.102845162817679,2.524351777304211,140.0,0.0,azimuth_elevation
N1027,298.5891662144335,210.76724861677152,0.0,12.305,9.752,3.267879572041769,2.3067212884594683,140.0,0.0,azimuth_elevation
N1028,311.89154500899485,189.66545010110488,0.0,12.305,9.752,3.417677618185954,2.0783358001417342,140.0,0.0,azimuth_elevation
N1029,323.87571612945317,167.81886945861356,0.0,12.305,9.752,3.551540873609501,1.8402601509246086,140.0,0.0,azimuth_elevation
N1030,334.5304072683697,145.3070613321843,0.0,12.305,9.752,3.668845206021812,1.5936043593849654,140.0,0.0,azimuth_elevation
N1031,343.84630014440427,122.20300442881619,0.0,12.305,9.752,3.7690436884752816,1.339518448683945,140.0,0.0,azimuth_elevation
N1032,351.8140367643798,98.5736702559215,0.0,12.305,9.752,3.851669149391197,1.0791870846280978,140.0,0.0,azimuth_elevation
N1033,358.42243350355244,74.48103817301178,0.0,12.305,9.752,3.9163363507292916,0.8138240522105349,140.0,0.0,azimuth_elevation
N1034,363.65699539097625,49.98350353198862,0.0,12.305,9.752,3.962743784145323,0.5446665963849864,140.0,0.0,azimuth_elevation
N1035,367.49881027216463,25.137607286199657,0.0,12.305,9.752,3.9906750767621566,0.2729696534586849,140.0,0.0,azimuth_elevation
N1036,369.9238862353033,2.2651305160310693e-14,0.0,12.305,9.752,4.0,2.4492935982947064e-16,140.0,0.0,azimuth_elevation
N1037,370.9029764995708,-25.37045863529126,0.0,12.305,9.752,3.9906750767621566,-0.2729696534586835,140.0,0.0,azimuth_elevation
N1038,370.4019146699019,-50.91057134829368,0.0,12.305,9.752,3.962743784145323,-0.5446665963849867,140.0,0.0,azimuth_elevation
N1039,368.3824607497085,-76.55075563537551,0.0,12.305,9.752,3.9163363507292916,-0.8138240522105354,140.0,0.0,azimuth_elevation
N1040,364.8036355152656,-102.21318514225914,0.0,12.305,9.752,3.851669149391197,-1.0791870846280964,140.0,0.0,azimuth_elevation
N1041,359.62349875255563,-127.81022216120567,0.0,12.305,9.752,3.769043688475282,-1.3395184486839447,140.0,0.0,azimuth_elevation
N1042,352.8013063753227,-153.24323275171798,0.0,12.305,9.752,3.6688452060218117,-1.5936043593849658,140.0,0.0,azimuth_elevation
N1043,344.2999634547142,-178.40186140574184,0.0,12.305,9.752,3.5515408736095013,-1.8402601509246084,140.0,0.0,azimuth_elevation
N1044,334.08867546905424,-203.16382415782593,0.0,12.305,9.752,3.4176776181859547,-2.0783358001417334,140.0,0.0,azimuth_elevation
N1045,322.14568926740395,-227.39525831249685,0.0,12.305,9.752,3.2678795720417684,-2.3067212884594683,140.0,0.0,azimuth_elevation
N1046,308.4610088132779,-250.95164436750267,0.0,12.305,9.752,3.102845162817679,-2.5243517773042115,140.0,0.0,azimuth_elevation
N1072,-308.4610088132779,-250.95164436750267,0.0,12.305,9.752,-3.102845162817679,-2.5243517773042115,140.0,0.0,azimuth_elevation
N1073,-322.14568926740395,-227.39525831249685,0.0,12.305,9.752,-3.2678795720417684,-2.3067212884594683,140.0,0.0,azimuth_elevation
N1074,-334.0886754690542,-203.1638241578261,0.0,12.305,9.752,-3.417677618185954,-2.0783358001417347,140.0,0.0,azimuth_elevation
N1075,-344.2999634547141,-178.40186140574215,0.0,12.305,9.752,-3.5515408736094995,-1.8402601509246115,140.0,0.0,azimuth_elevation
N1076,-352.8013063753228,-153.2432327517178,0.0,12.305,9.752,-3.6688452060218126,-1.593604359384964,140.0,0.0,azimuth_elevation
N1077,-359.62349875255563,-127.81022216120576,0.0,12.305,9.752,-3.769043688475282,-1.3395184486839455,140.0,0.0,azimuth_elevation
N1078,-364.80363551526574,-102.21318514225925,0.0,12.305,9.752,-3.851669149391197,-1.0791870846280973,140.0,0.0,azimuth_elevation
N1079,-368.3824607497085,-76.55075563537542,0.0,12.305,9.752,-3.9163363507292916,-0.8138240522105344,140.0,0.0,azimuth_elevation
N1080,-370.4019146699018,-50.910571348293836,0.0,12.305,9.752,-3.962743784145323,-0.5446665963849885,140.0,0.0,azimuth_elevation
N1081,-370.90297649957085,-25.370458635291097,0.0,12.305,9.752,-3.990675076762157,-0.27296965345868174,140.0,0.0,azimuth_elevation
N1082,-369.9238862353033,-5.948829801113946e-14,0.0,12.305,9.752,-4.0,-6.432490598706545e-16,140.0,0.0,azimuth_elevation
N1083,-367.49881027216463,25.137607286199575,0.0,12.305,9.752,-3.9906750767621566,0.272969653458684,140.0,0.0,azimuth_elevation
N1084,-363.6569953909763,49.98350353198871,0.0,12.305,9.752,-3.962743784145323,0.5446665963849873,140.0,0.0,azimuth_elevation
N1085,-358.4224335035525,74.48103817301164,0.0,12.305,9.752,-3.916336350729292,0.8138240522105332,140.0,0.0,azimuth_elevation
N1086,-351.81403676437986,98.57367025592133,0.0,12.305,9.752,-3.8516691493911974,1.079187084628096,140.0,0.0,azimuth_elevation
N1087,-343.84630014440427,122.20300442881612,0.0,12.305,9.752,-3.7690436884752816,1.3395184486839442,140.0,0.0,azimuth_elevation
N1088,-334.53040726836963,145.3070613321844,0.0,12.305,9.752,-3.6688452060218117,1.5936043593849663,140.0,0.0,azimuth_elevation
N1089,-323.8757161294532,167.81886945861334,0.0,12.305,9.752,-3.551540873609502,1.8402601509246064,140.0,0.0,azimuth_elevation
N1090,-311.8915450089949,189.66545010110474,0.0,12.305,9.752,-3.417677618185955,2.078335800141733,140.0,0.0,azimuth_elevation
N1091,-298.5891662144335,210.76724861677147,0.0,12.305,9.752,-3.267879572041769,2.306721288459468,140.0,0.0,azimuth_elevation
N1092,-283.98390662121983,231.03804469381848,0.0,12.305,9.752,-3.102845162817679,2.524351777304211,140.0,0.0,azimuth_elevation
N1093,-268.09724980593853,250.38535251076112,0.0,12.305,9.752,-2.9233438571124957,2.730212572874617,140.0,0.0,azimuth_elevation
N1094,-250.9588349411075,268.7112995530428,0.0,12.305,9.752,-2.730212572874618,2.923343857112495,140.0,0.0,azimuth_elevation
N1095,-232.60825254577648,285.9139513486899,0.0,12.305,9.752,-2.5243517773042123,3.1028451628176783,140.0,0.0,azimuth_elevation
N1096,-213.0965464166427,301.8890294165828,0.0,12.305,9.752,-2.306721288459466,3.2678795720417697,140.0,0.0,azimuth_elevation
N1097,-192.48734418676233,316.53195213511236,0.0,12.305,9.752,-2.0783358001417342,3.4176776181859543,140.0,0.0,azimuth_elevation
N1098,-170.85755539412474,329.7401137781272,0.0,12.305,9.752,-1.8402601509246075,3.5515408736095013,140.0,0.0,azimuth_elevation
N1099,-148.29759497256342,341.4153062367595,0.0,12.305,9.752,-1.5936043593849674,3.668845206021811,140.0,0.0,azimuth_elevation
N1100,-124.91111087656788,351.4661813969884,0.0,12.305,9.752,-1.3395184486839458,3.769043688475281,140.0,0.0,azimuth_elevation
N1101,-100.81421622046425,359.8106500414883,0.0,12.305,9.752,-1.0791870846281009,3.851669149391196,140.0,0.0,azimuth_elevation
N1102,-76.1342479170491,366.3781155682038,0.0,12.305,9.752,-0.8138240522105348,3.9163363507292916,140.0,0.0,azimuth_elevation
N1103,-51.008094411928155,371.1114476517183,0.0,12.305,9.752,-0.5446665963849854,3.962743784145323,140.0,0.0,azimuth_elevation
N1104,-25.58015384236196,373.9686119135065,0.0,12.305,9.752,-0.2729696534586857,3.990675076762156,140.0,0.0,azimuth_elevation
N1105,13.374240323881605,391.5058229827868,0.0,12.305,9.752,0.13656444074387158,3.9976680894646957,140.0,0.0,azimuth_elevation
N1106,40.04376900748908,389.5190162457688,0.0,12.305,9.752,0.40905659576813697,3.9790291154323794,140.0,0.0,azimuth_elevation
N1107,66.47778054029646,385.56302217252585,0.0,12.305,9.752,0.6796415401146667,3.941838070868788,140.0,0.0,azimuth_elevation
N1108,92.52367396621449,379.6725725878156,0.0,12.305,9.752,0.947057681865787,3.886268357591766,140.0,0.0,azimuth_elevation
N1109,118.03528431751825,371.8985193240898,0.0,12.305,9.752,1.210058203524303,3.8125790672566438,140.0,0.0,azimuth_elevation
N1110,142.87510556536236,362.30639851195144,0.0,12.305,9.752,1.467416875252226,3.7211137733513326,140.0,0.0,azimuth_elevation
N1111,166.9161804703442,350.9746125145306,0.0,12.305,9.752,1.7179337721203276,3.612298929298131,140.0,0.0,azimuth_elevation
N1112,190.04358748554395,337.99230660435524,0.0,12.305,9.752,1.960440868712069,3.486641880131005,140.0,0.0,azimuth_elevation
N1113,212.15547235238859,323.45703031294414,0.0,12.305,9.752,2.1938074849972753,3.344728497018843,140.0,0.0,azimuth_elevation
N1114,233.16359181084206,307.4722823268236,0.0,12.305,9.752,2.416945558084378,3.1872204456636184,140.0,0.0,azimuth_elevation
N1115,252.99335807103873,290.1450424659983,0.0,12.305,9.752,2.6288147152718904,3.0148521013094447,140.0,0.0,azimuth_elevation
N1116,271.5833944515182,271.58339445151825,0.0,12.305,9.752,2.8284271247461894,2.8284271247461903,140.0,0.0,azimuth_elevation
N1117,288.8846339430766,251.8943388286448,0.0,12.305,9.752,3.0148521013094443,2.6288147152718895,140.0,0.0,azimuth_elevation
N1118,304.8590124853961,231.1818867349013,0.0,12.305,9.752,3.187220445663618,2.4169455580843784,140.0,0.0,azimuth_elevation
N1119,319.4778265788133,209.54551254726653,0.0,12.305,9.752,3.3447284970188433,2.193807484997275,140.0,0.0,azimuth_elevation
N1120,332.71983971968626,187.0790273399957,0.0,12.305,9.752,3.4866418801310046,1.9604408687120694,140.0,0.0,azimuth_elevation
N1121,344.5692333929363,163.86991621270718,0.0,12.305,9.752,3.612298929298131,1.7179337721203274,140.0,0.0,azimuth_elevation
N1122,355.0135054796761,139.99916170639995,0.0,12.305,9.752,3.721113773351333,1.467416875252226,140.0,0.0,azimuth_elevation
N1123,364.0414216152557,115.5415535985622,0.0,12.305,9.752,3.8125790672566433,1.2100582035243033,140.0,0.0,azimuth_elevation
N1124,371.64112312532626,90.56646329261069,0.0,12.305,9.752,3.886268357591766,0.9470576818657872,140.0,0.0,azimuth_elevation
N1125,377.7984887306245,65.13903973667882,0.0,12.305,9.752,3.9418380708687875,0.6796415401146672,140.0,0.0,azimuth_elevation
N1126,382.49583649355606,39.32176423759047,0.0,12.305,9.752,3.9790291154323794,0.4090565957681375,140.0,0.0,azimuth_elevation
N1127,385.71103791224624,13.176284524480712,0.0,12.305,9.752,3.9976680894646965,0.1365644407438713,140.0,0.0,azimuth_elevation
N1128,387.41709824636297,-13.234565294717271,0.0,12.305,9.752,3.997668089464696,-0.13656444074387172,140.0,0.0,azimuth_elevation
N1129,387.58223681987187,-39.84466204553226,0.0,12.305,9.752,3.9790291154323794,-0.4090565957681361,140.0,0.0,azimuth_elevation
N1130,386.1704790348992,-66.58251668370825,0.0,12.305,9.752,3.9418380708687875,-0.6796415401146665,140.0,0.0,azimuth_elevation
N1131,383.1427490686051,-93.36933283255128,0.0,12.305,9.752,3.886268357591766,-0.9470576818657868,140.0,0.0,azimuth_elevation
N1132,378.45842966812734,-120.1173062733012,0.0,12.305,9.752,3.8125790672566433,-1.2100582035243037,140.0,0.0,azimuth_elevation
N1133,372.07733406014245,-146.72826259944682,0.0,12.305,9.752,3.7211137733513326,-1.4674168752522256,140.0,0.0,azimuth_elevation
N1134,363.96201566054674,-173.0927176045558,0.0,12.305,9.752,3.612298929298131,-1.7179337721203272,140.0,0.0,azimuth_elevation
N1135,354.08032483334847,-199.08942858910981,0.0,12.305,9.752,3.486641880131005,-1.9604408687120691,140.0,0.0,azimuth_elevation
N1136,342.4081091164496,-224.58548530111062,0.0,12.305,9.752,3.3447284970188425,-2.1938074849972757,140.0,0.0,azimuth_elevation
N1137,328.9319446690911,-249.43696745597563,0.0,12.305,9.752,3.1872204456636184,-2.416945558084378,140.0,0.0,azimuth_elevation
N1164,-328.9319446690909,-249.43696745597597,0.0,12.305,9.752,-3.187220445663616,-2.416945558084381,140.0,0.0,azimuth_elevation
N1165,-342.40810911644974,-224.58548530111042,0.0,12.305,9.752,-3.3447284970188442,-2.193807484997274,140.0,0.0,azimuth_elevation
N1166,-354.0803248333483,-199.08942858910996,0.0,12.305,9.752,-3.4866418801310037,-1.9604408687120707,140.0,0.0,azimuth_elevation
N1167,-363.96201566054685,-173.09271760455601,0.0,12.305,9.752,-3.6122989292981305,-1.7179337721203287,140.0,0.0,azimuth_elevation
N1168,-372.07733406014245,-146.72826259944682,0.0,12.305,9.752,-3.7211137733513326,-1.4674168752522256,140.0,0.0,azimuth_elevation
N1169,-378.4584296681273,-120.11730627330135,0.0,12.305,9.752,-3.8125790672566424,-1.2100582035243053,140.0,0.0,azimuth_elevation
N1170,-383.1427490686051,-93.3693328325511,0.0,12.305,9.752,-3.8862683575917663,-0.947057681865785,140.0,0.0,azimuth_elevation
N1171,-386.17047903489924,-66.58251668370835,0.0,12.305,9.752,-3.9418380708687875,-0.6796415401146674,140.0,0.0,azimuth_elevation
N1172,-387.58223681987187,-39.844662045532345,0.0,12.305,9.752,-3.9790291154323794,-0.40905659576813697,140.0,0.0,azimuth_elevation
N1173,-387.41709824636297,-13.234565294717184,0.0,12.305,9.752,-3.997668089464696,-0.13656444074387084,140.0,0.0,azimuth_elevation
N1174,-385.71103791224624,13.17628452448054,0.0,12.305,9.752,-3.9976680894646965,0.13656444074386953,140.0,0.0,azimuth_elevation
N1175,-382.49583649355606,39.321764237590294,0.0,12.305,9.752,-3.9790291154323794,0.40905659576813563,140.0,0.0,azimuth_elevation
N1176,-377.79848873062457,65.13903973667874,0.0,12.305,9.752,-3.9418380708687875,0.6796415401146662,140.0,0.0,azimuth_elevation
N1177,-371.64112312532626,90.56646329261069,0.0,12.305,9.752,-3.886268357591766,0.9470576818657872,140.0,0.0,azimuth_elevation
N1178,-364.0414216152556,115.54155359856229,0.0,12.305,9.752,-3.812579067256643,1.2100582035243042,140.0,0.0,azimuth_elevation
N1179,-355.0135054796761,139.99916170639978,0.0,12.305,9.752,-3.721113773351333,1.4674168752522243,140.0,0.0,azimuth_elevation
N1180,-344.5692333929364,163.86991621270712,0.0,12.305,9.752,-3.6122989292981313,1.7179337721203267,140.0,0.0,azimuth_elevation
N1181,-332.7198397196863,187.07902733999563,0.0,12.305,9.752,-3.486641880131005,1.9604408687120687,140.0,0.0,azimuth_elevation
N1182,-319.4778265788133,209.54551254726655,0.0,12.305,9.752,-3.3447284970188433,2.1938074849972753,140.0,0.0,azimuth_elevation
N1183,-304.8590124853962,231.18188673490104,0.0,12.305,9.752,-3.1872204456636193,2.416945558084376,140.0,0.0,azimuth_elevation
N1184,-288.8846339430767,251.89433882864472,0.0,12.305,9.752,-3.0148521013094456,2.6288147152718886,140.0,0.0,azimuth_elevation
N1185,-271.58339445151836,271.5833944515182,0.0,12.305,9.752,-2.8284271247461907,2.828427124746189,140.0,0.0,azimuth_elevation
N1186,-252.99335807103895,290.1450424659981,0.0,12.305,9.752,-2.6288147152718926,3.014852101309442,140.0,0.0,azimuth_elevation
N1187,-233.16359181084223,307.47228232682335,0.0,12.305,9.752,-2.41694555808438,3.1872204456636166,140.0,0.0,azimuth_elevation
N1188,-212.15547235238841,323.45703031294426,0.0,12.305,9.752,-2.1938074849972735,3.3447284970188442,140.0,0.0,azimuth_elevation
N1189,-190.04358748554404,337.9923066043551,0.0,12.305,9.752,-1.96044086871207,3.486641880131004,140.0,0.0,azimuth_elevation
N1190,-166.91618047034424,350.9746125145305,0.0,12.305,9.752,-1.7179337721203283,3.61229892929813,140.0,0.0,azimuth_elevation
N1191,-142.8751055653627,362.30639851195133,0.0,12.305,9.752,-1.4674168752522294,3.7211137733513313,140.0,0.0,azimuth_elevation
N1192,-118.0352843175185,371.8985193240897,0.0,12.305,9.752,-1.2100582035243057,3.8125790672566424,140.0,0.0,azimuth_elevation
N1193,-92.5236739662143,379.67257258781564,0.0,12.305,9.752,-0.9470576818657851,3.8862683575917663,140.0,0.0,azimuth_elevation
N1194,-66.47778054029655,385.56302217252585,0.0,12.305,9.752,-0.6796415401146676,3.941838070868788,140.0,0.0,azimuth_elevation
N1195,-40.04376900748911,389.5190162457688,0.0,12.305,9.752,-0.40905659576813724,3.9790291154323794,140.0,0.0,azimuth_elevation
N1196,-13.374240323881912,391.5058229827868,0.0,12.305,9.752,-0.13656444074387472,3.9976680894646957,140.0,0.0,azimuth_elevation
N1197,0.0,408.58529232134225,0.0,12.305,9.752,0.0,4.0,140.0,0.0,azimuth_elevation
N1198,27.877289430921312,407.55154549258793,0.0,12.305,9.752,0.2729696534586839,3.990675076762157,140.0,0.0,azimuth_elevation
N1199,55.59165528253218,404.45932958497895,0.0,12.305,9.752,0.5446665963849864,3.962743784145323,140.0,0.0,azimuth_elevation
N1200,82.98286339306027,399.3354626360574,0.0,12.305,9.752,0.8138240522105351,3.9163363507292916,140.0,0.0,azimuth_elevation
N1201,109.8959548950826,392.22379987816976,0.0,12.305,9.752,1.079187084628097,3.8516691493911974,140.0,0.0,azimuth_elevation
N1202,136.18362949179053,383.1840089354356,0.0,12.305,9.752,1.3395184486839442,3.769043688475282,140.0,0.0,azimuth_elevation
N1203,161.70833584299808,372.2899283234389,0.0,12.305,9.752,1.5936043593849656,3.668845206021812,140.0,0.0,azimuth_elevation
N1204,186.343991455182,359.62757867256084,0.0,12.305,9.752,1.8402601509246088,3.551540873609501,140.0,0.0,azimuth_elevation
N1205,209.97727052469324,345.2929106793433,0.0,12.305,9.752,2.0783358001417342,3.4176776181859543,140.0,0.0,azimuth_elevation
N1206,232.50841692117922,329.389384745275,0.0,12.305,9.752,2.3067212884594683,3.2678795720417684,140.0,0.0,azimuth_elevation
N1207,253.8515601157392,312.02548411061684,0.0,12.305,9.752,2.5243517773042115,3.102845162817679,140.0,0.0,azimuth_elevation
N1208,273.93453347029276,293.3122657288908,0.0,12.305,9.752,2.730212572874616,2.923343857112497,140.0,0.0,azimuth_elevation
N1209,292.6982159817863,273.36105103994646,0.0,12.305,9.752,2.923343857112496,2.7302125728746165,140.0,0.0,azimuth_elevation
N1210,310.0954393831467,252.2813522637813,0.0,12.305,9.752,3.102845162817679,2.5243517773042115,140.0,0.0,azimuth_elevation
N1211,326.0895215431256,230.17911912130776,0.0,12.305,9.752,3.2678795720417675,2.3067212884594683,140.0,0.0,azimuth_elevation
N1212,340.6525035532258,207.1553764390358,0.0,12.305,9.752,3.4176776181859543,2.0783358001417342,140.0,0.0,azimuth_elevation
N1213,353.7631810238869,183.30530551967072,0.0,12.305,9.752,3.551540873609501,1.8402601509246088,140.0,0.0,azimuth_elevation
N1214,365.405029355049,158.7178022026191,0.0,12.305,9.752,3.6688452060218117,1.5936043593849654,140.0,0.0,azimuth_elevation
N1215,375.56412768285134,133.47552304403897,0.0,12.305,9.752,3.7690436884752816,1.339518448683945,140.0,0.0,azimuth_elevation
N1216,384.2271866010611,107.65540893054019,0.0,12.305,9.752,3.851669149391197,1.0791870846280978,140.0,0.0,azimuth_elevation
N1217,391.37978057140606,81.32965364902293,0.0,12.305,9.752,3.9163363507292916,0.813824052210535,140.0,0.0,azimuth_elevation
N1218,397.0048773242369,54.56706440259255,0.0,12.305,9.752,3.962743784145323,0.5446665963849864,140.0,0.0,azimuth_elevation
N1219,401.081743851246,27.434742874759188,0.0,12.305,9.752,3.9906750767621566,0.2729696534586849,140.0,0.0,azimuth_elevation
N1220,403.58529232134225,2.471247182121403e-14,0.0,12.305,9.752,4.0,2.4492935982947064e-16,140.0,0.0,azimuth_elevation
N1221,404.4859100786522,-27.66759422385078,0.0,12.305,9.752,3.9906750767621566,-0.2729696534586835,140.0,0.0,azimuth_elevation
N1222,403.7497966031625,-55.494132218897605,0.0,12.305,9.752,3.9627437841453235,-0.5446665963849867,140.0,0.0,azimuth_elevation
N1223,401.3398078175622,-83.39937111138667,0.0,12.305,9.752,3.9163363507292916,-0.8138240522105354,140.0,0.0,azimuth_elevation
N1224,397.21678535194695,-111.29492381687784,0.0,12.305,9.752,3.8516691493911974,-1.0791870846280964,140.0,0.0,azimuth_elevation
N1225,391.34132629100276,-139.08274077642847,0.0,12.305,9.752,3.769043688475282,-1.3395184486839447,140.0,0.0,azimuth_elevation
N1226,383.6759284620021,-166.6539736221528,0.0,12.305,9.752,3.668845206021812,-1.5936043593849658,140.0,0.0,azimuth_elevation
N1227,374.1874283491479,-193.88829746679897,0.0,12.305,9.752,3.551540873609501,-1.8402601509246084,140.0,0.0,azimuth_elevation
N1228,362.84963401328514,-220.6537504957568,0.0,12.305,9.752,3.417677618185955,-2.0783358001417334,140.0,0.0,azimuth_elevation
N1229,349.64604459609626,-246.80712881703315,0.0,12.305,9.752,3.2678795720417684,-2.3067212884594683,140.0,0.0,azimuth_elevation
N1257,-349.6460445960962,-246.80712881703312,0.0,12.305,9.752,-3.2678795720417684,-2.3067212884594683,140.0,0.0,azimuth_elevation
N1258,-362.84963401328514,-220.653750495757,0.0,12.305,9.752,-3.4176776181859543,-2.0783358001417347,140.0,0.0,azimuth_elevation
N1259,-374.1874283491478,-193.88829746679932,0.0,12.305,9.752,-3.5515408736094995,-1.8402601509246115,140.0,0.0,azimuth_elevation
N1260,-383.67592846200216,-166.65397362215262,0.0,12.305,9.752,-3.6688452060218126,-1.593604359384964,140.0,0.0,azimuth_elevation
N1261,-391.3413262910027,-139.08274077642855,0.0,12.305,9.752,-3.769043688475281,-1.3395184486839455,140.0,0.0,azimuth_elevation
N1262,-397.21678535194695,-111.29492381687795,0.0,12.305,9.752,-3.8516691493911965,-1.0791870846280973,140.0,0.0,azimuth_elevation
N1263,-401.33980781756213,-83.39937111138657,0.0,12.305,9.752,-3.9163363507292916,-0.8138240522105346,140.0,0.0,azimuth_elevation
N1264,-403.74979660316234,-55.49413221889777,0.0,12.305,9.752,-3.9627437841453226,-0.5446665963849885,140.0,0.0,azimuth_elevation
N1265,-404.48591007865224,-27.6675942238506,0.0,12.305,9.752,-3.990675076762157,-0.27296965345868174,140.0,0.0,azimuth_elevation
N1266,-403.58529232134225,-6.490146496583168e-14,0.0,12.305,9.752,-4.0,-6.432490598706546e-16,140.0,0.0,azimuth_elevation
N1267,-401.081743851246,27.4347428747591,0.0,12.305,9.752,-3.9906750767621566,0.272969653458684,140.0,0.0,azimuth_elevation
N1268,-397.0048773242369,54.56706440259264,0.0,12.305,9.752,-3.962743784145323,0.5446665963849873,140.0,0.0,azimuth_elevation
N1269,-391.37978057140623,81.32965364902279,0.0,12.305,9.752,-3.9163363507292925,0.8138240522105333,140.0,0.0,azimuth_elevation
N1270,-384.22718660106113,107.65540893054002,0.0,12.305,9.752,-3.8516691493911974,1.079187084628096,140.0,0.0,azimuth_elevation
N1271,-375.5641276828514,133.4755230440389,0.0,12.305,9.752,-3.7690436884752816,1.3395184486839442,140.0,0.0,azimuth_elevation
N1272,-365.40502935504895,158.7178022026192,0.0,12.305,9.752,-3.6688452060218117,1.5936043593849665,140.0,0.0,azimuth_elevation
N1273,-353.76318102388694,183.30530551967044,0.0,12.305,9.752,-3.5515408736095018,1.8402601509246064,140.0,0.0,azimuth_elevation
N1274,-340.65250355322587,207.15537643903562,0.0,12.305,9.752,-3.417677618185955,2.078335800141733,140.0,0.0,azimuth_elevation
N1275,-326.08952154312584,230.1791191213078,0.0,12.305,9.752,-3.2678795720417693,2.306721288459468,140.0,0.0,azimuth_elevation
N1276,-310.0954393831467,252.2813522637813,0.0,12.305,9.752,-3.102845162817679,2.5243517773042115,140.0,0.0,azimuth_elevation
N1277,-292.69821598178635,273.3610510399465,0.0,12.305,9.752,-2.923343857112496,2.730212572874617,140.0,0.0,azimuth_elevation
N1278,-273.93453347029293,293.31226572889057,0.0,12.305,9.752,-2.730212572874618,2.9233438571124943,140.0,0.0,azimuth_elevation
N1279,-253.8515601157393,312.0254841106168,0.0,12.305,9.752,-2.5243517773042123,3.1028451628176783,140.0,0.0,azimuth_elevation
N1280,-232.50841692117893,329.38938474527504,0.0,12.305,9.752,-2.306721288459466,3.26787957204177,140.0,0.0,azimuth_elevation
N1281,-209.97727052469324,345.2929106793433,0.0,12.305,9.752,-2.0783358001417342,3.4176776181859543,140.0,0.0,azimuth_elevation
N1282,-186.3439914551819,359.6275786725609,0.0,12.305,9.752,-1.840260150924608,3.5515408736095013,140.0,0.0,azimuth_elevation
N1283,-161.70833584299825,372.2899283234388,0.0,12.305,9.752,-1.5936043593849676,3.6688452060218113,140.0,0.0,azimuth_elevation
N1284,-136.18362949179067,383.18400893543554,0.0,12.305,9.752,-1.3395184486839458,3.769043688475281,140.0,0.0,azimuth_elevation
N1285,-109.89595489508298,392.22379987816964,0.0,12.305,9.752,-1.0791870846281009,3.8516691493911965,140.0,0.0,azimuth_elevation
N1286,-82.98286339306024,399.3354626360574,0.0,12.305,9.752,-0.8138240522105349,3.9163363507292916,140.0,0.0,azimuth_elevation
N1287,-55.59165528253208,404.4593295849789,0.0,12.305,9.752,-0.5446665963849855,3.962743784145323,140.0,0.0,azimuth_elevation
N1288,-27.877289430921493,407.55154549258793,0.0,12.305,9.752,-0.2729696534586857,3.990675076762157,140.0,0.0,azimuth_elevation
N1289,14.52347809807967,425.14760522195445,0.0,12.305,9.752,0.13656444074387158,3.9976680894646957,140.0,0.0,azimuth_elevation
N1290,43.486124053070064,423.0039449664542,0.0,12.305,9.752,0.4090565957681369,3.9790291154323794,140.0,0.0,azimuth_elevation
N1291,72.19720300898166,418.7349751797565,0.0,12.305,9.752,0.6796415401146668,3.9418380708687875,140.0,0.0,azimuth_elevation
N1292,100.49349727026122,412.3768869238706,0.0,12.305,9.752,0.947057681865787,3.886268357591766,140.0,0.0,azimuth_elevation
N1293,128.2183494616618,403.98271237860416,0.0,12.305,9.752,1.2100582035243028,3.8125790672566433,140.0,0.0,azimuth_elevation
N1294,155.22393439920523,393.6208789662344,0.0,12.305,9.752,1.4674168752522259,3.7211137733513326,140.0,0.0,azimuth_elevation
N1295,181.37319705340997,381.37337780534773,0.0,12.305,9.752,1.7179337721203274,3.6122989292981313,140.0,0.0,azimuth_elevation
N1296,206.54138653288993,367.33362365527523,0.0,12.305,9.752,1.960440868712069,3.4866418801310046,140.0,0.0,azimuth_elevation
N1297,230.61713350915986,351.60409635936867,0.0,12.305,9.752,2.1938074849972753,3.3447284970188433,140.0,0.0,azimuth_elevation
N1298,253.50303829047363,334.29386275362583,0.0,12.305,9.752,2.416945558084378,3.1872204456636184,140.0,0.0,azimuth_elevation
N1299,275.11575798496915,315.5160826838795,0.0,12.305,9.752,2.6288147152718895,3.0148521013094443,140.0,0.0,azimuth_elevation
N1300,295.3856029592305,295.38560295923054,0.0,12.305,9.752,2.82842712474619,2.8284271247461907,140.0,0.0,azimuth_elevation
N1301,314.25567416095794,274.0167387425753,0.0,12.305,9.752,3.014852101309445,2.6288147152718895,140.0,0.0,azimuth_elevation
N1302,331.68059291219834,251.52133321453286,0.0,12.305,9.752,3.187220445663618,2.4169455580843784,140.0,0.0,azimuth_elevation
N1303,347.6248926252378,228.00717370403777,0.0,12.305,9.752,3.344728497018844,2.193807484997275,140.0,0.0,azimuth_elevation
N1304,362.06115677060626,203.57682638734167,0.0,12.305,9.752,3.4866418801310046,1.9604408687120694,140.0,0.0,azimuth_elevation
N1305,374.96799868375336,178.32693279577293,0.0,12.305,9.752,3.612298929298131,1.7179337721203274,140.0,0.0,azimuth_elevation
N1306,386.32798593395904,152.34799054024282,0.0,12.305,9.752,3.7211137733513326,1.467416875252226,140.0,0.0,azimuth_elevation
N1307,396.1256146697701,125.7246187427058,0.0,12.305,9.752,3.8125790672566433,1.2100582035243033,140.0,0.0,azimuth_elevation
N1308,404.34543746138127,98.53628659665743,0.0,12.305,9.752,3.886268357591766,0.9470576818657872,140.0,0.0,azimuth_elevation
N1309,410.97044173785514,70.858462205364,0.0,12.305,9.752,3.9418380708687875,0.679641540114667,140.0,0.0,azimuth_elevation
N1310,415.9807652142415,42.76411928317145,0.0,12.305,9.752,3.9790291154323794,0.40905659576813747,140.0,0.0,azimuth_elevation
N1311,419.3528201514139,14.325522298678775,0.0,12.305,9.752,3.997668089464696,0.1365644407438713,140.0,0.0,azimuth_elevation
N1312,421.0588804855306,-14.383803068915338,0.0,12.305,9.752,3.997668089464696,-0.13656444074387172,140.0,0.0,azimuth_elevation
N1313,421.0671655405573,-43.287017091113235,0.0,12.305,9.752,3.97902911543238,-0.4090565957681361,140.0,0.0,azimuth_elevation
N1314,419.3424320421298,-72.30193915239343,0.0,12.305,9.752,3.9418380708687875,-0.6796415401146665,140.0,0.0,azimuth_elevation
N1315,415.8470634046601,-101.339156136598,0.0,12.305,9.752,3.886268357591766,-0.9470576818657868,140.0,0.0,azimuth_elevation
N1316,410.54262272264174,-130.3003714174448,0.0,12.305,9.752,3.812579067256643,-1.2100582035243037,140.0,0.0,azimuth_elevation
N1317,403.39181451442545,-159.0770914332897,0.0,12.305,9.752,3.7211137733513326,-1.4674168752522256,140.0,0.0,azimuth_elevation
N1318,394.3607809513638,-187.54973418762154,0.0,12.305,9.752,3.612298929298131,-1.717933772120327,140.0,0.0,azimuth_elevation
N1319,383.42164188426847,-215.5872276364558,0.0,12.305,9.752,3.4866418801310046,-1.9604408687120691,140.0,0.0,azimuth_elevation
N1320,370.55517516287415,-243.0471464578819,0.0,12.305,9.752,3.344728497018843,-2.1938074849972757,140.0,0.0,azimuth_elevation
N1349,-370.55517516287426,-243.04714645788167,0.0,12.305,9.752,-3.3447284970188447,-2.193807484997274,140.0,0.0,azimuth_elevation
N1350,-383.42164188426835,-215.58722763645596,0.0,12.305,9.752,-3.4866418801310037,-1.9604408687120707,140.0,0.0,azimuth_elevation
N1351,-394.36078095136384,-187.5497341876218,0.0,12.305,9.752,-3.6122989292981305,-1.7179337721203287,140.0,0.0,azimuth_elevation
N1352,-403.39181451442545,-159.0770914332897,0.0,12.305,9.752,-3.7211137733513326,-1.4674168752522256,140.0,0.0,azimuth_elevation
N1353,-410.5426227226416,-130.30037141744495,0.0,12.305,9.752,-3.8125790672566424,-1.2100582035243053,140.0,0.0,azimuth_elevation
N1354,-415.8470634046601,-101.33915613659781,0.0,12.305,9.752,-3.8862683575917663,-0.947057681865785,140.0,0.0,azimuth_elevation
N1355,-419.3424320421299,-72.30193915239353,0.0,12.305,9.752,-3.9418380708687875,-0.6796415401146674,140.0,0.0,azimuth_elevation
N1356,-421.0671655405573,-43.28701709111333,0.0,12.305,9.752,-3.97902911543238,-0.40905659576813697,140.0,0.0,azimuth_elevation
N1357,-421.0588804855306,-14.383803068915244,0.0,12.305,9.752,-3.997668089464696,-0.13656444074387084,140.0,0.0,azimuth_elevation
N1358,-419.3528201514139,14.325522298678589,0.0,12.305,9.752,-3.997668089464696,0.13656444074386953,140.0,0.0,azimuth_elevation
N1359,-415.9807652142415,42.76411928317127,0.0,12.305,9.752,-3.9790291154323794,0.4090565957681357,140.0,0.0,azimuth_elevation
N1360,-410.9704417378552,70.85846220536392,0.0,12.305,9.752,-3.9418380708687875,0.6796415401146662,140.0,0.0,azimuth_elevation
N1361,-404.34543746138127,98.53628659665743,0.0,12.305,9.752,-3.886268357591766,0.9470576818657872,140.0,0.0,azimuth_elevation
N1362,-396.12561466976996,125.72461874270587,0.0,12.305,9.752,-3.812579067256643,1.2100582035243042,140.0,0.0,azimuth_elevation
N1363,-386.32798593395916,152.34799054024268,0.0,12.305,9.752,-3.721113773351333,1.4674168752522245,140.0,0.0,azimuth_elevation
N1364,-374.9679986837534,178.32693279577288,0.0,12.305,9.752,-3.612298929298132,1.7179337721203267,140.0,0.0,azimuth_elevation
N1365,-362.0611567706063,203.5768263873416,0.0,12.305,9.752,-3.486641880131005,1.9604408687120687,140.0,0.0,azimuth_elevation
N1366,-347.6248926252378,228.00717370403783,0.0,12.305,9.752,-3.344728497018844,2.1938074849972753,140.0,0.0,azimuth_elevation
N1367,-331.68059291219856,251.52133321453258,0.0,12.305,9.752,-3.18722044566362,2.4169455580843757,140.0,0.0,azimuth_elevation
N1368,-314.25567416095805,274.0167387425751,0.0,12.305,9.752,-3.0148521013094465,2.628814715271888,140.0,0.0,azimuth_elevation
N1369,-295.3856029592306,295.3856029592304,0.0,12.305,9.752,-2.8284271247461907,2.828427124746189,140.0,0.0,azimuth_elevation
N1370,-275.11575798496943,315.5160826838793,0.0,12.305,9.752,-2.6288147152718926,3.014852101309442,140.0,0.0,azimuth_elevation
N1371,-253.5030382904739,334.29386275362566,0.0,12.305,9.752,-2.4169455580843806,3.1872204456636166,140.0,0.0,azimuth_elevation
N1372,-230.61713350915966,351.6040963593687,0.0,12.305,9.752,-2.1938074849972735,3.3447284970188442,140.0,0.0,azimuth_elevation
N1373,-206.54138653289007,367.33362365527523,0.0,12.305,9.752,-1.96044086871207,3.486641880131004,140.0,0.0,azimuth_elevation
N1374,-181.37319705341,381.37337780534756,0.0,12.305,9.752,-1.717933772120328,3.6122989292981305,140.0,0.0,azimuth_elevation
N1375,-155.2239343992056,393.6208789662343,0.0,12.305,9.752,-1.4674168752522294,3.7211137733513313,140.0,0.0,azimuth_elevation
N1376,-128.21834946166211,403.98271237860405,0.0,12.305,9.752,-1.2100582035243057,3.8125790672566424,140.0,0.0,azimuth_elevation
N1377,-100.49349727026105,412.37688692387064,0.0,12.305,9.752,-0.9470576818657854,3.8862683575917663,140.0,0.0,azimuth_elevation
N1378,-72.19720300898175,418.7349751797565,0.0,12.305,9.752,-0.6796415401146676,3.9418380708687875,140.0,0.0,azimuth_elevation
N1379,-43.48612405307011,423.0039449664542,0.0,12.305,9.752,-0.4090565957681373,3.9790291154323794,140.0,0.0,azimuth_elevation
N1380,-14.523478098080004,425.14760522195445,0.0,12.305,9.752,-0.13656444074387472,3.9976680894646957,140.0,0.0,azimuth_elevation
N1381,0.0,442.2466984073812,0.0,12.305,9.752,0.0,4.0,140.0,0.0,azimuth_elevation
N1382,30.17442501948083,441.13447907166926,0.0,12.305,9.752,0.2729696534586839,3.9906750767621566,140.0,0.0,azimuth_elevation
N1383,60.175216153136105,437.80721151823946,0.0,12.305,9.752,0.5446665963849865,3.962743784145323,140.0,0.0,azimuth_elevation
N1384,89.8314788690714,432.292809703911,0.0,12.305,9.752,0.813824052210535,3.9163363507292916,140.0,0.0,azimuth_elevation
N1385,118.97769356970132,424.6369497148511,0.0,12.305,9.752,1.079187084628097,3.8516691493911974,140.0,0.0,azimuth_elevation
N1386,147.45614810701332,414.9018364738827,0.0,12.305,9.752,1.3395184486839444,3.769043688475282,140.0,0.0,azimuth_elevation
N1387,175.11907671343295,403.1645504101183,0.0,12.305,9.752,1.593604359384966,3.668845206021812,140.0,0.0,azimuth_elevation
N1388,201.83042751623915,389.51504356699456,0.0,12.305,9.752,1.840260150924609,3.551540873609501,140.0,0.0,azimuth_elevation
N1389,227.46719686262412,374.0538692235742,0.0,12.305,9.752,2.0783358001417342,3.417677618185954,140.0,0.0,azimuth_elevation
N1390,251.9202874257155,356.8897400739672,0.0,12.305,9.752,2.3067212884594683,3.267879572041768,140.0,0.0,azimuth_elevation
N1391,275.094867685702,338.13701687254377,0.0,12.305,9.752,2.5243517773042115,3.1028451628176796,140.0,0.0,azimuth_elevation
N1392,296.9102319994782,317.9132319047385,0.0,12.305,9.752,2.7302125728746165,2.9233438571124966,140.0,0.0,azimuth_elevation
N1393,317.2991821576341,296.3367495691319,0.0,12.305,9.752,2.923343857112496,2.7302125728746165,140.0,0.0,azimuth_elevation
N1394,336.2069721450736,273.52465983374407,0.0,12.305,9.752,3.102845162817679,2.524351777304211,140.0,0.0,azimuth_elevation
N1395,353.5898768718179,249.59098962584403,0.0,12.305,9.752,3.267879572041768,2.3067212884594683,140.0,0.0,azimuth_elevation
N1396,369.4134620974568,224.64530277696667,0.0,12.305,9.752,3.4176776181859543,2.0783358001417342,140.0,0.0,azimuth_elevation
N1397,383.6506459183206,198.79174158072786,0.0,12.305,9.752,3.551540873609501,1.8402601509246088,140.0,0.0,azimuth_elevation
N1398,396.27965144172833,172.12854307305392,0.0,12.305,9.752,3.668845206021812,1.5936043593849654,140.0,0.0,azimuth_elevation
N1399,407.28195522129846,144.74804165926176,0.0,12.305,9.752,3.7690436884752816,1.339518448683945,140.0,0.0,azimuth_elevation
N1400,416.64033643774246,116.73714760515892,0.0,12.305,9.752,3.851669149391197,1.0791870846280978,140.0,0.0,azimuth_elevation
N1401,424.3371276392597,88.17826912503408,0.0,12.305,9.752,3.9163363507292916,0.813824052210535,140.0,0.0,azimuth_elevation
N1402,430.3527592574974,59.15062527319647,0.0,12.305,9.752,3.9627437841453226,0.5446665963849864,140.0,0.0,azimuth_elevation
N1403,434.66467743032734,29.73187846331871,0.0,12.305,9.752,3.9906750767621566,0.2729696534586849,140.0,0.0,azimuth_elevation
N1404,437.2466984073812,2.6773638482117372e-14,0.0,12.305,9.752,4.0,2.4492935982947064e-16,140.0,0.0,azimuth_elevation
N1405,438.0688436577335,-29.964729812410294,0.0,12.305,9.752,3.9906750767621566,-0.2729696534586835,140.0,0.0,azimuth_elevation
N1406,437.097678536423,-60.07769308950152,0.0,12.305,9.752,3.962743784145323,-0.5446665963849867,140.0,0.0,azimuth_elevation
N1407,434.29715488541575,-90.2479865873978,0.0,12.305,9.752,3.9163363507292916,-0.8138240522105354,140.0,0.0,azimuth_elevation
N1408,429.6299351886283,-120.37666249149655,0.0,12.305,9.752,3.8516691493911974,-1.0791870846280964,140.0,0.0,azimuth_elevation
N1409,423.0591538294499,-150.35525939165126,0.0,12.305,9.752,3.769043688475282,-1.3395184486839447,140.0,0.0,azimuth_elevation
N1410,414.55055054868143,-180.06471449258763,0.0,12.305,9.752,3.668845206021812,-1.593604359384966,140.0,0.0,azimuth_elevation
N1411,404.07489324358164,-209.3747335278561,0.0,12.305,9.752,3.551540873609501,-1.8402601509246084,140.0,0.0,azimuth_elevation
N1412,391.6105925575161,-238.14367683368772,0.0,12.305,9.752,3.4176776181859547,-2.0783358001417334,140.0,0.0,azimuth_elevation
N1442,-391.61059255751604,-238.1436768336879,0.0,12.305,9.752,-3.417677618185954,-2.0783358001417347,140.0,0.0,azimuth_elevation
N1443,-404.0748932435815,-209.37473352785648,0.0,12.305,9.752,-3.5515408736094995,-1.8402601509246115,140.0,0.0,azimuth_elevation
N1444,-414.55055054868143,-180.0647144925874,0.0,12.305,9.752,-3.6688452060218126,-1.593604359384964,140.0,0.0,azimuth_elevation
N1445,-423.0591538294498,-150.35525939165134,0.0,12.305,9.752,-3.769043688475281,-1.3395184486839455,140.0,0.0,azimuth_elevation
N1446,-429.6299351886283,-120.37666249149666,0.0,12.305,9.752,-3.851669149391197,-1.0791870846280973,140.0,0.0,azimuth_elevation
N1447,-434.29715488541575,-90.2479865873977,0.0,12.305,9.752,-3.9163363507292916,-0.8138240522105346,140.0,0.0,azimuth_elevation
N1448,-437.0976785364229,-60.07769308950171,0.0,12.305,9.752,-3.9627437841453226,-0.5446665963849885,140.0,0.0,azimuth_elevation
N1449,-438.0688436577336,-29.964729812410102,0.0,12.305,9.752,-3.990675076762157,-0.27296965345868174,140.0,0.0,azimuth_elevation
N1450,-437.2466984073812,-7.031463192052391e-14,0.0,12.305,9.752,-4.0,-6.432490598706546e-16,140.0,0.0,azimuth_elevation
N1451,-434.66467743032734,29.731878463318616,0.0,12.305,9.752,-3.9906750767621566,0.272969653458684,140.0,0.0,azimuth_elevation
N1452,-430.3527592574974,59.15062527319657,0.0,12.305,9.752,-3.9627437841453226,0.5446665963849873,140.0,0.0,azimuth_elevation
N1453,-424.3371276392598,88.1782691250339,0.0,12.305,9.752,-3.916336350729292,0.8138240522105333,140.0,0.0,azimuth_elevation
N1454,-416.6403364377425,116.73714760515874,0.0,12.305,9.752,-3.8516691493911974,1.079187084628096,140.0,0.0,azimuth_elevation
N1455,-407.2819552212985,144.74804165926167,0.0,12.305,9.752,-3.7690436884752816,1.339518448683944,140.0,0.0,azimuth_elevation
N1456,-396.27965144172833,172.12854307305403,0.0,12.305,9.752,-3.6688452060218117,1.5936043593849663,140.0,0.0,azimuth_elevation
N1457,-383.6506459183208,198.7917415807276,0.0,12.305,9.752,-3.551540873609502,1.8402601509246066,140.0,0.0,azimuth_elevation
N1458,-369.4134620974568,224.6453027769665,0.0,12.305,9.752,-3.4176776181859547,2.078335800141733,140.0,0.0,azimuth_elevation
N1459,-353.58987687181803,249.59098962584403,0.0,12.305,9.752,-3.267879572041769,2.306721288459468,140.0,0.0,azimuth_elevation
N1460,-336.2069721450736,273.52465983374407,0.0,12.305,9.752,-3.102845162817679,2.524351777304211,140.0,0.0,azimuth_elevation
N1461,-317.29918215763416,296.336749569132,0.0,12.305,9.752,-2.923343857112496,2.730212572874617,140.0,0.0,azimuth_elevation
N1462,-296.91023199947836,317.9132319047384,0.0,12.305,9.752,-2.730212572874618,2.923343857112495,140.0,0.0,azimuth_elevation
N1463,-275.09486768570207,338.13701687254365,0.0,12.305,9.752,-2.524351777304212,3.1028451628176783,140.0,0.0,azimuth_elevation
N1464,-251.92028742571523,356.88974007396735,0.0,12.305,9.752,-2.306721288459466,3.2678795720417697,140.0,0.0,azimuth_elevation
N1465,-227.46719686262412,374.0538692235742,0.0,12.305,9.752,-2.0783358001417342,3.417677618185954,140.0,0.0,azimuth_elevation
N1466,-201.83042751623904,389.5150435669946,0.0,12.305,9.752,-1.840260150924608,3.5515408736095013,140.0,0.0,azimuth_elevation
N1467,-175.11907671343312,403.1645504101182,0.0,12.305,9.752,-1.5936043593849676,3.6688452060218113,140.0,0.0,azimuth_elevation
N1468,-147.4561481070135,414.90183647388267,0.0,12.305,9.752,-1.339518448683946,3.7690436884752816,140.0,0.0,azimuth_elevation
N1469,-118.97769356970173,424.6369497148509,0.0,12.305,9.752,-1.0791870846281009,3.851669149391196,140.0,0.0,azimuth_elevation
N1470,-89.83147886907139,432.292809703911,0.0,12.305,9.752,-0.8138240522105349,3.9163363507292916,140.0,0.0,azimuth_elevation
N1471,-60.17521615313599,437.8072115182394,0.0,12.305,9.752,-0.5446665963849855,3.962743784145323,140.0,0.0,azimuth_elevation
N1472,-30.174425019481024,441.1344790716693,0.0,12.305,9.752,-0.2729696534586856,3.9906750767621566,140.0,0.0,azimuth_elevation
N1473,15.672715872277735,458.78938746112215,0.0,12.305,9.752,0.13656444074387158,3.997668089464696,140.0,0.0,azimuth_elevation
N1474,46.928479098651046,456.48887368713963,0.0,12.305,9.752,0.4090565957681369,3.9790291154323794,140.0,0.0,azimuth_elevation
N1475,77.91662547766684,451.9069281869871,0.0,12.305,9.752,0.6796415401146668,3.9418380708687875,140.0,0.0,azimuth_elevation
N1476,108.46332057430796,445.0812012599256,0.0,12.305,9.752,0.9470576818657871,3.886268357591766,140.0,0.0,azimuth_elevation
N1477,138.4014146058054,436.0669054331185,0.0,12.305,9.752,1.210058203524303,3.8125790672566433,140.0,0.0,azimuth_elevation
N1478,167.5727632330481,424.9353594205174,0.0,12.305,9.752,1.4674168752522259,3.7211137733513326,140.0,0.0,azimuth_elevation
N1479,195.8302136364757,411.7721430961646,0.0,12.305,9.752,1.7179337721203276,3.612298929298131,140.0,0.0,azimuth_elevation
N1480,223.03918558023594,396.67494070619534,0.0,12.305,9.752,1.960440868712069,3.486641880131005,140.0,0.0,azimuth_elevation
N1481,249.07879466593113,379.7511624057931,0.0,12.305,9.752,2.1938074849972753,3.344728497018843,140.0,0.0,azimuth_elevation
N1482,273.8424847701052,361.11544318042803,0.0,12.305,9.752,2.4169455580843784,3.1872204456636184,140.0,0.0,azimuth_elevation
N1483,297.2381578988997,340.8871229017608,0.0,12.305,9.752,2.6288147152718904,3.0148521013094443,140.0,0.0,azimuth_elevation
N1484,319.1878114669427,319.18781146694283,0.0,12.305,9.752,2.82842712474619,2.8284271247461907,140.0,0.0,azimuth_elevation
N1485,339.62671437883915,296.13913865650574,0.0,12.305,9.752,3.0148521013094447,2.6288147152718895,140.0,0.0,azimuth_elevation
N1486,358.5021733390006,271.8607796941644,0.0,12.305,9.752,3.187220445663618,2.4169455580843784,140.0,0.0,azimuth_elevation
N1487,375.7719586716623,246.46883486080904,0.0,12.305,9.752,3.3447284970188433,2.193807484997275,140.0,0.0,azimuth_elevation
N1488,391.40247382152626,220.07462543468765,0.0,12.305,9.752,3.4866418801310046,1.9604408687120694,140.0,0.0,azimuth_elevation
N1489,405.36676397457035,192.78394937883868,0.0,12.305,9.752,3.612298929298131,1.7179337721203272,140.0,0.0,azimuth_elevation
N1490,417.642466388242,164.69681937408572,0.0,12.305,9.752,3.7211137733513326,1.467416875252226,140.0,0.0,azimuth_elevation
N1491,428.20980772428436,135.90768388684936,0.0,12.305,9.752,3.8125790672566433,1.2100582035243033,140.0,0.0,azimuth_elevation
N1492,437.0497517974363,106.50610990070416,0.0,12.305,9.752,3.886268357591766,0.9470576818657872,140.0,0.0,azimuth_elevation
N1493,444.1423947450858,76.57788467404919,0.0,12.305,9.752,3.9418380708687875,0.679641540114667,140.0,0.0,azimuth_elevation
N1494,449.4656939349269,46.20647432875244,0.0,12.305,9.752,3.9790291154323794,0.40905659576813747,140.0,0.0,azimuth_elevation
N1495,452.9946023905815,15.474760072876839,0.0,12.305,9.752,3.997668089464696,0.1365644407438713,140.0,0.0,azimuth_elevation
N1496,454.70066272469825,-15.533040843113405,0.0,12.305,9.752,3.997668089464696,-0.13656444074387172,140.0,0.0,azimuth_elevation
N1497,454.5520942612427,-46.72937213669421,0.0,12.305,9.752,3.9790291154323794,-0.4090565957681361,140.0,0.0,azimuth_elevation
N1498,452.51438504936044,-78.02136162107861,0.0,12.305,9.752,3.9418380708687875,-0.6796415401146665,140.0,0.0,azimuth_elevation
N1499,448.5513777407151,-109.30897944064473,0.0,12.305,9.752,3.886268357591766,-0.9470576818657868,140.0,0.0,azimuth_elevation
N1500,442.62681577715614,-140.48343656158838,0.0,12.305,9.752,3.8125790672566433,-1.2100582035243037,140.0,0.0,azimuth_elevation
N1501,434.7062949687084,-171.42592026713257,0.0,12.305,9.752,3.7211137733513326,-1.4674168752522256,140.0,0.0,azimuth_elevation
N1502,424.7595462421808,-202.0067507706873,0.0,12.305,9.752,3.612298929298131,-1.717933772120327,140.0,0.0,azimuth_elevation
N1503,412.76295893518846,-232.08502668380177,0.0,12.305,9.752,3.4866418801310046,-1.9604408687120691,140.0,0.0,azimuth_elevation
N1534,-412.76295893518835,-232.08502668380197,0.0,12.305,9.752,-3.4866418801310037,-1.9604408687120707,140.0,0.0,azimuth_elevation
N1535,-424.7595462421809,-202.00675077068755,0.0,12.305,9.752,-3.6122989292981305,-1.7179337721203287,140.0,0.0,azimuth_elevation
N1536,-434.7062949687084,-171.42592026713257,0.0,12.305,9.752,-3.7211137733513326,-1.4674168752522256,140.0,0.0,azimuth_elevation
N1537,-442.62681577715597,-140.48343656158855,0.0,12.305,9.752,-3.8125790672566424,-1.2100582035243053,140.0,0.0,azimuth_elevation
N1538,-448.5513777407151,-109.30897944064452,0.0,12.305,9.752,-3.8862683575917663,-0.947057681865785,140.0,0.0,azimuth_elevation
N1539,-452.5143850493605,-78.02136162107873,0.0,12.305,9.752,-3.9418380708687875,-0.6796415401146674,140.0,0.0,azimuth_elevation
N1540,-454.5520942612427,-46.72937213669431,0.0,12.305,9.752,-3.9790291154323794,-0.40905659576813697,140.0,0.0,azimuth_elevation
N1541,-454.70066272469825,-15.533040843113303,0.0,12.305,9.752,-3.997668089464696,-0.13656444074387084,140.0,0.0,azimuth_elevation
N1542,-452.9946023905815,15.474760072876636,0.0,12.305,9.752,-3.997668089464696,0.13656444074386953,140.0,0.0,azimuth_elevation
N1543,-449.4656939349269,46.20647432875224,0.0,12.305,9.752,-3.9790291154323794,0.4090565957681357,140.0,0.0,azimuth_elevation
N1544,-444.1423947450859,76.57788467404909,0.0,12.305,9.752,-3.9418380708687875,0.6796415401146662,140.0,0.0,azimuth_elevation
N1545,-437.0497517974363,106.50610990070416,0.0,12.305,9.752,-3.886268357591766,0.9470576818657872,140.0,0.0,azimuth_elevation
N1546,-428.2098077242843,135.90768388684947,0.0,12.305,9.752,-3.812579067256643,1.2100582035243042,140.0,0.0,azimuth_elevation
N1547,-417.64246638824204,164.69681937408552,0.0,12.305,9.752,-3.721113773351333,1.4674168752522243,140.0,0.0,azimuth_elevation
N1548,-405.3667639745704,192.78394937883863,0.0,12.305,9.752,-3.6122989292981313,1.7179337721203267,140.0,0.0,azimuth_elevation
N1549,-391.40247382152637,220.0746254346876,0.0,12.305,9.752,-3.486641880131005,1.9604408687120685,140.0,0.0,azimuth_elevation
N1550,-375.7719586716623,246.4688348608091,0.0,12.305,9.752,-3.3447284970188433,2.1938074849972753,140.0,0.0,azimuth_elevation
N1551,-358.50217333900076,271.86077969416414,0.0,12.305,9.752,-3.1872204456636197,2.416945558084376,140.0,0.0,azimuth_elevation
N1552,-339.62671437883927,296.1391386565057,0.0,12.305,9.752,-3.0148521013094456,2.6288147152718886,140.0,0.0,azimuth_elevation
N1553,-319.18781146694283,319.18781146694266,0.0,12.305,9.752,-2.8284271247461903,2.828427124746189,140.0,0.0,azimuth_elevation
N1554,-297.23815789889994,340.8871229017605,0.0,12.305,9.752,-2.6288147152718926,3.014852101309442,140.0,0.0,azimuth_elevation
N1555,-273.84248477010544,361.11544318042786,0.0,12.305,9.752,-2.4169455580843806,3.1872204456636166,140.0,0.0,azimuth_elevation
N1556,-249.07879466593093,379.75116240579325,0.0,12.305,9.752,-2.1938074849972735,3.3447284970188442,140.0,0.0,azimuth_elevation
N1557,-223.03918558023602,396.6749407061952,0.0,12.305,9.752,-1.96044086871207,3.486641880131004,140.0,0.0,azimuth_elevation
N1558,-195.8302136364758,411.77214309616454,0.0,12.305,9.752,-1.7179337721203285,3.6122989292981305,140.0,0.0,azimuth_elevation
N1559,-167.57276323304848,424.9353594205172,0.0,12.305,9.752,-1.4674168752522292,3.7211137733513313,140.0,0.0,azimuth_elevation
N1560,-138.4014146058057,436.0669054331184,0.0,12.305,9.752,-1.2100582035243057,3.8125790672566424,140.0,0.0,azimuth_elevation
N1561,-108.46332057430776,445.08120125992565,0.0,12.305,9.752,-0.9470576818657853,3.8862683575917663,140.0,0.0,azimuth_elevation
N1562,-77.91662547766694,451.9069281869871,0.0,12.305,9.752,-0.6796415401146677,3.9418380708687875,140.0,0.0,azimuth_elevation
N1563,-46.92847909865108,456.48887368713963,0.0,12.305,9.752,-0.40905659576813724,3.9790291154323794,140.0,0.0,azimuth_elevation
N1564,-15.672715872278099,458.78938746112215,0.0,12.305,9.752,-0.13656444074387475,3.997668089464696,140.0,0.0,azimuth_elevation
N1565,0.0,475.9081044934201,0.0,12.305,9.752,0.0,4.0,140.0,0.0,azimuth_elevation
N1566,32.471560608040356,474.71741265075065,0.0,12.305,9.752,0.27296965345868396,3.9906750767621566,140.0,0.0,azimuth_elevation
N1567,64.75877702374002,471.1550934515001,0.0,12.305,9.752,0.5446665963849864,3.962743784145323,140.0,0.0,azimuth_elevation
N1568,96.68009434508255,465.25015677176464,0.0,12.305,9.752,0.8138240522105351,3.916336350729291,140.0,0.0,azimuth_elevation
N1569,128.05943224432005,457.05009955153247,0.0,12.305,9.752,1.079187084628097,3.8516691493911974,140.0,0.0,azimuth_elevation
N1570,158.72866672223614,446.61966401232985,0.0,12.305,9.752,1.3395184486839447,3.769043688475282,140.0,0.0,azimuth_elevation
N1571,188.52981758386773,434.0391724967976,0.0,12.305,9.752,1.5936043593849658,3.668845206021812,140.0,0.0,azimuth_elevation
N1572,217.3168635772963,419.4025084614283,0.0,12.305,9.752,1.8402601509246088,3.551540873609501,140.0,0.0,azimuth_elevation
N1573,244.95712320055503,402.8148277678052,0.0,12.305,9.752,2.0783358001417342,3.4176776181859543,140.0,0.0,azimuth_elevation
N1574,271.3321579302518,384.39009540265954,0.0,12.305,9.752,2.3067212884594683,3.2678795720417684,140.0,0.0,azimuth_elevation
N1575,296.33817525566485,364.24854963447063,0.0,12.305,9.752,2.5243517773042115,3.1028451628176787,140.0,0.0,azimuth_elevation
N1576,319.8859305286636,342.5141980805863,0.0,12.305,9.752,2.7302125728746165,2.9233438571124966,140.0,0.0,azimuth_elevation
N1577,341.9001483334819,319.3124480983173,0.0,12.305,9.752,2.923343857112496,2.7302125728746165,140.0,0.0,azimuth_elevation
N1578,362.3185049070005,294.76796740370685,0.0,12.305,9.752,3.102845162817679,2.524351777304211,140.0,0.0,azimuth_elevation
N1579,381.09023220051023,269.0028601303803,0.0,12.305,9.752,3.267879572041768,2.306721288459468,140.0,0.0,azimuth_elevation
N1580,398.1744206416877,242.13522911489756,0.0,12.305,9.752,3.4176776181859543,2.0783358001417342,140.0,0.0,azimuth_elevation
N1581,413.5381108127543,214.278177641785,0.0,12.305,9.752,3.551540873609501,1.8402601509246088,140.0,0.0,azimuth_elevation
N1582,427.1542735284077,185.53928394348875,0.0,12.305,9.752,3.668845206021812,1.5936043593849654,140.0,0.0,azimuth_elevation
N1583,438.99978275974564,156.02056027448458,0.0,12.305,9.752,3.769043688475282,1.339518448683945,140.0,0.0,azimuth_elevation
N1584,449.0534862744238,125.81888627977764,0.0,12.305,9.752,3.851669149391197,1.0791870846280978,140.0,0.0,azimuth_elevation
N1585,457.2944747071133,95.02688460104521,0.0,12.305,9.752,3.9163363507292916,0.8138240522105349,140.0,0.0,azimuth_elevation
N1586,463.700641190758,63.73418614380039,0.0,12.305,9.752,3.962743784145323,0.5446665963849864,140.0,0.0,azimuth_elevation
N1587,468.24761100940873,32.02901405187824,0.0,12.305,9.752,3.9906750767621566,0.2729696534586849,140.0,0.0,azimuth_elevation
N1588,470.9081044934201,2.883480514302072e-14,0.0,12.305,9.752,4.0,2.4492935982947064e-16,140.0,0.0,azimuth_elevation
N1589,471.6517772368149,-32.26186540096981,0.0,12.305,9.752,3.9906750767621566,-0.2729696534586835,140.0,0.0,azimuth_elevation
N1590,470.44556046968364,-64.66125396010546,0.0,12.305,9.752,3.962743784145323,-0.5446665963849867,140.0,0.0,azimuth_elevation
N1591,467.25450195326937,-97.09660206340895,0.0,12.305,9.752,3.9163363507292916,-0.8138240522105354,140.0,0.0,azimuth_elevation
N1592,462.0430850253096,-129.45840116611527,0.0,12.305,9.752,3.8516691493911974,-1.0791870846280964,140.0,0.0,azimuth_elevation
N1593,454.776981367897,-161.62777800687405,0.0,12.305,9.752,3.769043688475282,-1.3395184486839447,140.0,0.0,azimuth_elevation
N1594,445.4251726353608,-193.47545536302243,0.0,12.305,9.752,3.668845206021812,-1.5936043593849658,140.0,0.0,azimuth_elevation
N1595,433.96235813801536,-224.86116958891324,0.0,12.305,9.752,3.551540873609501,-1.8402601509246084,140.0,0.0,azimuth_elevation
N1627,-433.96235813801525,-224.86116958891364,0.0,12.305,9.752,-3.5515408736094995,-1.8402601509246115,140.0,0.0,azimuth_elevation
N1628,-445.42517263536087,-193.4754553630222,0.0,12.305,9.752,-3.6688452060218126,-1.593604359384964,140.0,0.0,azimuth_elevation
N1629,-454.77698136789695,-161.62777800687417,0.0,12.305,9.752,-3.7690436884752816,-1.3395184486839455,140.0,0.0,azimuth_elevation
N1630,-462.04308502530967,-129.45840116611538,0.0,12.305,9.752,-3.851669149391197,-1.079187084628097,140.0,0.0,azimuth_elevation
N1631,-467.25450195326937,-97.09660206340885,0.0,12.305,9.752,-3.9163363507292916,-0.8138240522105346,140.0,0.0,azimuth_elevation
N1632,-470.4455604696835,-64.66125396010565,0.0,12.305,9.752,-3.9627437841453226,-0.5446665963849885,140.0,0.0,azimuth_elevation
N1633,-471.651777236815,-32.261865400969604,0.0,12.305,9.752,-3.990675076762157,-0.27296965345868174,140.0,0.0,azimuth_elevation
N1634,-470.9081044934201,-7.572779887521612e-14,0.0,12.305,9.752,-4.0,-6.432490598706546e-16,140.0,0.0,azimuth_elevation
N1635,-468.24761100940873,32.029014051878136,0.0,12.305,9.752,-3.9906750767621566,0.272969653458684,140.0,0.0,azimuth_elevation
N1636,-463.70064119075806,63.7341861438005,0.0,12.305,9.752,-3.962743784145323,0.5446665963849873,140.0,0.0,azimuth_elevation
N1637,-457.2944747071134,95.02688460104504,0.0,12.305,9.752,-3.916336350729292,0.8138240522105333,140.0,0.0,azimuth_elevation
N1638,-449.05348627442385,125.81888627977743,0.0,12.305,9.752,-3.851669149391198,1.079187084628096,140.0,0.0,azimuth_elevation
N1639,-438.99978275974564,156.02056027448447,0.0,12.305,9.752,-3.769043688475282,1.3395184486839442,140.0,0.0,azimuth_elevation
N1640,-427.15427352840766,185.53928394348884,0.0,12.305,9.752,-3.6688452060218113,1.5936043593849663,140.0,0.0,azimuth_elevation
N1641,-413.53811081275444,214.27817764178468,0.0,12.305,9.752,-3.551540873609502,1.8402601509246064,140.0,0.0,azimuth_elevation
N1642,-398.17442064168773,242.13522911489738,0.0,12.305,9.752,-3.417677618185955,2.078335800141733,140.0,0.0,azimuth_elevation
N1643,-381.0902322005104,269.0028601303803,0.0,12.305,9.752,-3.267879572041769,2.306721288459468,140.0,0.0,azimuth_elevation
N1644,-362.3185049070005,294.76796740370685,0.0,12.305,9.752,-3.102845162817679,2.524351777304211,140.0,0.0,azimuth_elevation
N1645,-341.9001483334819,319.3124480983174,0.0,12.305,9.752,-2.923343857112496,2.730212572874617,140.0,0.0,azimuth_elevation
N1646,-319.88593052866383,342.51419808058614,0.0,12.305,9.752,-2.7302125728746183,2.923343857112495,140.0,0.0,azimuth_elevation
N1647,-296.3381752556649,364.2485496344705,0.0,12.305,9.752,-2.5243517773042123,3.1028451628176783,140.0,0.0,azimuth_elevation
N1648,-271.33215793025147,384.39009540265965,0.0,12.305,9.752,-2.3067212884594657,3.2678795720417697,140.0,0.0,azimuth_elevation
N1649,-244.95712320055503,402.8148277678052,0.0,12.305,9.752,-2.0783358001417342,3.4176776181859543,140.0,0.0,azimuth_elevation
N1650,-217.31686357729617,419.40250846142834,0.0,12.305,9.752,-1.840260150924608,3.5515408736095013,140.0,0.0,azimuth_elevation
N1651,-188.52981758386795,434.03917249679756,0.0,12.305,9.752,-1.5936043593849676,3.6688452060218117,140.0,0.0,azimuth_elevation
N1652,-158.72866672223628,446.6196640123298,0.0,12.305,9.752,-1.3395184486839458,3.7690436884752816,140.0,0.0,azimuth_elevation
N1653,-128.05943224432048,457.05009955153224,0.0,12.305,9.752,-1.0791870846281009,3.851669149391196,140.0,0.0,azimuth_elevation
N1654,-96.68009434508254,465.25015677176464,0.0,12.305,9.752,-0.8138240522105349,3.916336350729291,140.0,0.0,azimuth_elevation
N1655,-64.7587770237399,471.1550934515001,0.0,12.305,9.752,-0.5446665963849854,3.962743784145323,140.0,0.0,azimuth_elevation
N1656,-32.471560608040555,474.71741265075065,0.0,12.305,9.752,-0.2729696534586856,3.9906750767621566,140.0,0.0,azimuth_elevation
N1657,16.8219536464758,492.4311697002898,0.0,12.305,9.752,0.13656444074387158,3.997668089464696,140.0,0.0,azimuth_elevation
N1658,50.37083414423202,489.97380240782496,0.0,12.305,9.752,0.4090565957681369,3.9790291154323794,140.0,0.0,azimuth_elevation
N1659,83.63604794635202,485.0788811942178,0.0,12.305,9.752,0.6796415401146668,3.9418380708687875,140.0,0.0,azimuth_elevation
N1660,116.43314387835468,477.7855155959806,0.0,12.305,9.752,0.947057681865787,3.886268357591766,140.0,0.0,azimuth_elevation
N1661,148.58447974994897,468.1510984876328,0.0,12.305,9.752,1.210058203524303,3.8125790672566433,140.0,0.0,azimuth_elevation
N1662,179.921592066891,456.24983987480033,0.0,12.305,9.752,1.467416875252226,3.7211137733513326,140.0,0.0,azimuth_elevation
N1663,210.28723021954144,442.1709083869817,0.0,12.305,9.752,1.7179337721203274,3.612298929298131,140.0,0.0,azimuth_elevation
N1664,239.5369846275819,426.0162577571153,0.0,12.305,9.752,1.960440868712069,3.486641880131005,140.0,0.0,azimuth_elevation
N1665,267.54045582270237,407.8982284522176,0.0,12.305,9.752,2.1938074849972753,3.3447284970188433,140.0,0.0,azimuth_elevation
N1666,294.18193124973675,387.93702360723034,0.0,12.305,9.752,2.4169455580843784,3.1872204456636184,140.0,0.0,azimuth_elevation
N1667,319.36055781283017,366.258163119642,0.0,12.305,9.752,2.6288147152718904,3.0148521013094443,140.0,0.0,azimuth_elevation
N1668,342.99001997465496,342.99001997465507,0.0,12.305,9.752,2.82842712474619,2.8284271247461907,140.0,0.0,azimuth_elevation
N1669,364.99775459672037,318.2615385704362,0.0,12.305,9.752,3.0148521013094447,2.6288147152718895,140.0,0.0,azimuth_elevation
N1670,385.32375376580285,292.200226173796,0.0,12.305,9.752,3.187220445663618,2.416945558084379,140.0,0.0,azimuth_elevation
N1671,403.91902471808675,264.9304960175803,0.0,12.305,9.752,3.3447284970188433,2.193807484997275,140.0,0.0,azimuth_elevation
N1672,420.7437908724463,236.57242448203363,0.0,12.305,9.752,3.4866418801310046,1.9604408687120694,140.0,0.0,azimuth_elevation
N1673,435.7655292653874,207.24096596190446,0.0,12.305,9.752,3.612298929298131,1.7179337721203274,140.0,0.0,azimuth_elevation
N1674,448.956946842525,177.0456482079286,0.0,12.305,9.752,3.7211137733513326,1.467416875252226,140.0,0.0,azimuth_elevation
N1675,460.2940007787987,146.09074903099292,0.0,12.305,9.752,3.8125790672566433,1.2100582035243033,140.0,0.0,azimuth_elevation
N1676,469.7540661334913,114.4759332047509,0.0,12.305,9.752,3.886268357591766,0.9470576818657872,140.0,0.0,azimuth_elevation
N1677,477.31434775231645,82.29730714273437,0.0,12.305,9.752,3.9418380708687875,0.679641540114667,140.0,0.0,azimuth_elevation
N1678,482.9506226556123,49.64882937433343,0.0,12.305,9.752,3.9790291154323794,0.40905659576813747,140.0,0.0,azimuth_elevation
N1679,486.63638462974916,16.6239978470749,0.0,12.305,9.752,3.997668089464696,0.1365644407438713,140.0,0.0,azimuth_elevation
N1680,488.3424449638659,-16.68227861731147,0.0,12.305,9.752,3.997668089464696,-0.13656444074387172,140.0,0.0,azimuth_elevation
N1681,488.03702298192803,-50.171727182275184,0.0,12.305,9.752,3.9790291154323794,-0.4090565957681361,140.0,0.0,azimuth_elevation
N1682,485.6863380565911,-83.74078408976379,0.0,12.305,9.752,3.9418380708687875,-0.6796415401146665,140.0,0.0,azimuth_elevation
N1683,481.2556920767701,-117.27880274469148,0.0,12.305,9.752,3.886268357591766,-0.9470576818657868,140.0,0.0,azimuth_elevation
N1684,474.7110088316704,-150.66650170573195,0.0,12.305,9.752,3.8125790672566433,-1.2100582035243037,140.0,0.0,azimuth_elevation
N1685,466.02077542299133,-183.77474910097544,0.0,12.305,9.752,3.7211137733513326,-1.4674168752522256,140.0,0.0,azimuth_elevation
N1686,455.1583115329978,-216.46376735375304,0.0,12.305,9.752,3.612298929298131,-1.717933772120327,140.0,0.0,azimuth_elevation
N1719,-455.1583115329978,-216.4637673537533,0.0,12.305,9.752,-3.6122989292981305,-1.7179337721203287,140.0,0.0,azimuth_elevation
N1720,-466.02077542299133,-183.77474910097544,0.0,12.305,9.752,-3.7211137733513326,-1.4674168752522256,140.0,0.0,azimuth_elevation
N1721,-474.71100883167026,-150.66650170573212,0.0,12.305,9.752,-3.8125790672566424,-1.2100582035243053,140.0,0.0,azimuth_elevation
N1722,-481.2556920767701,-117.27880274469123,0.0,12.305,9.752,-3.8862683575917663,-0.947057681865785,140.0,0.0,azimuth_elevation
N1723,-485.6863380565912,-83.7407840897639,0.0,12.305,9.752,-3.9418380708687875,-0.6796415401146674,140.0,0.0,azimuth_elevation
N1724,-488.03702298192803,-50.17172718227529,0.0,12.305,9.752,-3.9790291154323794,-0.40905659576813697,140.0,0.0,azimuth_elevation
N1725,-488.3424449638659,-16.68227861731136,0.0,12.305,9.752,-3.997668089464696,-0.13656444074387084,140.0,0.0,azimuth_elevation
N1726,-486.63638462974916,16.623997847074687,0.0,12.305,9.752,-3.997668089464696,0.13656444074386953,140.0,0.0,azimuth_elevation
N1727,-482.9506226556122,49.64882937433321,0.0,12.305,9.752,-3.9790291154323794,0.4090565957681357,140.0,0.0,azimuth_elevation
N1728,-477.3143477523165,82.29730714273427,0.0,12.305,9.752,-3.9418380708687875,0.6796415401146662,140.0,0.0,azimuth_elevation
N1729,-469.7540661334913,114.4759332047509,0.0,12.305,9.752,-3.886268357591766,0.9470576818657872,140.0,0.0,azimuth_elevation
N1730,-460.29400077879865,146.09074903099304,0.0,12.305,9.752,-3.812579067256643,1.2100582035243042,140.0,0.0,azimuth_elevation
N1731,-448.95694684252504,177.04564820792837,0.0,12.305,9.752,-3.721113773351333,1.4674168752522243,140.0,0.0,azimuth_elevation
N1732,-435.76552926538744,207.24096596190438,0.0,12.305,9.752,-3.6122989292981313,1.7179337721203267,140.0,0.0,azimuth_elevation
N1733,-420.74379087244637,236.57242448203354,0.0,12.305,9.752,-3.486641880131005,1.9604408687120687,140.0,0.0,azimuth_elevation
N1734,-403.91902471808675,264.93049601758037,0.0,12.305,9.752,-3.3447284970188433,2.1938074849972753,140.0,0.0,azimuth_elevation
N1735,-385.323753765803,292.20022617379567,0.0,12.305,9.752,-3.1872204456636197,2.416945558084376,140.0,0.0,azimuth_elevation
N1736,-364.9977545967205,318.2615385704361,0.0,12.305,9.752,-3.0148521013094456,2.6288147152718886,140.0,0.0,azimuth_elevation
N1737,-342.9900199746551,342.99001997465496,0.0,12.305,9.752,-2.8284271247461907,2.8284271247461894,140.0,0.0,azimuth_elevation
N1738,-319.36055781283045,366.2581631196418,0.0,12.305,9.752,-2.6288147152718926,3.014852101309442,140.0,0.0,azimuth_elevation
N1739,-294.181931249737,387.9370236072301,0.0,12.305,9.752,-2.41694555808438,3.1872204456636166,140.0,0.0,azimuth_elevation
N1740,-267.54045582270214,407.8982284522177,0.0,12.305,9.752,-2.1938074849972735,3.3447284970188442,140.0,0.0,azimuth_elevation
N1741,-239.53698462758203,426.01625775711517,0.0,12.305,9.752,-1.96044086871207,3.486641880131004,140.0,0.0,azimuth_elevation
N1742,-210.28723021954153,442.1709083869816,0.0,12.305,9.752,-1.7179337721203283,3.6122989292981305,140.0,0.0,azimuth_elevation
N1743,-179.9215920668914,456.24983987480016,0.0,12.305,9.752,-1.4674168752522294,3.7211137733513313,140.0,0.0,azimuth_elevation
N1744,-148.5844797499493,468.15109848763274,0.0,12.305,9.752,-1.2100582035243057,3.8125790672566424,140.0,0.0,azimuth_elevation
N1745,-116.43314387835446,477.78551559598066,0.0,12.305,9.752,-0.9470576818657852,3.8862683575917663,140.0,0.0,azimuth_elevation
N1746,-83.63604794635212,485.07888119421784,0.0,12.305,9.752,-0.6796415401146676,3.9418380708687875,140.0,0.0,azimuth_elevation
N1747,-50.37083414423208,489.973802407825,0.0,12.305,9.752,-0.4090565957681373,3.9790291154323794,140.0,0.0,azimuth_elevation
N1748,-16.82195364647619,492.4311697002898,0.0,12.305,9.752,-0.13656444074387472,3.997668089464696,140.0,0.0,azimuth_elevation
N1749,0.0,509.5695105794591,0.0,12.305,9.752,0.0,4.0,140.0,0.0,azimuth_elevation
N1750,34.768696196599876,508.30034622983214,0.0,12.305,9.752,0.2729696534586839,3.9906750767621566,140.0,0.0,azimuth_elevation
N1751,69.34233789434397,504.5029753847607,0.0,12.305,9.752,0.5446665963849865,3.962743784145323,140.0,0.0,azimuth_elevation
N1752,103.52870982109371,498.20750383961837,0.0,12.305,9.752,0.8138240522105351,3.9163363507292916,140.0,0.0,azimuth_elevation
N1753,137.14117091893874,489.46324938821374,0.0,12.305,9.752,1.079187084628097,3.8516691493911974,140.0,0.0,azimuth_elevation
N1754,170.00118533745896,478.33749155077703,0.0,12.305,9.752,1.3395184486839447,3.769043688475282,140.0,0.0,azimuth_elevation
N1755,201.9405584543026,464.91379458347706,0.0,12.305,9.752,1.593604359384966,3.668845206021812,140.0,0.0,azimuth_elevation
N1756,232.80329963835345,449.28997335586206,0.0,12.305,9.752,1.8402601509246088,3.551540873609501,140.0,0.0,azimuth_elevation
N1757,262.44704953848594,431.57578631203614,0.0,12.305,9.752,2.0783358001417342,3.4176776181859543,140.0,0.0,azimuth_elevation
N1758,290.74402843478805,411.8904507313518,0.0,12.305,9.752,2.3067212884594683,3.2678795720417684,140.0,0.0,azimuth_elevation
N1759,317.58148282562763,390.36008239639756,0.0,12.305,9.752,2.5243517773042115,3.102845162817679,140.0,0.0,azimuth_elevation
N1760,342.8616290578491,367.1151642564342,0.0,12.305,9.752,2.7302125728746165,2.9233438571124966,140.0,0.0,azimuth_elevation
N1761,366.50111450932974,342.2881466275027,0.0,12.305,9.752,2.923343857112496,2.7302125728746165,140.0,0.0,azimuth_elevation
N1762,388.4300376689274,316.0112749736697,0.0,12.305,9.752,3.102845162817679,2.524351777304211,140.0,0.0,azimuth_elevation
N1763,408.59058752920254,288.4147306349167,0.0,12.305,9.752,3.267879572041768,2.3067212884594683,140.0,0.0,azimuth_elevation
N1764,426.9353791859187,259.6251554528285,0.0,12.305,9.752,3.4176776181859543,2.0783358001417342,140.0,0.0,azimuth_elevation
N1765,443.4255757071881,229.76461370284215,0.0,12.305,9.752,3.551540873609501,1.8402601509246088,140.0,0.0,azimuth_elevation
N1766,458.02889561508715,198.9500248139236,0.0,12.305,9.752,3.668845206021812,1.5936043593849654,140.0,0.0,azimuth_elevation
N1767,470.71761029819277,167.2930788897074,0.0,12.305,9.752,3.7690436884752816,1.339518448683945,140.0,0.0,azimuth_elevation
N1768,481.4666361111051,134.90062495439636,0.0,12.305,9.752,3.851669149391197,1.0791870846280978,140.0,0.0,azimuth_elevation
N1769,490.251821774967,101.87550007705639,0.0,12.305,9.752,3.9163363507292916,0.813824052210535,140.0,0.0,azimuth_elevation
N1770,497.0485231240186,68.31774701440432,0.0,12.305,9.752,3.962743784145323,0.5446665963849864,140.0,0.0,azimuth_elevation
N1771,501.8305445884903,34.326149640437784,0.0,12.305,9.752,3.9906750767621566,0.2729696534586849,140.0,0.0,azimuth_elevation
N1772,504.5695105794591,3.089597180392406e-14,0.0,12.305,9.752,4.0,2.4492935982947064e-16,140.0,0.0,azimuth_elevation
N1773,505.23471081589634,-34.55900098952933,0.0,12.305,9.752,3.9906750767621566,-0.2729696534586835,140.0,0.0,azimuth_elevation
N1774,503.7934424029443,-69.24481483070939,0.0,12.305,9.752,3.962743784145323,-0.5446665963849867,140.0,0.0,azimuth_elevation
N1775,500.211849021123,-103.9452175394201,0.0,12.305,9.752,3.9163363507292916,-0.8138240522105354,140.0,0.0,azimuth_elevation
N1776,494.4562348619911,-138.540139840734,0.0,12.305,9.752,3.8516691493911974,-1.0791870846280964,140.0,0.0,azimuth_elevation
N1777,486.4948089063441,-172.90029662209682,0.0,12.305,9.752,3.769043688475282,-1.3395184486839447,140.0,0.0,azimuth_elevation
N1778,476.29979472204025,-206.8861962334573,0.0,12.305,9.752,3.668845206021812,-1.5936043593849658,140.0,0.0,azimuth_elevation
N1811,-463.849823032449,-240.34760564997083,0.0,12.305,9.752,-3.5515408736094995,-1.8402601509246115,140.0,0.0,azimuth_elevation
N1812,-476.2997947220403,-206.88619623345707,0.0,12.305,9.752,-3.6688452060218126,-1.593604359384964,140.0,0.0,azimuth_elevation
N1813,-486.494808906344,-172.90029662209693,0.0,12.305,9.752,-3.7690436884752816,-1.3395184486839455,140.0,0.0,azimuth_elevation
N1814,-494.45623486199105,-138.54013984073413,0.0,12.305,9.752,-3.851669149391197,-1.0791870846280973,140.0,0.0,azimuth_elevation
N1815,-500.211849021123,-103.94521753941999,0.0,12.305,9.752,-3.9163363507292916,-0.8138240522105346,140.0,0.0,azimuth_elevation
N1816,-503.79344240294427,-69.24481483070961,0.0,12.305,9.752,-3.9627437841453226,-0.5446665963849885,140.0,0.0,azimuth_elevation
N1817,-505.2347108158964,-34.5590009895291,0.0,12.305,9.752,-3.990675076762157,-0.27296965345868174,140.0,0.0,azimuth_elevation
N1818,-504.5695105794591,-8.114096582990835e-14,0.0,12.305,9.752,-4.0,-6.432490598706546e-16,140.0,0.0,azimuth_elevation
N1819,-501.8305445884903,34.32614964043767,0.0,12.305,9.752,-3.9906750767621566,0.272969653458684,140.0,0.0,azimuth_elevation
N1820,-497.0485231240186,68.31774701440443,0.0,12.305,9.752,-3.962743784145323,0.5446665963849873,140.0,0.0,azimuth_elevation
N1821,-490.2518217749671,101.87550007705617,0.0,12.305,9.752,-3.916336350729292,0.8138240522105333,140.0,0.0,azimuth_elevation
N1822,-481.4666361111051,134.90062495439614,0.0,12.305,9.752,-3.8516691493911974,1.079187084628096,140.0,0.0,azimuth_elevation
N1823,-470.7176102981928,167.2930788897073,0.0,12.305,9.752,-3.769043688475282,1.3395184486839442,140.0,0.0,azimuth_elevation
N1824,-458.0288956150871,198.9500248139237,0.0,12.305,9.752,-3.6688452060218117,1.5936043593849663,140.0,0.0,azimuth_elevation
N1825,-443.4255757071882,229.76461370284184,0.0,12.305,9.752,-3.551540873609502,1.8402601509246064,140.0,0.0,azimuth_elevation
N1826,-426.93537918591875,259.62515545282827,0.0,12.305,9.752,-3.417677618185955,2.078335800141733,140.0,0.0,azimuth_elevation
N1827,-408.59058752920265,288.4147306349166,0.0,12.305,9.752,-3.267879572041769,2.306721288459468,140.0,0.0,azimuth_elevation
N1828,-388.4300376689274,316.0112749736697,0.0,12.305,9.752,-3.102845162817679,2.524351777304211,140.0,0.0,azimuth_elevation
N1829,-366.50111450932974,342.2881466275028,0.0,12.305,9.752,-2.923343857112496,2.730212572874617,140.0,0.0,azimuth_elevation
N1830,-342.86162905784926,367.11516425643396,0.0,12.305,9.752,-2.730212572874618,2.923343857112495,140.0,0.0,azimuth_elevation
N1831,-317.58148282562775,390.36008239639744,0.0,12.305,9.752,-2.5243517773042123,3.1028451628176783,140.0,0.0,azimuth_elevation
N1832,-290.74402843478777,411.89045073135196,0.0,12.305,9.752,-2.306721288459466,3.2678795720417697,140.0,0.0,azimuth_elevation
N1833,-262.44704953848594,431.57578631203614,0.0,12.305,9.752,-2.0783358001417342,3.4176776181859543,140.0,0.0,azimuth_elevation
N1834,-232.80329963835334,449.2899733558621,0.0,12.305,9.752,-1.840260150924608,3.5515408736095013,140.0,0.0,azimuth_elevation
N1835,-201.94055845430282,464.91379458347694,0.0,12.305,9.752,-1.5936043593849678,3.6688452060218113,140.0,0.0,azimuth_elevation
N1836,-170.0011853374591,478.337491550777,0.0,12.305,9.752,-1.3395184486839458,3.7690436884752816,140.0,0.0,azimuth_elevation
N1837,-137.14117091893922,489.46324938821357,0.0,12.305,9.752,-1.0791870846281009,3.851669149391196,140.0,0.0,azimuth_elevation
N1838,-103.52870982109368,498.20750383961837,0.0,12.305,9.752,-0.8138240522105349,3.9163363507292916,140.0,0.0,azimuth_elevation
N1839,-69.34233789434384,504.5029753847607,0.0,12.305,9.752,-0.5446665963849855,3.962743784145323,140.0,0.0,azimuth_elevation
N1840,-34.7686961966001,508.30034622983214,0.0,12.305,9.752,-0.2729696534586856,3.9906750767621566,140.0,0.0,azimuth_elevation
N1841,9.274518025515093,543.1466379812772,0.0,12.305,9.752,0.06829217429989887,3.9994169798771164,140.0,0.0,azimuth_elevation
N1842,27.810653957208906,542.4726552253517,0.0,12.305,9.752,0.20479689727933223,3.9947538385818917,140.0,0.0,azimuth_elevation
N1843,46.308135138117294,541.1260038178175,0.0,12.305,9.752,0.3410628362375841,3.9854329930056,140.0,0.0,azimuth_elevation
N1844,64.7413433442735,539.1093037100605,0.0,12.305,9.752,0.4769311111853243,3.9714653108372397,140.0,0.0,azimuth_elevation
N1845,83.08488632134303,536.4264642717128,0.0,12.305,9.752,0.6122433057916707,3.9528670777694113,140.0,0.0,azimuth_elevation
N1846,101.31368529806855,533.0826598606768,0.0,12.305,9.752,0.746841652090545,3.929659978509931,140.0,0.0,azimuth_elevation
N1847,119.40305966246086,529.0842976453275,0.0,12.305,9.752,0.8805692144310624,3.9018710714984244,140.0,0.0,azimuth_elevation
N1848,137.32880804272338,524.4389780124129,0.0,12.305,9.752,1.013270072457482,3.8695327573574065,140.0,0.0,azimuth_elevation
N1849,155.06728507359188,519.1554479707548,0.0,12.305,9.752,1.144789502905365,3.8326827411145956,140.0,0.0,azimuth_elevation
N1850,172.5954731752144,513.2435480330258,0.0,12.305,9.752,1.2749741600019833,3.791363988240543,140.0,0.0,azimuth_elevation
N1851,189.89104872538425,506.71415312484106,0.0,12.305,9.752,1.4036722542606273,3.745624674552816,140.0,0.0,azimuth_elevation
N1852,206.93244206630237,499.5791081314519,0.0,12.305,9.752,1.5307337294603591,3.695518130045147,140.0,0.0,azimuth_elevation
N1853,223.6988908534303,491.8511587467813,0.0,12.305,9.752,1.6560104376048543,3.6411027767070485,140.0,0.0,azimuth_elevation
N1854,240.17048632569544,483.54387833683325,0.0,12.305,9.752,1.7793563116563371,3.5824420604063865,140.0,0.0,azimuth_elevation
N1855,256.3282121525527,474.67159156909764,0.0,12.305,9.752,1.9006275358432145,3.519604376914336,140.0,0.0,azimuth_elevation
N1856,272.15397559337123,465.2492955910479,0.0,12.305,9.752,2.0196827133428314,3.452662992158971,140.0,0.0,azimuth_elevation
N1857,287.6306307874491,455.2925795638358,0.0,12.305,9.752,2.1363830311438408,3.3816959568004714,140.0,0.0,azimuth_elevation
N1858,302.74199407776376,444.81754337157605,0.0,12.305,9.752,2.2505924218959654,3.3067860152275435,140.0,0.0,azimuth_elevation
N1859,317.47285135743346,433.8407163320098,0.0,12.305,9.752,2.3621777225584433,3.2280205090811624,140.0,0.0,azimuth_elevation
N1860,331.8089575138709,422.37897673079397,0.0,12.305,9.752,2.471008829662174,3.14549127541813,140.0,0.0,azimuth_elevation
N1861,345.73702813082787,410.449472989189,0.0,12.305,9.752,2.5769588510045454,3.0592945396331706,140.0,0.0,azimuth_elevation
N1862,359.2447236920339,398.06954725365136,0.0,12.305,9.752,2.679904253600066,2.969530803264427,140.0,0.0,azimuth_elevation
N1863,372.3206266110268,385.2566621659877,0.0,12.305,9.752,2.7797250077142985,2.8763047268131627,140.0,0.0,azimuth_elevation
N1864,384.95421148918604,372.02833153461563,0.0,12.305,9.752,2.8763047268131627,2.7797250077142985,140.0,0.0,azimuth_elevation
N1865,397.1358090770531,358.40205558148136,0.0,12.305,9.752,2.969530803264427,2.679904253600066,140.0,0.0,azimuth_elevation
N1866,408.8565644819936,344.3952613858221,0.0,12.305,9.752,3.0592945396331706,2.5769588510045454,140.0,0.0,azimuth_elevation
N1867,420.1083902273506,330.0252490857575,0.0,12.305,9.752,3.14549127541813,2.471008829662174,140.0,0.0,azimuth_elevation
N1868,430.88391482379933,315.309144332316,0.0,12.305,9.752,3.2280205090811624,2.362177722558443,140.0,0.0,azimuth_elevation
N1869,441.1764275620296,300.2638574186408,0.0,12.305,9.752,3.306786015227543,2.250592421895966,140.0,0.0,azimuth_elevation
N1870,450.9798202765982,284.9060494305315,0.0,12.305,9.752,3.381695956800471,2.1363830311438408,140.0,0.0,azimuth_elevation
N1871,460.28852686339224,269.25210568400223,0.0,12.305,9.752,3.452662992158971,2.0196827133428314,140.0,0.0,azimuth_elevation
N1872,469.09746135721053,253.31811663199406,0.0,12.305,9.752,3.519604376914336,1.9006275358432143,140.0,0.0,azimuth_elevation
N1873,477.4019553912846,237.11986633670693,0.0,12.305,9.752,3.5824420604063865,1.7793563116563371,140.0,0.0,azimuth_elevation
N1874,485.1976958668674,220.67282851708543,0.0,12.305,9.752,3.6411027767070485,1.6560104376048546,140.0,0.0,azimuth_elevation
N1875,492.48066365830636,203.99217009377315,0.0,12.305,9.752,3.695518130045147,1.5307337294603593,140.0,0.0,azimuth_elevation
N1876,499.24707416722345,187.09276206724954,0.0,12.305,9.752,3.745624674552816,1.403672254260627,140.0,0.0,azimuth_elevation
N1877,505.49332051869885,169.98919747983106,0.0,12.305,9.752,3.7913639882405428,1.2749741600019837,140.0,0.0,azimuth_elevation
N1878,511.2159201628754,152.695816129663,0.0,12.305,9.752,3.832682741114595,1.1447895029053652,140.0,0.0,azimuth_elevation
N1879,516.4114656074574,135.22673562564498,0.0,12.305,9.752,3.8695327573574057,1.0132700724574821,140.0,0.0,azimuth_elevation
N1880,521.0765799605709,117.59588829727686,0.0,12.305,9.752,3.9018710714984244,0.8805692144310625,140.0,0.0,azimuth_elevation
N1881,525.2078779098222,99.81706340350485,0.0,12.305,9.752,3.92965997850993,0.7468416520905456,140.0,0.0,azimuth_elevation
N1882,528.8019327027171,81.90395402054091,0.0,12.305,9.752,3.9528670777694117,0.6122433057916702,140.0,0.0,azimuth_elevation
N1883,531.8552496264914,63.870207931045925,0.0,12.305,9.752,3.9714653108372397,0.47693111118532405,140.0,0.0,azimuth_elevation
N1884,534.364246412563,45.72948178661601,0.0,12.305,9.752,3.9854329930056003,0.3410628362375843,140.0,0.0,azimuth_elevation
N1885,536.3252409129849,27.495497772789236,0.0,12.305,9.752,3.9947538385818913,0.20479689727933217,140.0,0.0,azimuth_elevation
N1886,537.7344463143085,9.182101971244052,0.0,12.305,9.752,3.999416979877116,0.06829217429989931,140.0,0.0,azimuth_elevation
N1887,538.5879740689576,-9.196676412089516,0.0,12.305,9.752,3.999416979877116,-0.06829217429989794,140.0,0.0,azimuth_elevation
N1888,538.8818446365359,-27.626565801336927,0.0,12.305,9.752,3.994753838581892,-0.2047968972793326,140.0,0.0,azimuth_elevation
N1889,538.6120060382796,-46.09299384368602,0.0,12.305,9.752,3.9854329930055994,-0.3410628362375838,140.0,0.0,azimuth_elevation
N1890,537.7743601381527,-64.58103069609746,0.0,12.305,9.752,3.97146531083724,-0.47693111118532444,140.0,0.0,azimuth_elevation
N1891,536.3647964747439,-83.07533485018695,0.0,12.305,9.752,3.9528670777694113,-0.6122433057916706,140.0,0.0,azimuth_elevation
N1892,534.3792333801488,-101.56010232005886,0.0,12.305,9.752,3.929659978509931,-0.7468416520905443,140.0,0.0,azimuth_elevation
N1893,531.8136660363231,-120.01901998916361,0.0,12.305,9.752,3.901871071498424,-0.8805692144310628,140.0,0.0,azimuth_elevation
N1894,528.664221036908,-138.43522387482616,0.0,12.305,9.752,3.8695327573574057,-1.0132700724574817,140.0,0.0,azimuth_elevation
N1895,524.9272169441084,-156.79126302329516,0.0,12.305,9.752,3.832682741114595,-1.1447895029053645,140.0,0.0,azimuth_elevation
N1896,520.5992302567263,-175.0690696944334,0.0,12.305,9.752,3.791363988240543,-1.2749741600019833,140.0,0.0,azimuth_elevation
N1897,515.6771661376727,-193.2499364340654,0.0,12.305,9.752,3.745624674552816,-1.4036722542606266,140.0,0.0,azimuth_elevation
N1898,510.15833318797,-211.3145005641095,0.0,12.305,9.752,3.695518130045147,-1.5307337294603596,140.0,0.0,azimuth_elevation
N1966,-504.04052150005134,-229.2427365466362,0.0,12.305,9.752,-3.641102776707048,-1.656010437604855,140.0,0.0,azimuth_elevation
N1967,-510.1583331879701,-211.31450056410927,0.0,12.305,9.752,-3.6955181300451474,-1.530733729460358,140.0,0.0,azimuth_elevation
N1968,-515.6771661376727,-193.24993643406552,0.0,12.305,9.752,-3.745624674552816,-1.4036722542606275,140.0,0.0,azimuth_elevation
N1969,-520.5992302567262,-175.0690696944336,0.0,12.305,9.752,-3.7913639882405423,-1.2749741600019848,140.0,0.0,azimuth_elevation
N1970,-524.9272169441083,-156.79126302329564,0.0,12.305,9.752,-3.8326827411145943,-1.144789502905368,140.0,0.0,azimuth_elevation
N1971,-528.664221036908,-138.43522387482628,0.0,12.305,9.752,-3.8695327573574057,-1.0132700724574826,140.0,0.0,azimuth_elevation
N1972,-531.813666036323,-120.01901998916334,0.0,12.305,9.752,-3.901871071498424,-0.8805692144310611,140.0,0.0,azimuth_elevation
N1973,-534.3792333801488,-101.56010232005896,0.0,12.305,9.752,-3.929659978509931,-0.7468416520905451,140.0,0.0,azimuth_elevation
N1974,-536.3647964747438,-83.07533485018716,0.0,12.305,9.752,-3.9528670777694113,-0.6122433057916723,140.0,0.0,azimuth_elevation
N1975,-537.7743601381526,-64.58103069609781,0.0,12.305,9.752,-3.9714653108372393,-0.4769311111853271,140.0,0.0,azimuth_elevation
N1976,-538.6120060382796,-46.09299384368614,0.0,12.305,9.752,-3.9854329930055994,-0.3410628362375847,140.0,0.0,azimuth_elevation
N1977,-538.8818446365359,-27.626565801336685,0.0,12.305,9.752,-3.994753838581892,-0.20479689727933081,140.0,0.0,azimuth_elevation
N1978,-538.5879740689576,-9.196676412089635,0.0,12.305,9.752,-3.999416979877116,-0.06829217429989883,140.0,0.0,azimuth_elevation
N1979,-537.7344463143085,9.182101971243814,0.0,12.305,9.752,-3.999416979877116,0.06829217429989753,140.0,0.0,azimuth_elevation
N1980,-536.325240912985,27.495497772788884,0.0,12.305,9.752,-3.9947538385818913,0.2047968972793295,140.0,0.0,azimuth_elevation
N1981,-534.364246412563,45.72948178661589,0.0,12.305,9.752,-3.9854329930056003,0.34106283623758343,140.0,0.0,azimuth_elevation
N1982,-531.8552496264913,63.87020793104615,0.0,12.305,9.752,-3.9714653108372397,0.47693111118532583,140.0,0.0,azimuth_elevation
N1983,-528.8019327027168,81.90395402054101,0.0,12.305,9.752,-3.952867077769411,0.6122433057916711,140.0,0.0,azimuth_elevation
N1984,-525.2078779098223,99.81706340350462,0.0,12.305,9.752,-3.929659978509931,0.7468416520905439,140.0,0.0,azimuth_elevation
N1985,-521.0765799605712,117.59588829727653,0.0,12.305,9.752,-3.9018710714984253,0.8805692144310598,140.0,0.0,azimuth_elevation
N1986,-516.4114656074574,135.22673562564486,0.0,12.305,9.752,-3.8695327573574057,1.0132700724574812,140.0,0.0,azimuth_elevation
N1987,-511.2159201628755,152.69581612966277,0.0,12.305,9.752,-3.8326827411145956,1.1447895029053634,140.0,0.0,azimuth_elevation
N1988,-505.49332051869885,169.98919747983106,0.0,12.305,9.752,-3.7913639882405428,1.2749741600019837,140.0,0.0,azimuth_elevation
N1989,-499.2470741672236,187.09276206724948,0.0,12.305,9.752,-3.7456246745528166,1.4036722542606264,140.0,0.0,azimuth_elevation
N1990,-492.48066365830647,203.9921700937728,0.0,12.305,9.752,-3.695518130045148,1.5307337294603567,140.0,0.0,azimuth_elevation
N1991,-485.19769586686755,220.6728285170854,0.0,12.305,9.752,-3.641102776707049,1.656010437604854,140.0,0.0,azimuth_elevation
N1992,-477.40195539128473,237.11986633670674,0.0,12.305,9.752,-3.5824420604063874,1.7793563116563356,140.0,0.0,azimuth_elevation
N1993,-469.0974613572105,253.31811663199414,0.0,12.305,9.752,-3.5196043769143355,1.900627535843215,140.0,0.0,azimuth_elevation
N1994,-460.2885268633922,269.25210568400206,0.0,12.305,9.752,-3.4526629921589715,2.0196827133428306,140.0,0.0,azimuth_elevation
N1995,-450.9798202765984,284.9060494305312,0.0,12.305,9.752,-3.3816959568004723,2.1363830311438385,140.0,0.0,azimuth_elevation
N1996,-441.1764275620296,300.2638574186407,0.0,12.305,9.752,-3.306786015227543,2.2505924218959654,140.0,0.0,azimuth_elevation
N1997,-430.88391482379956,315.30914433231595,0.0,12.305,9.752,-3.2280205090811633,2.362177722558442,140.0,0.0,azimuth_elevation
N1998,-420.1083902273505,330.0252490857576,0.0,12.305,9.752,-3.1454912754181295,2.4710088296621744,140.0,0.0,azimuth_elevation
N1999,-408.85656448199364,344.39526138582204,0.0,12.305,9.752,-3.059294539633171,2.576958851004545,140.0,0.0,azimuth_elevation
N2000,-397.13580907705335,358.4020555814811,0.0,12.305,9.752,-2.969530803264429,2.6799042536000637,140.0,0.0,azimuth_elevation
N2001,-384.95421148918604,372.02833153461563,0.0,12.305,9.752,-2.8763047268131627,2.7797250077142985,140.0,0.0,azimuth_elevation
N2002,-372.3206266110269,385.25666216598756,0.0,12.305,9.752,-2.7797250077142994,2.876304726813162,140.0,0.0,azimuth_elevation
N2003,-359.24472369203414,398.069547253651,0.0,12.305,9.752,-2.679904253600068,2.9695308032644254,140.0,0.0,azimuth_elevation
N2004,-345.7370281308281,410.449472989189,0.0,12.305,9.752,-2.5769588510045462,3.05929453963317,140.0,0.0,azimuth_elevation
N2005,-331.80895751387106,422.37897673079374,0.0,12.305,9.752,-2.4710088296621757,3.1454912754181286,140.0,0.0,azimuth_elevation
N2006,-317.47285135743346,433.8407163320098,0.0,12.305,9.752,-2.3621777225584433,3.2280205090811624,140.0,0.0,azimuth_elevation
N2007,-302.741994077764,444.8175433715759,0.0,12.305,9.752,-2.250592421895967,3.306786015227542,140.0,0.0,azimuth_elevation
N2008,-287.6306307874494,455.29257956383543,0.0,12.305,9.752,-2.1363830311438434,3.3816959568004696,140.0,0.0,azimuth_elevation
N2009,-272.1539755933713,465.24929559104766,0.0,12.305,9.752,-2.0196827133428323,3.45266299215897,140.0,0.0,azimuth_elevation
N2010,-256.32821215255296,474.6715915690975,0.0,12.305,9.752,-1.9006275358432168,3.5196043769143346,140.0,0.0,azimuth_elevation
N2011,-240.17048632569586,483.5438783368331,0.0,12.305,9.752,-1.7793563116563402,3.582442060406385,140.0,0.0,azimuth_elevation
N2012,-223.69889085343,491.85115874678144,0.0,12.305,9.752,-1.6560104376048521,3.6411027767070494,140.0,0.0,azimuth_elevation
N2013,-206.93244206630226,499.57910813145196,0.0,12.305,9.752,-1.5307337294603582,3.6955181300451474,140.0,0.0,azimuth_elevation
N2014,-189.8910487253843,506.714153124841,0.0,12.305,9.752,-1.4036722542606277,3.7456246745528157,140.0,0.0,azimuth_elevation
N2015,-172.5954731752147,513.2435480330257,0.0,12.305,9.752,-1.2749741600019853,3.7913639882405428,140.0,0.0,azimuth_elevation
N2016,-155.06728507359185,519.1554479707548,0.0,12.305,9.752,-1.1447895029053647,3.8326827411145956,140.0,0.0,azimuth_elevation
N2017,-137.3288080427235,524.4389780124128,0.0,12.305,9.752,-1.0132700724574828,3.8695327573574057,140.0,0.0,azimuth_elevation
N2018,-119.40305966246122,529.0842976453275,0.0,12.305,9.752,-0.8805692144310648,3.9018710714984235,140.0,0.0,azimuth_elevation
N2019,-101.31368529806858,533.0826598606765,0.0,12.305,9.752,-0.7468416520905455,3.92965997850993,140.0,0.0,azimuth_elevation
N2020,-83.08488632134329,536.4264642717127,0.0,12.305,9.752,-0.6122433057916727,3.9528670777694113,140.0,0.0,azimuth_elevation
N2021,-64.7413433442739,539.1093037100602,0.0,12.305,9.752,-0.4769311111853274,3.971465310837239,140.0,0.0,azimuth_elevation
N2022,-46.30813513811695,541.1260038178176,0.0,12.305,9.752,-0.34106283623758155,3.9854329930056003,140.0,0.0,azimuth_elevation
N2023,-27.810653957208764,542.4726552253517,0.0,12.305,9.752,-0.20479689727933117,3.9947538385818917,140.0,0.0,azimuth_elevation
N2024,-9.274518025515134,543.1466379812772,0.0,12.305,9.752,-0.06829217429989916,3.9994169798771164,140.0,0.0,azimuth_elevation
N2025,0.0,576.892322751537,0.0,12.305,9.752,0.0,4.0,140.0,0.0,azimuth_elevation
N2026,19.695048081970967,576.535625298209,0.0,12.305,9.752,0.13656444074387158,3.9976680894646965,140.0,0.0,azimuth_elevation
N2027,39.36296737371892,575.4662133879949,0.0,12.305,9.752,0.2729696534586839,3.9906750767621566,140.0,0.0,azimuth_elevation
N2028,58.97672175818448,573.6861242095384,0.0,12.305,9.752,0.4090565957681369,3.979029115432379,140.0,0.0,azimuth_elevation
N2029,78.50945963555182,571.1987392512818,0.0,12.305,9.752,0.5446665963849865,3.9627437841453226,140.0,0.0,azimuth_elevation
N2030,97.93460411806498,568.0087637122945,0.0,12.305,9.752,0.6796415401146668,3.9418380708687875,140.0,0.0,azimuth_elevation
N2031,117.22594077311602,564.1221979753258,0.0,12.305,9.752,0.813824052210535,3.9163363507292916,140.0,0.0,azimuth_elevation
N2032,136.3577021384715,559.546301436118,0.0,12.305,9.752,0.9470576818657871,3.886268357591766,140.0,0.0,azimuth_elevation
N2033,155.3046482681762,554.2895490615765,0.0,12.305,9.752,1.079187084628097,3.8516691493911974,140.0,0.0,azimuth_elevation
N2034,174.04214261030793,548.3615811239188,0.0,12.305,9.752,1.210058203524303,3.8125790672566433,140.0,0.0,azimuth_elevation
N2035,192.54622256790455,541.7731466276714,0.0,12.305,9.752,1.3395184486839447,3.7690436884752825,140.0,0.0,azimuth_elevation
N2036,210.79366415149815,534.5360410105077,0.0,12.305,9.752,1.4674168752522259,3.7211137733513326,140.0,0.0,azimuth_elevation
N2037,228.7620401951722,526.6630387568357,0.0,12.305,9.752,1.5936043593849658,3.6688452060218117,140.0,0.0,azimuth_elevation
N2038,246.4297716772059,518.1678216140243,0.0,12.305,9.752,1.7179337721203276,3.612298929298131,140.0,0.0,azimuth_elevation
N2039,263.7761717604677,509.06490314472956,0.0,12.305,9.752,1.8402601509246086,3.551540873609501,140.0,0.0,azimuth_elevation
N2040,280.78148224594685,499.36955038441545,0.0,12.305,9.752,1.9604408687120687,3.486641880131005,140.0,0.0,azimuth_elevation
N2041,297.42690221434776,489.09770340049806,0.0,12.305,9.752,2.0783358001417342,3.4176776181859543,140.0,0.0,azimuth_elevation
N2042,313.6946087146306,478.26589356827884,0.0,12.305,9.752,2.1938074849972753,3.344728497018843,140.0,0.0,azimuth_elevation
N2043,329.56776944386064,466.89116138873635,0.0,12.305,9.752,2.3067212884594683,3.2678795720417684,140.0,0.0,azimuth_elevation
N2044,345.03054744881564,454.990974674236,0.0,12.305,9.752,2.416945558084378,3.1872204456636184,140.0,0.0,azimuth_elevation
N2045,360.0680979655532,442.5831479202512,0.0,12.305,9.752,2.5243517773042115,3.1028451628176787,140.0,0.0,azimuth_elevation
N2046,374.66655759765644,429.6857636643452,0.0,12.305,9.752,2.6288147152718904,3.0148521013094443,140.0,0.0,azimuth_elevation
N2047,388.8130261162199,416.3170966081297,0.0,12.305,9.752,2.7302125728746165,2.9233438571124966,140.0,0.0,azimuth_elevation
N2048,402.49554124393563,402.49554124393575,0.0,12.305,9.752,2.82842712474619,2.8284271247461907,140.0,0.0,azimuth_elevation
N2049,415.70304686102526,388.2395436858735,0.0,12.305,9.752,2.923343857112496,2.7302125728746165,140.0,0.0,azimuth_elevation
N2050,428.42535514142367,373.56753835526246,0.0,12.305,9.752,3.014852101309445,2.6288147152718895,140.0,0.0,azimuth_elevation
N2051,440.6531031927811,358.49789011359525,0.0,12.305,9.752,3.102845162817679,2.524351777304211,140.0,0.0,azimuth_elevation
N2052,452.3777048328086,343.048842372875,0.0,12.305,9.752,3.187220445663618,2.416945558084379,140.0,0.0,azimuth_elevation
N2053,463.5912981865871,327.2384716439892,0.0,12.305,9.752,3.267879572041768,2.3067212884594683,140.0,0.0,azimuth_elevation
N2054,474.2866898341481,311.08464890950853,0.0,12.305,9.752,3.3447284970188433,2.193807484997275,140.0,0.0,azimuth_elevation
N2055,484.45729627438044,294.6050081286902,0.0,12.305,9.752,3.4176776181859543,2.0783358001417342,140.0,0.0,azimuth_elevation
N2056,494.09708349974636,277.8169221003986,0.0,12.305,9.752,3.4866418801310046,1.9604408687120691,140.0,0.0,azimuth_elevation
N2057,503.2005054960555,260.7374858249564,0.0,12.305,9.752,3.551540873609501,1.8402601509246088,140.0,0.0,azimuth_elevation
N2058,511.76244249242984,243.38350741956882,0.0,12.305,9.752,3.612298929298131,1.7179337721203274,140.0,0.0,azimuth_elevation
N2059,519.7781397884457,225.77150655479318,0.0,12.305,9.752,3.6688452060218117,1.5936043593849654,140.0,0.0,azimuth_elevation
N2060,527.2431479782325,207.91772029253585,0.0,12.305,9.752,3.7211137733513326,1.467416875252226,140.0,0.0,azimuth_elevation
N2061,534.1532653750869,189.83811612015296,0.0,12.305,9.752,3.7690436884752816,1.339518448683945,140.0,0.0,azimuth_elevation
N2062,540.5044834150848,171.54841189135195,0.0,12.305,9.752,3.8125790672566433,1.2100582035243033,140.0,0.0,azimuth_elevation
N2063,546.2929357844678,153.0641023036338,0.0,12.305,9.752,3.851669149391197,1.0791870846280978,140.0,0.0,azimuth_elevation
N2064,551.5148519736289,134.40049146486777,0.0,12.305,9.752,3.886268357591766,0.9470576818657873,140.0,0.0,azimuth_elevation
N2065,556.1665159106744,115.57273102907871,0.0,12.305,9.752,3.9163363507292916,0.813824052210535,140.0,0.0,azimuth_elevation
N2066,560.2442302703932,96.59586331444736,0.0,12.305,9.752,3.9418380708687875,0.679641540114667,140.0,0.0,azimuth_elevation
N2067,563.7442869905398,77.48486875561217,0.0,12.305,9.752,3.9627437841453226,0.5446665963849864,140.0,0.0,azimuth_elevation
N2068,566.6629444573258,58.25471698828591,0.0,12.305,9.752,3.979029115432379,0.40905659576813747,140.0,0.0,azimuth_elevation
N2069,568.9964117466532,38.920420817556845,0.0,12.305,9.752,3.990675076762157,0.2729696534586849,140.0,0.0,azimuth_elevation
N2070,570.7408402276683,19.49709228257006,0.0,12.305,9.752,3.9976680894646965,0.1365644407438713,140.0,0.0,azimuth_elevation
N2071,571.892322751537,3.501830512573074e-14,0.0,12.305,9.752,4.0,2.4492935982947064e-16,140.0,0.0,azimuth_elevation
N2072,572.4469005617851,-19.55537305280664,0.0,12.305,9.752,3.997668089464696,-0.13656444074387172,140.0,0.0,azimuth_elevation
N2073,572.400577974059,-39.153272166648364,0.0,12.305,9.752,3.990675076762156,-0.2729696534586835,140.0,0.0,azimuth_elevation
N2074,571.7493447836416,-58.77761479622763,0.0,12.305,9.752,3.979029115432379,-0.4090565957681361,140.0,0.0,azimuth_elevation
N2075,570.4892062694655,-78.41193657191725,0.0,12.305,9.752,3.962743784145323,-0.5446665963849867,140.0,0.0,azimuth_elevation
N2076,568.6162205746679,-98.03934026147675,0.0,12.305,9.752,3.9418380708687875,-0.6796415401146665,140.0,0.0,azimuth_elevation
N2077,566.1265431568304,-117.64244849144242,0.0,12.305,9.752,3.9163363507292916,-0.8138240522105354,140.0,0.0,azimuth_elevation
N2078,563.0164779169077,-137.2033610048083,0.0,12.305,9.752,3.886268357591766,-0.9470576818657868,140.0,0.0,azimuth_elevation
N2079,559.2825345353539,-156.70361718997145,0.0,12.305,9.752,3.851669149391198,-1.0791870846280964,140.0,0.0,azimuth_elevation
N2080,554.9214914679563,-176.12416456609094,0.0,12.305,9.752,3.8125790672566433,-1.2100582035243037,140.0,0.0,azimuth_elevation
N2081,549.9304639832384,-195.4453338525424,0.0,12.305,9.752,3.769043688475282,-1.3395184486839447,140.0,0.0,azimuth_elevation
N2082,544.3069765586987,-214.6468211855826,0.0,12.305,9.752,3.7211137733513326,-1.4674168752522256,140.0,0.0,azimuth_elevation
N2152,-544.3069765586987,-214.6468211855826,0.0,12.305,9.752,-3.7211137733513326,-1.4674168752522256,140.0,0.0,azimuth_elevation
N2153,-549.9304639832383,-195.44533385254255,0.0,12.305,9.752,-3.7690436884752816,-1.3395184486839455,140.0,0.0,azimuth_elevation
N2154,-554.9214914679562,-176.12416456609117,0.0,12.305,9.752,-3.8125790672566424,-1.2100582035243053,140.0,0.0,azimuth_elevation
N2155,-559.2825345353536,-156.70361718997154,0.0,12.305,9.752,-3.851669149391197,-1.0791870846280973,140.0,0.0,azimuth_elevation
N2156,-563.0164779169078,-137.20336100480807,0.0,12.305,9.752,-3.886268357591766,-0.947057681865785,140.0,0.0,azimuth_elevation
N2157,-566.1265431568303,-117.64244849144228,0.0,12.305,9.752,-3.9163363507292916,-0.8138240522105346,140.0,0.0,azimuth_elevation
N2158,-568.6162205746679,-98.03934026147688,0.0,12.305,9.752,-3.9418380708687875,-0.6796415401146674,140.0,0.0,azimuth_elevation
N2159,-570.4892062694655,-78.41193657191751,0.0,12.305,9.752,-3.962743784145323,-0.5446665963849885,140.0,0.0,azimuth_elevation
N2160,-571.7493447836416,-58.77761479622776,0.0,12.305,9.752,-3.979029115432379,-0.40905659576813697,140.0,0.0,azimuth_elevation
N2161,-572.4005779740592,-39.15327216664811,0.0,12.305,9.752,-3.990675076762157,-0.27296965345868174,140.0,0.0,azimuth_elevation
N2162,-572.4469005617851,-19.555373052806516,0.0,12.305,9.752,-3.997668089464696,-0.13656444074387084,140.0,0.0,azimuth_elevation
N2163,-571.892322751537,-9.19672997392928e-14,0.0,12.305,9.752,-4.0,-6.432490598706546e-16,140.0,0.0,azimuth_elevation
N2164,-570.7408402276683,19.497092282569806,0.0,12.305,9.752,-3.9976680894646965,0.13656444074386953,140.0,0.0,azimuth_elevation
N2165,-568.996411746653,38.92042081755671,0.0,12.305,9.752,-3.990675076762157,0.272969653458684,140.0,0.0,azimuth_elevation
N2166,-566.6629444573257,58.254716988285644,0.0,12.305,9.752,-3.979029115432379,0.4090565957681357,140.0,0.0,azimuth_elevation
N2167,-563.7442869905398,77.4848687556123,0.0,12.305,9.752,-3.9627437841453226,0.5446665963849873,140.0,0.0,azimuth_elevation
N2168,-560.244230270393,96.59586331444719,0.0,12.305,9.752,-3.9418380708687875,0.6796415401146662,140.0,0.0,azimuth_elevation
N2169,-556.1665159106743,115.57273102907843,0.0,12.305,9.752,-3.916336350729292,0.8138240522105333,140.0,0.0,azimuth_elevation
N2170,-551.5148519736289,134.40049146486777,0.0,12.305,9.752,-3.886268357591766,0.9470576818657873,140.0,0.0,azimuth_elevation
N2171,-546.2929357844679,153.06410230363358,0.0,12.305,9.752,-3.851669149391197,1.079187084628096,140.0,0.0,azimuth_elevation
N2172,-540.5044834150846,171.54841189135203,0.0,12.305,9.752,-3.8125790672566424,1.2100582035243042,140.0,0.0,azimuth_elevation
N2173,-534.1532653750871,189.83811612015288,0.0,12.305,9.752,-3.7690436884752825,1.3395184486839442,140.0,0.0,azimuth_elevation
N2174,-527.2431479782325,207.9177202925356,0.0,12.305,9.752,-3.7211137733513326,1.4674168752522243,140.0,0.0,azimuth_elevation
N2175,-519.7781397884457,225.77150655479332,0.0,12.305,9.752,-3.6688452060218117,1.5936043593849663,140.0,0.0,azimuth_elevation
N2176,-511.76244249243,243.38350741956876,0.0,12.305,9.752,-3.6122989292981313,1.7179337721203267,140.0,0.0,azimuth_elevation
N2177,-503.2005054960557,260.7374858249561,0.0,12.305,9.752,-3.551540873609502,1.8402601509246064,140.0,0.0,azimuth_elevation
N2178,-494.09708349974653,277.8169221003986,0.0,12.305,9.752,-3.486641880131005,1.960440868712069,140.0,0.0,azimuth_elevation
N2179,-484.45729627438055,294.60500812869003,0.0,12.305,9.752,-3.417677618185955,2.078335800141733,140.0,0.0,azimuth_elevation
N2180,-474.2866898341481,311.0846489095086,0.0,12.305,9.752,-3.3447284970188433,2.1938074849972753,140.0,0.0,azimuth_elevation
N2181,-463.5912981865872,327.23847164398916,0.0,12.305,9.752,-3.267879572041769,2.306721288459468,140.0,0.0,azimuth_elevation
N2182,-452.3777048328089,343.0488423728747,0.0,12.305,9.752,-3.1872204456636197,2.416945558084376,140.0,0.0,azimuth_elevation
N2183,-440.6531031927811,358.49789011359525,0.0,12.305,9.752,-3.102845162817679,2.524351777304211,140.0,0.0,azimuth_elevation
N2184,-428.4253551414238,373.56753835526223,0.0,12.305,9.752,-3.014852101309446,2.628814715271888,140.0,0.0,azimuth_elevation
N2185,-415.7030468610253,388.2395436858737,0.0,12.305,9.752,-2.923343857112496,2.730212572874617,140.0,0.0,azimuth_elevation
N2186,-402.49554124393575,402.4955412439355,0.0,12.305,9.752,-2.8284271247461907,2.828427124746189,140.0,0.0,azimuth_elevation
N2187,-388.8130261162201,416.31709660812953,0.0,12.305,9.752,-2.730212572874618,2.923343857112495,140.0,0.0,azimuth_elevation
N2188,-374.6665575976567,429.6857636643449,0.0,12.305,9.752,-2.6288147152718926,3.014852101309442,140.0,0.0,azimuth_elevation
N2189,-360.0680979655533,442.5831479202511,0.0,12.305,9.752,-2.5243517773042123,3.1028451628176783,140.0,0.0,azimuth_elevation
N2190,-345.0305474488159,454.9909746742357,0.0,12.305,9.752,-2.41694555808438,3.1872204456636166,140.0,0.0,azimuth_elevation
N2191,-329.5677694438603,466.8911613887365,0.0,12.305,9.752,-2.306721288459466,3.2678795720417697,140.0,0.0,azimuth_elevation
N2192,-313.6946087146303,478.265893568279,0.0,12.305,9.752,-2.1938074849972735,3.3447284970188442,140.0,0.0,azimuth_elevation
N2193,-297.42690221434776,489.09770340049806,0.0,12.305,9.752,-2.0783358001417342,3.4176776181859543,140.0,0.0,azimuth_elevation
N2194,-280.78148224594696,499.3695503844152,0.0,12.305,9.752,-1.9604408687120698,3.486641880131004,140.0,0.0,azimuth_elevation
N2195,-263.7761717604676,509.0649031447296,0.0,12.305,9.752,-1.8402601509246077,3.5515408736095013,140.0,0.0,azimuth_elevation
N2196,-246.42977167720602,518.1678216140242,0.0,12.305,9.752,-1.7179337721203283,3.6122989292981305,140.0,0.0,azimuth_elevation
N2197,-228.76204019517246,526.6630387568356,0.0,12.305,9.752,-1.5936043593849676,3.6688452060218113,140.0,0.0,azimuth_elevation
N2198,-210.7936641514987,534.5360410105076,0.0,12.305,9.752,-1.4674168752522292,3.721113773351331,140.0,0.0,azimuth_elevation
N2199,-192.54622256790475,541.7731466276713,0.0,12.305,9.752,-1.339518448683946,3.7690436884752816,140.0,0.0,azimuth_elevation
N2200,-174.04214261030828,548.3615811239185,0.0,12.305,9.752,-1.2100582035243057,3.8125790672566424,140.0,0.0,azimuth_elevation
N2201,-155.30464826817672,554.2895490615762,0.0,12.305,9.752,-1.0791870846281009,3.8516691493911956,140.0,0.0,azimuth_elevation
N2202,-136.3577021384713,559.5463014361181,0.0,12.305,9.752,-0.9470576818657855,3.886268357591766,140.0,0.0,azimuth_elevation
N2203,-117.225940773116,564.1221979753258,0.0,12.305,9.752,-0.8138240522105348,3.9163363507292916,140.0,0.0,azimuth_elevation
N2204,-97.93460411806511,568.0087637122945,0.0,12.305,9.752,-0.6796415401146677,3.9418380708687875,140.0,0.0,azimuth_elevation
N2205,-78.50945963555168,571.198739251282,0.0,12.305,9.752,-0.5446665963849855,3.9627437841453226,140.0,0.0,azimuth_elevation
N2206,-58.97672175818454,573.6861242095384,0.0,12.305,9.752,-0.4090565957681373,3.979029115432379,140.0,0.0,azimuth_elevation
N2207,-39.36296737371916,575.4662133879948,0.0,12.305,9.752,-0.2729696534586856,3.9906750767621566,140.0,0.0,azimuth_elevation
N2208,-19.695048081971418,576.535625298209,0.0,12.305,9.752,-0.13656444074387472,3.9976680894646965,140.0,0.0,azimuth_elevation
N2209,10.423923331318814,610.4596375147986,0.0,12.305,9.752,0.06829217429989885,3.9994169798771155,140.0,0.0,azimuth_elevation
N2210,31.25752971944911,609.7071708124856,0.0,12.305,9.752,0.20479689727933223,3.9947538385818917,140.0,0.0,azimuth_elevation
N2211,52.04846245384204,608.203643020947,0.0,12.305,9.752,0.3410628362375841,3.9854329930056,140.0,0.0,azimuth_elevation
N2212,72.76842924861099,605.951857002415,0.0,12.305,9.752,0.4769311111853243,3.9714653108372393,140.0,0.0,azimuth_elevation
N2213,93.38937159119921,602.9559962261778,0.0,12.305,9.752,0.6122433057916709,3.9528670777694117,140.0,0.0,azimuth_elevation
N2214,113.88355536456257,599.2216000190156,0.0,12.305,9.752,0.7468416520905451,3.9296599785099304,140.0,0.0,azimuth_elevation
N2215,134.223658619375,594.7555309618657,0.0,12.305,9.752,0.8805692144310623,3.9018710714984244,140.0,0.0,azimuth_elevation
N2216,154.38285573463403,589.5659347667316,0.0,12.305,9.752,1.0132700724574817,3.8695327573574057,140.0,0.0,azimuth_elevation
N2217,174.33489724375795,583.6621930445604,0.0,12.305,9.752,1.144789502905365,3.8326827411145947,140.0,0.0,azimuth_elevation
N2218,194.05418464973098,577.0548694471004,0.0,12.305,9.752,1.2749741600019833,3.791363988240543,140.0,0.0,azimuth_elevation
N2219,213.51583960657058,569.755649732846,0.0,12.305,9.752,1.4036722542606273,3.745624674552816,140.0,0.0,azimuth_elevation
N2220,232.6957669047834,561.7772763683364,0.0,12.305,9.752,1.5307337294603593,3.695518130045147,140.0,0.0,azimuth_elevation
N2221,251.5707107648983,553.1334783306513,0.0,12.305,9.752,1.6560104376048543,3.641102776707049,140.0,0.0,azimuth_elevation
N2222,270.1183040149056,543.838896824356,0.0,12.305,9.752,1.779356311656337,3.5824420604063865,140.0,0.0,azimuth_elevation
N2223,288.3171098037157,533.9090076658543,0.0,12.305,9.752,1.900627535843215,3.5196043769143355,140.0,0.0,azimuth_elevation
N2224,306.14665558276414,523.3600411196984,0.0,12.305,9.752,2.0196827133428314,3.4526629921589707,140.0,0.0,azimuth_elevation
N2225,323.58745917077687,512.2088999945241,0.0,12.305,9.752,2.1363830311438408,3.381695956800472,140.0,0.0,azimuth_elevation
N2226,340.6210468015648,500.47307682068043,0.0,12.305,9.752,2.2505924218959654,3.306786015227543,140.0,0.0,azimuth_elevation
N2227,357.2299631406506,488.17057093713134,0.0,12.305,9.752,2.3621777225584433,3.2280205090811624,140.0,0.0,azimuth_elevation
N2228,373.39777334259395,475.319806311765,0.0,12.305,9.752,2.471008829662174,3.14549127541813,140.0,0.0,azimuth_elevation
N2229,389.10905730616605,461.93955090688587,0.0,12.305,9.752,2.5769588510045454,3.0592945396331706,140.0,0.0,azimuth_elevation
N2230,404.3493963681013,448.0488383804939,0.0,12.305,9.752,2.679904253600066,2.969530803264427,140.0,0.0,azimuth_elevation
N2231,419.1053527571212,433.66689288421327,0.0,12.305,9.752,2.7797250077142985,2.8763047268131627,140.0,0.0,azimuth_elevation
N2232,433.3644422074116,418.81305768071,0.0,12.305,9.752,2.8763047268131627,2.7797250077142985,140.0,0.0,azimuth_elevation
N2233,447.1151002038957,403.50672825754873,0.0,12.305,9.752,2.969530803264427,2.679904253600066,140.0,0.0,azimuth_elevation
N2234,460.34664239969044,387.7672905611602,0.0,12.305,9.752,3.0592945396331706,2.5769588510045454,140.0,0.0,azimuth_elevation
N2235,473.04921980832165,371.61406491448065,0.0,12.305,9.752,3.14549127541813,2.471008829662174,140.0,0.0,azimuth_elevation
N2236,485.213769428921,355.0662561155332,0.0,12.305,9.752,3.228020509081163,2.362177722558443,140.0,0.0,azimuth_elevation
N2237,496.83196101113396,338.14291014244174,0.0,12.305,9.752,3.306786015227543,2.250592421895966,140.0,0.0,azimuth_elevation
N2238,507.8961407072865,320.86287781385926,0.0,12.305,9.752,3.381695956800471,2.1363830311438408,140.0,0.0,azimuth_elevation
N2239,518.3992723920428,303.2447856733952,0.0,12.305,9.752,3.452662992158971,2.0196827133428314,140.0,0.0,azimuth_elevation
N2240,528.3348774539674,285.30701428315706,0.0,12.305,9.752,3.5196043769143364,1.9006275358432145,140.0,0.0,azimuth_elevation
N2241,537.6969738788073,267.0676840259172,0.0,12.305,9.752,3.5824420604063865,1.7793563116563373,140.0,0.0,azimuth_elevation
N2242,546.4800154507374,248.54464842855347,0.0,12.305,9.752,3.6411027767070485,1.6560104376048546,140.0,0.0,azimuth_elevation
N2243,554.6788318951908,229.75549493225418,0.0,12.305,9.752,3.6955181300451465,1.5307337294603593,140.0,0.0,azimuth_elevation
N2244,562.2885707752283,210.71755294843587,0.0,12.305,9.752,3.745624674552816,1.403672254260627,140.0,0.0,azimuth_elevation
N2245,569.3046419327734,191.44790895434764,0.0,12.305,9.752,3.7913639882405428,1.2749741600019837,140.0,0.0,azimuth_elevation
N2246,575.722665236681,171.96342829982908,0.0,12.305,9.752,3.832682741114595,1.1447895029053652,140.0,0.0,azimuth_elevation
N2247,581.5384223617763,152.2807833175557,0.0,12.305,9.752,3.869532757357406,1.0132700724574821,140.0,0.0,azimuth_elevation
N2248,586.7478132771091,132.416487254191,0.0,12.305,9.752,3.9018710714984244,0.8805692144310624,140.0,0.0,azimuth_elevation
N2249,591.346818068161,112.38693346999888,0.0,12.305,9.752,3.9296599785099295,0.7468416520905456,140.0,0.0,azimuth_elevation
N2250,595.3314646571821,92.20843929039705,0.0,12.305,9.752,3.952867077769412,0.6122433057916702,140.0,0.0,azimuth_elevation
N2251,598.6978029188459,71.89729383538341,0.0,12.305,9.752,3.97146531083724,0.47693111118532405,140.0,0.0,azimuth_elevation
N2252,601.4418856156925,51.469809102340776,0.0,12.305,9.752,3.9854329930056,0.3410628362375843,140.0,0.0,azimuth_elevation
N2253,603.5597565001189,30.94237353502944,0.0,12.305,9.752,3.9947538385818917,0.20479689727933217,140.0,0.0,azimuth_elevation
N2254,605.04744584783,10.331507277047784,0.0,12.305,9.752,3.999416979877116,0.06829217429989931,140.0,0.0,azimuth_elevation
N2255,605.9009736024791,-10.346081717893224,0.0,12.305,9.752,3.999416979877116,-0.06829217429989794,140.0,0.0,azimuth_elevation
N2256,606.1163602236699,-31.073441563577134,0.0,12.305,9.752,3.994753838581892,-0.2047968972793326,140.0,0.0,azimuth_elevation
N2257,605.689645241409,-51.833321159410765,0.0,12.305,9.752,3.9854329930056,-0.3410628362375838,140.0,0.0,azimuth_elevation
N2258,604.6169134305071,-72.60811660043494,0.0,12.305,9.752,3.9714653108372397,-0.47693111118532444,140.0,0.0,azimuth_elevation
N2259,602.8943284292089,-93.3798201200431,0.0,12.305,9.752,3.9528670777694117,-0.6122433057916706,140.0,0.0,azimuth_elevation
N2260,600.5181735384876,-114.12997238655286,0.0,12.305,9.752,3.9296599785099304,-0.7468416520905443,140.0,0.0,azimuth_elevation
N2261,597.4848993528612,-134.83961894607776,0.0,12.305,9.752,3.9018710714984244,-0.8805692144310628,140.0,0.0,azimuth_elevation
N2262,593.7911777912268,-155.48927156673685,0.0,12.305,9.752,3.869532757357406,-1.0132700724574817,140.0,0.0,azimuth_elevation
N2263,589.433962017914,-176.0588751934612,0.0,12.305,9.752,3.832682741114595,-1.1447895029053645,140.0,0.0,azimuth_elevation
N2264,584.4105516708008,-196.52778116894999,0.0,12.305,9.752,3.791363988240543,-1.2749741600019833,140.0,0.0,azimuth_elevation
N2337,-584.4105516708007,-196.5277811689502,0.0,12.305,9.752,-3.7913639882405428,-1.2749741600019848,140.0,0.0,azimuth_elevation
N2338,-589.4339620179139,-176.05887519346174,0.0,12.305,9.752,-3.8326827411145943,-1.144789502905368,140.0,0.0,azimuth_elevation
N2339,-593.7911777912268,-155.489271566737,0.0,12.305,9.752,-3.869532757357406,-1.0132700724574826,140.0,0.0,azimuth_elevation
N2340,-597.4848993528611,-134.83961894607748,0.0,12.305,9.752,-3.9018710714984244,-0.8805692144310612,140.0,0.0,azimuth_elevation
N2341,-600.5181735384876,-114.12997238655299,0.0,12.305,9.752,-3.9296599785099304,-0.7468416520905451,140.0,0.0,azimuth_elevation
N2342,-602.8943284292089,-93.37982012004335,0.0,12.305,9.752,-3.9528670777694117,-0.6122433057916723,140.0,0.0,azimuth_elevation
N2343,-604.6169134305072,-72.60811660043535,0.0,12.305,9.752,-3.9714653108372397,-0.4769311111853271,140.0,0.0,azimuth_elevation
N2344,-605.6896452414092,-51.83332115941091,0.0,12.305,9.752,-3.9854329930056,-0.3410628362375847,140.0,0.0,azimuth_elevation
N2345,-606.1163602236699,-31.073441563576864,0.0,12.305,9.752,-3.994753838581892,-0.20479689727933081,140.0,0.0,azimuth_elevation
N2346,-605.9009736024791,-10.346081717893359,0.0,12.305,9.752,-3.999416979877116,-0.06829217429989883,140.0,0.0,azimuth_elevation
N2347,-605.04744584783,10.331507277047516,0.0,12.305,9.752,-3.999416979877116,0.06829217429989753,140.0,0.0,azimuth_elevation
N2348,-603.559756500119,30.94237353502904,0.0,12.305,9.752,-3.9947538385818917,0.2047968972793295,140.0,0.0,azimuth_elevation
N2349,-601.4418856156925,51.46980910234064,0.0,12.305,9.752,-3.9854329930056,0.34106283623758343,140.0,0.0,azimuth_elevation
N2350,-598.6978029188458,71.89729383538368,0.0,12.305,9.752,-3.9714653108372393,0.4769311111853259,140.0,0.0,azimuth_elevation
N2351,-595.331464657182,92.2084392903972,0.0,12.305,9.752,-3.9528670777694113,0.6122433057916711,140.0,0.0,azimuth_elevation
N2352,-591.3468180681612,112.38693346999862,0.0,12.305,9.752,-3.9296599785099304,0.7468416520905439,140.0,0.0,azimuth_elevation
N2353,-586.7478132771093,132.41648725419063,0.0,12.305,9.752,-3.9018710714984253,0.8805692144310598,140.0,0.0,azimuth_elevation
N2354,-581.5384223617763,152.28078331755555,0.0,12.305,9.752,-3.869532757357406,1.0132700724574812,140.0,0.0,azimuth_elevation
N2355,-575.7226652366811,171.96342829982882,0.0,12.305,9.752,-3.8326827411145956,1.1447895029053634,140.0,0.0,azimuth_elevation
N2356,-569.3046419327734,191.44790895434764,0.0,12.305,9.752,-3.7913639882405428,1.2749741600019837,140.0,0.0,azimuth_elevation
N2357,-562.2885707752284,210.71755294843575,0.0,12.305,9.752,-3.745624674552817,1.4036722542606264,140.0,0.0,azimuth_elevation
N2358,-554.678831895191,229.75549493225378,0.0,12.305,9.752,-3.6955181300451483,1.5307337294603567,140.0,0.0,azimuth_elevation
N2359,-546.4800154507374,248.5446484285534,0.0,12.305,9.752,-3.6411027767070485,1.656010437604854,140.0,0.0,azimuth_elevation
N2360,-537.6969738788074,267.0676840259169,0.0,12.305,9.752,-3.582442060406387,1.7793563116563353,140.0,0.0,azimuth_elevation
N2361,-528.3348774539672,285.3070142831571,0.0,12.305,9.752,-3.5196043769143355,1.9006275358432148,140.0,0.0,azimuth_elevation
N2362,-518.3992723920429,303.2447856733951,0.0,12.305,9.752,-3.452662992158972,2.0196827133428306,140.0,0.0,azimuth_elevation
N2363,-507.89614070728675,320.8628778138589,0.0,12.305,9.752,-3.3816959568004723,2.1363830311438385,140.0,0.0,azimuth_elevation
N2364,-496.83196101113396,338.1429101424417,0.0,12.305,9.752,-3.306786015227543,2.2505924218959654,140.0,0.0,azimuth_elevation
N2365,-485.21376942892107,355.06625611553306,0.0,12.305,9.752,-3.2280205090811633,2.362177722558442,140.0,0.0,azimuth_elevation
N2366,-473.0492198083216,371.61406491448076,0.0,12.305,9.752,-3.1454912754181295,2.471008829662175,140.0,0.0,azimuth_elevation
N2367,-460.3466423996905,387.76729056116017,0.0,12.305,9.752,-3.059294539633171,2.576958851004545,140.0,0.0,azimuth_elevation
N2368,-447.11510020389596,403.50672825754845,0.0,12.305,9.752,-2.969530803264429,2.6799042536000637,140.0,0.0,azimuth_elevation
N2369,-433.3644422074116,418.81305768071,0.0,12.305,9.752,-2.8763047268131627,2.7797250077142985,140.0,0.0,azimuth_elevation
N2370,-419.1053527571213,433.66689288421315,0.0,12.305,9.752,-2.7797250077142994,2.876304726813162,140.0,0.0,azimuth_elevation
N2371,-404.3493963681016,448.04883838049363,0.0,12.305,9.752,-2.679904253600068,2.9695308032644254,140.0,0.0,azimuth_elevation
N2372,-389.1090573061661,461.93955090688576,0.0,12.305,9.752,-2.576958851004546,3.05929453963317,140.0,0.0,azimuth_elevation
N2373,-373.39777334259423,475.3198063117648,0.0,12.305,9.752,-2.4710088296621757,3.1454912754181286,140.0,0.0,azimuth_elevation
N2374,-357.2299631406506,488.17057093713134,0.0,12.305,9.752,-2.3621777225584433,3.2280205090811624,140.0,0.0,azimuth_elevation
N2375,-340.62104680156494,500.4730768206803,0.0,12.305,9.752,-2.2505924218959668,3.306786015227542,140.0,0.0,azimuth_elevation
N2376,-323.5874591707772,512.2088999945237,0.0,12.305,9.752,-2.1363830311438434,3.381695956800469,140.0,0.0,azimuth_elevation
N2377,-306.14665558276425,523.3600411196984,0.0,12.305,9.752,-2.019682713342832,3.4526629921589707,140.0,0.0,azimuth_elevation
N2378,-288.317109803716,533.9090076658542,0.0,12.305,9.752,-1.9006275358432168,3.5196043769143346,140.0,0.0,azimuth_elevation
N2379,-270.11830401490613,543.8388968243557,0.0,12.305,9.752,-1.7793563116563405,3.582442060406385,140.0,0.0,azimuth_elevation
N2380,-251.57071076489794,553.1334783306514,0.0,12.305,9.752,-1.656010437604852,3.6411027767070494,140.0,0.0,azimuth_elevation
N2381,-232.69576690478323,561.7772763683365,0.0,12.305,9.752,-1.5307337294603582,3.695518130045148,140.0,0.0,azimuth_elevation
N2382,-213.51583960657067,569.7556497328459,0.0,12.305,9.752,-1.4036722542606277,3.7456246745528157,140.0,0.0,azimuth_elevation
N2383,-194.0541846497313,577.0548694471003,0.0,12.305,9.752,-1.2749741600019853,3.7913639882405428,140.0,0.0,azimuth_elevation
N2384,-174.3348972437579,583.6621930445604,0.0,12.305,9.752,-1.1447895029053647,3.8326827411145947,140.0,0.0,azimuth_elevation
N2385,-154.3828557346342,589.5659347667316,0.0,12.305,9.752,-1.0132700724574828,3.8695327573574057,140.0,0.0,azimuth_elevation
N2386,-134.2236586193754,594.7555309618657,0.0,12.305,9.752,-0.880569214431065,3.901871071498424,140.0,0.0,azimuth_elevation
N2387,-113.88355536456261,599.2216000190153,0.0,12.305,9.752,-0.7468416520905455,3.9296599785099295,140.0,0.0,azimuth_elevation
N2388,-93.38937159119948,602.9559962261778,0.0,12.305,9.752,-0.6122433057916726,3.9528670777694117,140.0,0.0,azimuth_elevation
N2389,-72.76842924861144,605.9518570024148,0.0,12.305,9.752,-0.4769311111853274,3.9714653108372393,140.0,0.0,azimuth_elevation
N2390,-52.048462453841665,608.2036430209471,0.0,12.305,9.752,-0.34106283623758155,3.9854329930056,140.0,0.0,azimuth_elevation
N2391,-31.25752971944895,609.7071708124856,0.0,12.305,9.752,-0.20479689727933117,3.9947538385818917,140.0,0.0,azimuth_elevation
N2392,-10.423923331318862,610.4596375147986,0.0,12.305,9.752,-0.06829217429989916,3.9994169798771155,140.0,0.0,azimuth_elevation
N2393,0.0,644.2151349236149,0.0,12.305,9.752,0.0,4.0,140.0,0.0,azimuth_elevation
N2394,21.993523630367104,643.8191897765442,0.0,12.305,9.752,0.1365644407438716,3.997668089464696,140.0,0.0,azimuth_elevation
N2395,43.95723855083797,642.6320805461577,0.0,12.305,9.752,0.27296965345868396,3.9906750767621566,140.0,0.0,azimuth_elevation
N2396,65.86143184934645,640.6559816509093,0.0,12.305,9.752,0.4090565957681369,3.97902911543238,140.0,0.0,azimuth_elevation
N2397,87.67658137675966,637.8945031178032,0.0,12.305,9.752,0.5446665963849864,3.962743784145323,140.0,0.0,azimuth_elevation
N2398,109.37344905543532,634.3526697267557,0.0,12.305,9.752,0.6796415401146667,3.9418380708687875,140.0,0.0,azimuth_elevation
N2399,130.92317172513827,630.0368921110328,0.0,12.305,9.752,0.8138240522105351,3.9163363507292916,140.0,0.0,azimuth_elevation
N2400,152.297348746565,624.9549301082282,0.0,12.305,9.752,0.9470576818657872,3.886268357591766,140.0,0.0,azimuth_elevation
N2401,173.46812561741362,619.1158487349389,0.0,12.305,9.752,1.0791870846280973,3.851669149391197,140.0,0.0,azimuth_elevation
N2402,194.4082728985951,612.5299672329475,0.0,12.305,9.752,1.210058203524303,3.8125790672566433,140.0,0.0,azimuth_elevation
N2403,215.09125979835014,605.2088017045656,0.0,12.305,9.752,1.3395184486839447,3.7690436884752825,140.0,0.0,azimuth_elevation
N2404,235.49132181918395,597.1650019190737,0.0,12.305,9.752,1.4674168752522259,3.721113773351332,140.0,0.0,azimuth_elevation
N2405,255.58352193604185,588.4122829301945,0.0,12.305,9.752,1.5936043593849658,3.668845206021812,140.0,0.0,azimuth_elevation
N2406,275.3438048433374,578.9653521956583,0.0,12.305,9.752,1.7179337721203276,3.6122989292981305,140.0,0.0,azimuth_elevation
N2407,294.749043882582,568.839832933597,0.0,12.305,9.752,1.8402601509246086,3.551540873609501,140.0,0.0,azimuth_elevation
N2408,313.7770803406388,558.0521844862554,0.0,12.305,9.752,1.9604408687120687,3.486641880131005,140.0,0.0,azimuth_elevation
N2409,332.4067548902096,546.61962048896,0.0,12.305,9.752,2.0783358001417342,3.4176776181859543,140.0,0.0,azimuth_elevation
N2410,350.61793102817313,534.5600256611278,0.0,12.305,9.752,2.1938074849972753,3.344728497018843,140.0,0.0,azimuth_elevation
N2411,368.3915104529332,521.8918720461209,0.0,12.305,9.752,2.3067212884594683,3.267879572041768,140.0,0.0,azimuth_elevation
N2412,385.7094404080788,508.6341355278405,0.0,12.305,9.752,2.4169455580843784,3.1872204456636184,140.0,0.0,azimuth_elevation
N2413,402.5547131054788,494.80621344410497,0.0,12.305,9.752,2.5243517773042115,3.102845162817679,140.0,0.0,azimuth_elevation
N2414,418.91135742551734,480.4278441001077,0.0,12.305,9.752,2.62881471527189,3.0148521013094443,140.0,0.0,azimuth_elevation
N2415,434.7644231745906,465.5190289598253,0.0,12.305,9.752,2.730212572874616,2.9233438571124966,140.0,0.0,azimuth_elevation
N2416,450.09995825936016,450.0999582593602,0.0,12.305,9.752,2.82842712474619,2.8284271247461903,140.0,0.0,azimuth_elevation
N2417,464.9049792127208,434.19094074424436,0.0,12.305,9.752,2.923343857112496,2.7302125728746165,140.0,0.0,azimuth_elevation
N2418,479.16743557718615,417.8123381831234,0.0,12.305,9.752,3.014852101309445,2.6288147152718895,140.0,0.0,azimuth_elevation
N2419,492.8761687166349,400.9845052535208,0.0,12.305,9.752,3.102845162817679,2.524351777304211,140.0,0.0,azimuth_elevation
N2420,506.0208656864131,383.72773533213814,0.0,12.305,9.752,3.187220445663618,2.4169455580843784,140.0,0.0,azimuth_elevation
N2421,518.5920088439717,366.0622126530618,0.0,12.305,9.752,3.2678795720417684,2.3067212884594683,140.0,0.0,azimuth_elevation
N2422,530.580821926997,348.007971223051,0.0,12.305,9.752,3.3447284970188433,2.193807484997275,140.0,0.0,azimuth_elevation
N2423,541.9792133628423,329.584860804552,0.0,12.305,9.752,3.4176776181859543,2.0783358001417342,140.0,0.0,azimuth_elevation
N2424,552.7797176015864,310.81252019509054,0.0,12.305,9.752,3.4866418801310046,1.9604408687120694,140.0,0.0,azimuth_elevation
N2425,562.9754352849229,291.7103579470707,0.0,12.305,9.752,3.551540873609501,1.8402601509246088,140.0,0.0,azimuth_elevation
N2426,572.5599730740639,272.29754058570035,0.0,12.305,9.752,3.6122989292981305,1.7179337721203272,140.0,0.0,azimuth_elevation
N2427,581.5273839618045,252.59298829566282,0.0,12.305,9.752,3.668845206021812,1.5936043593849654,140.0,0.0,azimuth_elevation
N2428,589.8721088867984,232.6153779602216,0.0,12.305,9.752,3.7211137733513326,1.467416875252226,140.0,0.0,azimuth_elevation
N2429,597.5889204519813,212.38315335059858,0.0,12.305,9.752,3.7690436884752816,1.339518448683945,140.0,0.0,azimuth_elevation
N2430,604.6728695241136,191.91454217963914,0.0,12.305,9.752,3.8125790672566433,1.2100582035243033,140.0,0.0,azimuth_elevation
N2431,611.1192354578304,171.22757965287124,0.0,12.305,9.752,3.8516691493911974,1.0791870846280978,140.0,0.0,azimuth_elevation
N2432,616.9234806457389,150.34013807296122,0.0,12.305,9.752,3.886268357591766,0.9470576818657872,140.0,0.0,azimuth_elevation
N2433,622.0812100463814,129.26996198110095,0.0,12.305,9.752,3.9163363507292916,0.813824052210535,140.0,0.0,azimuth_elevation
N2434,626.5881362848545,108.03470825181772,0.0,12.305,9.752,3.9418380708687875,0.679641540114667,140.0,0.0,azimuth_elevation
N2435,630.440050857061,86.65199049682002,0.0,12.305,9.752,3.962743784145323,0.5446665963849864,140.0,0.0,azimuth_elevation
N2436,633.6328018986967,65.13942707944788,0.0,12.305,9.752,3.9790291154323794,0.40905659576813747,140.0,0.0,azimuth_elevation
N2437,636.1622789048159,43.5146919946759,0.0,12.305,9.752,3.9906750767621566,0.2729696534586849,140.0,0.0,azimuth_elevation
N2438,638.0244047060036,21.795567830966185,0.0,12.305,9.752,3.997668089464696,0.1365644407438713,140.0,0.0,azimuth_elevation
N2439,639.2151349236149,3.9140638447537424e-14,0.0,12.305,9.752,4.0,2.4492935982947064e-16,140.0,0.0,azimuth_elevation
N2440,639.7304650401204,-21.853848601202778,0.0,12.305,9.752,3.997668089464696,-0.13656444074387172,140.0,0.0,azimuth_elevation
N2441,639.5664451322218,-43.7475433437674,0.0,12.305,9.752,3.990675076762156,-0.2729696534586835,140.0,0.0,azimuth_elevation
N2442,638.7192022250125,-65.66232488738959,0.0,12.305,9.752,3.9790291154323794,-0.4090565957681361,140.0,0.0,azimuth_elevation
N2443,637.1849701359868,-87.57905831312512,0.0,12.305,9.752,3.9627437841453226,-0.5446665963849867,140.0,0.0,azimuth_elevation
N2444,634.9601265891291,-109.4781851988471,0.0,12.305,9.752,3.9418380708687875,-0.6796415401146665,140.0,0.0,azimuth_elevation
N2445,632.0412372925375,-131.3396794434647,0.0,12.305,9.752,3.916336350729291,-0.8138240522105353,140.0,0.0,azimuth_elevation
N2446,628.4251065890177,-153.14300761290176,0.0,12.305,9.752,3.886268357591766,-0.9470576818657868,140.0,0.0,azimuth_elevation
N2447,624.1088342087163,-174.86709453920884,0.0,12.305,9.752,3.851669149391197,-1.0791870846280964,140.0,0.0,azimuth_elevation
N2522,-619.089877576985,-196.4902948543784,0.0,12.305,9.752,-3.8125790672566424,-1.2100582035243053,140.0,0.0,azimuth_elevation
N2523,-624.1088342087163,-174.86709453920898,0.0,12.305,9.752,-3.851669149391197,-1.0791870846280973,140.0,0.0,azimuth_elevation
N2524,-628.4251065890178,-153.1430076129015,0.0,12.305,9.752,-3.8862683575917663,-0.947057681865785,140.0,0.0,azimuth_elevation
N2525,-632.0412372925374,-131.33967944346455,0.0,12.305,9.752,-3.916336350729291,-0.8138240522105347,140.0,0.0,azimuth_elevation
N2526,-634.9601265891291,-109.47818519884724,0.0,12.305,9.752,-3.9418380708687875,-0.6796415401146674,140.0,0.0,azimuth_elevation
N2527,-637.1849701359866,-87.57905831312539,0.0,12.305,9.752,-3.9627437841453226,-0.5446665963849885,140.0,0.0,azimuth_elevation
N2528,-638.7192022250125,-65.66232488738973,0.0,12.305,9.752,-3.9790291154323794,-0.40905659576813697,140.0,0.0,azimuth_elevation
N2529,-639.566445132222,-43.74754334376712,0.0,12.305,9.752,-3.990675076762157,-0.27296965345868174,140.0,0.0,azimuth_elevation
N2530,-639.7304650401204,-21.853848601202635,0.0,12.305,9.752,-3.997668089464696,-0.13656444074387084,140.0,0.0,azimuth_elevation
N2531,-639.2151349236149,-1.0279363364867724e-13,0.0,12.305,9.752,-4.0,-6.432490598706546e-16,140.0,0.0,azimuth_elevation
N2532,-638.0244047060036,21.795567830965904,0.0,12.305,9.752,-3.997668089464696,0.13656444074386953,140.0,0.0,azimuth_elevation
N2533,-636.1622789048158,43.51469199467575,0.0,12.305,9.752,-3.9906750767621566,0.272969653458684,140.0,0.0,azimuth_elevation
N2534,-633.6328018986966,65.13942707944759,0.0,12.305,9.752,-3.9790291154323794,0.4090565957681357,140.0,0.0,azimuth_elevation
N2535,-630.4400508570611,86.65199049682018,0.0,12.305,9.752,-3.962743784145323,0.5446665963849873,140.0,0.0,azimuth_elevation
N2536,-626.5881362848545,108.03470825181758,0.0,12.305,9.752,-3.9418380708687875,0.6796415401146662,140.0,0.0,azimuth_elevation
N2537,-622.0812100463816,129.2699619811007,0.0,12.305,9.752,-3.916336350729292,0.8138240522105334,140.0,0.0,azimuth_elevation
N2538,-616.9234806457389,150.34013807296122,0.0,12.305,9.752,-3.886268357591766,0.9470576818657872,140.0,0.0,azimuth_elevation
N2539,-611.1192354578304,171.22757965287096,0.0,12.305,9.752,-3.8516691493911974,1.079187084628096,140.0,0.0,azimuth_elevation
N2540,-604.6728695241134,191.91454217963923,0.0,12.305,9.752,-3.8125790672566433,1.2100582035243042,140.0,0.0,azimuth_elevation
N2541,-597.5889204519814,212.38315335059843,0.0,12.305,9.752,-3.769043688475282,1.3395184486839442,140.0,0.0,azimuth_elevation
N2542,-589.8721088867985,232.6153779602213,0.0,12.305,9.752,-3.721113773351333,1.4674168752522243,140.0,0.0,azimuth_elevation
N2543,-581.5273839618044,252.59298829566296,0.0,12.305,9.752,-3.6688452060218113,1.5936043593849663,140.0,0.0,azimuth_elevation
N2544,-572.559973074064,272.2975405857003,0.0,12.305,9.752,-3.6122989292981313,1.717933772120327,140.0,0.0,azimuth_elevation
N2545,-562.9754352849232,291.7103579470703,0.0,12.305,9.752,-3.551540873609502,1.8402601509246064,140.0,0.0,azimuth_elevation
N2546,-552.7797176015864,310.8125201950904,0.0,12.305,9.752,-3.4866418801310046,1.9604408687120685,140.0,0.0,azimuth_elevation
N2547,-541.9792133628424,329.5848608045518,0.0,12.305,9.752,-3.4176776181859547,2.078335800141733,140.0,0.0,azimuth_elevation
N2548,-530.580821926997,348.00797122305113,0.0,12.305,9.752,-3.3447284970188433,2.1938074849972753,140.0,0.0,azimuth_elevation
N2549,-518.5920088439717,366.06221265306175,0.0,12.305,9.752,-3.2678795720417684,2.306721288459468,140.0,0.0,azimuth_elevation
N2550,-506.0208656864134,383.72773533213774,0.0,12.305,9.752,-3.1872204456636197,2.416945558084376,140.0,0.0,azimuth_elevation
N2551,-492.8761687166349,400.9845052535208,0.0,12.305,9.752,-3.102845162817679,2.524351777304211,140.0,0.0,azimuth_elevation
N2552,-479.1674355771863,417.8123381831232,0.0,12.305,9.752,-3.014852101309446,2.628814715271888,140.0,0.0,azimuth_elevation
N2553,-464.9049792127208,434.1909407442444,0.0,12.305,9.752,-2.923343857112496,2.730212572874617,140.0,0.0,azimuth_elevation
N2554,-450.0999582593603,450.09995825936005,0.0,12.305,9.752,-2.8284271247461907,2.8284271247461894,140.0,0.0,azimuth_elevation
N2555,-434.76442317459095,465.51902895982505,0.0,12.305,9.752,-2.730212572874618,2.923343857112495,140.0,0.0,azimuth_elevation
N2556,-418.91135742551774,480.42784410010734,0.0,12.305,9.752,-2.6288147152718926,3.014852101309442,140.0,0.0,azimuth_elevation
N2557,-402.5547131054789,494.80621344410486,0.0,12.305,9.752,-2.5243517773042123,3.1028451628176783,140.0,0.0,azimuth_elevation
N2558,-385.7094404080791,508.6341355278402,0.0,12.305,9.752,-2.41694555808438,3.1872204456636166,140.0,0.0,azimuth_elevation
N2559,-368.39151045293283,521.8918720461211,0.0,12.305,9.752,-2.306721288459466,3.2678795720417697,140.0,0.0,azimuth_elevation
N2560,-350.61793102817285,534.5600256611281,0.0,12.305,9.752,-2.1938074849972735,3.3447284970188447,140.0,0.0,azimuth_elevation
N2561,-332.4067548902096,546.61962048896,0.0,12.305,9.752,-2.0783358001417342,3.4176776181859543,140.0,0.0,azimuth_elevation
N2562,-313.7770803406389,558.0521844862552,0.0,12.305,9.752,-1.9604408687120698,3.486641880131004,140.0,0.0,azimuth_elevation
N2563,-294.7490438825819,568.8398329335971,0.0,12.305,9.752,-1.8402601509246077,3.5515408736095013,140.0,0.0,azimuth_elevation
N2564,-275.3438048433375,578.9653521956583,0.0,12.305,9.752,-1.7179337721203283,3.6122989292981305,140.0,0.0,azimuth_elevation
N2565,-255.58352193604216,588.4122829301944,0.0,12.305,9.752,-1.5936043593849678,3.6688452060218117,140.0,0.0,azimuth_elevation
N2566,-235.4913218191845,597.1650019190736,0.0,12.305,9.752,-1.4674168752522292,3.7211137733513318,140.0,0.0,azimuth_elevation
N2567,-215.09125979835034,605.2088017045655,0.0,12.305,9.752,-1.3395184486839458,3.7690436884752816,140.0,0.0,azimuth_elevation
N2568,-194.40827289859553,612.5299672329473,0.0,12.305,9.752,-1.2100582035243057,3.8125790672566424,140.0,0.0,azimuth_elevation
N2569,-173.46812561741416,619.1158487349388,0.0,12.305,9.752,-1.0791870846281006,3.851669149391196,140.0,0.0,azimuth_elevation
N2570,-152.29734874656472,624.9549301082282,0.0,12.305,9.752,-0.9470576818657854,3.886268357591766,140.0,0.0,azimuth_elevation
N2571,-130.92317172513822,630.0368921110328,0.0,12.305,9.752,-0.8138240522105348,3.9163363507292916,140.0,0.0,azimuth_elevation
N2572,-109.37344905543547,634.3526697267557,0.0,12.305,9.752,-0.6796415401146676,3.9418380708687875,140.0,0.0,azimuth_elevation
N2573,-87.6765813767595,637.8945031178032,0.0,12.305,9.752,-0.5446665963849854,3.962743784145323,140.0,0.0,azimuth_elevation
N2574,-65.86143184934652,640.6559816509093,0.0,12.305,9.752,-0.40905659576813735,3.97902911543238,140.0,0.0,azimuth_elevation
N2575,-43.95723855083823,642.6320805461576,0.0,12.305,9.752,-0.2729696534586856,3.9906750767621566,140.0,0.0,azimuth_elevation
N2576,-21.993523630367605,643.8191897765442,0.0,12.305,9.752,-0.13656444074387472,3.997668089464696,140.0,0.0,azimuth_elevation
N2577,11.573328637122541,677.7726370483201,0.0,12.305,9.752,0.06829217429989887,3.9994169798771155,140.0,0.0,azimuth_elevation
N2578,34.70440548168932,676.9416863996197,0.0,12.305,9.752,0.20479689727933226,3.9947538385818917,140.0,0.0,azimuth_elevation
N2579,57.788789769566804,675.2812822240766,0.0,12.305,9.752,0.34106283623758404,3.9854329930056,140.0,0.0,azimuth_elevation
N2580,80.79551515294848,672.7944102947696,0.0,12.305,9.752,0.47693111118532433,3.9714653108372397,140.0,0.0,azimuth_elevation
N2581,103.69385686105538,669.485528180643,0.0,12.305,9.752,0.6122433057916709,3.9528670777694117,140.0,0.0,azimuth_elevation
N2582,126.45342543105659,665.3605401773546,0.0,12.305,9.752,0.746841652090545,3.9296599785099304,140.0,0.0,azimuth_elevation
N2583,149.04425757628914,660.4267642784039,0.0,12.305,9.752,0.8805692144310624,3.901871071498425,140.0,0.0,azimuth_elevation
N2584,171.43690342654475,654.6928915210505,0.0,12.305,9.752,1.0132700724574817,3.869532757357406,140.0,0.0,azimuth_elevation
N2585,193.602509413924,648.168938118366,0.0,12.305,9.752,1.144789502905365,3.832682741114595,140.0,0.0,azimuth_elevation
N2586,215.51289612424756,640.8661908611749,0.0,12.305,9.752,1.2749741600019833,3.791363988240543,140.0,0.0,azimuth_elevation
N2587,237.14063048775688,632.7971463408509,0.0,12.305,9.752,1.403672254260627,3.745624674552816,140.0,0.0,azimuth_elevation
N2588,258.4590917432644,623.9754446052209,0.0,12.305,9.752,1.5307337294603593,3.695518130045147,140.0,0.0,azimuth_elevation
N2589,279.4425306763663,614.4157979145212,0.0,12.305,9.752,1.6560104376048541,3.6411027767070485,140.0,0.0,azimuth_elevation
N2590,300.0661217041158,604.1339153118786,0.0,12.305,9.752,1.7793563116563371,3.582442060406387,140.0,0.0,azimuth_elevation
N2591,320.3060074548787,593.1464237626112,0.0,12.305,9.752,1.9006275358432148,3.5196043769143364,140.0,0.0,azimuth_elevation
N2592,340.1393355721572,581.4707866483493,0.0,12.305,9.752,2.0196827133428314,3.452662992158971,140.0,0.0,azimuth_elevation
N2593,359.5442875541047,569.1252204252124,0.0,12.305,9.752,2.1363830311438408,3.3816959568004714,140.0,0.0,azimuth_elevation
N2594,378.5000995253657,556.1286102697849,0.0,12.305,9.752,2.2505924218959654,3.306786015227543,140.0,0.0,azimuth_elevation
N2595,396.9870749238678,542.500425542253,0.0,12.305,9.752,2.3621777225584433,3.2280205090811624,140.0,0.0,azimuth_elevation
N2596,414.98658917131723,528.2606358927363,0.0,12.305,9.752,2.471008829662174,3.1454912754181303,140.0,0.0,azimuth_elevation
N2597,432.4810864815042,513.4296288245827,0.0,12.305,9.752,2.5769588510045454,3.0592945396331706,140.0,0.0,azimuth_elevation
N2598,449.4540690441687,498.02812950733653,0.0,12.305,9.752,2.679904253600066,2.969530803264427,140.0,0.0,azimuth_elevation
N2599,465.8900789032155,482.07712360243886,0.0,12.305,9.752,2.7797250077142985,2.8763047268131627,140.0,0.0,azimuth_elevation
N2600,481.7746729256372,465.5977838268044,0.0,12.305,9.752,2.8763047268131627,2.7797250077142985,140.0,0.0,azimuth_elevation
N2601,497.0943913307383,448.6114009336162,0.0,12.305,9.752,2.969530803264427,2.679904253600066,140.0,0.0,azimuth_elevation
N2602,511.8367203173873,431.1393197364984,0.0,12.305,9.752,3.0592945396331706,2.5769588510045454,140.0,0.0,azimuth_elevation
N2603,525.9900493892928,413.2028807432038,0.0,12.305,9.752,3.14549127541813,2.471008829662174,140.0,0.0,azimuth_elevation
N2604,539.5436240340424,394.8233678987503,0.0,12.305,9.752,3.2280205090811624,2.362177722558443,140.0,0.0,azimuth_elevation
N2605,552.4874944602384,376.02196286624275,0.0,12.305,9.752,3.306786015227543,2.250592421895966,140.0,0.0,azimuth_elevation
N2606,564.8124611379749,356.8197061971871,0.0,12.305,9.752,3.381695956800471,2.1363830311438408,140.0,0.0,azimuth_elevation
N2607,576.5100179206936,337.2374656627883,0.0,12.305,9.752,3.452662992158971,2.0196827133428314,140.0,0.0,azimuth_elevation
N2608,587.572293550724,317.29591193432003,0.0,12.305,9.752,3.5196043769143355,1.9006275358432143,140.0,0.0,azimuth_elevation
N2609,597.99199236633,297.01550171512736,0.0,12.305,9.752,3.5824420604063865,1.7793563116563371,140.0,0.0,azimuth_elevation
N2610,607.7623350346074,276.41646834002154,0.0,12.305,9.752,3.6411027767070485,1.6560104376048546,140.0,0.0,azimuth_elevation
N2611,616.8770001320753,255.51881977073518,0.0,12.305,9.752,3.695518130045147,1.5307337294603593,140.0,0.0,azimuth_elevation
N2612,625.3300673832332,234.3423438296222,0.0,12.305,9.752,3.745624674552816,1.403672254260627,140.0,0.0,azimuth_elevation
N2613,633.1159633468479,212.90662042886424,0.0,12.305,9.752,3.7913639882405428,1.2749741600019837,140.0,0.0,azimuth_elevation
N2614,640.2294103104866,191.23104046999515,0.0,12.305,9.752,3.832682741114595,1.1447895029053652,140.0,0.0,azimuth_elevation
N2615,646.6653791160951,169.33483100946637,0.0,12.305,9.752,3.869532757357406,1.0132700724574821,140.0,0.0,azimuth_elevation
N2616,652.4190465936473,147.23708621110515,0.0,12.305,9.752,3.9018710714984244,0.8805692144310625,140.0,0.0,azimuth_elevation
N2617,657.4857582265,124.95680353649291,0.0,12.305,9.752,3.9296599785099304,0.7468416520905456,140.0,0.0,azimuth_elevation
N2618,661.8609966116471,102.51292456025321,0.0,12.305,9.752,3.9528670777694113,0.6122433057916702,140.0,0.0,azimuth_elevation
N2619,665.5403562112004,79.92437973972089,0.0,12.305,9.752,3.9714653108372397,0.47693111118532405,140.0,0.0,azimuth_elevation
N2620,668.5195248188221,57.21013641806554,0.0,12.305,9.752,3.9854329930056003,0.3410628362375843,140.0,0.0,azimuth_elevation
N2621,670.7942720872529,34.38924929726964,0.0,12.305,9.752,3.9947538385818917,0.20479689727933217,140.0,0.0,azimuth_elevation
N2622,672.3604453813515,11.480912582851515,0.0,12.305,9.752,3.999416979877116,0.06829217429989931,140.0,0.0,azimuth_elevation
N2623,673.2139731360006,-11.495487023696933,0.0,12.305,9.752,3.999416979877116,-0.06829217429989794,140.0,0.0,azimuth_elevation
N2624,673.3508758108039,-34.52031732581735,0.0,12.305,9.752,3.994753838581892,-0.20479689727933262,140.0,0.0,azimuth_elevation
N2625,672.7672844445386,-57.57364847513553,0.0,12.305,9.752,3.9854329930056,-0.3410628362375838,140.0,0.0,azimuth_elevation
N2626,671.4594667228617,-80.63520250477244,0.0,12.305,9.752,3.9714653108372397,-0.47693111118532444,140.0,0.0,azimuth_elevation
N2627,669.4238603836741,-103.68430538989927,0.0,12.305,9.752,3.9528670777694117,-0.6122433057916706,140.0,0.0,azimuth_elevation
N2628,666.6571136968265,-126.69984245304688,0.0,12.305,9.752,3.92965997850993,-0.7468416520905443,140.0,0.0,azimuth_elevation
N2629,663.1561326693994,-149.66021790299192,0.0,12.305,9.752,3.9018710714984244,-0.8805692144310628,140.0,0.0,azimuth_elevation
N2630,658.9181345455456,-172.54331925864756,0.0,12.305,9.752,3.869532757357406,-1.0132700724574817,140.0,0.0,azimuth_elevation
N2706,-653.9407070917194,-195.32648736362788,0.0,12.305,9.752,-3.832682741114594,-1.144789502905368,140.0,0.0,azimuth_elevation
N2707,-658.9181345455454,-172.54331925864767,0.0,12.305,9.752,-3.869532757357405,-1.0132700724574826,140.0,0.0,azimuth_elevation
N2708,-663.1561326693993,-149.6602179029916,0.0,12.305,9.752,-3.9018710714984244,-0.8805692144310612,140.0,0.0,azimuth_elevation
N2709,-666.6571136968265,-126.69984245304701,0.0,12.305,9.752,-3.92965997850993,-0.7468416520905451,140.0,0.0,azimuth_elevation
N2710,-669.423860383674,-103.68430538989955,0.0,12.305,9.752,-3.9528670777694113,-0.6122433057916723,140.0,0.0,azimuth_elevation
N2711,-671.4594667228617,-80.63520250477289,0.0,12.305,9.752,-3.9714653108372393,-0.47693111118532705,140.0,0.0,azimuth_elevation
N2712,-672.7672844445386,-57.57364847513568,0.0,12.305,9.752,-3.9854329930056,-0.3410628362375847,140.0,0.0,azimuth_elevation
N2713,-673.3508758108039,-34.52031732581705,0.0,12.305,9.752,-3.994753838581892,-0.2047968972793308,140.0,0.0,azimuth_elevation
N2714,-673.2139731360006,-11.495487023697082,0.0,12.305,9.752,-3.999416979877116,-0.06829217429989883,140.0,0.0,azimuth_elevation
N2715,-672.3604453813515,11.480912582851216,0.0,12.305,9.752,-3.999416979877116,0.06829217429989753,140.0,0.0,azimuth_elevation
N2716,-670.794272087253,34.3892492972692,0.0,12.305,9.752,-3.9947538385818917,0.2047968972793295,140.0,0.0,azimuth_elevation
N2717,-668.5195248188222,57.210136418065396,0.0,12.305,9.752,-3.9854329930056003,0.34106283623758343,140.0,0.0,azimuth_elevation
N2718,-665.5403562112004,79.92437973972119,0.0,12.305,9.752,-3.9714653108372397,0.47693111118532583,140.0,0.0,azimuth_elevation
N2719,-661.860996611647,102.51292456025335,0.0,12.305,9.752,-3.9528670777694113,0.6122433057916711,140.0,0.0,azimuth_elevation
N2720,-657.4857582265,124.95680353649263,0.0,12.305,9.752,-3.9296599785099304,0.7468416520905439,140.0,0.0,azimuth_elevation
N2721,-652.4190465936475,147.23708621110472,0.0,12.305,9.752,-3.9018710714984253,0.8805692144310597,140.0,0.0,azimuth_elevation
N2722,-646.6653791160951,169.33483100946623,0.0,12.305,9.752,-3.869532757357406,1.0132700724574812,140.0,0.0,azimuth_elevation
N2723,-640.2294103104867,191.23104046999484,0.0,12.305,9.752,-3.8326827411145956,1.1447895029053634,140.0,0.0,azimuth_elevation
N2724,-633.1159633468479,212.90662042886424,0.0,12.305,9.752,-3.7913639882405428,1.2749741600019837,140.0,0.0,azimuth_elevation
N2725,-625.3300673832333,234.34234382962208,0.0,12.305,9.752,-3.7456246745528166,1.4036722542606264,140.0,0.0,azimuth_elevation
N2726,-616.8770001320754,255.51881977073475,0.0,12.305,9.752,-3.6955181300451474,1.5307337294603567,140.0,0.0,azimuth_elevation
N2727,-607.7623350346074,276.41646834002137,0.0,12.305,9.752,-3.6411027767070494,1.6560104376048537,140.0,0.0,azimuth_elevation
N2728,-597.9919923663301,297.01550171512713,0.0,12.305,9.752,-3.582442060406387,1.7793563116563358,140.0,0.0,azimuth_elevation
N2729,-587.572293550724,317.29591193432015,0.0,12.305,9.752,-3.5196043769143355,1.900627535843215,140.0,0.0,azimuth_elevation
N2730,-576.5100179206936,337.23746566278805,0.0,12.305,9.752,-3.4526629921589715,2.0196827133428306,140.0,0.0,azimuth_elevation
N2731,-564.8124611379751,356.8197061971867,0.0,12.305,9.752,-3.3816959568004723,2.1363830311438385,140.0,0.0,azimuth_elevation
N2732,-552.4874944602384,376.0219628662427,0.0,12.305,9.752,-3.306786015227543,2.2505924218959654,140.0,0.0,azimuth_elevation
N2733,-539.5436240340426,394.82336789875023,0.0,12.305,9.752,-3.2280205090811633,2.362177722558442,140.0,0.0,azimuth_elevation
N2734,-525.9900493892927,413.2028807432038,0.0,12.305,9.752,-3.1454912754181295,2.4710088296621744,140.0,0.0,azimuth_elevation
N2735,-511.83672031738735,431.13931973649835,0.0,12.305,9.752,-3.059294539633171,2.576958851004545,140.0,0.0,azimuth_elevation
N2736,-497.09439133073863,448.6114009336158,0.0,12.305,9.752,-2.969530803264429,2.6799042536000637,140.0,0.0,azimuth_elevation
N2737,-481.7746729256372,465.5977838268044,0.0,12.305,9.752,-2.8763047268131627,2.7797250077142985,140.0,0.0,azimuth_elevation
N2738,-465.8900789032157,482.0771236024387,0.0,12.305,9.752,-2.7797250077142994,2.876304726813162,140.0,0.0,azimuth_elevation
N2739,-449.4540690441691,498.02812950733625,0.0,12.305,9.752,-2.679904253600068,2.9695308032644254,140.0,0.0,azimuth_elevation
N2740,-432.48108648150435,513.4296288245827,0.0,12.305,9.752,-2.5769588510045462,3.0592945396331706,140.0,0.0,azimuth_elevation
N2741,-414.9865891713174,528.2606358927359,0.0,12.305,9.752,-2.4710088296621757,3.1454912754181286,140.0,0.0,azimuth_elevation
N2742,-396.9870749238678,542.500425542253,0.0,12.305,9.752,-2.3621777225584433,3.2280205090811624,140.0,0.0,azimuth_elevation
N2743,-378.50009952536595,556.1286102697848,0.0,12.305,9.752,-2.2505924218959668,3.3067860152275426,140.0,0.0,azimuth_elevation
N2744,-359.544287554105,569.1252204252121,0.0,12.305,9.752,-2.136383031143843,3.38169595680047,140.0,0.0,azimuth_elevation
N2745,-340.1393355721572,581.4707866483491,0.0,12.305,9.752,-2.019682713342832,3.4526629921589707,140.0,0.0,azimuth_elevation
N2746,-320.30600745487897,593.146423762611,0.0,12.305,9.752,-1.9006275358432165,3.519604376914335,140.0,0.0,azimuth_elevation
N2747,-300.06612170411637,604.1339153118785,0.0,12.305,9.752,-1.7793563116563402,3.5824420604063856,140.0,0.0,azimuth_elevation
N2748,-279.44253067636595,614.4157979145214,0.0,12.305,9.752,-1.6560104376048521,3.6411027767070494,140.0,0.0,azimuth_elevation
N2749,-258.4590917432642,623.9754446052209,0.0,12.305,9.752,-1.530733729460358,3.695518130045147,140.0,0.0,azimuth_elevation
N2750,-237.140630487757,632.7971463408508,0.0,12.305,9.752,-1.4036722542606277,3.7456246745528157,140.0,0.0,azimuth_elevation
N2751,-215.5128961242479,640.8661908611747,0.0,12.305,9.752,-1.2749741600019853,3.791363988240542,140.0,0.0,azimuth_elevation
N2752,-193.60250941392397,648.168938118366,0.0,12.305,9.752,-1.1447895029053647,3.832682741114595,140.0,0.0,azimuth_elevation
N2753,-171.43690342654492,654.6928915210503,0.0,12.305,9.752,-1.0132700724574828,3.869532757357406,140.0,0.0,azimuth_elevation
N2754,-149.04425757628957,660.4267642784038,0.0,12.305,9.752,-0.8805692144310648,3.901871071498424,140.0,0.0,azimuth_elevation
N2755,-126.45342543105664,665.3605401773543,0.0,12.305,9.752,-0.7468416520905455,3.92965997850993,140.0,0.0,azimuth_elevation
N2756,-103.6938568610557,669.4855281806429,0.0,12.305,9.752,-0.6122433057916727,3.9528670777694113,140.0,0.0,azimuth_elevation
N2757,-80.795515152949,672.7944102947694,0.0,12.305,9.752,-0.4769311111853274,3.971465310837239,140.0,0.0,azimuth_elevation
N2758,-57.78878976956638,675.2812822240767,0.0,12.305,9.752,-0.34106283623758155,3.9854329930056003,140.0,0.0,azimuth_elevation
N2759,-34.70440548168914,676.9416863996197,0.0,12.305,9.752,-0.2047968972793312,3.9947538385818917,140.0,0.0,azimuth_elevation
N2760,-11.573328637122591,677.7726370483201,0.0,12.305,9.752,-0.06829217429989916,3.9994169798771155,140.0,0.0,azimuth_elevation
N2761,0.0,711.5379470956927,0.0,12.305,9.752,0.0,4.0,140.0,0.0,azimuth_elevation
N2762,24.29199917876323,711.1027542548795,0.0,12.305,9.752,0.13656444074387158,3.997668089464696,140.0,0.0,azimuth_elevation
N2763,48.551509727957,709.7979477043202,0.0,12.305,9.752,0.27296965345868396,3.9906750767621566,140.0,0.0,azimuth_elevation
N2764,72.74614194050841,707.6258390922801,0.0,12.305,9.752,0.40905659576813685,3.9790291154323794,140.0,0.0,azimuth_elevation
N2765,96.84370311796751,704.5902669843243,0.0,12.305,9.752,0.5446665963849864,3.962743784145323,140.0,0.0,azimuth_elevation
N2766,120.81229399280568,700.696575741217,0.0,12.305,9.752,0.6796415401146667,3.941838070868787,140.0,0.0,azimuth_elevation
N2767,144.62040267716054,695.95158624674,0.0,12.305,9.752,0.813824052210535,3.9163363507292916,140.0,0.0,azimuth_elevation
N2768,168.23699535465843,690.363558780338,0.0,12.305,9.752,0.9470576818657871,3.886268357591766,140.0,0.0,azimuth_elevation
N2769,191.63160296665103,683.9421484083017,0.0,12.305,9.752,1.079187084628097,3.8516691493911974,140.0,0.0,azimuth_elevation
N2770,214.77440318688224,676.6983533419761,0.0,12.305,9.752,1.210058203524303,3.812579067256643,140.0,0.0,azimuth_elevation
N2771,237.63629702879572,668.6444567814599,0.0,12.305,9.752,1.3395184486839447,3.7690436884752825,140.0,0.0,azimuth_elevation
N2772,260.18897948686975,659.7939628276397,0.0,12.305,9.752,1.467416875252226,3.7211137733513326,140.0,0.0,azimuth_elevation
N2773,282.40500367691146,650.1615271035531,0.0,12.305,9.752,1.5936043593849658,3.6688452060218117,140.0,0.0,azimuth_elevation
N2774,304.25783800946897,639.7628827772924,0.0,12.305,9.752,1.7179337721203278,3.612298929298131,140.0,0.0,azimuth_elevation
N2775,325.72191600469625,628.6147627224644,0.0,12.305,9.752,1.8402601509246084,3.551540873609501,140.0,0.0,azimuth_elevation
N2776,346.7726784353307,616.7348185880953,0.0,12.305,9.752,1.960440868712069,3.4866418801310046,140.0,0.0,azimuth_elevation
N2777,367.38660756607135,604.1415375774218,0.0,12.305,9.752,2.0783358001417342,3.417677618185954,140.0,0.0,azimuth_elevation
N2778,387.5412533417156,590.8541577539768,0.0,12.305,9.752,2.1938074849972753,3.344728497018843,140.0,0.0,azimuth_elevation
N2779,407.21525146200577,576.8925827035055,0.0,12.305,9.752,2.3067212884594683,3.2678795720417684,140.0,0.0,azimuth_elevation
N2780,426.3883333673419,562.2772963814449,0.0,12.305,9.752,2.4169455580843784,3.187220445663618,140.0,0.0,azimuth_elevation
N2781,445.0413282454044,547.0292789679587,0.0,12.305,9.752,2.5243517773042115,3.1028451628176787,140.0,0.0,azimuth_elevation
N2782,463.1561572533783,531.1699245358702,0.0,12.305,9.752,2.62881471527189,3.0148521013094443,140.0,0.0,azimuth_elevation
N2783,480.7158202329615,514.7209613115208,0.0,12.305,9.752,2.7302125728746165,2.9233438571124966,140.0,0.0,azimuth_elevation
N2784,497.70437527478464,497.70437527478475,0.0,12.305,9.752,2.82842712474619,2.8284271247461903,140.0,0.0,azimuth_elevation
N2785,514.1069115644164,480.1423378026152,0.0,12.305,9.752,2.923343857112496,2.7302125728746165,140.0,0.0,azimuth_elevation
N2786,529.9095160129486,462.0571380109843,0.0,12.305,9.752,3.014852101309445,2.6288147152718895,140.0,0.0,azimuth_elevation
N2787,545.0992342404885,443.4711203934464,0.0,12.305,9.752,3.102845162817679,2.5243517773042115,140.0,0.0,azimuth_elevation
N2788,559.6640265400176,424.40662829140126,0.0,12.305,9.752,3.187220445663618,2.4169455580843784,140.0,0.0,azimuth_elevation
N2789,573.5927195013562,404.88595366213434,0.0,12.305,9.752,3.2678795720417684,2.3067212884594683,140.0,0.0,azimuth_elevation
N2790,586.8749540198461,384.93129353659356,0.0,12.305,9.752,3.344728497018844,2.193807484997275,140.0,0.0,azimuth_elevation
N2791,599.5011304513042,364.5647134804138,0.0,12.305,9.752,3.4176776181859543,2.0783358001417342,140.0,0.0,azimuth_elevation
N2792,611.4623517034264,343.8081182897825,0.0,12.305,9.752,3.4866418801310046,1.9604408687120694,140.0,0.0,azimuth_elevation
N2793,622.7503650737904,322.68323006918496,0.0,12.305,9.752,3.5515408736095004,1.8402601509246088,140.0,0.0,azimuth_elevation
N2794,633.357503655698,301.2115737518319,0.0,12.305,9.752,3.612298929298131,1.7179337721203276,140.0,0.0,azimuth_elevation
N2795,643.2766281351632,279.41447003653246,0.0,12.305,9.752,3.6688452060218117,1.5936043593849656,140.0,0.0,azimuth_elevation
N2796,652.5010697953644,257.31303562790737,0.0,12.305,9.752,3.721113773351333,1.467416875252226,140.0,0.0,azimuth_elevation
N2797,661.0245755288754,234.92819058104413,0.0,12.305,9.752,3.7690436884752816,1.339518448683945,140.0,0.0,azimuth_elevation
N2798,668.8412556331422,212.28067246792628,0.0,12.305,9.752,3.812579067256643,1.2100582035243033,140.0,0.0,azimuth_elevation
N2799,675.945535131193,189.39105700210868,0.0,12.305,9.752,3.8516691493911965,1.0791870846280978,140.0,0.0,azimuth_elevation
N2800,682.3321093178488,166.27978468105468,0.0,12.305,9.752,3.886268357591766,0.9470576818657872,140.0,0.0,azimuth_elevation
N2801,687.9959041820887,142.96719293312324,0.0,12.305,9.752,3.916336350729291,0.8138240522105351,140.0,0.0,azimuth_elevation
N2802,692.9320422993159,119.47355318918808,0.0,12.305,9.752,3.941838070868788,0.679641540114667,140.0,0.0,azimuth_elevation
N2803,697.1358147235821,95.81911223802787,0.0,12.305,9.752,3.962743784145323,0.5446665963849864,140.0,0.0,azimuth_elevation
N2804,700.6026593400675,72.02413717060986,0.0,12.305,9.752,3.9790291154323794,0.40905659576813747,140.0,0.0,azimuth_elevation
N2805,703.3281460629787,48.10896317179496,0.0,12.305,9.752,3.9906750767621566,0.2729696534586849,140.0,0.0,azimuth_elevation
N2806,705.3079691843388,24.094043379362315,0.0,12.305,9.752,3.997668089464696,0.1365644407438713,140.0,0.0,azimuth_elevation
N2807,706.5379470956927,4.3262971769344106e-14,0.0,12.305,9.752,4.0,2.4492935982947064e-16,140.0,0.0,azimuth_elevation
N2808,707.0140295184557,-24.15232414959891,0.0,12.305,9.752,3.997668089464696,-0.13656444074387172,140.0,0.0,azimuth_elevation
N2809,706.7323122903847,-48.34181452088643,0.0,12.305,9.752,3.990675076762157,-0.2729696534586835,140.0,0.0,azimuth_elevation
N2810,705.6890596663833,-72.54703497855154,0.0,12.305,9.752,3.9790291154323794,-0.4090565957681361,140.0,0.0,azimuth_elevation
N2811,703.8807340025079,-96.74618005433295,0.0,12.305,9.752,3.962743784145323,-0.5446665963849867,140.0,0.0,azimuth_elevation
N2812,701.3040326035904,-120.91703013621746,0.0,12.305,9.752,3.941838070868787,-0.6796415401146665,140.0,0.0,azimuth_elevation
N2813,697.9559314282448,-145.03691039548698,0.0,12.305,9.752,3.916336350729291,-0.8138240522105354,140.0,0.0,azimuth_elevation
N2814,693.8337352611277,-169.0826542209952,0.0,12.305,9.752,3.8862683575917663,-0.9470576818657868,140.0,0.0,azimuth_elevation
N2892,-693.8337352611278,-169.08265422099493,0.0,12.305,9.752,-3.8862683575917663,-0.947057681865785,140.0,0.0,azimuth_elevation
N2893,-697.9559314282448,-145.0369103954868,0.0,12.305,9.752,-3.916336350729292,-0.8138240522105346,140.0,0.0,azimuth_elevation
N2894,-701.3040326035904,-120.91703013621762,0.0,12.305,9.752,-3.941838070868787,-0.6796415401146674,140.0,0.0,azimuth_elevation
N2895,-703.8807340025077,-96.74618005433325,0.0,12.305,9.752,-3.9627437841453226,-0.5446665963849885,140.0,0.0,azimuth_elevation
N2896,-705.6890596663833,-72.5470349785517,0.0,12.305,9.752,-3.9790291154323794,-0.40905659576813697,140.0,0.0,azimuth_elevation
N2897,-706.7323122903847,-48.34181452088612,0.0,12.305,9.752,-3.990675076762157,-0.27296965345868174,140.0,0.0,azimuth_elevation
N2898,-707.0140295184557,-24.15232414959875,0.0,12.305,9.752,-3.997668089464696,-0.13656444074387084,140.0,0.0,azimuth_elevation
N2899,-706.5379470956927,-1.1361996755806167e-13,0.0,12.305,9.752,-4.0,-6.432490598706546e-16,140.0,0.0,azimuth_elevation
N2900,-705.3079691843388,24.094043379362,0.0,12.305,9.752,-3.997668089464696,0.13656444074386953,140.0,0.0,azimuth_elevation
N2901,-703.3281460629786,48.10896317179479,0.0,12.305,9.752,-3.9906750767621566,0.272969653458684,140.0,0.0,azimuth_elevation
N2902,-700.6026593400674,72.02413717060954,0.0,12.305,9.752,-3.9790291154323794,0.4090565957681357,140.0,0.0,azimuth_elevation
N2903,-697.1358147235821,95.81911223802803,0.0,12.305,9.752,-3.962743784145323,0.5446665963849873,140.0,0.0,azimuth_elevation
N2904,-692.9320422993159,119.47355318918792,0.0,12.305,9.752,-3.941838070868788,0.6796415401146662,140.0,0.0,azimuth_elevation
N2905,-687.9959041820888,142.96719293312293,0.0,12.305,9.752,-3.916336350729292,0.8138240522105333,140.0,0.0,azimuth_elevation
N2906,-682.3321093178488,166.27978468105468,0.0,12.305,9.752,-3.886268357591766,0.9470576818657872,140.0,0.0,azimuth_elevation
N2907,-675.9455351311931,189.39105700210837,0.0,12.305,9.752,-3.8516691493911974,1.079187084628096,140.0,0.0,azimuth_elevation
N2908,-668.841255633142,212.2806724679264,0.0,12.305,9.752,-3.812579067256643,1.2100582035243042,140.0,0.0,azimuth_elevation
N2909,-661.0245755288756,234.92819058104402,0.0,12.305,9.752,-3.769043688475282,1.3395184486839442,140.0,0.0,azimuth_elevation
N2910,-652.5010697953644,257.313035627907,0.0,12.305,9.752,-3.721113773351333,1.4674168752522243,140.0,0.0,azimuth_elevation
N2911,-643.276628135163,279.4144700365326,0.0,12.305,9.752,-3.6688452060218117,1.5936043593849665,140.0,0.0,azimuth_elevation
N2912,-633.3575036556981,301.21157375183174,0.0,12.305,9.752,-3.612298929298132,1.7179337721203265,140.0,0.0,azimuth_elevation
N2913,-622.7503650737906,322.68323006918456,0.0,12.305,9.752,-3.5515408736095018,1.8402601509246064,140.0,0.0,azimuth_elevation
N2914,-611.4623517034265,343.8081182897824,0.0,12.305,9.752,-3.486641880131005,1.9604408687120687,140.0,0.0,azimuth_elevation
N2915,-599.5011304513043,364.56471348041356,0.0,12.305,9.752,-3.417677618185955,2.078335800141733,140.0,0.0,azimuth_elevation
N2916,-586.8749540198461,384.9312935365936,0.0,12.305,9.752,-3.344728497018844,2.1938074849972753,140.0,0.0,azimuth_elevation
N2917,-573.5927195013563,404.8859536621343,0.0,12.305,9.752,-3.267879572041769,2.306721288459468,140.0,0.0,azimuth_elevation
N2918,-559.664026540018,424.40662829140086,0.0,12.305,9.752,-3.1872204456636197,2.416945558084376,140.0,0.0,azimuth_elevation
N2919,-545.0992342404885,443.4711203934464,0.0,12.305,9.752,-3.102845162817679,2.5243517773042115,140.0,0.0,azimuth_elevation
N2920,-529.9095160129488,462.0571380109842,0.0,12.305,9.752,-3.0148521013094456,2.6288147152718886,140.0,0.0,azimuth_elevation
N2921,-514.1069115644164,480.14233780261526,0.0,12.305,9.752,-2.923343857112496,2.730212572874617,140.0,0.0,azimuth_elevation
N2922,-497.7043752747848,497.7043752747846,0.0,12.305,9.752,-2.8284271247461907,2.8284271247461894,140.0,0.0,azimuth_elevation
N2923,-480.71582023296173,514.7209613115205,0.0,12.305,9.752,-2.730212572874618,2.9233438571124943,140.0,0.0,azimuth_elevation
N2924,-463.1561572533788,531.1699245358698,0.0,12.305,9.752,-2.628814715271893,3.0148521013094416,140.0,0.0,azimuth_elevation
N2925,-445.04132824540454,547.0292789679586,0.0,12.305,9.752,-2.5243517773042123,3.1028451628176783,140.0,0.0,azimuth_elevation
N2926,-426.3883333673423,562.2772963814447,0.0,12.305,9.752,-2.41694555808438,3.187220445663616,140.0,0.0,azimuth_elevation
N2927,-407.21525146200537,576.8925827035057,0.0,12.305,9.752,-2.306721288459466,3.2678795720417697,140.0,0.0,azimuth_elevation
N2928,-387.54125334171533,590.854157753977,0.0,12.305,9.752,-2.1938074849972735,3.3447284970188442,140.0,0.0,azimuth_elevation
N2929,-367.38660756607135,604.1415375774218,0.0,12.305,9.752,-2.0783358001417342,3.417677618185954,140.0,0.0,azimuth_elevation
N2930,-346.7726784353309,616.7348185880951,0.0,12.305,9.752,-1.96044086871207,3.486641880131004,140.0,0.0,azimuth_elevation
N2931,-325.72191600469614,628.6147627224645,0.0,12.305,9.752,-1.840260150924608,3.5515408736095013,140.0,0.0,azimuth_elevation
N2932,-304.2578380094691,639.7628827772922,0.0,12.305,9.752,-1.7179337721203285,3.6122989292981305,140.0,0.0,azimuth_elevation
N2933,-282.4050036769118,650.161527103553,0.0,12.305,9.752,-1.5936043593849676,3.6688452060218113,140.0,0.0,azimuth_elevation
N2934,-260.1889794868703,659.7939628276395,0.0,12.305,9.752,-1.4674168752522292,3.7211137733513313,140.0,0.0,azimuth_elevation
N2935,-237.63629702879598,668.6444567814598,0.0,12.305,9.752,-1.339518448683946,3.7690436884752816,140.0,0.0,azimuth_elevation
N2936,-214.77440318688272,676.698353341976,0.0,12.305,9.752,-1.2100582035243057,3.8125790672566424,140.0,0.0,azimuth_elevation
N2937,-191.63160296665168,683.9421484083015,0.0,12.305,9.752,-1.0791870846281009,3.8516691493911965,140.0,0.0,azimuth_elevation
N2938,-168.23699535465815,690.3635587803382,0.0,12.305,9.752,-0.9470576818657853,3.8862683575917663,140.0,0.0,azimuth_elevation
N2939,-144.62040267716054,695.95158624674,0.0,12.305,9.752,-0.813824052210535,3.9163363507292916,140.0,0.0,azimuth_elevation
N2940,-120.81229399280583,700.696575741217,0.0,12.305,9.752,-0.6796415401146676,3.941838070868787,140.0,0.0,azimuth_elevation
N2941,-96.84370311796732,704.5902669843243,0.0,12.305,9.752,-0.5446665963849854,3.962743784145323,140.0,0.0,azimuth_elevation
N2942,-72.74614194050848,707.6258390922801,0.0,12.305,9.752,-0.4090565957681373,3.9790291154323794,140.0,0.0,azimuth_elevation
N2943,-48.5515097279573,709.7979477043203,0.0,12.305,9.752,-0.2729696534586856,3.9906750767621566,140.0,0.0,azimuth_elevation
N2944,-24.29199917876379,711.1027542548795,0.0,12.305,9.752,-0.13656444074387472,3.997668089464696,140.0,0.0,azimuth_elevation
N2945,12.722733942926265,745.0856365818416,0.0,12.305,9.752,0.06829217429989887,3.999416979877116,140.0,0.0,azimuth_elevation
N2946,38.15128124392952,744.1762019867535,0.0,12.305,9.752,0.20479689727933226,3.9947538385818917,140.0,0.0,azimuth_elevation
N2947,63.52911708529157,742.358921427206,0.0,12.305,9.752,0.34106283623758415,3.9854329930056,140.0,0.0,azimuth_elevation
N2948,88.82260105728598,739.6369635871242,0.0,12.305,9.752,0.47693111118532433,3.9714653108372397,140.0,0.0,azimuth_elevation
N2949,113.99834213091158,736.0150601351082,0.0,12.305,9.752,0.6122433057916709,3.9528670777694117,140.0,0.0,azimuth_elevation
N2950,139.0232954975506,731.4994803356934,0.0,12.305,9.752,0.7468416520905451,3.9296599785099304,140.0,0.0,azimuth_elevation
N2951,163.86485653320332,726.0979975949422,0.0,12.305,9.752,0.8805692144310624,3.901871071498425,140.0,0.0,azimuth_elevation
N2952,188.49095111845543,719.8198482753693,0.0,12.305,9.752,1.0132700724574817,3.869532757357406,140.0,0.0,azimuth_elevation
N2953,212.87012158409013,712.6756831921716,0.0,12.305,9.752,1.1447895029053652,3.832682741114595,140.0,0.0,azimuth_elevation
N2954,236.97160759876414,704.6775122752495,0.0,12.305,9.752,1.2749741600019833,3.791363988240543,140.0,0.0,azimuth_elevation
N2955,260.76542136894324,695.8386429488559,0.0,12.305,9.752,1.4036722542606268,3.745624674552816,140.0,0.0,azimuth_elevation
N2956,284.22241658174545,686.1736128421053,0.0,12.305,9.752,1.5307337294603596,3.6955181300451465,140.0,0.0,azimuth_elevation
N2957,307.3143505878343,675.6981174983912,0.0,12.305,9.752,1.6560104376048541,3.6411027767070485,140.0,0.0,azimuth_elevation
N2958,330.01393939332604,664.4289337994012,0.0,12.305,9.752,1.7793563116563373,3.582442060406386,140.0,0.0,azimuth_elevation
N2959,352.29490510604165,652.3838398593679,0.0,12.305,9.752,1.9006275358432148,3.5196043769143355,140.0,0.0,azimuth_elevation
N2960,374.13201556155025,639.581532177,0.0,12.305,9.752,2.0196827133428314,3.452662992158971,140.0,0.0,azimuth_elevation
N2961,395.5011159374325,626.0415408559007,0.0,12.305,9.752,2.1363830311438408,3.3816959568004714,140.0,0.0,azimuth_elevation
N2962,416.37915224916674,611.7841437188893,0.0,12.305,9.752,2.2505924218959654,3.3067860152275426,140.0,0.0,azimuth_elevation
N2963,436.744186707085,596.8302801473745,0.0,12.305,9.752,2.3621777225584433,3.2280205090811624,140.0,0.0,azimuth_elevation
N2964,456.57540500004023,581.2014654737072,0.0,12.305,9.752,2.471008829662174,3.14549127541813,140.0,0.0,azimuth_elevation
N2965,475.85311565684236,564.9197067422795,0.0,12.305,9.752,2.576958851004546,3.0592945396331706,140.0,0.0,azimuth_elevation
N2966,494.5587417202362,548.0074206341792,0.0,12.305,9.752,2.679904253600066,2.969530803264427,140.0,0.0,azimuth_elevation
N2967,512.6748050493097,530.4873543206644,0.0,12.305,9.752,2.779725007714298,2.876304726813163,140.0,0.0,azimuth_elevation
N2968,530.1849036438628,512.3825099728987,0.0,12.305,9.752,2.8763047268131627,2.7797250077142985,140.0,0.0,azimuth_elevation
N2969,547.073682457581,493.71607360968363,0.0,12.305,9.752,2.969530803264427,2.679904253600066,140.0,0.0,azimuth_elevation
N2970,563.3267982350841,474.5113489118365,0.0,12.305,9.752,3.0592945396331706,2.5769588510045454,140.0,0.0,azimuth_elevation
N2971,578.9308789702638,454.7916965719269,0.0,12.305,9.752,3.14549127541813,2.471008829662174,140.0,0.0,azimuth_elevation
N2972,593.873478639164,434.58047968196746,0.0,12.305,9.752,3.2280205090811624,2.362177722558443,140.0,0.0,azimuth_elevation
N2973,608.1430279093429,413.9010155900438,0.0,12.305,9.752,3.3067860152275426,2.250592421895966,140.0,0.0,azimuth_elevation
N2974,621.7287815686631,392.7765345805148,0.0,12.305,9.752,3.381695956800471,2.1363830311438408,140.0,0.0,azimuth_elevation
N2975,634.6207634493443,371.2301456521813,0.0,12.305,9.752,3.452662992158971,2.0196827133428314,140.0,0.0,azimuth_elevation
N2976,646.8097096474808,349.284809585483,0.0,12.305,9.752,3.5196043769143355,1.9006275358432143,140.0,0.0,azimuth_elevation
N2977,658.2870108538526,326.96331940433754,0.0,12.305,9.752,3.5824420604063865,1.7793563116563371,140.0,0.0,azimuth_elevation
N2978,669.0446546184774,304.2882882514896,0.0,12.305,9.752,3.6411027767070485,1.6560104376048546,140.0,0.0,azimuth_elevation
N2979,679.0751683689598,281.2821446092162,0.0,12.305,9.752,3.695518130045147,1.5307337294603591,140.0,0.0,azimuth_elevation
N2980,688.3715639912382,257.9671347108086,0.0,12.305,9.752,3.745624674552816,1.403672254260627,140.0,0.0,azimuth_elevation
N2981,696.9272847609225,234.36533190338082,0.0,12.305,9.752,3.791363988240543,1.2749741600019837,140.0,0.0,azimuth_elevation
N2982,704.7361553842921,210.4986526401612,0.0,12.305,9.752,3.832682741114595,1.1447895029053652,140.0,0.0,azimuth_elevation
N2983,711.792335870414,186.3888787013771,0.0,12.305,9.752,3.869532757357406,1.0132700724574821,140.0,0.0,azimuth_elevation
N2984,718.0902799101856,162.05768516801933,0.0,12.305,9.752,3.9018710714984244,0.8805692144310625,140.0,0.0,azimuth_elevation
N2985,723.6246983848389,137.52667360298696,0.0,12.305,9.752,3.92965997850993,0.7468416520905456,140.0,0.0,azimuth_elevation
N2986,728.3905285661123,112.81740983010938,0.0,12.305,9.752,3.9528670777694117,0.6122433057916702,140.0,0.0,azimuth_elevation
N2987,732.3829095035551,87.95146564405839,0.0,12.305,9.752,3.9714653108372397,0.47693111118532405,140.0,0.0,azimuth_elevation
N2988,735.5971640219515,62.950463733790286,0.0,12.305,9.752,3.9854329930056,0.3410628362375843,140.0,0.0,azimuth_elevation
N2989,738.0287876743868,37.83612505950984,0.0,12.305,9.752,3.9947538385818917,0.20479689727933217,140.0,0.0,azimuth_elevation
N2990,739.673444914873,12.630317888655247,0.0,12.305,9.752,3.999416979877116,0.06829217429989931,140.0,0.0,azimuth_elevation
N2991,740.5269726695221,-12.64489232950064,0.0,12.305,9.752,3.999416979877116,-0.06829217429989794,140.0,0.0,azimuth_elevation
N2992,740.5853913979377,-37.96719308805755,0.0,12.305,9.752,3.9947538385818913,-0.20479689727933256,140.0,0.0,azimuth_elevation
N2993,739.8449236476681,-63.31397579086027,0.0,12.305,9.752,3.9854329930056,-0.3410628362375838,140.0,0.0,azimuth_elevation
N2994,738.3020200152163,-88.66228840910993,0.0,12.305,9.752,3.9714653108372393,-0.47693111118532444,140.0,0.0,azimuth_elevation
N2995,735.9533923381393,-113.98879065975545,0.0,12.305,9.752,3.9528670777694117,-0.6122433057916706,140.0,0.0,azimuth_elevation
N2996,732.7960538551655,-139.2697125195409,0.0,12.305,9.752,3.9296599785099304,-0.7468416520905443,140.0,0.0,azimuth_elevation
N3076,-728.8273659859375,-164.4808168599057,0.0,12.305,9.752,-3.9018710714984244,-0.880569214431061,140.0,0.0,azimuth_elevation
N3077,-732.7960538551654,-139.26971251954103,0.0,12.305,9.752,-3.9296599785099304,-0.7468416520905452,140.0,0.0,azimuth_elevation
N3078,-735.9533923381391,-113.98879065975575,0.0,12.305,9.752,-3.9528670777694113,-0.6122433057916723,140.0,0.0,azimuth_elevation
N3079,-738.3020200152165,-88.66228840911046,0.0,12.305,9.752,-3.9714653108372393,-0.47693111118532716,140.0,0.0,azimuth_elevation
N3080,-739.8449236476681,-63.31397579086043,0.0,12.305,9.752,-3.9854329930056,-0.3410628362375847,140.0,0.0,azimuth_elevation
N3081,-740.5853913979377,-37.96719308805722,0.0,12.305,9.752,-3.9947538385818913,-0.20479689727933081,140.0,0.0,azimuth_elevation
N3082,-740.5269726695221,-12.644892329500806,0.0,12.305,9.752,-3.999416979877116,-0.06829217429989883,140.0,0.0,azimuth_elevation
N3083,-739.673444914873,12.630317888654918,0.0,12.305,9.752,-3.999416979877116,0.06829217429989753,140.0,0.0,azimuth_elevation
N3084,-738.0287876743869,37.83612505950936,0.0,12.305,9.752,-3.9947538385818917,0.2047968972793295,140.0,0.0,azimuth_elevation
N3085,-735.5971640219516,62.95046373379013,0.0,12.305,9.752,-3.9854329930056,0.34106283623758343,140.0,0.0,azimuth_elevation
N3086,-732.382909503555,87.95146564405871,0.0,12.305,9.752,-3.9714653108372393,0.47693111118532583,140.0,0.0,azimuth_elevation
N3087,-728.3905285661122,112.81740983010954,0.0,12.305,9.752,-3.952867077769411,0.6122433057916711,140.0,0.0,azimuth_elevation
N3088,-723.624698384839,137.52667360298662,0.0,12.305,9.752,-3.929659978509931,0.7468416520905439,140.0,0.0,azimuth_elevation
N3089,-718.0902799101857,162.05768516801885,0.0,12.305,9.752,-3.9018710714984253,0.88056921443106,140.0,0.0,azimuth_elevation
N3090,-711.7923358704139,186.3888787013769,0.0,12.305,9.752,-3.869532757357406,1.0132700724574812,140.0,0.0,azimuth_elevation
N3091,-704.7361553842923,210.49865264016086,0.0,12.305,9.752,-3.8326827411145956,1.1447895029053634,140.0,0.0,azimuth_elevation
N3092,-696.9272847609225,234.36533190338082,0.0,12.305,9.752,-3.791363988240543,1.2749741600019837,140.0,0.0,azimuth_elevation
N3093,-688.3715639912382,257.9671347108084,0.0,12.305,9.752,-3.7456246745528166,1.4036722542606264,140.0,0.0,azimuth_elevation
N3094,-679.0751683689598,281.28214460921566,0.0,12.305,9.752,-3.6955181300451474,1.5307337294603567,140.0,0.0,azimuth_elevation
N3095,-669.0446546184775,304.28828825148946,0.0,12.305,9.752,-3.641102776707049,1.656010437604854,140.0,0.0,azimuth_elevation
N3096,-658.2870108538528,326.9633194043373,0.0,12.305,9.752,-3.5824420604063874,1.7793563116563358,140.0,0.0,azimuth_elevation
N3097,-646.8097096474806,349.28480958548306,0.0,12.305,9.752,-3.5196043769143355,1.900627535843215,140.0,0.0,azimuth_elevation
N3098,-634.6207634493442,371.230145652181,0.0,12.305,9.752,-3.4526629921589715,2.0196827133428306,140.0,0.0,azimuth_elevation
N3099,-621.7287815686634,392.77653458051446,0.0,12.305,9.752,-3.3816959568004723,2.1363830311438385,140.0,0.0,azimuth_elevation
N3100,-608.1430279093429,413.90101559004364,0.0,12.305,9.752,-3.3067860152275435,2.2505924218959654,140.0,0.0,azimuth_elevation
N3101,-593.8734786391643,434.58047968196746,0.0,12.305,9.752,-3.2280205090811633,2.362177722558442,140.0,0.0,azimuth_elevation
N3102,-578.9308789702638,454.791696571927,0.0,12.305,9.752,-3.14549127541813,2.4710088296621744,140.0,0.0,azimuth_elevation
N3103,-563.3267982350841,474.5113489118364,0.0,12.305,9.752,-3.0592945396331706,2.576958851004545,140.0,0.0,azimuth_elevation
N3104,-547.0736824575814,493.7160736096833,0.0,12.305,9.752,-2.9695308032644294,2.6799042536000637,140.0,0.0,azimuth_elevation
N3105,-530.1849036438628,512.3825099728987,0.0,12.305,9.752,-2.8763047268131627,2.7797250077142985,140.0,0.0,azimuth_elevation
N3106,-512.6748050493101,530.4873543206643,0.0,12.305,9.752,-2.7797250077142994,2.876304726813162,140.0,0.0,azimuth_elevation
N3107,-494.5587417202365,548.0074206341787,0.0,12.305,9.752,-2.679904253600068,2.9695308032644254,140.0,0.0,azimuth_elevation
N3108,-475.85311565684253,564.9197067422796,0.0,12.305,9.752,-2.576958851004546,3.05929453963317,140.0,0.0,azimuth_elevation
N3109,-456.5754050000405,581.201465473707,0.0,12.305,9.752,-2.4710088296621757,3.1454912754181286,140.0,0.0,azimuth_elevation
N3110,-436.744186707085,596.8302801473745,0.0,12.305,9.752,-2.3621777225584433,3.2280205090811624,140.0,0.0,azimuth_elevation
N3111,-416.3791522491669,611.784143718889,0.0,12.305,9.752,-2.2505924218959668,3.306786015227542,140.0,0.0,azimuth_elevation
N3112,-395.5011159374328,626.0415408559004,0.0,12.305,9.752,-2.136383031143843,3.38169595680047,140.0,0.0,azimuth_elevation
N3113,-374.1320155615503,639.5815321769999,0.0,12.305,9.752,-2.019682713342832,3.4526629921589707,140.0,0.0,azimuth_elevation
N3114,-352.294905106042,652.3838398593676,0.0,12.305,9.752,-1.9006275358432165,3.5196043769143346,140.0,0.0,azimuth_elevation
N3115,-330.01393939332667,664.4289337994011,0.0,12.305,9.752,-1.7793563116563405,3.582442060406385,140.0,0.0,azimuth_elevation
N3116,-307.3143505878339,675.6981174983913,0.0,12.305,9.752,-1.6560104376048523,3.64110277670705,140.0,0.0,azimuth_elevation
N3117,-284.2224165817453,686.1736128421055,0.0,12.305,9.752,-1.5307337294603582,3.6955181300451474,140.0,0.0,azimuth_elevation
N3118,-260.76542136894335,695.8386429488556,0.0,12.305,9.752,-1.4036722542606277,3.7456246745528157,140.0,0.0,azimuth_elevation
N3119,-236.9716075987645,704.6775122752492,0.0,12.305,9.752,-1.2749741600019853,3.7913639882405423,140.0,0.0,azimuth_elevation
N3120,-212.87012158409007,712.6756831921716,0.0,12.305,9.752,-1.144789502905365,3.832682741114595,140.0,0.0,azimuth_elevation
N3121,-188.49095111845563,719.819848275369,0.0,12.305,9.752,-1.0132700724574828,3.869532757357405,140.0,0.0,azimuth_elevation
N3122,-163.86485653320378,726.0979975949418,0.0,12.305,9.752,-0.880569214431065,3.9018710714984235,140.0,0.0,azimuth_elevation
N3123,-139.02329549755066,731.4994803356932,0.0,12.305,9.752,-0.7468416520905454,3.92965997850993,140.0,0.0,azimuth_elevation
N3124,-113.9983421309119,736.015060135108,0.0,12.305,9.752,-0.6122433057916726,3.9528670777694113,140.0,0.0,azimuth_elevation
N3125,-88.82260105728655,739.6369635871241,0.0,12.305,9.752,-0.4769311111853274,3.9714653108372393,140.0,0.0,azimuth_elevation
N3126,-63.52911708529109,742.3589214272063,0.0,12.305,9.752,-0.34106283623758155,3.9854329930056007,140.0,0.0,azimuth_elevation
N3127,-38.15128124392932,744.1762019867535,0.0,12.305,9.752,-0.20479689727933117,3.9947538385818917,140.0,0.0,azimuth_elevation
N3128,-12.72273394292632,745.0856365818416,0.0,12.305,9.752,-0.06829217429989916,3.999416979877116,140.0,0.0,azimuth_elevation
N3129,0.0,778.8607592677706,0.0,12.305,9.752,0.0,4.0,140.0,0.0,azimuth_elevation
N3130,26.59047472715936,778.3863187332148,0.0,12.305,9.752,0.13656444074387158,3.997668089464696,140.0,0.0,azimuth_elevation
N3131,53.14578090507605,776.9638148624832,0.0,12.305,9.752,0.27296965345868396,3.9906750767621566,140.0,0.0,azimuth_elevation
N3132,79.63085203167037,774.5956965336509,0.0,12.305,9.752,0.40905659576813685,3.9790291154323794,140.0,0.0,azimuth_elevation
N3133,106.01082485917536,771.2860308508453,0.0,12.305,9.752,0.5446665963849865,3.9627437841453226,140.0,0.0,azimuth_elevation
N3134,132.25113893017604,767.0404817556783,0.0,12.305,9.752,0.6796415401146667,3.9418380708687875,140.0,0.0,azimuth_elevation
N3135,158.31763362918286,761.8662803824473,0.0,12.305,9.752,0.8138240522105351,3.9163363507292916,140.0,0.0,azimuth_elevation
N3136,184.17664196275192,755.7721874524482,0.0,12.305,9.752,0.947057681865787,3.8862683575917663,140.0,0.0,azimuth_elevation
N3137,209.79508031588844,748.7684480816642,0.0,12.305,9.752,1.079187084628097,3.851669149391197,140.0,0.0,azimuth_elevation
N3138,235.1405334751694,740.866739451005,0.0,12.305,9.752,1.210058203524303,3.8125790672566438,140.0,0.0,azimuth_elevation
N3139,260.18133425924134,732.0801118583541,0.0,12.305,9.752,1.3395184486839447,3.769043688475282,140.0,0.0,azimuth_elevation
N3140,284.8866371545555,722.4229237362056,0.0,12.305,9.752,1.467416875252226,3.7211137733513326,140.0,0.0,azimuth_elevation
N3141,309.22648541778113,711.9107712769119,0.0,12.305,9.752,1.593604359384966,3.668845206021812,140.0,0.0,azimuth_elevation
N3142,333.1718711756005,700.5604133589263,0.0,12.305,9.752,1.7179337721203276,3.612298929298131,140.0,0.0,azimuth_elevation
N3143,356.6947881268106,688.3896925113319,0.0,12.305,9.752,1.8402601509246088,3.551540873609501,140.0,0.0,azimuth_elevation
N3144,379.76827653002266,675.4174526899354,0.0,12.305,9.752,1.960440868712069,3.486641880131005,140.0,0.0,azimuth_elevation
N3145,402.3664602419331,661.6634546658837,0.0,12.305,9.752,2.0783358001417342,3.4176776181859543,140.0,0.0,azimuth_elevation
N3146,424.46457565525816,647.1482898468258,0.0,12.305,9.752,2.1938074849972753,3.3447284970188433,140.0,0.0,azimuth_elevation
N3147,446.0389924710783,631.89329336089,0.0,12.305,9.752,2.3067212884594683,3.2678795720417684,140.0,0.0,azimuth_elevation
N3148,467.067226326605,615.9204572350495,0.0,12.305,9.752,2.416945558084378,3.1872204456636184,140.0,0.0,azimuth_elevation
N3149,487.52794338533,599.2523444918124,0.0,12.305,9.752,2.5243517773042115,3.1028451628176787,140.0,0.0,azimuth_elevation
N3150,507.40095708123937,581.9120049716328,0.0,12.305,9.752,2.6288147152718904,3.0148521013094443,140.0,0.0,azimuth_elevation
N3151,526.6672172913322,563.9228936632164,0.0,12.305,9.752,2.730212572874616,2.923343857112497,140.0,0.0,azimuth_elevation
N3152,545.3087922902091,545.3087922902092,0.0,12.305,9.752,2.82842712474619,2.8284271247461903,140.0,0.0,azimuth_elevation
N3153,563.3088439161119,526.093734860986,0.0,12.305,9.752,2.9233438571124957,2.730212572874617,140.0,0.0,azimuth_elevation
N3154,580.6515964487111,506.3019378388453,0.0,12.305,9.752,3.0148521013094447,2.6288147152718895,140.0,0.0,azimuth_elevation
N3155,597.3222997643422,485.95773553337193,0.0,12.305,9.752,3.102845162817679,2.524351777304211,140.0,0.0,azimuth_elevation
N3156,613.3071873936221,465.0855212506644,0.0,12.305,9.752,3.187220445663618,2.4169455580843784,140.0,0.0,azimuth_elevation
N3157,628.5934301587406,443.7096946712069,0.0,12.305,9.752,3.267879572041768,2.3067212884594683,140.0,0.0,azimuth_elevation
N3158,643.169086112695,421.8546158501361,0.0,12.305,9.752,3.3447284970188433,2.193807484997275,140.0,0.0,azimuth_elevation
N3159,657.023047539766,399.5445661562756,0.0,12.305,9.752,3.4176776181859543,2.0783358001417342,140.0,0.0,azimuth_elevation
N3160,670.1449858052664,376.80371638447446,0.0,12.305,9.752,3.4866418801310046,1.9604408687120694,140.0,0.0,azimuth_elevation
N3161,682.5252948626578,353.6561021912993,0.0,12.305,9.752,3.5515408736095004,1.840260150924609,140.0,0.0,azimuth_elevation
N3162,694.155034237332,330.1256069179634,0.0,12.305,9.752,3.6122989292981305,1.7179337721203276,140.0,0.0,azimuth_elevation
N3163,705.0258723085219,306.2359517774021,0.0,12.305,9.752,3.668845206021812,1.5936043593849654,140.0,0.0,azimuth_elevation
N3164,715.1300307039303,282.0106932955931,0.0,12.305,9.752,3.7211137733513326,1.467416875252226,140.0,0.0,azimuth_elevation
N3165,724.4602306057698,257.4732278114898,0.0,12.305,9.752,3.7690436884752816,1.339518448683945,140.0,0.0,azimuth_elevation
N3166,733.009641742171,232.64680275621345,0.0,12.305,9.752,3.8125790672566433,1.2100582035243033,140.0,0.0,azimuth_elevation
N3167,740.7718348045556,207.55453435134612,0.0,12.305,9.752,3.851669149391197,1.0791870846280978,140.0,0.0,azimuth_elevation
N3168,747.7407379899589,182.21943128914816,0.0,12.305,9.752,3.886268357591766,0.9470576818657872,140.0,0.0,azimuth_elevation
N3169,753.910598317796,156.6644238851455,0.0,12.305,9.752,3.916336350729292,0.813824052210535,140.0,0.0,azimuth_elevation
N3170,759.2759483137771,130.91239812655846,0.0,12.305,9.752,3.9418380708687875,0.6796415401146672,140.0,0.0,azimuth_elevation
N3171,763.8315785901033,104.9862339792357,0.0,12.305,9.752,3.9627437841453226,0.5446665963849864,140.0,0.0,azimuth_elevation
N3172,767.5725167814383,78.90884726177184,0.0,12.305,9.752,3.979029115432379,0.40905659576813747,140.0,0.0,azimuth_elevation
N3173,770.4940132211415,52.703234348914016,0.0,12.305,9.752,3.9906750767621566,0.2729696534586849,140.0,0.0,azimuth_elevation
N3174,772.5915336626741,26.39251892775844,0.0,12.305,9.752,3.997668089464696,0.1365644407438713,140.0,0.0,azimuth_elevation
N3175,773.8607592677706,4.738530509115079e-14,0.0,12.305,9.752,4.0,2.4492935982947064e-16,140.0,0.0,azimuth_elevation
N3176,774.297593996791,-26.450799697995045,0.0,12.305,9.752,3.997668089464696,-0.13656444074387172,140.0,0.0,azimuth_elevation
N3177,773.8981794485475,-52.93608569800546,0.0,12.305,9.752,3.9906750767621566,-0.2729696534586835,140.0,0.0,azimuth_elevation
N3178,772.6589171077541,-79.43174506971349,0.0,12.305,9.752,3.9790291154323794,-0.4090565957681361,140.0,0.0,azimuth_elevation
N3179,770.576497869029,-105.9133017955408,0.0,12.305,9.752,3.962743784145323,-0.5446665963849867,140.0,0.0,azimuth_elevation
N3180,767.6479386180517,-132.3558750735878,0.0,12.305,9.752,3.9418380708687875,-0.6796415401146665,140.0,0.0,azimuth_elevation
N3261,-763.870625563952,-158.73414134750908,0.0,12.305,9.752,-3.9163363507292916,-0.8138240522105344,140.0,0.0,azimuth_elevation
N3262,-767.6479386180517,-132.35587507358798,0.0,12.305,9.752,-3.9418380708687875,-0.6796415401146674,140.0,0.0,azimuth_elevation
N3263,-770.5764978690289,-105.91330179554116,0.0,12.305,9.752,-3.962743784145322,-0.5446665963849885,140.0,0.0,azimuth_elevation
N3264,-772.6589171077541,-79.43174506971366,0.0,12.305,9.752,-3.9790291154323794,-0.4090565957681369,140.0,0.0,azimuth_elevation
N3265,-773.8981794485475,-52.93608569800512,0.0,12.305,9.752,-3.9906750767621566,-0.27296965345868174,140.0,0.0,azimuth_elevation
N3266,-774.297593996791,-26.45079969799487,0.0,12.305,9.752,-3.997668089464696,-0.13656444074387084,140.0,0.0,azimuth_elevation
N3267,-773.8607592677706,-1.244463014674461e-13,0.0,12.305,9.752,-4.0,-6.432490598706545e-16,140.0,0.0,azimuth_elevation
N3268,-772.5915336626741,26.392518927758097,0.0,12.305,9.752,-3.997668089464696,0.13656444074386953,140.0,0.0,azimuth_elevation
N3269,-770.4940132211414,52.70323434891384,0.0,12.305,9.752,-3.9906750767621566,0.272969653458684,140.0,0.0,azimuth_elevation
N3270,-767.5725167814381,78.90884726177148,0.0,12.305,9.752,-3.979029115432379,0.4090565957681357,140.0,0.0,azimuth_elevation
N3271,-763.8315785901033,104.98623397923588,0.0,12.305,9.752,-3.9627437841453226,0.5446665963849873,140.0,0.0,azimuth_elevation
N3272,-759.2759483137769,130.91239812655823,0.0,12.305,9.752,-3.9418380708687875,0.6796415401146662,140.0,0.0,azimuth_elevation
N3273,-753.910598317796,156.6644238851452,0.0,12.305,9.752,-3.916336350729292,0.8138240522105333,140.0,0.0,azimuth_elevation
N3274,-747.7407379899589,182.21943128914816,0.0,12.305,9.752,-3.886268357591766,0.9470576818657872,140.0,0.0,azimuth_elevation
N3275,-740.7718348045557,207.55453435134578,0.0,12.305,9.752,-3.8516691493911974,1.079187084628096,140.0,0.0,azimuth_elevation
N3276,-733.0096417421707,232.64680275621356,0.0,12.305,9.752,-3.812579067256643,1.2100582035243042,140.0,0.0,azimuth_elevation
N3277,-724.4602306057699,257.4732278114896,0.0,12.305,9.752,-3.769043688475282,1.3395184486839442,140.0,0.0,azimuth_elevation
N3278,-715.1300307039303,282.0106932955927,0.0,12.305,9.752,-3.721113773351333,1.4674168752522243,140.0,0.0,azimuth_elevation
N3279,-705.0258723085218,306.23595177740225,0.0,12.305,9.752,-3.6688452060218117,1.5936043593849663,140.0,0.0,azimuth_elevation
N3280,-694.1550342373321,330.12560691796324,0.0,12.305,9.752,-3.6122989292981313,1.7179337721203267,140.0,0.0,azimuth_elevation
N3281,-682.5252948626581,353.65610219129877,0.0,12.305,9.752,-3.551540873609502,1.8402601509246064,140.0,0.0,azimuth_elevation
N3282,-670.1449858052665,376.80371638447434,0.0,12.305,9.752,-3.486641880131005,1.9604408687120687,140.0,0.0,azimuth_elevation
N3283,-657.0230475397663,399.5445661562753,0.0,12.305,9.752,-3.417677618185955,2.078335800141733,140.0,0.0,azimuth_elevation
N3284,-643.169086112695,421.85461585013616,0.0,12.305,9.752,-3.3447284970188433,2.1938074849972753,140.0,0.0,azimuth_elevation
N3285,-628.5934301587408,443.7096946712068,0.0,12.305,9.752,-3.2678795720417684,2.306721288459468,140.0,0.0,azimuth_elevation
N3286,-613.3071873936225,465.08552125066393,0.0,12.305,9.752,-3.1872204456636197,2.416945558084376,140.0,0.0,azimuth_elevation
N3287,-597.3222997643422,485.95773553337193,0.0,12.305,9.752,-3.102845162817679,2.524351777304211,140.0,0.0,azimuth_elevation
N3288,-580.6515964487114,506.30193783884505,0.0,12.305,9.752,-3.0148521013094465,2.628814715271888,140.0,0.0,azimuth_elevation
N3289,-563.3088439161119,526.093734860986,0.0,12.305,9.752,-2.9233438571124957,2.730212572874617,140.0,0.0,azimuth_elevation
N3290,-545.3087922902093,545.3087922902091,0.0,12.305,9.752,-2.8284271247461907,2.82842712474619,140.0,0.0,azimuth_elevation
N3291,-526.6672172913327,563.9228936632161,0.0,12.305,9.752,-2.730212572874618,2.923343857112495,140.0,0.0,azimuth_elevation
N3292,-507.40095708123977,581.9120049716323,0.0,12.305,9.752,-2.6288147152718926,3.014852101309442,140.0,0.0,azimuth_elevation
N3293,-487.52794338533016,599.2523444918123,0.0,12.305,9.752,-2.5243517773042123,3.1028451628176783,140.0,0.0,azimuth_elevation
N3294,-467.0672263266055,615.9204572350493,0.0,12.305,9.752,-2.41694555808438,3.1872204456636166,140.0,0.0,azimuth_elevation
N3295,-446.0389924710779,631.8932933608903,0.0,12.305,9.752,-2.306721288459466,3.26787957204177,140.0,0.0,azimuth_elevation
N3296,-424.4645756552578,647.1482898468261,0.0,12.305,9.752,-2.1938074849972735,3.3447284970188442,140.0,0.0,azimuth_elevation
N3297,-402.3664602419331,661.6634546658837,0.0,12.305,9.752,-2.0783358001417342,3.4176776181859543,140.0,0.0,azimuth_elevation
N3298,-379.7682765300229,675.4174526899352,0.0,12.305,9.752,-1.96044086871207,3.486641880131004,140.0,0.0,azimuth_elevation
N3299,-356.69478812681035,688.389692511332,0.0,12.305,9.752,-1.8402601509246075,3.5515408736095013,140.0,0.0,azimuth_elevation
N3300,-333.1718711756006,700.5604133589263,0.0,12.305,9.752,-1.7179337721203283,3.612298929298131,140.0,0.0,azimuth_elevation
N3301,-309.2264854177815,711.9107712769116,0.0,12.305,9.752,-1.5936043593849676,3.6688452060218113,140.0,0.0,azimuth_elevation
N3302,-284.8866371545561,722.4229237362053,0.0,12.305,9.752,-1.4674168752522292,3.7211137733513313,140.0,0.0,azimuth_elevation
N3303,-260.18133425924157,732.080111858354,0.0,12.305,9.752,-1.339518448683946,3.7690436884752816,140.0,0.0,azimuth_elevation
N3304,-235.1405334751699,740.8667394510047,0.0,12.305,9.752,-1.2100582035243055,3.8125790672566424,140.0,0.0,azimuth_elevation
N3305,-209.79508031588918,748.768448081664,0.0,12.305,9.752,-1.0791870846281009,3.851669149391196,140.0,0.0,azimuth_elevation
N3306,-184.17664196275157,755.7721874524482,0.0,12.305,9.752,-0.9470576818657853,3.8862683575917663,140.0,0.0,azimuth_elevation
N3307,-158.31763362918278,761.8662803824473,0.0,12.305,9.752,-0.8138240522105348,3.9163363507292916,140.0,0.0,azimuth_elevation
N3308,-132.2511389301762,767.0404817556783,0.0,12.305,9.752,-0.6796415401146676,3.9418380708687875,140.0,0.0,azimuth_elevation
N3309,-106.01082485917519,771.2860308508455,0.0,12.305,9.752,-0.5446665963849855,3.9627437841453226,140.0,0.0,azimuth_elevation
N3310,-79.63085203167046,774.5956965336509,0.0,12.305,9.752,-0.4090565957681373,3.9790291154323794,140.0,0.0,azimuth_elevation
N3311,-53.14578090507637,776.9638148624831,0.0,12.305,9.752,-0.2729696534586856,3.9906750767621566,140.0,0.0,azimuth_elevation
N3312,-26.59047472715997,778.3863187332148,0.0,12.305,9.752,-0.13656444074387472,3.997668089464696,140.0,0.0,azimuth_elevation
N3313,13.872139248729988,812.3986361153632,0.0,12.305,9.752,0.06829217429989887,3.999416979877116,140.0,0.0,azimuth_elevation
N3314,41.59815700616972,811.4107175738876,0.0,12.305,9.752,0.20479689727933223,3.9947538385818917,140.0,0.0,azimuth_elevation
N3315,69.26944440101633,809.4365606303356,0.0,12.305,9.752,0.3410628362375841,3.9854329930056,140.0,0.0,azimuth_elevation
N3316,96.84968696162345,806.4795168794788,0.0,12.305,9.752,0.47693111118532416,3.9714653108372397,140.0,0.0,azimuth_elevation
N3317,124.30282740076774,802.5445920895731,0.0,12.305,9.752,0.6122433057916709,3.9528670777694113,140.0,0.0,azimuth_elevation
N3318,151.59316556404463,797.6384204940323,0.0,12.305,9.752,0.746841652090545,3.9296599785099304,140.0,0.0,azimuth_elevation
N3319,178.68545549011742,791.7692309114801,0.0,12.305,9.752,0.8805692144310623,3.901871071498424,140.0,0.0,azimuth_elevation
N3320,205.54499881036614,784.9468050296881,0.0,12.305,9.752,1.0132700724574817,3.869532757357406,140.0,0.0,azimuth_elevation
N3321,232.1377337542562,777.1824282659773,0.0,12.305,9.752,1.1447895029053652,3.832682741114595,140.0,0.0,azimuth_elevation
N3322,258.4303190732807,768.488833689324,0.0,12.305,9.752,1.2749741600019833,3.791363988240543,140.0,0.0,azimuth_elevation
N3323,284.39021225012954,758.8801395568606,0.0,12.305,9.752,1.403672254260627,3.745624674552816,140.0,0.0,azimuth_elevation
N3324,309.9857414202264,748.3717810789898,0.0,12.305,9.752,1.5307337294603593,3.695518130045147,140.0,0.0,azimuth_elevation
N3325,335.18617049930236,736.9804370822611,0.0,12.305,9.752,1.6560104376048543,3.6411027767070485,140.0,0.0,azimuth_elevation
N3326,359.9617570825362,724.723952286924,0.0,12.305,9.752,1.779356311656337,3.5824420604063865,140.0,0.0,azimuth_elevation
N3327,384.2838027572047,711.6212559561246,0.0,12.305,9.752,1.900627535843215,3.5196043769143355,140.0,0.0,azimuth_elevation
N3328,408.1246955509432,697.6922777056506,0.0,12.305,9.752,2.0196827133428314,3.452662992158971,140.0,0.0,azimuth_elevation
N3329,431.45794432076025,682.957861286589,0.0,12.305,9.752,2.1363830311438408,3.3816959568004714,140.0,0.0,azimuth_elevation
N3330,454.2582049729677,667.4396771679938,0.0,12.305,9.752,2.2505924218959654,3.306786015227543,140.0,0.0,azimuth_elevation
N3331,476.5012984903022,651.1601347524961,0.0,12.305,9.752,2.3621777225584433,3.2280205090811624,140.0,0.0,azimuth_elevation
N3332,498.16422082876335,634.1422950546784,0.0,12.305,9.752,2.471008829662174,3.14549127541813,140.0,0.0,azimuth_elevation
N3333,519.2251448321806,616.4097846599764,0.0,12.305,9.752,2.576958851004546,3.0592945396331706,140.0,0.0,azimuth_elevation
N3334,539.6634143963037,597.9867117610219,0.0,12.305,9.752,2.679904253600066,2.969530803264427,140.0,0.0,azimuth_elevation
N3335,559.4595311954041,578.89758503889,0.0,12.305,9.752,2.7797250077142976,2.8763047268131627,140.0,0.0,azimuth_elevation
N3336,578.5951343620884,559.1672361189931,0.0,12.305,9.752,2.8763047268131627,2.7797250077142985,140.0,0.0,azimuth_elevation
N3337,597.0529735844236,538.820746285751,0.0,12.305,9.752,2.969530803264427,2.679904253600066,140.0,0.0,azimuth_elevation
N3338,614.816876152781,517.8833780871747,0.0,12.305,9.752,3.0592945396331706,2.5769588510045454,140.0,0.0,azimuth_elevation
N3339,631.871708551235,496.38051240065,0.0,12.305,9.752,3.14549127541813,2.471008829662174,140.0,0.0,azimuth_elevation
N3340,648.2033332442855,474.33759146518463,0.0,12.305,9.752,3.2280205090811624,2.362177722558443,140.0,0.0,azimuth_elevation
N3341,663.7985613584473,451.7800683138447,0.0,12.305,9.752,3.306786015227543,2.250592421895966,140.0,0.0,azimuth_elevation
N3342,678.6451019993514,428.7333629638426,0.0,12.305,9.752,3.381695956800471,2.1363830311438408,140.0,0.0,azimuth_elevation
N3343,692.7315089779948,405.2228256415742,0.0,12.305,9.752,3.4526629921589707,2.0196827133428314,140.0,0.0,azimuth_elevation
N3344,706.0471257442375,381.273707236646,0.0,12.305,9.752,3.519604376914336,1.9006275358432143,140.0,0.0,azimuth_elevation
N3345,718.5820293413755,356.9111370935478,0.0,12.305,9.752,3.5824420604063865,1.7793563116563371,140.0,0.0,azimuth_elevation
N3346,730.3269742023472,332.16010816295756,0.0,12.305,9.752,3.6411027767070485,1.6560104376048546,140.0,0.0,azimuth_elevation
N3347,741.2733366058443,307.0454694476972,0.0,12.305,9.752,3.695518130045147,1.5307337294603593,140.0,0.0,azimuth_elevation
N3348,751.413060599243,281.5919255919949,0.0,12.305,9.752,3.745624674552816,1.403672254260627,140.0,0.0,azimuth_elevation
N3349,760.738606174997,255.8240433778974,0.0,12.305,9.752,3.791363988240543,1.2749741600019837,140.0,0.0,azimuth_elevation
N3350,769.2429004580979,229.7662648103273,0.0,12.305,9.752,3.832682741114595,1.1447895029053652,140.0,0.0,azimuth_elevation
N3351,776.9192926247327,203.4429263932878,0.0,12.305,9.752,3.869532757357406,1.0132700724574821,140.0,0.0,azimuth_elevation
N3352,783.7615132267238,176.8782841249335,0.0,12.305,9.752,3.9018710714984244,0.8805692144310626,140.0,0.0,azimuth_elevation
N3353,789.7636385431778,150.09654366948098,0.0,12.305,9.752,3.92965997850993,0.7468416520905456,140.0,0.0,azimuth_elevation
N3354,794.9200605205774,123.12189509996554,0.0,12.305,9.752,3.9528670777694117,0.6122433057916702,140.0,0.0,azimuth_elevation
N3355,799.2254627959096,95.97855154839587,0.0,12.305,9.752,3.9714653108372393,0.47693111118532405,140.0,0.0,azimuth_elevation
N3356,802.6748032250812,68.69079104951506,0.0,12.305,9.752,3.9854329930056,0.3410628362375843,140.0,0.0,azimuth_elevation
N3357,805.2633032615208,41.28300082175005,0.0,12.305,9.752,3.9947538385818917,0.20479689727933217,140.0,0.0,azimuth_elevation
N3358,806.9864444483945,13.779723194458978,0.0,12.305,9.752,3.9994169798771164,0.06829217429989931,140.0,0.0,azimuth_elevation
N3359,807.8399722030437,-13.794297635304348,0.0,12.305,9.752,3.999416979877116,-0.06829217429989794,140.0,0.0,azimuth_elevation
N3360,807.8199069850717,-41.41406885029777,0.0,12.305,9.752,3.9947538385818913,-0.2047968972793326,140.0,0.0,azimuth_elevation
N3361,806.9225628507977,-69.05430310658502,0.0,12.305,9.752,3.9854329930056,-0.34106283623758377,140.0,0.0,azimuth_elevation
N3362,805.1445733075709,-96.68937431344743,0.0,12.305,9.752,3.9714653108372397,-0.47693111118532444,140.0,0.0,azimuth_elevation
N3363,802.4829242926043,-124.29327592961161,0.0,12.305,9.752,3.9528670777694113,-0.6122433057916706,140.0,0.0,azimuth_elevation
N3446,-802.4829242926043,-124.29327592961195,0.0,12.305,9.752,-3.9528670777694113,-0.6122433057916723,140.0,0.0,azimuth_elevation
N3447,-805.1445733075709,-96.68937431344798,0.0,12.305,9.752,-3.9714653108372393,-0.4769311111853271,140.0,0.0,azimuth_elevation
N3448,-806.9225628507977,-69.05430310658521,0.0,12.305,9.752,-3.9854329930056,-0.3410628362375847,140.0,0.0,azimuth_elevation
N3449,-807.8199069850717,-41.414068850297404,0.0,12.305,9.752,-3.9947538385818913,-0.20479689727933081,140.0,0.0,azimuth_elevation
N3450,-807.8399722030437,-13.794297635304527,0.0,12.305,9.752,-3.999416979877116,-0.06829217429989883,140.0,0.0,azimuth_elevation
N3451,-806.9864444483945,13.779723194458619,0.0,12.305,9.752,-3.9994169798771164,0.06829217429989753,140.0,0.0,azimuth_elevation
N3452,-805.263303261521,41.28300082174952,0.0,12.305,9.752,-3.9947538385818917,0.2047968972793295,140.0,0.0,azimuth_elevation
N3453,-802.6748032250813,68.69079104951489,0.0,12.305,9.752,-3.9854329930056,0.34106283623758343,140.0,0.0,azimuth_elevation
N3454,-799.2254627959096,95.97855154839623,0.0,12.305,9.752,-3.9714653108372393,0.4769311111853258,140.0,0.0,azimuth_elevation
N3455,-794.9200605205773,123.12189509996573,0.0,12.305,9.752,-3.9528670777694113,0.6122433057916711,140.0,0.0,azimuth_elevation
N3456,-789.7636385431779,150.09654366948064,0.0,12.305,9.752,-3.9296599785099304,0.7468416520905439,140.0,0.0,azimuth_elevation
N3457,-783.7615132267239,176.87828412493295,0.0,12.305,9.752,-3.9018710714984253,0.8805692144310598,140.0,0.0,azimuth_elevation
N3458,-776.9192926247327,203.4429263932876,0.0,12.305,9.752,-3.869532757357406,1.0132700724574812,140.0,0.0,azimuth_elevation
N3459,-769.242900458098,229.76626481032693,0.0,12.305,9.752,-3.832682741114596,1.1447895029053634,140.0,0.0,azimuth_elevation
N3460,-760.738606174997,255.8240433778974,0.0,12.305,9.752,-3.791363988240543,1.2749741600019837,140.0,0.0,azimuth_elevation
N3461,-751.4130605992432,281.59192559199477,0.0,12.305,9.752,-3.7456246745528166,1.4036722542606264,140.0,0.0,azimuth_elevation
N3462,-741.2733366058444,307.0454694476967,0.0,12.305,9.752,-3.695518130045148,1.5307337294603567,140.0,0.0,azimuth_elevation
N3463,-730.3269742023473,332.16010816295744,0.0,12.305,9.752,-3.641102776707049,1.656010437604854,140.0,0.0,azimuth_elevation
N3464,-718.5820293413756,356.9111370935475,0.0,12.305,9.752,-3.5824420604063874,1.7793563116563358,140.0,0.0,azimuth_elevation
N3465,-706.0471257442374,381.2737072366461,0.0,12.305,9.752,-3.5196043769143355,1.9006275358432152,140.0,0.0,azimuth_elevation
N3466,-692.731508977995,405.22282564157405,0.0,12.305,9.752,-3.4526629921589715,2.0196827133428306,140.0,0.0,azimuth_elevation
N3467,-678.6451019993517,428.73336296384224,0.0,12.305,9.752,-3.381695956800472,2.1363830311438385,140.0,0.0,azimuth_elevation
N3468,-663.7985613584473,451.78006831384465,0.0,12.305,9.752,-3.306786015227543,2.2505924218959654,140.0,0.0,azimuth_elevation
N3469,-648.2033332442858,474.3375914651845,0.0,12.305,9.752,-3.228020509081163,2.362177722558442,140.0,0.0,azimuth_elevation
N3470,-631.8717085512349,496.3805124006502,0.0,12.305,9.752,-3.145491275418129,2.471008829662175,140.0,0.0,azimuth_elevation
N3471,-614.8168761527811,517.8833780871746,0.0,12.305,9.752,-3.059294539633171,2.576958851004545,140.0,0.0,azimuth_elevation
N3472,-597.0529735844239,538.8207462857507,0.0,12.305,9.752,-2.9695308032644285,2.679904253600064,140.0,0.0,azimuth_elevation
N3473,-578.5951343620884,559.1672361189931,0.0,12.305,9.752,-2.8763047268131627,2.7797250077142985,140.0,0.0,azimuth_elevation
N3474,-559.4595311954045,578.8975850388898,0.0,12.305,9.752,-2.7797250077142994,2.876304726813162,140.0,0.0,azimuth_elevation
N3475,-539.6634143963041,597.9867117610214,0.0,12.305,9.752,-2.6799042536000686,2.969530803264425,140.0,0.0,azimuth_elevation
N3476,-519.2251448321806,616.4097846599763,0.0,12.305,9.752,-2.576958851004546,3.05929453963317,140.0,0.0,azimuth_elevation
N3477,-498.1642208287637,634.142295054678,0.0,12.305,9.752,-2.4710088296621757,3.1454912754181286,140.0,0.0,azimuth_elevation
N3478,-476.5012984903022,651.1601347524961,0.0,12.305,9.752,-2.3621777225584433,3.2280205090811624,140.0,0.0,azimuth_elevation
N3479,-454.258204972968,667.4396771679935,0.0,12.305,9.752,-2.2505924218959668,3.306786015227542,140.0,0.0,azimuth_elevation
N3480,-431.45794432076065,682.9578612865887,0.0,12.305,9.752,-2.136383031143843,3.38169595680047,140.0,0.0,azimuth_elevation
N3481,-408.1246955509433,697.6922777056504,0.0,12.305,9.752,-2.019682713342832,3.45266299215897,140.0,0.0,azimuth_elevation
N3482,-384.283802757205,711.6212559561244,0.0,12.305,9.752,-1.9006275358432165,3.5196043769143346,140.0,0.0,azimuth_elevation
N3483,-359.96175708253685,724.7239522869238,0.0,12.305,9.752,-1.77935631165634,3.582442060406385,140.0,0.0,azimuth_elevation
N3484,-335.1861704993019,736.9804370822615,0.0,12.305,9.752,-1.656010437604852,3.64110277670705,140.0,0.0,azimuth_elevation
N3485,-309.9857414202262,748.3717810789899,0.0,12.305,9.752,-1.530733729460358,3.6955181300451474,140.0,0.0,azimuth_elevation
N3486,-284.3902122501297,758.8801395568605,0.0,12.305,9.752,-1.4036722542606277,3.7456246745528157,140.0,0.0,azimuth_elevation
N3487,-258.4303190732811,768.4888336893238,0.0,12.305,9.752,-1.2749741600019853,3.7913639882405423,140.0,0.0,azimuth_elevation
N3488,-232.13773375425615,777.1824282659773,0.0,12.305,9.752,-1.144789502905365,3.832682741114595,140.0,0.0,azimuth_elevation
N3489,-205.54499881036637,784.946805029688,0.0,12.305,9.752,-1.0132700724574828,3.8695327573574057,140.0,0.0,azimuth_elevation
N3490,-178.68545549011796,791.7692309114801,0.0,12.305,9.752,-0.880569214431065,3.901871071498424,140.0,0.0,azimuth_elevation
N3491,-151.5931655640447,797.6384204940321,0.0,12.305,9.752,-0.7468416520905455,3.92965997850993,140.0,0.0,azimuth_elevation
N3492,-124.3028274007681,802.5445920895731,0.0,12.305,9.752,-0.6122433057916726,3.9528670777694113,140.0,0.0,azimuth_elevation
N3493,-96.84968696162409,806.4795168794785,0.0,12.305,9.752,-0.4769311111853274,3.971465310837239,140.0,0.0,azimuth_elevation
N3494,-69.2694444010158,809.4365606303359,0.0,12.305,9.752,-0.3410628362375815,3.9854329930056003,140.0,0.0,azimuth_elevation
N3495,-41.59815700616951,811.4107175738876,0.0,12.305,9.752,-0.20479689727933117,3.9947538385818917,140.0,0.0,azimuth_elevation
N3496,-13.872139248730049,812.3986361153632,0.0,12.305,9.752,-0.06829217429989916,3.999416979877116,140.0,0.0,azimuth_elevation
N3497,0.0,846.1835714398485,0.0,12.305,9.752,0.0,4.0,140.0,0.0,azimuth_elevation
N3498,28.888950275555498,845.6698832115501,0.0,12.305,9.752,0.1365644407438716,3.997668089464696,140.0,0.0,azimuth_elevation
N3499,57.74005208219508,844.1296820206458,0.0,12.305,9.752,0.27296965345868396,3.990675076762156,140.0,0.0,azimuth_elevation
N3500,86.51556212283235,841.5655539750218,0.0,12.305,9.752,0.4090565957681369,3.97902911543238,140.0,0.0,azimuth_elevation
N3501,115.1779466003832,837.9817947173667,0.0,12.305,9.752,0.5446665963849864,3.962743784145323,140.0,0.0,azimuth_elevation
N3502,143.6899838675464,833.3843877701396,0.0,12.305,9.752,0.6796415401146667,3.9418380708687875,140.0,0.0,azimuth_elevation
N3503,172.01486458120513,827.7809745181545,0.0,12.305,9.752,0.8138240522105351,3.9163363507292916,140.0,0.0,azimuth_elevation
N3504,200.1162885708454,821.1808161245582,0.0,12.305,9.752,0.9470576818657871,3.8862683575917663,140.0,0.0,azimuth_elevation
N3505,227.95855766512588,813.594747755027,0.0,12.305,9.752,1.079187084628097,3.8516691493911974,140.0,0.0,azimuth_elevation
N3506,255.50666376345657,805.0351255600336,0.0,12.305,9.752,1.210058203524303,3.8125790672566433,140.0,0.0,azimuth_elevation
N3507,282.7263714896869,795.5157669352485,0.0,12.305,9.752,1.3395184486839447,3.769043688475282,140.0,0.0,azimuth_elevation
N3508,309.58429482224125,785.0518846447716,0.0,12.305,9.752,1.4674168752522259,3.7211137733513326,140.0,0.0,azimuth_elevation
N3509,336.04796715865075,773.6600154502705,0.0,12.305,9.752,1.5936043593849658,3.668845206021812,140.0,0.0,azimuth_elevation
N3510,362.085904341732,761.3579439405604,0.0,12.305,9.752,1.7179337721203276,3.612298929298131,140.0,0.0,azimuth_elevation
N3511,387.66766024892485,748.1646223001993,0.0,12.305,9.752,1.8402601509246086,3.5515408736095004,140.0,0.0,azimuth_elevation
N3512,412.7638746247146,734.1000867917754,0.0,12.305,9.752,1.960440868712069,3.486641880131005,140.0,0.0,azimuth_elevation
N3513,437.34631291779493,719.1853717543456,0.0,12.305,9.752,2.0783358001417342,3.4176776181859547,140.0,0.0,azimuth_elevation
N3514,461.3878979688007,703.4424219396748,0.0,12.305,9.752,2.1938074849972753,3.344728497018843,140.0,0.0,azimuth_elevation
N3515,484.86273348015095,686.8940040182746,0.0,12.305,9.752,2.3067212884594683,3.267879572041768,140.0,0.0,azimuth_elevation
N3516,507.74611928586813,669.5636180886542,0.0,12.305,9.752,2.416945558084378,3.187220445663619,140.0,0.0,azimuth_elevation
N3517,530.0145585252557,651.4754100156663,0.0,12.305,9.752,2.5243517773042115,3.1028451628176787,140.0,0.0,azimuth_elevation
N3518,551.6457569091002,632.6540854073952,0.0,12.305,9.752,2.62881471527189,3.0148521013094443,140.0,0.0,azimuth_elevation
N3519,572.6186143497031,613.124826014912,0.0,12.305,9.752,2.730212572874616,2.9233438571124966,140.0,0.0,azimuth_elevation
N3520,592.9132093056337,592.9132093056339,0.0,12.305,9.752,2.82842712474619,2.8284271247461907,140.0,0.0,azimuth_elevation
N3521,612.5107762678075,572.0451319193568,0.0,12.305,9.752,2.923343857112496,2.7302125728746165,140.0,0.0,azimuth_elevation
N3522,631.3936768844737,550.5467376667062,0.0,12.305,9.752,3.014852101309445,2.6288147152718895,140.0,0.0,azimuth_elevation
N3523,649.5453652881961,528.4443506732975,0.0,12.305,9.752,3.102845162817679,2.524351777304211,140.0,0.0,azimuth_elevation
N3524,666.9503482472267,505.7644142099275,0.0,12.305,9.752,3.187220445663618,2.4169455580843784,140.0,0.0,azimuth_elevation
N3525,683.5941408161252,482.53343568027947,0.0,12.305,9.752,3.267879572041768,2.3067212884594683,140.0,0.0,azimuth_elevation
N3526,699.463218205544,458.7779381636786,0.0,12.305,9.752,3.3447284970188433,2.193807484997275,140.0,0.0,azimuth_elevation
N3527,714.544964628228,434.52441883213737,0.0,12.305,9.752,3.4176776181859543,2.0783358001417342,140.0,0.0,azimuth_elevation
N3528,728.8276199071064,409.7993144791664,0.0,12.305,9.752,3.486641880131004,1.9604408687120694,140.0,0.0,azimuth_elevation
N3529,742.3002246515254,384.6289743134136,0.0,12.305,9.752,3.5515408736095004,1.8402601509246088,140.0,0.0,azimuth_elevation
N3530,754.952564818966,359.0396400840949,0.0,12.305,9.752,3.612298929298131,1.7179337721203274,140.0,0.0,azimuth_elevation
N3531,766.7751164818806,333.0574335182717,0.0,12.305,9.752,3.6688452060218117,1.5936043593849654,140.0,0.0,azimuth_elevation
N3532,777.7589916124962,306.70835096327886,0.0,12.305,9.752,3.7211137733513326,1.467416875252226,140.0,0.0,azimuth_elevation
N3533,787.895885682664,280.01826504193536,0.0,12.305,9.752,3.7690436884752816,1.339518448683945,140.0,0.0,azimuth_elevation
N3534,797.1780278511997,253.01293304450058,0.0,12.305,9.752,3.8125790672566433,1.2100582035243033,140.0,0.0,azimuth_elevation
N3535,805.5981344779183,225.71801170058353,0.0,12.305,9.752,3.851669149391197,1.0791870846280978,140.0,0.0,azimuth_elevation
N3536,813.1493666620689,198.15907789724164,0.0,12.305,9.752,3.886268357591766,0.9470576818657872,140.0,0.0,azimuth_elevation
N3537,819.8252924535033,170.3616548371678,0.0,12.305,9.752,3.9163363507292916,0.813824052210535,140.0,0.0,azimuth_elevation
N3538,825.6198543282384,142.35124306392882,0.0,12.305,9.752,3.9418380708687875,0.679641540114667,140.0,0.0,azimuth_elevation
N3539,830.5273424566245,114.15335572044356,0.0,12.305,9.752,3.962743784145323,0.5446665963849864,140.0,0.0,azimuth_elevation
N3540,834.5423742228091,85.79355735293382,0.0,12.305,9.752,3.9790291154323794,0.40905659576813747,140.0,0.0,azimuth_elevation
N3541,837.6598803793042,57.29750552603307,0.0,12.305,9.752,3.9906750767621566,0.2729696534586849,140.0,0.0,azimuth_elevation
N3542,839.8750981410094,28.690994476154568,0.0,12.305,9.752,3.997668089464696,0.1365644407438713,140.0,0.0,azimuth_elevation
N3543,841.1835714398485,5.150763841295747e-14,0.0,12.305,9.752,4.0,2.4492935982947064e-16,140.0,0.0,azimuth_elevation
N3544,841.5811584751262,-28.74927524639118,0.0,12.305,9.752,3.997668089464696,-0.13656444074387172,140.0,0.0,azimuth_elevation
N3545,841.0640466067102,-57.5303568751245,0.0,12.305,9.752,3.9906750767621566,-0.2729696534586835,140.0,0.0,azimuth_elevation
N3546,839.628774549125,-86.31645516087545,0.0,12.305,9.752,3.9790291154323794,-0.40905659576813613,140.0,0.0,azimuth_elevation
N3547,837.2722617355504,-115.08042353674868,0.0,12.305,9.752,3.9627437841453235,-0.5446665963849867,140.0,0.0,azimuth_elevation
N3631,-837.2722617355502,-115.08042353674904,0.0,12.305,9.752,-3.9627437841453226,-0.5446665963849885,140.0,0.0,azimuth_elevation
N3632,-839.628774549125,-86.31645516087563,0.0,12.305,9.752,-3.9790291154323794,-0.40905659576813697,140.0,0.0,azimuth_elevation
N3633,-841.0640466067103,-57.53035687512413,0.0,12.305,9.752,-3.9906750767621575,-0.27296965345868174,140.0,0.0,azimuth_elevation
N3634,-841.5811584751262,-28.74927524639099,0.0,12.305,9.752,-3.997668089464696,-0.13656444074387084,140.0,0.0,azimuth_elevation
N3635,-841.1835714398485,-1.3527263537683055e-13,0.0,12.305,9.752,-4.0,-6.432490598706546e-16,140.0,0.0,azimuth_elevation
N3636,-839.8750981410094,28.690994476154195,0.0,12.305,9.752,-3.997668089464696,0.13656444074386953,140.0,0.0,azimuth_elevation
N3637,-837.6598803793041,57.29750552603288,0.0,12.305,9.752,-3.9906750767621566,0.272969653458684,140.0,0.0,azimuth_elevation
N3638,-834.542374222809,85.79355735293343,0.0,12.305,9.752,-3.9790291154323794,0.40905659576813574,140.0,0.0,azimuth_elevation
N3639,-830.5273424566246,114.15335572044376,0.0,12.305,9.752,-3.962743784145323,0.5446665963849873,140.0,0.0,azimuth_elevation
N3640,-825.6198543282384,142.35124306392862,0.0,12.305,9.752,-3.9418380708687875,0.6796415401146662,140.0,0.0,azimuth_elevation
N3641,-819.8252924535033,170.36165483716746,0.0,12.305,9.752,-3.9163363507292916,0.8138240522105333,140.0,0.0,azimuth_elevation
N3642,-813.1493666620689,198.15907789724164,0.0,12.305,9.752,-3.886268357591766,0.9470576818657872,140.0,0.0,azimuth_elevation
N3643,-805.5981344779184,225.71801170058316,0.0,12.305,9.752,-3.8516691493911974,1.079187084628096,140.0,0.0,azimuth_elevation
N3644,-797.1780278511994,253.01293304450076,0.0,12.305,9.752,-3.812579067256643,1.2100582035243042,140.0,0.0,azimuth_elevation
N3645,-787.8958856826641,280.0182650419352,0.0,12.305,9.752,-3.769043688475282,1.3395184486839442,140.0,0.0,azimuth_elevation
N3646,-777.7589916124963,306.7083509632785,0.0,12.305,9.752,-3.721113773351333,1.4674168752522243,140.0,0.0,azimuth_elevation
N3647,-766.7751164818806,333.05743351827186,0.0,12.305,9.752,-3.6688452060218117,1.5936043593849663,140.0,0.0,azimuth_elevation
N3648,-754.9525648189662,359.03964008409474,0.0,12.305,9.752,-3.6122989292981313,1.7179337721203267,140.0,0.0,azimuth_elevation
N3649,-742.3002246515256,384.62897431341304,0.0,12.305,9.752,-3.551540873609502,1.8402601509246064,140.0,0.0,azimuth_elevation
N3650,-728.8276199071065,409.7993144791663,0.0,12.305,9.752,-3.486641880131005,1.9604408687120687,140.0,0.0,azimuth_elevation
N3651,-714.5449646282281,434.5244188321371,0.0,12.305,9.752,-3.4176776181859547,2.078335800141733,140.0,0.0,azimuth_elevation
N3652,-699.463218205544,458.7779381636787,0.0,12.305,9.752,-3.3447284970188433,2.1938074849972753,140.0,0.0,azimuth_elevation
N3653,-683.5941408161254,482.5334356802794,0.0,12.305,9.752,-3.267879572041769,2.306721288459468,140.0,0.0,azimuth_elevation
N3654,-666.9503482472271,505.76441420992705,0.0,12.305,9.752,-3.1872204456636197,2.416945558084376,140.0,0.0,azimuth_elevation
N3655,-649.5453652881961,528.4443506732975,0.0,12.305,9.752,-3.102845162817679,2.524351777304211,140.0,0.0,azimuth_elevation
N3656,-631.3936768844738,550.5467376667061,0.0,12.305,9.752,-3.0148521013094456,2.6288147152718886,140.0,0.0,azimuth_elevation
N3657,-612.5107762678075,572.0451319193568,0.0,12.305,9.752,-2.923343857112496,2.7302125728746165,140.0,0.0,azimuth_elevation
N3658,-592.9132093056338,592.9132093056336,0.0,12.305,9.752,-2.8284271247461907,2.8284271247461894,140.0,0.0,azimuth_elevation
N3659,-572.6186143497035,613.1248260149116,0.0,12.305,9.752,-2.730212572874618,2.9233438571124943,140.0,0.0,azimuth_elevation
N3660,-551.6457569091008,632.6540854073947,0.0,12.305,9.752,-2.6288147152718926,3.014852101309442,140.0,0.0,azimuth_elevation
N3661,-530.0145585252558,651.4754100156661,0.0,12.305,9.752,-2.5243517773042123,3.1028451628176783,140.0,0.0,azimuth_elevation
N3662,-507.7461192858686,669.5636180886537,0.0,12.305,9.752,-2.41694555808438,3.1872204456636166,140.0,0.0,azimuth_elevation
N3663,-484.86273348015044,686.8940040182748,0.0,12.305,9.752,-2.306721288459466,3.2678795720417697,140.0,0.0,azimuth_elevation
N3664,-461.3878979688003,703.442421939675,0.0,12.305,9.752,-2.1938074849972735,3.3447284970188442,140.0,0.0,azimuth_elevation
N3665,-437.34631291779493,719.1853717543456,0.0,12.305,9.752,-2.0783358001417342,3.4176776181859547,140.0,0.0,azimuth_elevation
N3666,-412.7638746247149,734.1000867917753,0.0,12.305,9.752,-1.96044086871207,3.486641880131004,140.0,0.0,azimuth_elevation
N3667,-387.6676602489246,748.1646223001994,0.0,12.305,9.752,-1.8402601509246077,3.5515408736095013,140.0,0.0,azimuth_elevation
N3668,-362.08590434173203,761.3579439405603,0.0,12.305,9.752,-1.7179337721203278,3.6122989292981305,140.0,0.0,azimuth_elevation
N3669,-336.04796715865115,773.6600154502704,0.0,12.305,9.752,-1.5936043593849678,3.6688452060218113,140.0,0.0,azimuth_elevation
N3670,-309.584294822242,785.0518846447712,0.0,12.305,9.752,-1.4674168752522294,3.7211137733513313,140.0,0.0,azimuth_elevation
N3671,-282.72637148968715,795.5157669352483,0.0,12.305,9.752,-1.3395184486839458,3.7690436884752816,140.0,0.0,azimuth_elevation
N3672,-255.50666376345708,805.0351255600334,0.0,12.305,9.752,-1.2100582035243055,3.8125790672566424,140.0,0.0,azimuth_elevation
N3673,-227.95855766512665,813.5947477550267,0.0,12.305,9.752,-1.0791870846281009,3.851669149391196,140.0,0.0,azimuth_elevation
N3674,-200.11628857084503,821.1808161245582,0.0,12.305,9.752,-0.9470576818657853,3.8862683575917663,140.0,0.0,azimuth_elevation
N3675,-172.0148645812051,827.7809745181545,0.0,12.305,9.752,-0.8138240522105349,3.9163363507292916,140.0,0.0,azimuth_elevation
N3676,-143.6899838675466,833.3843877701397,0.0,12.305,9.752,-0.6796415401146676,3.9418380708687875,140.0,0.0,azimuth_elevation
N3677,-115.17794660038301,837.9817947173667,0.0,12.305,9.752,-0.5446665963849855,3.962743784145323,140.0,0.0,azimuth_elevation
N3678,-86.51556212283243,841.5655539750218,0.0,12.305,9.752,-0.4090565957681373,3.97902911543238,140.0,0.0,azimuth_elevation
N3679,-57.740052082195454,844.1296820206459,0.0,12.305,9.752,-0.2729696534586857,3.990675076762156,140.0,0.0,azimuth_elevation
N3680,-28.888950275556162,845.6698832115501,0.0,12.305,9.752,-0.13656444074387475,3.997668089464696,140.0,0.0,azimuth_elevation
N3681,15.02154455453371,879.7116356488847,0.0,12.305,9.752,0.06829217429989885,3.999416979877116,140.0,0.0,azimuth_elevation
N3682,45.04503276840992,878.6452331610216,0.0,12.305,9.752,0.2047968972793322,3.9947538385818917,140.0,0.0,azimuth_elevation
N3683,75.00977171674107,876.5141998334651,0.0,12.305,9.752,0.3410628362375841,3.9854329930056,140.0,0.0,azimuth_elevation
N3684,104.87677286596096,873.3220701718335,0.0,12.305,9.752,0.4769311111853242,3.9714653108372397,140.0,0.0,azimuth_elevation
N3685,134.6073126706239,869.0741240440383,0.0,12.305,9.752,0.6122433057916709,3.9528670777694117,140.0,0.0,azimuth_elevation
N3686,164.16303563053864,863.7773606523713,0.0,12.305,9.752,0.7468416520905449,3.9296599785099304,140.0,0.0,azimuth_elevation
N3687,193.50605444703157,857.4404642280184,0.0,12.305,9.752,0.8805692144310623,3.9018710714984244,140.0,0.0,azimuth_elevation
N3688,222.59904650227682,850.0737617840069,0.0,12.305,9.752,1.0132700724574817,3.869532757357406,140.0,0.0,azimuth_elevation
N3689,251.40534592442222,841.6891733397829,0.0,12.305,9.752,1.144789502905365,3.832682741114595,140.0,0.0,azimuth_elevation
N3690,279.8890305477973,832.3001551033985,0.0,12.305,9.752,1.2749741600019833,3.791363988240543,140.0,0.0,azimuth_elevation
N3691,308.01500313131595,821.9216361648655,0.0,12.305,9.752,1.4036722542606273,3.745624674552816,140.0,0.0,azimuth_elevation
N3692,335.74906625870744,810.5699493158743,0.0,12.305,9.752,1.5307337294603593,3.695518130045147,140.0,0.0,azimuth_elevation
N3693,363.0579904107703,798.262756666131,0.0,12.305,9.752,1.656010437604854,3.641102776707049,140.0,0.0,azimuth_elevation
N3694,389.90957477174646,785.0189707744468,0.0,12.305,9.752,1.7793563116563371,3.5824420604063865,140.0,0.0,azimuth_elevation
N3695,416.2727004083677,770.8586720528815,0.0,12.305,9.752,1.9006275358432148,3.519604376914336,140.0,0.0,azimuth_elevation
N3696,442.1173755403362,755.8030232343012,0.0,12.305,9.752,2.0196827133428314,3.452662992158971,140.0,0.0,azimuth_elevation
N3697,467.414772704088,739.8741817172775,0.0,12.305,9.752,2.1363830311438403,3.381695956800471,140.0,0.0,azimuth_elevation
N3698,492.1372576967687,723.0952106170981,0.0,12.305,9.752,2.2505924218959654,3.306786015227543,140.0,0.0,azimuth_elevation
N3699,516.2584102735194,705.4899893576178,0.0,12.305,9.752,2.3621777225584433,3.2280205090811624,140.0,0.0,azimuth_elevation
N3700,539.7530366574864,687.0831246356495,0.0,12.305,9.752,2.4710088296621735,3.14549127541813,140.0,0.0,azimuth_elevation
N3701,562.5971740075186,667.8998625776732,0.0,12.305,9.752,2.5769588510045454,3.0592945396331706,140.0,0.0,azimuth_elevation
N3702,584.768087072371,647.9660028878644,0.0,12.305,9.752,2.679904253600066,2.9695308032644268,140.0,0.0,azimuth_elevation
N3703,606.2442573414986,627.3078157571156,0.0,12.305,9.752,2.7797250077142985,2.8763047268131627,140.0,0.0,azimuth_elevation
N3704,627.0053650803139,605.9519622650874,0.0,12.305,9.752,2.8763047268131627,2.7797250077142985,140.0,0.0,azimuth_elevation
N3705,647.0322647112663,583.9254189618184,0.0,12.305,9.752,2.9695308032644276,2.6799042536000655,140.0,0.0,azimuth_elevation
N3706,666.3069540704778,561.2554072625128,0.0,12.305,9.752,3.0592945396331706,2.5769588510045454,140.0,0.0,azimuth_elevation
N3707,684.8125381322061,537.9693282293731,0.0,12.305,9.752,3.14549127541813,2.471008829662174,140.0,0.0,azimuth_elevation
N3708,702.5331878494073,514.0947032484019,0.0,12.305,9.752,3.228020509081163,2.362177722558443,140.0,0.0,azimuth_elevation
N3709,719.4540948075518,489.6591210376458,0.0,12.305,9.752,3.306786015227543,2.250592421895966,140.0,0.0,azimuth_elevation
N3710,735.5614224300398,464.69019134717047,0.0,12.305,9.752,3.381695956800471,2.1363830311438408,140.0,0.0,azimuth_elevation
N3711,750.8422545066456,439.21550563096724,0.0,12.305,9.752,3.452662992158971,2.0196827133428314,140.0,0.0,azimuth_elevation
N3712,765.2845418409943,413.26260488780895,0.0,12.305,9.752,3.519604376914336,1.9006275358432143,140.0,0.0,azimuth_elevation
N3713,778.8770478288981,386.858954782758,0.0,12.305,9.752,3.582442060406386,1.7793563116563371,140.0,0.0,azimuth_elevation
N3714,791.6092937862172,360.0319280744256,0.0,12.305,9.752,3.6411027767070485,1.6560104376048546,140.0,0.0,azimuth_elevation
N3715,803.4715048427287,332.8087942861782,0.0,12.305,9.752,3.6955181300451465,1.5307337294603593,140.0,0.0,azimuth_elevation
N3716,814.4545572072478,305.2167164731812,0.0,12.305,9.752,3.7456246745528157,1.403672254260627,140.0,0.0,azimuth_elevation
N3717,824.5499275890714,277.282754852414,0.0,12.305,9.752,3.7913639882405423,1.2749741600019837,140.0,0.0,azimuth_elevation
N3718,833.7496455319035,249.03387698049337,0.0,12.305,9.752,3.832682741114595,1.1447895029053652,140.0,0.0,azimuth_elevation
N3719,842.0462493790516,220.49697408519847,0.0,12.305,9.752,3.869532757357406,1.0132700724574821,140.0,0.0,azimuth_elevation
N3720,849.4327465432619,191.6988830818476,0.0,12.305,9.752,3.9018710714984244,0.8805692144310625,140.0,0.0,azimuth_elevation
N3721,855.9025787015166,162.66641373597503,0.0,12.305,9.752,3.92965997850993,0.7468416520905456,140.0,0.0,azimuth_elevation
N3722,861.4495924750426,133.42638036982171,0.0,12.305,9.752,3.9528670777694117,0.6122433057916702,140.0,0.0,azimuth_elevation
N3723,866.0680160882644,104.00563745273338,0.0,12.305,9.752,3.9714653108372397,0.47693111118532405,140.0,0.0,azimuth_elevation
N3724,869.7524424282105,74.43111836523981,0.0,12.305,9.752,3.9854329930056,0.3410628362375843,140.0,0.0,azimuth_elevation
N3725,872.4978188486548,44.72987658399025,0.0,12.305,9.752,3.9947538385818917,0.20479689727933217,140.0,0.0,azimuth_elevation
N3726,874.2994439819159,14.929128500262708,0.0,12.305,9.752,3.9994169798771155,0.06829217429989931,140.0,0.0,azimuth_elevation
N3727,875.1529717365652,-14.943702941108057,0.0,12.305,9.752,3.999416979877116,-0.06829217429989794,140.0,0.0,azimuth_elevation
N3728,875.0544225722057,-44.86094461253798,0.0,12.305,9.752,3.9947538385818917,-0.20479689727933262,140.0,0.0,azimuth_elevation
N3729,874.0002020539272,-74.79463042230978,0.0,12.305,9.752,3.9854329930056,-0.3410628362375838,140.0,0.0,azimuth_elevation
N3730,871.9871265999257,-104.71646021778494,0.0,12.305,9.752,3.9714653108372397,-0.47693111118532444,140.0,0.0,azimuth_elevation
N3815,-871.9871265999255,-104.71646021778552,0.0,12.305,9.752,-3.9714653108372393,-0.4769311111853271,140.0,0.0,azimuth_elevation
N3816,-874.0002020539272,-74.79463042230996,0.0,12.305,9.752,-3.9854329930056,-0.3410628362375847,140.0,0.0,azimuth_elevation
N3817,-875.0544225722057,-44.86094461253759,0.0,12.305,9.752,-3.9947538385818917,-0.20479689727933081,140.0,0.0,azimuth_elevation
N3818,-875.1529717365652,-14.943702941108251,0.0,12.305,9.752,-3.999416979877116,-0.06829217429989883,140.0,0.0,azimuth_elevation
N3819,-874.2994439819159,14.92912850026232,0.0,12.305,9.752,-3.9994169798771155,0.06829217429989753,140.0,0.0,azimuth_elevation
N3820,-872.4978188486549,44.72987658398967,0.0,12.305,9.752,-3.9947538385818917,0.2047968972793295,140.0,0.0,azimuth_elevation
N3821,-869.7524424282107,74.43111836523963,0.0,12.305,9.752,-3.9854329930056,0.34106283623758343,140.0,0.0,azimuth_elevation
N3822,-866.0680160882641,104.00563745273375,0.0,12.305,9.752,-3.9714653108372393,0.47693111118532583,140.0,0.0,azimuth_elevation
N3823,-861.4495924750423,133.42638036982189,0.0,12.305,9.752,-3.9528670777694113,0.6122433057916711,140.0,0.0,azimuth_elevation
N3824,-855.9025787015167,162.66641373597463,0.0,12.305,9.752,-3.9296599785099304,0.7468416520905439,140.0,0.0,azimuth_elevation
N3825,-849.4327465432619,191.69888308184704,0.0,12.305,9.752,-3.9018710714984244,0.8805692144310598,140.0,0.0,azimuth_elevation
N3826,-842.0462493790516,220.4969740851983,0.0,12.305,9.752,-3.869532757357406,1.0132700724574812,140.0,0.0,azimuth_elevation
N3827,-833.7496455319035,249.03387698049298,0.0,12.305,9.752,-3.832682741114595,1.1447895029053634,140.0,0.0,azimuth_elevation
N3828,-824.5499275890714,277.282754852414,0.0,12.305,9.752,-3.7913639882405423,1.2749741600019837,140.0,0.0,azimuth_elevation
N3829,-814.454557207248,305.21671647318107,0.0,12.305,9.752,-3.7456246745528166,1.4036722542606264,140.0,0.0,azimuth_elevation
N3830,-803.4715048427288,332.8087942861776,0.0,12.305,9.752,-3.695518130045148,1.5307337294603567,140.0,0.0,azimuth_elevation
N3831,-791.6092937862172,360.0319280744254,0.0,12.305,9.752,-3.6411027767070485,1.656010437604854,140.0,0.0,azimuth_elevation
N3832,-778.8770478288983,386.8589547827577,0.0,12.305,9.752,-3.5824420604063874,1.7793563116563356,140.0,0.0,azimuth_elevation
N3833,-765.2845418409942,413.2626048878091,0.0,12.305,9.752,-3.519604376914335,1.900627535843215,140.0,0.0,azimuth_elevation
N3834,-750.8422545066456,439.2155056309671,0.0,12.305,9.752,-3.452662992158971,2.0196827133428306,140.0,0.0,azimuth_elevation
N3835,-735.5614224300401,464.69019134716996,0.0,12.305,9.752,-3.3816959568004723,2.1363830311438385,140.0,0.0,azimuth_elevation
N3836,-719.4540948075517,489.6591210376456,0.0,12.305,9.752,-3.306786015227543,2.2505924218959654,140.0,0.0,azimuth_elevation
N3837,-702.5331878494075,514.0947032484017,0.0,12.305,9.752,-3.2280205090811633,2.362177722558442,140.0,0.0,azimuth_elevation
N3838,-684.812538132206,537.9693282293733,0.0,12.305,9.752,-3.1454912754181295,2.471008829662175,140.0,0.0,azimuth_elevation
N3839,-666.3069540704779,561.2554072625128,0.0,12.305,9.752,-3.059294539633171,2.576958851004545,140.0,0.0,azimuth_elevation
N3840,-647.0322647112666,583.9254189618181,0.0,12.305,9.752,-2.969530803264429,2.6799042536000637,140.0,0.0,azimuth_elevation
N3841,-627.0053650803139,605.9519622650874,0.0,12.305,9.752,-2.8763047268131627,2.7797250077142985,140.0,0.0,azimuth_elevation
N3842,-606.2442573414988,627.3078157571153,0.0,12.305,9.752,-2.7797250077142994,2.876304726813162,140.0,0.0,azimuth_elevation
N3843,-584.7680870723716,647.966002887864,0.0,12.305,9.752,-2.679904253600068,2.969530803264425,140.0,0.0,azimuth_elevation
N3844,-562.5971740075189,667.8998625776732,0.0,12.305,9.752,-2.5769588510045462,3.05929453963317,140.0,0.0,azimuth_elevation
N3845,-539.7530366574869,687.0831246356491,0.0,12.305,9.752,-2.4710088296621757,3.1454912754181286,140.0,0.0,azimuth_elevation
N3846,-516.2584102735194,705.4899893576178,0.0,12.305,9.752,-2.3621777225584433,3.2280205090811624,140.0,0.0,azimuth_elevation
N3847,-492.137257696769,723.095210617098,0.0,12.305,9.752,-2.2505924218959668,3.3067860152275426,140.0,0.0,azimuth_elevation
N3848,-467.4147727040885,739.874181717277,0.0,12.305,9.752,-2.136383031143843,3.38169595680047,140.0,0.0,azimuth_elevation
N3849,-442.1173755403363,755.8030232343012,0.0,12.305,9.752,-2.019682713342832,3.452662992158971,140.0,0.0,azimuth_elevation
N3850,-416.27270040836805,770.858672052881,0.0,12.305,9.752,-1.9006275358432168,3.5196043769143346,140.0,0.0,azimuth_elevation
N3851,-389.90957477174715,785.0189707744464,0.0,12.305,9.752,-1.7793563116563402,3.582442060406385,140.0,0.0,azimuth_elevation
N3852,-363.05799041076995,798.2627566661313,0.0,12.305,9.752,-1.6560104376048523,3.6411027767070494,140.0,0.0,azimuth_elevation
N3853,-335.7490662587073,810.5699493158744,0.0,12.305,9.752,-1.5307337294603585,3.6955181300451474,140.0,0.0,azimuth_elevation
N3854,-308.015003131316,821.9216361648654,0.0,12.305,9.752,-1.4036722542606277,3.7456246745528157,140.0,0.0,azimuth_elevation
N3855,-279.8890305477977,832.3001551033983,0.0,12.305,9.752,-1.2749741600019853,3.7913639882405423,140.0,0.0,azimuth_elevation
N3856,-251.40534592442222,841.6891733397829,0.0,12.305,9.752,-1.144789502905365,3.832682741114595,140.0,0.0,azimuth_elevation
N3857,-222.59904650227708,850.0737617840068,0.0,12.305,9.752,-1.0132700724574828,3.8695327573574057,140.0,0.0,azimuth_elevation
N3858,-193.50605444703217,857.4404642280183,0.0,12.305,9.752,-0.880569214431065,3.9018710714984235,140.0,0.0,azimuth_elevation
N3859,-164.16303563053873,863.7773606523709,0.0,12.305,9.752,-0.7468416520905455,3.9296599785099295,140.0,0.0,azimuth_elevation
N3860,-134.6073126706243,869.0741240440382,0.0,12.305,9.752,-0.6122433057916727,3.9528670777694113,140.0,0.0,azimuth_elevation
N3861,-104.87677286596163,873.3220701718332,0.0,12.305,9.752,-0.4769311111853274,3.9714653108372393,140.0,0.0,azimuth_elevation
N3862,-75.00977171674053,876.5141998334653,0.0,12.305,9.752,-0.3410628362375816,3.9854329930056003,140.0,0.0,azimuth_elevation
N3863,-45.04503276840969,878.6452331610216,0.0,12.305,9.752,-0.20479689727933115,3.9947538385818917,140.0,0.0,azimuth_elevation
N3864,-15.021544554533778,879.7116356488847,0.0,12.305,9.752,-0.06829217429989916,3.999416979877116,140.0,0.0,azimuth_elevation
