mirror_id,x,y,z,width,height,aim_x,aim_y,aim_z,roll_deg,mount_type
V00001,0.0,80.31282587482525,0.0,12.305,9.752,0.0,4.0,140.0,0.0,azimuth_elevation
V00002,54.67070587402265,-59.67883979465506,0.0,12.305,9.752,2.7019611770460954,-2.949475512313279,140.0,0.0,azimuth_elevation
V00003,-81.23987079156879,7.12975411702299,0.0,12.305,9.752,-3.9846841634593106,0.3497028988678395,140.0,0.0,azimuth_elevation
V00004,65.2060259585155,49.99224118498192,0.0,12.305,9.752,3.1744030051667833,2.4337554439154503,140.0,0.0,azimuth_elevation
V00005,-14.417542030973134,-81.50757315602718,0.0,12.305,9.752,-0.6967278015172466,-3.9388539412617147,140.0,0.0,azimuth_elevation
V00006,-44.75053624553113,70.34941013069977,0.0,12.305,9.752,-2.146912210505291,3.3750211792495888,140.0,0.0,azimuth_elevation
V00007,81.09678227469722,-21.800502395365918,0.0,12.305,9.752,3.862860297503113,-1.0384172196059542,140.0,0.0,azimuth_elevation
V00008,-75.05237990751759,-38.97935697542546,0.0,12.305,9.752,-3.5497937169810183,-1.8436280988534766,140.0,0.0,azimuth_elevation
V00009,29.213823166484683,79.99439065332871,0.0,12.305,9.752,1.372154523496408,3.757285185296472,140.0,0.0,azimuth_elevation
V00010,32.71798924933449,-79.26148610441538,0.0,12.305,9.752,1.526225633899745,-3.697382224551219,140.0,0.0,azimuth_elevation
V00011,-78.19351432115758,36.5913147906293,0.0,12.305,9.752,-3.6229370902224547,1.695383980191643,140.0,0.0,azimuth_elevation
V00012,82.92696306194678,26.010936110077136,0.0,12.305,9.752,3.816656481231588,1.1971354577794917,140.0,0.0,azimuth_elevation
V00013,-43.86599980756379,-75.69361968411086,0.0,12.305,9.752,-2.0056303249297063,-3.46084483901292,140.0,0.0,azimuth_elevation
V00014,-18.90756674760057,86.00322040298857,0.0,12.305,9.752,-0.8588777161650314,3.9067030945127046,140.0,0.0,azimuth_elevation
V00015,72.50059538132379,-50.970713839945105,0.0,12.305,9.752,3.2722497208798655,-2.300517716558957,140.0,0.0,azimuth_elevation
V00016,-88.44930172698284,-11.461719941141011,0.0,12.305,9.752,-3.966832494789538,-0.514042759195973,140.0,0.0,azimuth_elevation
V00017,57.83871281110057,68.62676810367097,0.0,12.305,9.752,2.577787931535297,3.0585959818241726,140.0,0.0,azimuth_elevation
V00018,3.7312650820013316,-90.22930599803945,0.0,12.305,9.752,0.16527130478950133,-3.99658421602913,140.0,0.0,azimuth_elevation
V00019,-64.09086182508128,64.40428115054416,0.0,12.305,9.752,-2.8215197647176673,2.8353176572136607,140.0,0.0,azimuth_elevation
V00020,91.31276769070999,-4.222375713082652,0.0,12.305,9.752,3.9957304219818206,-0.18476578376145322,140.0,0.0,azimuth_elevation
V00021,-70.60333570872692,-58.91790039369025,0.0,12.305,9.752,-3.071134752002637,-2.5628365798547716,140.0,0.0,azimuth_elevation
V00022,12.334740525891178,91.67499209794859,0.0,12.305,9.752,0.5333879510412065,3.9642776509326465,140.0,0.0,azimuth_elevation
V00023,53.13905392663119,-76.37402011013026,0.0,12.305,9.752,2.2845274019231203,-3.2834333478635434,140.0,0.0,azimuth_elevation
V00024,-91.29734257765375,20.53887139690322,0.0,12.305,9.752,-3.902466765631673,0.8779254769855278,140.0,0.0,azimuth_elevation
V00025,81.65728432686522,46.791429945680115,0.0,12.305,9.752,3.470587679500389,1.988723499861181,140.0,0.0,azimuth_elevation
V00026,-28.76588442746665,-90.1674769143821,0.0,12.305,9.752,-1.2157399213796127,-3.8107711087867626,140.0,0.0,azimuth_elevation
V00027,-39.9178106771745,86.39744435306667,0.0,12.305,9.752,-1.677690115774966,3.63116453433757,140.0,0.0,azimuth_elevation
V00028,88.2795303981726,-36.94556147466323,0.0,12.305,9.752,3.689892878243764,-1.5442443288178047,140.0,0.0,azimuth_elevation
V00029,-90.54271700286306,-32.566338414679855,0.0,12.305,9.752,-3.7639342279446173,-1.3538091178991802,140.0,0.0,azimuth_elevation
V00030,45.00695847473581,85.63424366953566,0.0,12.305,9.752,1.8609230393964153,3.540757749612872,140.0,0.0,azimuth_elevation
V00031,24.79015130296045,-94.04572504040961,0.0,12.305,9.752,1.0195607604449297,-3.8678800208590953,140.0,0.0,azimuth_elevation
V00032,-82.2390338449014,52.87902525819821,0.0,12.305,9.752,-3.364507787520331,2.163350953431978,140.0,0.0,azimuth_elevation
V00033,96.86396807795684,16.646972343118716,0.0,12.305,9.752,3.9422059046943527,0.6775046900154871,140.0,0.0,azimuth_elevation
V00034,-60.49123159041911,-78.10800791643761,0.0,12.305,9.752,-2.4492121026760856,-3.162492699771019,140.0,0.0,azimuth_elevation
V00035,-8.198654837658218,98.9602549453716,0.0,12.305,9.752,-0.33026034404213034,3.9863426979065877,140.0,0.0,azimuth_elevation
V00036,73.26191791012889,-67.7741940869055,0.0,12.305,9.752,2.9362595013962975,-2.7163173858111587,140.0,0.0,azimuth_elevation
V00037,-100.30309353981148,0.48931211289685084,0.0,12.305,9.752,-3.9999524045406676,0.019513108653780326,140.0,0.0,azimuth_elevation
V00038,74.66029861328457,67.7280577823931,0.0,12.305,9.752,2.9626213324093342,2.6875406677394,140.0,0.0,azimuth_elevation
V00039,-9.34833408651274,-100.86703450487153,0.0,12.305,9.752,-0.3691371315584766,-3.9829308025755075,140.0,0.0,azimuth_elevation
V00040,-61.54010253409177,81.08431278671276,0.0,12.305,9.752,-2.418240867300687,3.186237766977979,140.0,0.0,azimuth_elevation
V00041,100.63296546176791,-18.307273482707007,0.0,12.305,9.752,3.9354082420477847,-0.7159343324791484,140.0,0.0,azimuth_elevation
V00042,-86.98398324803885,-54.73789051749159,0.0,12.305,9.752,-3.38545425313722,-2.1304223759421763,140.0,0.0,azimuth_elevation
V00043,27.293038729585014,99.58835291792597,0.0,12.305,9.752,1.0572489667947058,3.857748646842032,140.0,0.0,azimuth_elevation
V00044,47.36715040229023,-92.3006124723277,0.0,12.305,9.752,1.8262892841474365,-3.558745207317917,140.0,0.0,azimuth_elevation
V00045,-97.72742940741746,36.2311956940181,0.0,12.305,9.752,-3.750546727791217,1.3904672749311984,140.0,0.0,azimuth_elevation
V00046,96.9796100284908,39.479174747223965,0.0,12.305,9.752,3.7047835815560206,1.5081706182766401,140.0,0.0,azimuth_elevation
V00047,-45.04659621599678,-95.051323869544,0.0,12.305,9.752,-1.7130374983186782,-3.6146234284298666,140.0,0.0,azimuth_elevation
V00048,-31.13044258988738,100.9710133858115,0.0,12.305,9.752,-1.178502505073345,3.8224510259172515,140.0,0.0,azimuth_elevation
V00049,91.56813374273946,-53.664018512144416,0.0,12.305,9.752,3.4510196382755542,-2.022489420549948,140.0,0.0,azimuth_elevation
V00050,-104.22997359464615,-22.382193915239085,0.0,12.305,9.752,-3.910846452729599,-0.8398095160048569,140.0,0.0,azimuth_elevation
V00051,62.00881406091444,87.29293773701822,0.0,12.305,9.752,2.3164532840960597,3.260988221781946,140.0,0.0,azimuth_elevation
V00052,13.299959289135195,-106.71720143869659,0.0,12.305,9.752,0.49468533430009093,-3.96929293703909,140.0,0.0,azimuth_elevation
V00053,-82.24774874538883,70.00755549449924,0.0,12.305,9.752,-3.045984424005374,2.5926779377154907,140.0,0.0,azimuth_elevation
V00054,108.39936996493532,3.9530483433772914,0.0,12.305,9.752,3.9973429004456773,0.14577289273571647,140.0,0.0,azimuth_elevation
V00055,-77.58867998084187,-76.46140685882327,0.0,12.305,9.752,-2.8490480755865693,-2.8076547264570237,140.0,0.0,azimuth_elevation
V00056,5.585998830283163,109.24946964204483,0.0,12.305,9.752,0.2042558657272599,3.994781538622107,140.0,0.0,azimuth_elevation
V00057,69.96941295639897,-84.68312258376464,0.0,12.305,9.752,2.5478242384821175,-3.083600436146522,140.0,0.0,azimuth_elevation
V00058,-109.24711277633575,15.241992981056525,0.0,12.305,9.752,-3.9616284662678845,0.5527204494642584,140.0,0.0,azimuth_elevation
V00059,91.22493414040662,62.81370384779482,0.0,12.305,9.752,3.294538836587998,2.268482720721804,140.0,0.0,azimuth_elevation
V00060,-24.937704995530176,-108.37878422254012,0.0,12.305,9.752,-0.8969523451728002,-3.8981375669015343,140.0,0.0,azimuth_elevation
V00061,-55.042370445221586,97.15187829255282,0.0,12.305,9.752,-1.9717693476884248,3.4802479278804785,140.0,0.0,azimuth_elevation
V00062,106.63803586229936,-34.59449822487613,0.0,12.305,9.752,3.8047950486412745,-1.2343154531297267,140.0,0.0,azimuth_elevation
V00063,-102.40600245139487,-46.709320931960754,0.0,12.305,9.752,-3.6393055649807113,-1.6599563261424757,140.0,0.0,azimuth_elevation
V00064,44.13297865314191,104.02562278208825,0.0,12.305,9.752,1.5622262742267619,3.682315720863105,140.0,0.0,azimuth_elevation
V00065,37.87389137063186,-106.93417766292298,0.0,12.305,9.752,1.3354314947185852,-3.7704936975035093,140.0,0.0,azimuth_elevation
V00066,-100.54957956094,53.4736575345113,0.0,12.305,9.752,-3.531637520248959,1.8781736941959823,140.0,0.0,azimuth_elevation
V00067,110.68860257189151,28.60040665238618,0.0,12.305,9.752,3.872807697451974,1.0006800380524945,140.0,0.0,azimuth_elevation
V00068,-62.53762098892538,-96.22523557282425,0.0,12.305,9.752,-2.179738213517538,-3.3539143281442616,140.0,0.0,azimuth_elevation
V00069,-18.957695124219303,113.62726695462297,0.0,12.305,9.752,-0.6582654554402319,3.945464052576587,140.0,0.0,azimuth_elevation
V00070,91.07516871474958,-71.2472009525981,0.0,12.305,9.752,3.1505071342288953,-2.464610475749227,140.0,0.0,azimuth_elevation
V00071,-115.71437060256113,-9.018560641983616,0.0,12.305,9.752,-3.9879063664479832,-0.31080992977001637,140.0,0.0,azimuth_elevation
V00072,79.52664183345308,85.12909748548773,0.0,12.305,9.752,2.73060895238931,2.9229736141695426,140.0,0.0,azimuth_elevation
V00073,-1.1407838221548385,-116.92069368709333,0.0,12.305,9.752,-0.03902575293987596,-3.9998096192953327,140.0,0.0,azimuth_elevation
V00074,-78.4237118569629,87.30275722207207,0.0,12.305,9.752,-2.6730562010664336,2.975696648843811,140.0,0.0,azimuth_elevation
V00075,117.22391511897814,-11.44131654044261,0.0,12.305,9.752,3.981082656981187,-0.3885625796234293,140.0,0.0,azimuth_elevation
V00076,-94.50557105646784,-71.00244389660759,0.0,12.305,9.752,-3.1979967035641264,-2.402668742043518,140.0,0.0,azimuth_elevation
V00077,21.801836567913295,116.60887582969832,0.0,12.305,9.752,0.735123825829312,3.93186888905239,140.0,0.0,azimuth_elevation
V00078,62.91517960986956,-101.06893773389453,0.0,12.305,9.752,2.11388184216332,-3.395806760899714,140.0,0.0,azimuth_elevation
V00079,-115.06778434391379,32.1396173932197,0.0,12.305,9.752,-3.852545190521517,1.0760555538584102,140.0,0.0,azimuth_elevation
V00080,106.93113580410102,54.217913973565075,0.0,12.305,9.752,3.5676120075984454,1.8089070079026688,140.0,0.0,azimuth_elevation
V00081,-42.371079402624176,-112.60036247835316,0.0,12.305,9.752,-1.4087469364017098,-3.7437190157888183,140.0,0.0,azimuth_elevation
V00082,-44.972351618430565,112.03543006526215,0.0,12.305,9.752,-1.490079711616844,3.7120967731226866,140.0,0.0,azimuth_elevation
V00083,109.21392948920916,-52.41247566683004,0.0,12.305,9.752,3.6062237468060716,-1.7306502500424459,140.0,0.0,azimuth_elevation
V00084,-116.33059711473933,-35.2454560890933,0.0,12.305,9.752,-3.8281546049467416,-1.159841506683158,140.0,0.0,azimuth_elevation
V00085,62.18058541391383,104.92342349343622,0.0,12.305,9.752,2.039300385513706,3.4411123111057633,140.0,0.0,azimuth_elevation
V00086,25.108951057708815,-119.77140968019698,0.0,12.305,9.752,0.8207213302848493,-3.9148967416798452,140.0,0.0,azimuth_elevation
V00087,-99.75135950517628,71.59340945135298,0.0,12.305,9.752,-3.2496491185678797,2.332333725304122,140.0,0.0,azimuth_elevation
V00088,122.31907537035076,14.63877728987124,0.0,12.305,9.752,3.9716589191283562,0.4753161370163815,140.0,0.0,azimuth_elevation
V00089,-80.57086174694487,-93.7277239527062,0.0,12.305,9.752,-2.6075062440469887,-3.0333003786727035,140.0,0.0,azimuth_elevation
V00090,-3.9145095545920876,123.94162583630653,0.0,12.305,9.752,-0.126271011618066,3.998006457176495,140.0,0.0,azimuth_elevation
V00091,86.88980606936039,-89.03545137319708,0.0,12.305,9.752,2.7937228723882446,-2.862710693083528,140.0,0.0,azimuth_elevation
V00092,-124.61425272140042,6.981261969511505,0.0,12.305,9.752,-3.9937375885312636,0.22374108686713445,140.0,0.0,azimuth_elevation
V00093,96.91294906241907,79.28196707968948,0.0,12.305,9.752,3.0959927376007914,2.5327512646770423,140.0,0.0,azimuth_elevation
V00094,-17.96358091488937,-124.31958719652435,0.0,12.305,9.752,-0.5720397943953882,-3.958885003839854,140.0,0.0,azimuth_elevation
V00095,-70.95534862510094,104.13303271052075,0.0,12.305,9.752,-2.2523840547818295,3.305565922767925,140.0,0.0,azimuth_elevation
V00096,123.04792032591641,-28.945799409705877,0.0,12.305,9.752,3.8937156013473437,-0.9159578679307769,140.0,0.0,azimuth_elevation
V00097,-110.6299063056403,-61.96752238717674,0.0,12.305,9.752,-3.489825354261208,-1.954768271881768,140.0,0.0,azimuth_elevation
V00098,39.84027281871626,120.79736198166853,0.0,12.305,9.752,1.2528616109743642,3.7987284430117825,140.0,0.0,azimuth_elevation
V00099,52.382083367406906,-116.34288694239125,0.0,12.305,9.752,1.642183033318078,-3.647359988413844,140.0,0.0,azimuth_elevation
V00100,-117.57393651999239,50.559068931229305,0.0,12.305,9.752,-3.674650932728375,1.5801710421971673,140.0,0.0,azimuth_elevation
V00101,121.21695481234433,42.26818976514226,0.0,12.305,9.752,3.7769634378726793,1.3170220913002904,140.0,0.0,azimuth_elevation
V00102,-61.01468583079819,-113.39161394463433,0.0,12.305,9.752,-1.8953796527256581,-3.522433245930086,140.0,0.0,azimuth_elevation
V00103,-31.70005285682567,125.20326133481693,0.0,12.305,9.752,-0.981775501747086,3.8776432100142038,140.0,0.0,azimuth_elevation
V00104,108.27227580851684,-71.1207725720444,0.0,12.305,9.752,3.3432410532217176,-2.1960736007823005,140.0,0.0,azimuth_elevation
V00105,-128.25959090685467,-20.756380715487865,0.0,12.305,9.752,-3.9486283073718798,-0.6390105556416753,140.0,0.0,azimuth_elevation
V00106,80.79284672845131,102.24561563956165,0.0,12.305,9.752,2.4799501966884896,3.1384465937697144,140.0,0.0,azimuth_elevation
V00107,9.519780015991106,-130.35077210529724,0.0,12.305,9.752,0.29135211892727275,-3.9893751318717308,140.0,0.0,azimuth_elevation
V00108,-95.34897421623674,89.9490028622409,0.0,12.305,9.752,-2.909618166806779,2.7448355366739112,140.0,0.0,azimuth_elevation
V00109,131.44903456413795,-1.9238794546620968,0.0,12.305,9.752,3.9995716476619605,-0.05853746850176677,140.0,0.0,azimuth_elevation
V00110,-98.51060600361487,-87.62711055832298,0.0,12.305,9.752,-2.988701150453945,-2.658508121724526,140.0,0.0,azimuth_elevation
V00111,13.486132624811638,131.53430817405015,0.0,12.305,9.752,0.40797878078126687,3.979139770658004,140.0,0.0,azimuth_elevation
V00112,79.13191003424674,-106.40296431177039,0.0,12.305,9.752,2.387039438725057,-3.209679535089316,140.0,0.0,azimuth_elevation
V00113,-130.59446170461757,25.076614047378413,0.0,12.305,9.752,-3.9282359665040683,0.7542958249015089,140.0,0.0,azimuth_elevation
V00114,113.55597522369398,69.92203151364951,0.0,12.305,9.752,3.4060784561709725,2.0972910027957408,140.0,0.0,azimuth_elevation
V00115,-36.6037743775155,-128.62547842989713,0.0,12.305,9.752,-1.0948365332429926,-3.8472500523720137,140.0,0.0,azimuth_elevation
V00116,-60.06249600829423,119.90473957794013,0.0,12.305,9.752,-1.7914816837778844,3.5763939068128887,140.0,0.0,azimuth_elevation
V00117,125.63156684064465,-47.975612691914975,0.0,12.305,9.752,3.7368022117733948,-1.426993072893301,140.0,0.0,azimuth_elevation
V00118,-125.39013842815513,-49.62421974165535,0.0,12.305,9.752,-3.719321625213787,-1.471953344443048,140.0,0.0,azimuth_elevation
V00119,59.10041875552563,121.62520504780872,0.0,12.305,9.752,1.7482218162192622,3.597738245244507,140.0,0.0,azimuth_elevation
V00120,38.68349506338144,-129.9593675334,0.0,12.305,9.752,1.1411529066985022,-3.8337670825877725,140.0,0.0,azimuth_elevation
V00121,-116.62711801765487,69.88751922121722,0.0,12.305,9.752,-3.4311230932754415,2.0560628197581816,140.0,0.0,azimuth_elevation
V00122,133.56642482723618,27.321423075496327,0.0,12.305,9.752,3.9188538649757603,0.8016136132604922,140.0,0.0,azimuth_elevation
V00123,-80.24802167679836,-110.66618732458485,0.0,12.305,9.752,-2.348158662264698,-3.238232681082579,140.0,0.0,azimuth_elevation
V00124,-15.623302258313787,136.17254652295142,0.0,12.305,9.752,-0.45593562828773726,3.9739303847523386,140.0,0.0,azimuth_elevation
V00125,103.77929365925475,-90.09555043167317,0.0,12.305,9.752,3.0205441476776245,-2.6222724976497873,140.0,0.0,azimuth_elevation
V00126,-137.74658790511774,-3.677977772863436,0.0,12.305,9.752,-3.9985748704304407,-0.10676612553701634,140.0,0.0,azimuth_elevation
V00127,99.3469679636444,96.01109288218007,0.0,12.305,9.752,2.8763051845653007,2.7797245340577854,140.0,0.0,azimuth_elevation
V00128,-8.42284353105677,-138.26534528525698,0.0,12.305,9.752,-0.2432209834771085,-3.9925985965529303,140.0,0.0,azimuth_elevation
V00129,-87.41372696232435,107.92307602434343,0.0,12.305,9.752,-2.517618017142058,3.1083113614568427,140.0,0.0,azimuth_elevation
V00130,137.7138160581456,-20.585307058755333,0.0,12.305,9.752,3.9560473289367226,-0.5913455260781326,140.0,0.0,azimuth_elevation
V00131,-115.74929052936643,-78.04647168160982,0.0,12.305,9.752,-3.316514343983563,-2.2362317872151083,140.0,0.0,azimuth_elevation
V00132,32.71414775266407,136.08539428174086,0.0,12.305,9.752,0.9349415929709161,3.8892009742019,140.0,0.0,azimuth_elevation
V00133,67.97532351541902,-122.75628453555494,0.0,12.305,9.752,1.9377206770281175,-3.4993197307216293,140.0,0.0,azimuth_elevation
V00134,-133.3819997139902,44.71344487172862,0.0,12.305,9.752,-3.792571436269692,1.2713779535571819,140.0,0.0,azimuth_elevation
V00135,128.8805938317902,57.27252861158753,0.0,12.305,9.752,3.6553276129600225,1.6243706602656867,140.0,0.0,azimuth_elevation
V00136,-56.48738824685908,-129.61413876984489,0.0,12.305,9.752,-1.598078205684388,-3.666898696244085,140.0,0.0,azimuth_elevation
V00137,-46.016057281855915,134.0651799395837,0.0,12.305,9.752,-1.298581345746195,3.7833432950870316,140.0,0.0,azimuth_elevation
V00138,124.80089640741431,-67.94104985872565,0.0,12.305,9.752,3.5131451456970044,-1.9125405055228433,140.0,0.0,azimuth_elevation
V00139,-138.25994563366473,-34.289027886134015,0.0,12.305,9.752,-3.8823864434716064,-0.9628476014135838,140.0,0.0,azimuth_elevation
V00140,78.981154501247,118.9698585089944,0.0,12.305,9.752,2.2123567264812793,3.3324882167523167,140.0,0.0,azimuth_elevation
V00141,22.179084427309007,-141.4221984483564,0.0,12.305,9.752,0.6197404488425494,-3.951698593778178,140.0,0.0,azimuth_elevation
V00142,-112.1569648862014,89.51684326156385,0.0,12.305,9.752,-3.126311365406993,2.495230900443296,140.0,0.0,azimuth_elevation
V00143,143.51705803009514,9.77773257899312,0.0,12.305,9.752,3.990748959224544,0.27188737456567863,140.0,0.0,azimuth_elevation
V00144,-99.46042356569095,-104.40629360404165,0.0,12.305,9.752,-2.758996800104267,-2.8961934771376057,140.0,0.0,azimuth_elevation
V00145,2.82036076297141,144.51780362698116,0.0,12.305,9.752,0.07804779100457948,3.999238495303738,140.0,0.0,azimuth_elevation
V00146,95.76977788202971,-108.72809960827371,0.0,12.305,9.752,2.643896775925191,-3.0016345277618957,140.0,0.0,azimuth_elevation
V00147,-144.40615846939227,15.518098985145409,0.0,12.305,9.752,-3.977102189842277,0.42738527297014356,140.0,0.0,azimuth_elevation
V00148,117.24067710517379,86.30685738642313,0.0,12.305,9.752,3.2212859835284777,2.3713533292875124,140.0,0.0,azimuth_elevation
V00149,-28.216712610562674,-143.1725082879144,0.0,12.305,9.752,-0.7734498734453531,-3.9245095608581937,140.0,0.0,azimuth_elevation
V00150,-76.08406627232438,124.92423647742876,0.0,12.305,9.752,-2.0806502526640385,3.4162690945077894,140.0,0.0,azimuth_elevation
V00151,140.81605173217363,-40.816535553152974,0.0,12.305,9.752,3.841863358405868,-1.1135914580035091,140.0,0.0,azimuth_elevation
V00152,-131.71076879417026,-65.17456086272179,0.0,12.305,9.752,-3.5850906959718545,-1.7740137264564906,140.0,0.0,azimuth_elevation
V00153,53.21779462847883,137.34488099263493,0.0,12.305,9.752,1.44520525018972,3.7297964803490378,140.0,0.0,azimuth_elevation
V00154,53.65759035952088,-137.5387690682516,0.0,12.305,9.752,1.453791948121268,-3.7264579658943915,140.0,0.0,azimuth_elevation
V00155,-132.77599148271065,65.32140603036,0.0,12.305,9.752,-3.5891671256806728,1.7657517786861041,140.0,0.0,azimuth_elevation
V00156,142.35378180995116,41.61791446486494,0.0,12.305,9.752,3.8392883252762324,1.1224371498652468,140.0,0.0,azimuth_elevation
V00157,-77.02977238686506,-127.13522000621134,0.0,12.305,9.752,-2.072776324375593,-3.4210522225052347,140.0,0.0,azimuth_elevation
V00158,-29.145172245546892,146.10889409881042,0.0,12.305,9.752,-0.7824868196519583,3.922717728446818,140.0,0.0,azimuth_elevation
V00159,120.45711141071787,-88.24757396430742,0.0,12.305,9.752,3.2267391810112693,-2.363927718380307,140.0,0.0,azimuth_elevation
V00160,-148.76517182879348,-16.33320699524568,0.0,12.305,9.752,-3.9761072798553223,-0.43654426932615276,140.0,0.0,azimuth_elevation
V00161,98.88254759492091,112.78471430623124,0.0,12.305,9.752,2.636976347120661,3.0077160345893983,140.0,0.0,azimuth_elevation
V00162,3.2793522350871367,-150.29203521450572,0.0,12.305,9.752,0.08725869866445995,-3.9990481266805715,140.0,0.0,azimuth_elevation
V00163,-104.16930700578936,108.84624696301478,0.0,12.305,9.752,-2.765660044594235,2.8898312265139317,140.0,0.0,azimuth_elevation
V00164,150.66757011287453,-9.91631566066967,0.0,12.305,9.752,3.9913645897925223,-0.262695091979982,140.0,0.0,azimuth_elevation
V00165,-118.05477799539678,-94.67005541594229,0.0,12.305,9.752,-3.1205560145594666,-2.50242485601401,140.0,0.0,azimuth_elevation
V00166,23.151752423191756,149.87877221186207,0.0,12.305,9.752,0.6106371850800204,3.953115509088692,140.0,0.0,azimuth_elevation
V00167,84.35360516539613,-126.42950326407382,0.0,12.305,9.752,2.220026302408749,-3.327383839687471,140.0,0.0,azimuth_elevation
V00168,-147.92172166157943,36.32374238255497,0.0,12.305,9.752,-3.8845937929030807,0.9539030685236615,140.0,0.0,azimuth_elevation
V00169,133.8977095216262,73.2936108051869,0.0,12.305,9.752,3.508730831316972,1.920626968821824,140.0,0.0,azimuth_elevation
V00170,-49.32871023566596,-144.80168626948276,0.0,12.305,9.752,-1.2898640402309416,-3.7863241749378926,140.0,0.0,azimuth_elevation
V00171,-61.570205438874254,140.3932327507805,0.0,12.305,9.752,-1.6065196308796523,3.663208249007734,140.0,0.0,azimuth_elevation
V00172,140.5331519459167,-62.06354166614964,0.0,12.305,9.752,3.6590591958959973,-1.6159473385382759,140.0,0.0,azimuth_elevation
V00173,-145.85703541755262,-49.26941464238029,0.0,12.305,9.752,-3.7896331173203395,-1.2801096969044985,140.0,0.0,azimuth_elevation
V00174,74.42640628317821,135.13977966450622,0.0,12.305,9.752,1.929655844197902,3.5037734405855754,140.0,0.0,azimuth_elevation
V00175,36.482519005438775,-150.2377309700123,0.0,12.305,9.752,0.9438967874933738,-3.887037284945912,140.0,0.0,azimuth_elevation
V00176,-128.65428878939613,86.31757628718883,0.0,12.305,9.752,-3.321656074629343,2.2285872031127667,140.0,0.0,azimuth_elevation
V00177,153.49205101904607,23.305370067144512,0.0,12.305,9.752,3.9546748387295847,0.6004555936279833,140.0,0.0,azimuth_elevation
V00178,-97.640234264734,-121.11826721319896,0.0,12.305,9.752,-2.5104522233678566,-3.1141017379314033,140.0,0.0,azimuth_elevation
V00179,-9.837664822156293,155.58525107106686,0.0,12.305,9.752,-0.2524161599016181,3.992027815812475,140.0,0.0,azimuth_elevation
V00180,112.58190934110733,-108.3012635619303,0.0,12.305,9.752,2.8826998646388446,-2.7730924056747885,140.0,0.0,azimuth_elevation
V00181,-156.49145115174093,3.8178156611188006,0.0,12.305,9.752,-3.998810170148929,0.09755625614738814,140.0,0.0,azimuth_elevation
V00182,118.21201478630495,103.10368354313256,0.0,12.305,9.752,3.014496472982948,2.629222511384947,140.0,0.0,azimuth_elevation
V00183,-17.555997646944288,-156.19390816104348,0.0,12.305,9.752,-0.44678159436005677,-3.9749699630237565,140.0,0.0,azimuth_elevation
V00184,-92.74993127310526,127.28904213966828,0.0,12.305,9.752,-2.355610787024311,3.23281577267476,140.0,0.0,azimuth_elevation
V00185,154.6852173293873,-31.27033002320594,0.0,12.305,9.752,3.9206897607946716,-0.7925855156384215,140.0,0.0,azimuth_elevation
V00186,-135.45480348899912,-81.59440061521764,0.0,12.305,9.752,-3.4263784333963456,-2.063959987779899,140.0,0.0,azimuth_elevation
V00187,44.85361710806483,151.96744069807556,0.0,12.305,9.752,1.1323198818157678,3.836385236814041,140.0,0.0,azimuth_elevation
V00188,69.71771756190057,-142.63831833683074,0.0,12.305,9.752,1.756503551635806,-3.59370216811171,140.0,0.0,azimuth_elevation
V00189,-148.05216112057101,58.19886242469423,0.0,12.305,9.752,-3.7227019882363295,1.463383034882282,140.0,0.0,azimuth_elevation
V00190,148.77577815546852,57.2067988462457,0.0,12.305,9.752,3.7335056253357104,1.435595954851715,140.0,0.0,azimuth_elevation
V00191,-71.20011676935883,-142.9604608695344,0.0,12.305,9.752,-1.7832397202694577,-3.5805105920878533,140.0,0.0,azimuth_elevation
V00192,-44.15421064370457,153.81110389835766,0.0,12.305,9.752,-1.1036946815761313,3.8447182016190165,140.0,0.0,azimuth_elevation
V00193,136.72282453360967,-83.75332382390434,0.0,12.305,9.752,3.4108999384591803,-2.089440501622183,140.0,0.0,azimuth_elevation
V00194,-157.69644589447051,-30.65747791734225,0.0,12.305,9.752,-3.9264882401417713,-0.7633414046338458,140.0,0.0,azimuth_elevation
V00195,95.75715654339666,129.37896649271636,0.0,12.305,9.752,2.37964051838294,3.2151688918733603,140.0,0.0,azimuth_elevation
V00196,16.818349604556435,-160.39262176477732,0.0,12.305,9.752,0.41714252160228554,-3.978189552632113,140.0,0.0,azimuth_elevation
V00197,-120.97758386648127,107.1138375833323,0.0,12.305,9.752,-2.994816344688218,2.6516174425411183,140.0,0.0,azimuth_elevation
V00198,161.86948847034455,2.7420252276355908,0.0,12.305,9.752,3.9994262146644552,0.06774919523320903,140.0,0.0,azimuth_elevation
V00199,-117.72993711919109,-111.57603643216277,0.0,12.305,9.752,-2.9032884970400947,-2.7515297387007593,140.0,0.0,azimuth_elevation
V00200,11.463651148209193,162.10624510595565,0.0,12.305,9.752,0.282162948935845,3.9900355976166217,140.0,0.0,azimuth_elevation
V00201,101.239955601695,-127.51714155268233,0.0,12.305,9.752,2.4871721428559055,-3.1327264055135045,140.0,0.0,azimuth_elevation
V00202,-161.09166358721004,25.689023389478137,0.0,12.305,9.752,-3.950089614066471,0.6299143123030286,140.0,0.0,azimuth_elevation
V00203,136.39298679397365,90.04278512695464,0.0,12.305,9.752,3.3381741512101395,2.2037679860167816,140.0,0.0,azimuth_elevation
V00204,-39.823475734346275,-158.82424493897628,0.0,12.305,9.752,-0.9728418433492749,-3.87989416709126,140.0,0.0,azimuth_elevation
V00205,-78.06525676367077,144.28155005551525,0.0,12.305,9.752,-1.903487554053938,3.518058432084629,140.0,0.0,azimuth_elevation
V00206,155.31229947428628,-53.75629853337754,0.0,12.305,9.752,3.7799868076868752,-1.3083194310691806,140.0,0.0,azimuth_elevation
V00207,-151.11409438934567,-65.39480466281648,0.0,12.305,9.752,-3.671001709015914,-1.5886303699735302,140.0,0.0,azimuth_elevation
V00208,67.3775604815458,150.57394975079734,0.0,12.305,9.752,1.6337780155144541,3.6511326182462414,140.0,0.0,azimuth_elevation
V00209,52.124922769447785,-156.82966054378588,0.0,12.305,9.752,1.2616075843580765,-3.7958327548892585,140.0,0.0,azimuth_elevation
V00210,-144.63705580207892,80.57898044097048,0.0,12.305,9.752,-3.4943183536208857,1.9467252614450303,140.0,0.0,azimuth_elevation
V00211,161.3756011046803,38.35446998855682,0.0,12.305,9.752,3.8915956237577616,0.924923510972361,140.0,0.0,azimuth_elevation
V00212,-93.25479191734455,-137.53906275837699,0.0,12.305,9.752,-2.2447646444286447,-3.310744884632934,140.0,0.0,azimuth_elevation
V00213,-24.186928321587363,164.7080523179313,0.0,12.305,9.752,-0.5811564489332985,3.957556971398294,140.0,0.0,azimuth_elevation
V00214,129.32677159125888,-105.30259327187702,0.0,12.305,9.752,3.1018180019045,-2.525613803229064,140.0,0.0,azimuth_elevation
V00215,-166.7923394607431,-9.729619582092313,0.0,12.305,9.752,-3.9932116712016237,-0.23293893830602064,140.0,0.0,azimuth_elevation
V00216,116.62417682481355,120.05603433370028,0.0,12.305,9.752,2.7871220179418987,2.8691376504279953,140.0,0.0,azimuth_elevation
V00217,-4.907113338836095,-167.6033121351718,0.0,12.305,9.752,-0.1170623996727857,-3.998286682390703,140.0,0.0,azimuth_elevation
V00218,-109.79137573678686,127.1263301359073,0.0,12.305,9.752,-2.614485677318143,3.027286680031855,140.0,0.0,azimuth_elevation
V00219,167.12560639538495,-19.610754370366898,0.0,12.305,9.752,3.972743140944623,-0.4661672833623673,140.0,0.0,azimuth_elevation
V00220,-136.7216029308226,-98.6055439213561,0.0,12.305,9.752,-3.244268628145223,-2.3398121865724,140.0,0.0,azimuth_elevation
V00221,34.26748476813566,165.3538311853269,0.0,12.305,9.752,0.8117022960956511,3.916776657216115,140.0,0.0,azimuth_elevation
V00222,86.57899316276604,-145.32903337916244,0.0,12.305,9.752,2.0472206053339277,-3.436406232257209,140.0,0.0,azimuth_elevation
V00223,-162.2926771518694,48.763069457111506,0.0,12.305,9.752,-3.8308158179634506,1.1510213589855829,140.0,0.0,azimuth_elevation
V00224,152.87482771797755,73.79930250482508,0.0,12.305,9.752,3.6022281182988647,1.7389515760184413,140.0,0.0,azimuth_elevation
V00225,-62.983752275357254,-157.956946505421,0.0,12.305,9.752,-1.4815259943809813,-3.7155189042680763,140.0,0.0,azimuth_elevation
V00226,-60.36053443019195,159.2929875521883,0.0,12.305,9.752,-1.4173657976577179,3.740464435819448,140.0,0.0,azimuth_elevation
V00227,152.37150322060384,-76.81715307334368,0.0,12.305,9.752,3.571768850471894,-1.8006852247960181,140.0,0.0,azimuth_elevation
V00228,-164.52587954787222,-46.362538314883444,0.0,12.305,9.752,-3.850056582397393,-1.084925947859349,140.0,0.0,azimuth_elevation
V00229,90.1531595695016,145.57114349910145,0.0,12.305,9.752,2.1060549549289487,3.4006664827382327,140.0,0.0,azimuth_elevation
V00230,31.91020385976922,-168.52474266299288,0.0,12.305,9.752,0.7441778238228962,-3.930165310331134,140.0,0.0,azimuth_elevation
V00231,-137.60038705014748,102.88480686500613,0.0,12.305,9.752,-3.2035220890150597,2.395296688344178,140.0,0.0,azimuth_elevation
V00232,171.25012852965932,17.112670118223967,0.0,12.305,9.752,3.9801771535293673,0.3977308468334569,140.0,0.0,azimuth_elevation
V00233,-114.90913757962414,-128.51319037634624,0.0,12.305,9.752,-2.6661954354865,-2.9818453849572673,140.0,0.0,azimuth_elevation
V00234,-2.082496122689661,172.67227110888123,0.0,12.305,9.752,-0.04823807952492487,3.999709125384463,140.0,0.0,azimuth_elevation
V00235,118.37258387842228,-126.12803568575025,0.0,12.305,9.752,2.7373339526463933,-2.916676675891463,140.0,0.0,azimuth_elevation
V00236,-172.7713822790679,13.065200548793106,0.0,12.305,9.752,-3.9886116516522097,0.3016240910541274,140.0,0.0,azimuth_elevation
V00237,136.44902728832216,107.25023520753095,0.0,12.305,9.752,3.1448222446914267,2.471860240647512,140.0,0.0,azimuth_elevation
V00238,-28.213630636532645,-171.53787058928214,0.0,12.305,9.752,-0.64917644899552,-3.9469697158794577,140.0,0.0,azimuth_elevation
V00239,-95.22594189190946,145.78604182430735,0.0,12.305,9.752,-2.1874572249500366,3.34888502176678,140.0,0.0,azimuth_elevation
V00240,168.9724810027523,-43.24523862547789,0.0,12.305,9.752,3.8751022086069726,-0.9917574667474719,140.0,0.0,azimuth_elevation
V00241,-154.06012743344272,-82.3870568426339,0.0,12.305,9.752,-3.52730231104866,-1.8863028406040172,140.0,0.0,azimuth_elevation
V00242,58.04261968161977,165.08635407111893,0.0,12.305,9.752,1.326743686875067,3.773559485331741,140.0,0.0,azimuth_elevation
V00243,68.8278508948235,-161.20011458184493,0.0,12.305,9.752,1.570703303271532,-3.678707807517729,140.0,0.0,azimuth_elevation
V00244,-159.9010036102862,72.4894409167517,0.0,12.305,9.752,-3.643119151929553,1.6515698122828764,140.0,0.0,azimuth_elevation
V00245,167.14322239831094,54.6488170623003,0.0,12.305,9.752,3.8019420602563465,1.2430754484156328,140.0,0.0,azimuth_elevation
V00246,-86.4713597268879,-153.44821258973056,0.0,12.305,9.752,-1.9637483510504543,-3.484780109812758,140.0,0.0,azimuth_elevation
V00247,-39.95592167075249,171.8356026073779,0.0,12.305,9.752,-0.9059282233718934,3.896061351428933,140.0,0.0,azimuth_elevation
V00248,145.76984759361568,-99.87693193392589,0.0,12.305,9.752,3.299754906424894,-2.2608886654421623,140.0,0.0,azimuth_elevation
V00249,-175.2328164102035,-24.859807982925318,0.0,12.305,9.752,-3.960344923196026,-0.5618434740347731,140.0,0.0,azimuth_elevation
V00250,112.59850250207852,136.91759285895083,0.0,12.305,9.752,2.540715279215564,3.0894604496514564,140.0,0.0,azimuth_elevation
V00251,9.47495833552039,-177.30024017056536,0.0,12.305,9.752,0.21345617329276761,-3.994300497218907,140.0,0.0,azimuth_elevation
V00252,-126.95260553817619,124.53307170012404,0.0,12.305,9.752,-2.855507157255124,2.801085303032516,140.0,0.0,azimuth_elevation
V00253,178.01339630491844,-6.0811788321061,0.0,12.305,9.752,3.9976680444868866,-0.13656575737861448,140.0,0.0,azimuth_elevation
V00254,-135.5831297371108,-115.94509446582802,0.0,12.305,9.752,-3.04000484453058,-2.599686624428146,140.0,0.0,azimuth_elevation
V00255,21.689090365770145,177.3582063483544,0.0,12.305,9.752,0.4855418786414634,3.9704217765982146,140.0,0.0,azimuth_elevation
V00256,103.97382532626568,-145.65745311182397,0.0,12.305,9.752,2.3239579039027873,-3.2556442773877747,140.0,0.0,azimuth_elevation
V00257,-175.33116376806498,37.22812124907689,0.0,12.305,9.752,-3.9127703432455534,0.830799759880846,140.0,0.0,azimuth_elevation
V00258,154.67185618364675,91.1255557168531,0.0,12.305,9.752,3.4463522524514167,2.0304325036856183,140.0,0.0,azimuth_elevation
V00259,-52.57741176286443,-171.9394247178878,0.0,12.305,9.752,-1.1696954444600387,-3.825155234393688,140.0,0.0,azimuth_elevation
V00260,-77.4944041736444,162.54989179255656,0.0,12.305,9.752,-1.7213582173017725,3.6106683436349654,140.0,0.0,azimuth_elevation
V00261,167.2008155668673,-67.61684164299913,0.0,12.305,9.752,3.708247399385453,-1.4996336969243613,140.0,0.0,azimuth_elevation
V00262,-169.2234951265906,-63.181157769866566,0.0,12.305,9.752,-3.7473342317416347,-1.3991019103758424,140.0,0.0,azimuth_elevation
V00263,82.22797383470328,161.14375668650445,0.0,12.305,9.752,1.8180878771021813,3.5629421088665025,140.0,0.0,azimuth_elevation
V00264,48.292523406874714,-174.63356545348452,0.0,12.305,9.752,1.0661313953683702,-3.85530334056996,140.0,0.0,azimuth_elevation
V00265,-153.80710264037597,96.29499040642176,0.0,12.305,9.752,-3.390352098875882,2.1226192889088473,140.0,0.0,azimuth_elevation
V00266,178.73048079623274,32.94032838857974,0.0,12.305,9.752,3.933748851508811,0.724996533269718,140.0,0.0,azimuth_elevation
V00267,-109.70561320977761,-145.23989958088882,0.0,12.305,9.752,-2.4108958556819915,-3.191799049604376,140.0,0.0,azimuth_elevation
V00268,-17.240676299703033,181.4745411365706,0.0,12.305,9.752,-0.3783097069730027,3.982070035246743,140.0,0.0,azimuth_elevation
V00269,135.50106131586043,-122.352001954506,0.0,12.305,9.752,2.968803464075634,-2.6807099790340088,140.0,0.0,azimuth_elevation
V00270,-182.83633627202565,-1.3130645920010273,0.0,12.305,9.752,-3.9998968521079656,-0.028725815859409812,140.0,0.0,azimuth_elevation
V00271,134.1316225080078,124.6589661571493,0.0,12.305,9.752,2.929995444460084,2.7230730242582832,140.0,0.0,azimuth_elevation
V00272,-14.720529382424004,-182.79703502710646,0.0,12.305,9.752,-0.3210780552042834,-3.9870927857859333,140.0,0.0,azimuth_elevation
V00273,-112.79097729952264,144.9480784274789,0.0,12.305,9.752,-2.456489513776981,3.1568432442400005,140.0,0.0,azimuth_elevation
V00274,181.34859312298414,-30.73658686832934,0.0,12.305,9.752,3.94375588877407,-0.6684231367628208,140.0,0.0,azimuth_elevation
V00275,-154.7118989871341,-99.98289009522982,0.0,12.305,9.752,-3.359516196463235,-2.171094407367214,140.0,0.0,azimuth_elevation
V00276,46.61100348354272,178.493877638022,0.0,12.305,9.752,1.0106494885700208,3.870218031487781,140.0,0.0,azimuth_elevation
V00277,86.32831018338543,-163.3412772721004,0.0,12.305,9.752,1.869073237428625,-3.536462248226054,140.0,0.0,azimuth_elevation
V00278,-174.2467066388627,62.22005484978399,0.0,12.305,9.752,-3.7670423608279426,1.3451363691937852,140.0,0.0,azimuth_elevation
V00279,170.76275227189078,71.92796699844129,0.0,12.305,9.752,3.686326361125796,1.5527388573965186,140.0,0.0,azimuth_elevation
V00280,-77.44136453866757,-168.6318032234406,0.0,12.305,9.752,-1.6693223054397948,-3.635018987647956,140.0,0.0,azimuth_elevation
V00281,-56.88896771414424,176.91182931737228,0.0,12.305,9.752,-1.2245137300992799,3.807960888034218,140.0,0.0,azimuth_elevation
V00282,161.68466388808983,-92.1548667374405,0.0,12.305,9.752,3.475158936149407,-1.9807247079038823,140.0,0.0,azimuth_elevation
V00283,-181.73353366276513,-41.32399717409501,0.0,12.305,9.752,-3.900434361685301,-0.886911376736469,140.0,0.0,azimuth_elevation
V00284,106.24375604270449,153.45134180559742,0.0,12.305,9.752,2.276958882438414,3.288686401541626,140.0,0.0,azimuth_elevation
V00285,25.35046981307665,-185.1828925150925,0.0,12.305,9.752,0.542517128537138,-3.9630386277758913,140.0,0.0,azimuth_elevation
V00286,-143.9881462741903,119.59541685416865,0.0,12.305,9.752,-3.077029375253818,2.5557562919466914,140.0,0.0,azimuth_elevation
V00288,-132.1023249635068,-133.36126026412634,0.0,12.305,9.752,-2.81498192865232,-2.8418087094948636,140.0,0.0,azimuth_elevation
V00289,7.33432255472112,187.83705095817308,0.0,12.305,9.752,0.15606586512946752,3.996954271159653,140.0,0.0,azimuth_elevation
V00290,121.64627864251908,-143.6629141164365,0.0,12.305,9.752,2.584825704898644,-3.05265066381583,140.0,0.0,azimuth_elevation
V00291,-187.00517216983067,23.795284863434087,0.0,12.305,9.752,-3.968005925227705,0.50490491912619,140.0,0.0,azimuth_elevation
V00292,154.18240056575584,108.92767029447025,0.0,12.305,9.752,3.2669424496879245,2.308048316311222,140.0,0.0,azimuth_elevation
V00293,-40.166123506425684,-184.72799604409332,0.0,12.305,9.752,-0.8498774525179487,-3.908670914224118,140.0,0.0,azimuth_elevation
V00294,-95.29816797298909,163.5735589298954,0.0,12.305,9.752,-2.013596082353481,3.4562162572863855,140.0,0.0,azimuth_elevation
V00295,181.01502770642213,-56.319710088416016,0.0,12.305,9.752,3.819403620813727,-1.1883416938385156,140.0,0.0,azimuth_elevation
V00296,-171.75744302195105,-80.85809029751593,0.0,12.305,9.752,-3.6190226432619106,-1.7037238941675896,140.0,0.0,azimuth_elevation
V00297,72.12990202466824,175.88697289427594,0.0,12.305,9.752,1.5177057115904238,3.700887646633684,140.0,0.0,azimuth_elevation
V00298,65.71460087599345,-178.66404571627967,0.0,12.305,9.752,1.3808047276449285,-3.7541148496168057,140.0,0.0,azimuth_elevation
V00299,-169.37563684974674,87.47253078391364,0.0,12.305,9.752,-3.5540305773279894,1.8354472630445362,140.0,0.0,azimuth_elevation
V00300,184.23289237045267,49.98091004390775,0.0,12.305,9.752,3.860458351275847,1.0473114713706562,140.0,0.0,azimuth_elevation
V00301,-102.22637984433797,-161.52373591494572,0.0,12.305,9.752,-2.139133109368725,-3.3799570323308092,140.0,0.0,azimuth_elevation
V00302,-33.775425191297764,188.4135628163404,0.0,12.305,9.752,-0.7057979894450321,3.937238778394746,140.0,0.0,azimuth_elevation
V00303,152.38462287014525,-116.27414464412803,0.0,12.305,9.752,3.180000052622761,-2.426437649171978,140.0,0.0,azimuth_elevation
V00304,-191.16613747162938,-17.220856081452528,0.0,12.305,9.752,-3.9838681527378634,-0.3588795642008644,140.0,0.0,azimuth_elevation
V00305,129.50336691264397,142.02192773754737,0.0,12.305,9.752,2.695160727769784,2.955690892412035,140.0,0.0,azimuth_elevation
V00306,0.4432819492753491,-192.46156369808864,0.0,12.305,9.752,0.009212868585149204,-3.999989390367483,140.0,0.0,azimuth_elevation
V00307,-130.50911644595806,141.80733593328435,0.0,12.305,9.752,-2.708747292914813,2.943244485788884,140.0,0.0,azimuth_elevation
V00308,192.28193914103062,-16.428812500147313,0.0,12.305,9.752,3.9854790361634214,-0.3405243784252265,140.0,0.0,azimuth_elevation
V00309,-153.0859495135058,-117.92897040824343,0.0,12.305,9.752,-3.1687891180861687,-2.4410603280334304,140.0,0.0,azimuth_elevation
V00310,33.265524794224596,190.62070942099874,0.0,12.305,9.752,0.6876539175765616,3.9404482092322453,140.0,0.0,azimuth_elevation
V00311,104.37299069898793,-163.24652771973123,0.0,12.305,9.752,2.1546799226669857,-3.370067422301191,140.0,0.0,azimuth_elevation
V00312,-187.48277820886614,49.93653847720229,0.0,12.305,9.752,-3.86524175196624,1.029517459228813,140.0,0.0,azimuth_elevation
V00313,172.20457277305724,89.94073112916544,0.0,12.305,9.752,3.5455380256306768,1.8517991545540036,140.0,0.0,azimuth_elevation
V00314,-66.31213519450317,-182.88452839413708,0.0,12.305,9.752,-1.363497040320396,-3.760435589268551,140.0,0.0,azimuth_elevation
V00315,-74.73906509295173,179.8844688933192,0.0,12.305,9.752,-1.5347374598623524,3.693857188535482,140.0,0.0,azimuth_elevation
V00316,176.85375374804235,-82.26420719381423,0.0,12.305,9.752,3.6268323181673474,-1.6870350725153485,140.0,0.0,azimuth_elevation
V00317,-186.22011632133893,-58.88139160436841,0.0,12.305,9.752,-3.8138890949881543,-1.205922871136638,140.0,0.0,azimuth_elevation
V00318,97.66726231962424,169.42950118261487,0.0,12.305,9.752,1.9976539280057721,3.46545506159337,140.0,0.0,azimuth_elevation
V00319,42.486786443822304,-191.1554942387925,0.0,12.305,9.752,0.8678734236234193,-3.9047145504592478,140.0,0.0,azimuth_elevation
V00320,-160.6618244088416,112.39941359999415,0.0,12.305,9.752,-3.2775396333881566,2.2929749129830936,140.0,0.0,azimuth_elevation
V00322,-126.34334560863138,-150.61145049569743,0.0,12.305,9.752,-2.5707364834808386,-3.06452507454264,140.0,0.0,azimuth_elevation
V00323,-8.586042143865662,196.65459537042037,0.0,12.305,9.752,-0.1744758677153465,3.9961929597536923,140.0,0.0,azimuth_elevation
V00324,139.34936152186228,-139.3872499314386,0.0,12.305,9.752,2.8280426331388515,-2.8288115640934923,140.0,0.0,azimuth_elevation
V00326,151.42572227372344,126.95629418772897,0.0,12.305,9.752,3.0652238369461107,2.5699032723854343,140.0,0.0,azimuth_elevation
V00327,-25.932111744198775,-196.15166474054303,0.0,12.305,9.752,-0.5242559440205948,-3.9654956443248146,140.0,0.0,azimuth_elevation
V00328,-113.52216091155803,162.36061401081955,0.0,12.305,9.752,-2.292083802409396,3.278162876175082,140.0,0.0,azimuth_elevation
V00329,193.6276646271455,-43.09150137831902,0.0,12.305,9.752,3.9044784677088127,-0.8689349200016308,140.0,0.0,azimuth_elevation
V00330,-172.10183130912478,-99.14539656507279,0.0,12.305,9.752,-3.4659980120214238,-1.996711742005725,140.0,0.0,azimuth_elevation
V00331,60.00692079325034,189.6004205082694,0.0,12.305,9.752,1.2069596633830453,3.8135611140987744,140.0,0.0,azimuth_elevation
V00332,83.93223560534649,-180.56807532420734,0.0,12.305,9.752,1.6860490262723353,-3.6272908183665273,140.0,0.0,azimuth_elevation
V00333,-184.09340762539352,76.54650396243254,0.0,12.305,9.752,-3.693439821158001,1.535741608306669,140.0,0.0,azimuth_elevation
V00334,187.68751741489163,67.99592492668029,0.0,12.305,9.752,3.7608061280816507,1.3624746848963842,140.0,0.0,azimuth_elevation
V00335,-92.5806370725092,-177.1416823879923,0.0,12.305,9.752,-1.8527629695091088,-3.5450344679305714,140.0,0.0,azimuth_elevation
V00336,-51.455878283510465,193.3984037940142,0.0,12.305,9.752,-1.02846662373767,3.865521491837504,140.0,0.0,azimuth_elevation
V00337,168.79166670290374,-107.98297667528831,0.0,12.305,9.752,3.3694815304819983,-2.1555960233171456,140.0,0.0,azimuth_elevation
V00338,-197.64958456394425,-34.43677861967128,0.0,12.305,9.752,-3.9406350079366015,-0.6865826492305949,140.0,0.0,azimuth_elevation
V00339,122.63144721298903,159.10084272073448,0.0,12.305,9.752,2.4419216989547383,3.168125378859556,140.0,0.0,azimuth_elevation
V00340,17.067635074821034,-200.40096265475557,0.0,12.305,9.752,0.33944088090987456,-3.9855714632116594,140.0,0.0,azimuth_elevation
V00341,-148.1373599699315,136.40921003047754,0.0,12.305,9.752,-2.942507982015601,2.709547337799153,140.0,0.0,azimuth_elevation
V00342,201.62385878971415,-0.5191981754643977,0.0,12.305,9.752,3.999986737960822,-0.010300297934467437,140.0,0.0,azimuth_elevation
V00343,-149.20559617561716,-135.9795575440612,0.0,12.305,9.752,-2.9564234845810704,-2.694357099535531,140.0,0.0,azimuth_elevation
V00344,18.189033759381683,201.30128924301522,0.0,12.305,9.752,0.35996259793906704,3.9837704411882164,140.0,0.0,azimuth_elevation
V00345,122.7154046842736,-160.916995538616,0.0,12.305,9.752,2.425573050596095,-3.1806595819455366,140.0,0.0,azimuth_elevation
V00346,-199.42815382280327,35.80588586850381,0.0,12.305,9.752,-3.9370467559691744,0.7068683337882683,140.0,0.0,azimuth_elevation
V00347,171.44769518990032,108.44186375229371,0.0,12.305,9.752,3.380538448185673,2.138214161476441,140.0,0.0,azimuth_elevation
V00348,-53.2335199639524,-196.01133220364449,0.0,12.305,9.752,-1.0483609297094238,-3.860173488466392,140.0,0.0,azimuth_elevation
V00349,-93.264180214017,180.71066014213815,0.0,12.305,9.752,-1.834481003063706,3.5545294272798444,140.0,0.0,azimuth_elevation
V00350,191.06968744136947,-70.33650930389825,0.0,12.305,9.752,3.75373932787958,-1.3818252633130412,140.0,0.0,azimuth_elevation
V00351,-188.6282501827555,-77.29510484494996,0.0,12.305,9.752,-3.7013001105303696,-1.5166995390610083,140.0,0.0,azimuth_elevation
V00352,86.98129007829517,184.6339762240836,0.0,12.305,9.752,1.7047076919863093,3.6185593383116865,140.0,0.0,azimuth_elevation
V00353,60.65405392154834,-195.132866895564,0.0,12.305,9.752,1.1873033139475109,-3.819726540040433,140.0,0.0,azimuth_elevation
V00354,-176.7466661405422,103.03720691189044,0.0,12.305,9.752,-3.4556687170746074,2.0145356084795174,140.0,0.0,azimuth_elevation
V00355,200.1675255104565,43.466213672469095,0.0,12.305,9.752,3.9089018158917983,0.8488148170936936,140.0,0.0,azimuth_elevation
V00356,-118.37754053613737,-167.4616609753264,0.0,12.305,9.752,-2.3089363759302888,-3.2663148672327815,140.0,0.0,azimuth_elevation
V00357,-25.861595726693594,203.68634678463124,0.0,12.305,9.752,-0.5038261657439144,3.9681430411102605,140.0,0.0,azimuth_elevation
V00358,156.84393576361992,-132.8805095346096,0.0,12.305,9.752,3.0519478450924735,-2.5856554973227595,140.0,0.0,azimuth_elevation
V00359,-205.65496472322982,-7.97405070758177,0.0,12.305,9.752,-3.9969965512348606,-0.15497925479440708,140.0,0.0,azimuth_elevation
V00360,146.43023823432176,144.9690840511858,0.0,12.305,9.752,2.842573880241463,2.8142092557890916,140.0,0.0,azimuth_elevation
V00361,-10.059752520258634,-206.0508465870285,0.0,12.305,9.752,-0.19505447462191483,-3.9952413884432527,140.0,0.0,azimuth_elevation
V00362,-131.92278050173948,158.91768304594007,0.0,12.305,9.752,-2.5549196820092277,3.07772406470786,140.0,0.0,azimuth_elevation
V00363,204.8635223050358,-28.10137414387612,0.0,12.305,9.752,3.962890993628646,-0.543594492813317,140.0,0.0,azimuth_elevation
V00364,-170.24150984765026,-117.80016266878582,0.0,12.305,9.752,-3.2893052898280484,-2.2760647421172404,140.0,0.0,azimuth_elevation
V00365,46.01166918659621,202.09472110538474,0.0,12.305,9.752,0.887971708806545,3.900193103470543,140.0,0.0,azimuth_elevation
V00366,102.70513639675208,-180.30891535840524,0.0,12.305,9.752,1.9797798844521048,-3.4756972838725195,140.0,0.0,azimuth_elevation
V00367,-197.7584138934091,63.651863557661066,0.0,12.305,9.752,-3.8076278532874985,1.2255489100273536,140.0,0.0,azimuth_elevation
V00368,189.03638585387063,86.74960993172562,0.0,12.305,9.752,3.6354726721846347,1.6683340342385613,140.0,0.0,azimuth_elevation
V00369,-80.88463202519836,-191.88076063573507,0.0,12.305,9.752,-1.553740957858862,-3.685904100200089,140.0,0.0,azimuth_elevation
V00370,-70.0526624003384,196.3503870396598,0.0,12.305,9.752,-1.3441122183431837,3.7674079078990856,140.0,0.0,azimuth_elevation
V00371,184.49996274793372,-97.57516972063678,0.0,12.305,9.752,3.535953994761016,-1.8700345844217996,140.0,0.0,azimuth_elevation
V00372,-202.187979407992,-52.739652851658036,0.0,12.305,9.752,-3.8704926417637933,-1.0095973009335617,140.0,0.0,azimuth_elevation
V00373,113.59224879793982,175.66602122501365,0.0,12.305,9.752,2.1720076389745158,3.3589258426223627,140.0,0.0,azimuth_elevation
V00374,34.941276546975786,-206.49735396190374,0.0,12.305,9.752,0.6673509699074293,-3.943937459311901,140.0,0.0,azimuth_elevation
V00375,-165.44040199298655,128.8092519518649,0.0,12.305,9.752,-3.156175310904757,2.4573476365453994,140.0,0.0,azimuth_elevation
V00377,-143.10517464549375,-153.89561069011268,0.0,12.305,9.752,-2.7238694667537926,-2.9292550466093608,140.0,0.0,azimuth_elevation
V00378,1.5680883673590018,210.3824876240229,0.0,12.305,9.752,0.029813219330833085,3.9998888949511,140.0,0.0,azimuth_elevation
V00379,141.11467980247306,-156.36558810763162,0.0,12.305,9.752,2.679902786574034,-2.9695321272066963,140.0,0.0,azimuth_elevation
V00381,168.48355543393686,127.19057177456008,0.0,12.305,9.752,3.1924543533282868,2.4100280500266527,140.0,0.0,azimuth_elevation
V00382,-38.36163078643443,-207.8288605641798,0.0,12.305,9.752,-0.726065928138905,-3.933551609931639,140.0,0.0,azimuth_elevation
V00383,-112.22550238610033,179.36049345992387,0.0,12.305,9.752,-2.121697515642928,3.3909290249302813,140.0,0.0,azimuth_elevation
V00384,204.13617568757132,-56.510811139577555,0.0,12.305,9.752,3.855013361601279,-1.0671794515804751,140.0,0.0,azimuth_elevation
V00385,-188.90697346688415,-96.33018932599445,0.0,12.305,9.752,-3.5634362391986114,-1.8171191950904202,140.0,0.0,azimuth_elevation
V00386,74.3067513237935,198.85712636891824,0.0,12.305,9.752,1.4001206020016244,3.7469537360168474,140.0,0.0,azimuth_elevation
V00387,79.62303149776977,-197.04345423054573,0.0,12.305,9.752,1.4986255242540487,-3.708654949985814,140.0,0.0,azimuth_elevation
V00388,-192.02534711646706,91.6106765873953,0.0,12.305,9.752,-3.610200244959112,1.7223397432844563,140.0,0.0,azimuth_elevation
V00389,203.70094142322915,62.22922515418426,0.0,12.305,9.752,3.825473084273113,1.1686555016350866,140.0,0.0,azimuth_elevation
V00390,-108.28700369264725,-183.6866212636854,0.0,12.305,9.752,-2.031369347579449,-3.4458001354858996,140.0,0.0,azimuth_elevation
V00391,-44.279823475270895,208.82156793061117,0.0,12.305,9.752,-0.8297360106984136,3.9129960583356436,140.0,0.0,azimuth_elevation
V00392,173.89857892656096,-124.2044051043386,0.0,12.305,9.752,3.2550123701991915,-2.3248428914337937,140.0,0.0,azimuth_elevation
V00393,-212.3590902383713,-25.910746672592612,0.0,12.305,9.752,-3.970553628391256,-0.48446246920584995,140.0,0.0,azimuth_elevation
V00394,139.23684465158158,162.73030170030205,0.0,12.305,9.752,2.600512978434145,3.039297986212535,140.0,0.0,azimuth_elevation
V00395,7.261750116310986,-214.27929667900315,0.0,12.305,9.752,0.1354789537190582,-3.9977050232726263,140.0,0.0,azimuth_elevation
V00396,-150.26183678513516,153.26457648771097,0.0,12.305,9.752,-2.800308906648239,2.8562685495846756,140.0,0.0,azimuth_elevation
V00397,214.5603239990778,-11.524641660839473,0.0,12.305,9.752,3.9942423198168258,-0.214542048522666,140.0,0.0,azimuth_elevation
V00398,-166.17509942624736,-136.58362394766365,0.0,12.305,9.752,-3.090151049624329,-2.5398752903451096,140.0,0.0,azimuth_elevation
V00399,30.3042269311861,213.1928794075993,0.0,12.305,9.752,0.5629201052912511,3.9601920351239137,140.0,0.0,azimuth_elevation
V00400,121.79583941715784,-177.8640590469865,0.0,12.305,9.752,2.259991516651649,-3.3003694254829385,140.0,0.0,azimuth_elevation
V00401,-210.18036599130687,48.93223632494529,0.0,12.305,9.752,-3.8958149234911508,0.9069873659007817,140.0,0.0,azimuth_elevation
V00402,188.23609034294614,106.00766147973557,0.0,12.305,9.752,3.4853138420192527,1.9628009126319959,140.0,0.0,azimuth_elevation
V00403,-67.26445141144505,-205.53891012729764,0.0,12.305,9.752,-1.2441089913900085,-3.801603979577901,140.0,0.0,azimuth_elevation
V00404,-89.33646316237098,197.20559411344885,0.0,12.305,9.752,-1.650579339642448,3.643568010006881,140.0,0.0,azimuth_elevation
V00405,199.29729028141705,-85.15832364768926,0.0,12.305,9.752,3.6782806630928246,-1.571703331903769,140.0,0.0,azimuth_elevation
V00406,-204.6974407978573,-71.90693798798353,0.0,12.305,9.752,-3.7739200319614317,-1.3257177649711978,140.0,0.0,azimuth_elevation
V00407,102.47408499613724,191.49676734661725,0.0,12.305,9.752,1.887261696756581,3.5267893739143923,140.0,0.0,azimuth_elevation
V00408,53.85016532776375,-210.64759598479284,0.0,12.305,9.752,0.9907039520062535,-3.875371682752403,140.0,0.0,azimuth_elevation
V00409,-182.19081744296375,119.07584154422196,0.0,12.305,9.752,-3.3482902199538014,2.188367565780878,140.0,0.0,azimuth_elevation
V00411,-134.83264155651173,-171.44476886418326,0.0,12.305,9.752,-2.47271509484095,-3.1441501331434076,140.0,0.0,azimuth_elevation
V00412,-16.40515019153796,217.7253339581618,0.0,12.305,9.752,-0.3005397433492432,3.98869350322478,140.0,0.0,azimuth_elevation
V00413,159.3353456086163,-149.6195095560161,0.0,12.305,9.752,2.915932401583707,-2.738126773798882,140.0,0.0,azimuth_elevation
V00415,163.31843826289742,145.95012066924835,0.0,12.305,9.752,2.9825701017092174,2.6653846980108264,140.0,0.0,azimuth_elevation
V00416,-21.860860118590992,-218.16680039565003,0.0,12.305,9.752,-0.39881287570777896,-3.980068880078546,140.0,0.0,azimuth_elevation
V00417,-131.38688297232508,175.8193305152097,0.0,12.305,9.752,-2.39442569626155,3.2041731515450893,140.0,0.0,azimuth_elevation
V00418,215.86921881331085,-40.93568576353554,0.0,12.305,9.752,3.9299628542963436,-0.7452462437684166,140.0,0.0,azimuth_elevation
V00419,-187.0208836551644,-115.75292254125364,0.0,12.305,9.752,-3.4012389052623937,-2.1051303782258888,140.0,0.0,azimuth_elevation
V00420,59.77527512909529,211.90272882443247,0.0,12.305,9.752,1.0859725770029938,3.8497614941704477,140.0,0.0,azimuth_elevation
V00421,99.16423911658418,-196.83140928324656,0.0,12.305,9.752,1.799714143805352,-3.57225824942528,140.0,0.0,azimuth_elevation
V00422,-206.29097580357734,78.23351776577526,0.0,12.305,9.752,-3.7400789751618717,1.4183826209990462,140.0,0.0,azimuth_elevation
V00423,205.16958175821966,81.74468007862788,0.0,12.305,9.752,3.715921531873502,1.48051584556157,140.0,0.0,azimuth_elevation
V00424,-96.16664819345586,-199.07040406659172,0.0,12.305,9.752,-1.7399308068074093,-3.60175523703687,140.0,0.0,azimuth_elevation
V00425,-63.62501409175518,211.96510935015687,0.0,12.305,9.752,-1.149979877974526,3.8311285909316193,140.0,0.0,azimuth_elevation
V00426,190.29002667334055,-113.4343675816961,0.0,12.305,9.752,3.435849551676851,-2.048154744701186,140.0,0.0,azimuth_elevation
V00427,-217.1593225321828,-44.941947414007245,0.0,12.305,9.752,-3.9169971803571997,-0.8106374584694117,140.0,0.0,azimuth_elevation
V00428,129.90094301127166,180.011096893448,0.0,12.305,9.752,2.3406940809550205,3.2436324112608887,140.0,0.0,azimuth_elevation
V00429,25.83709028807741,-220.70567452026634,0.0,12.305,9.752,0.4650872435604583,-3.972869725510432,140.0,0.0,azimuth_elevation
V00430,-168.30668350452422,145.43627569388565,0.0,12.305,9.752,-3.0265757989404487,2.615308573241021,140.0,0.0,azimuth_elevation
V00432,-159.91692973582852,-155.261152848567,0.0,12.305,9.752,-2.8698952462214082,-2.786341916512717,140.0,0.0,azimuth_elevation
V00433,13.053522482362544,222.7315773544525,0.0,12.305,9.752,0.2340245168101984,3.9931481972914247,140.0,0.0,azimuth_elevation
V00434,140.9695613084247,-173.2271133065211,0.0,12.305,9.752,2.5247704554150943,-3.1025044959617802,140.0,0.0,azimuth_elevation
V00436,185.2596044124271,125.53696257656951,0.0,12.305,9.752,3.3113550198386976,2.2438645085185196,140.0,0.0,azimuth_elevation
V00437,-51.85751832424921,-217.92601449402537,0.0,12.305,9.752,-0.9259814387553168,-3.891344031961275,140.0,0.0,azimuth_elevation
V00438,-109.07763476734111,195.91661387836035,0.0,12.305,9.752,-1.9457752306059823,3.494847457609593,140.0,0.0,azimuth_elevation
V00439,212.98233343283388,-70.85249216156879,0.0,12.305,9.752,3.795489636324356,-1.2626394657836426,140.0,0.0,azimuth_elevation
V00440,-205.1105785988166,-91.71423306585883,0.0,12.305,9.752,-3.65157663918279,-1.6327853650050022,140.0,0.0,azimuth_elevation
V00441,89.37874204669652,206.38214668461535,0.0,12.305,9.752,1.589628302978085,3.670569691256524,140.0,0.0,azimuth_elevation
V00442,73.57687420684307,-212.76487863825267,0.0,12.305,9.752,1.3072917625257978,-3.7803423452952236,140.0,0.0,azimuth_elevation
V00443,-198.16970491523037,107.29174271028742,0.0,12.305,9.752,-3.5175408234874426,1.9044438965480937,140.0,0.0,azimuth_elevation
V00444,218.81447232738108,54.80215962979723,0.0,12.305,9.752,3.8801584986934614,0.9717870265736753,140.0,0.0,azimuth_elevation
V00445,-124.45113221230704,-188.40187284386235,0.0,12.305,9.752,-2.204675414407879,-3.337574915579491,140.0,0.0,azimuth_elevation
V00446,-35.532144658911854,223.20644411830534,0.0,12.305,9.752,-0.6288404249958698,3.9502607154327185,140.0,0.0,azimuth_elevation
V00447,177.14773861221857,-140.72181317968116,0.0,12.305,9.752,3.1320501317468774,-2.4880237081314895,140.0,0.0,azimuth_elevation
V00448,-225.90046062005044,-15.913261502565655,0.0,12.305,9.752,-3.9901121584666366,-0.2810782148383567,140.0,0.0,azimuth_elevation
V00449,155.9750174752981,164.4881269988215,0.0,12.305,9.752,2.752318919643548,2.902540363986722,140.0,0.0,azimuth_elevation
V00450,-3.9047957452556252,-226.8691309327645,0.0,12.305,9.752,-0.06883646931596304,-3.9994076487015064,140.0,0.0,azimuth_elevation
V00451,-150.5150198952046,170.08932590243916,0.0,12.305,9.752,-2.6508031793427786,2.9955370978150504,140.0,0.0,azimuth_elevation
V00452,226.09826812828032,-23.770215594147775,0.0,12.305,9.752,3.9780760020328265,-0.41822400941424204,140.0,0.0,azimuth_elevation
V00453,-182.95163486743496,-135.33088819383678,0.0,12.305,9.752,-3.2158156977156986,-2.3787663606006566,140.0,0.0,azimuth_elevation
V00454,43.53023436949684,223.58704948126285,0.0,12.305,9.752,0.7644088242297307,3.9262805744673575,140.0,0.0,azimuth_elevation
V00455,119.04793994092593,-194.458062306045,0.0,12.305,9.752,2.0885131434848083,-3.4114678438307466,140.0,0.0,azimuth_elevation
V00456,-219.34807383302476,63.03231318730038,0.0,12.305,9.752,-3.8444180111561734,1.1047398587441373,140.0,0.0,azimuth_elevation
V00457,204.5147856229735,101.78729027530495,0.0,12.305,9.752,3.580995248015828,1.7822662634096116,140.0,0.0,azimuth_elevation
V00458,-82.12531760739915,-213.40731526328662,0.0,12.305,9.752,-1.4366108857102886,-3.733115208918511,140.0,0.0,azimuth_elevation
V00459,-83.67805930207103,213.03880489581957,0.0,12.305,9.752,-1.4623709339532305,3.7230996832651093,140.0,0.0,azimuth_elevation
V00460,205.80397304756016,-100.66069082734894,0.0,12.305,9.752,3.593224515517169,-1.757480463927382,140.0,0.0,azimuth_elevation
V00461,-219.95862515090474,-64.85640463149177,0.0,12.305,9.752,-3.8366929254275983,-1.1312768874037067,140.0,0.0,azimuth_elevation
V00462,118.49361129643441,196.59021868325368,0.0,12.305,9.752,2.0648914003892123,3.4258172024494646,140.0,0.0,azimuth_elevation
V00463,45.464495845282606,-225.21485212466402,0.0,12.305,9.752,0.7915196149102066,-3.920905086738571,140.0,0.0,azimuth_elevation
V00464,-185.8308415695389,135.48412571794876,0.0,12.305,9.752,-3.2321752612358603,2.356489567270541,140.0,0.0,azimuth_elevation
V00466,-151.4982485657622,-173.60279571915467,0.0,12.305,9.752,-2.6300419296407895,-3.0137815860362798,140.0,0.0,azimuth_elevation
V00467,-5.562156728167408,230.5623829086855,0.0,12.305,9.752,-0.0964691434334317,3.9988365438418736,140.0,0.0,azimuth_elevation
V00468,159.99465065630645,-166.4090194712007,0.0,12.305,9.752,2.7723086177661616,-2.8834536458662683,140.0,0.0,azimuth_elevation
V00470,180.0975101310484,145.10595041071514,0.0,12.305,9.752,3.114784109735374,2.509605536681017,140.0,0.0,azimuth_elevation
V00471,-34.81323093820164,-228.86500158749357,0.0,12.305,9.752,-0.6015306819987498,-3.9545114538478856,140.0,0.0,azimuth_elevation
V00472,-129.04648524461288,192.45377275078792,0.0,12.305,9.752,-2.227684101505163,3.322261811462356,140.0,0.0,azimuth_elevation
V00473,225.36572392634585,-54.7908795252829,0.0,12.305,9.752,3.8867805352783,-0.9449534753530117,140.0,0.0,azimuth_elevation
V00474,-203.37772246252257,-111.93548144336152,0.0,12.305,9.752,-3.5042979037644706,-1.9287032435478346,140.0,0.0,azimuth_elevation
V00475,74.42222986638126,220.1219700568653,0.0,12.305,9.752,1.2811398922237414,3.7892849690347834,140.0,0.0,azimuth_elevation
V00476,93.90071515500897,-212.77994664295286,0.0,12.305,9.752,1.6149525337836674,-3.6594983691246146,140.0,0.0,azimuth_elevation
V00477,-213.16760980681795,93.5549043570042,0.0,12.305,9.752,-3.6627713681953513,1.6075154445069428,140.0,0.0,azimuth_elevation
V00478,220.58243459930748,75.07755687448967,0.0,12.305,9.752,3.78667469506354,1.288834649505298,140.0,0.0,azimuth_elevation
V00479,-112.03980794836373,-204.54982628908238,0.0,12.305,9.752,-1.9215807748977922,-3.5082085635753186,140.0,0.0,azimuth_elevation
V00480,-55.60795372939625,226.71922168627285,0.0,12.305,9.752,-0.9528469748170278,3.884852975671285,140.0,0.0,azimuth_elevation
V00481,194.32880006290713,-129.73229153187216,0.0,12.305,9.752,3.326780184500101,-2.2209307967646077,140.0,0.0,azimuth_elevation
V00482,-231.13694256026338,-35.63935723176734,0.0,12.305,9.752,-3.953281369699032,-0.6095624758714631,140.0,0.0,azimuth_elevation
V00483,146.49328511239239,182.57729162461393,0.0,12.305,9.752,2.503273112105707,3.119875594668577,140.0,0.0,azimuth_elevation
V00484,15.32360461003091,-233.7952889639897,0.0,12.305,9.752,0.2616099973050056,-3.9914358580979448,140.0,0.0,azimuth_elevation
V00485,-169.3801251035656,162.19039188527927,0.0,12.305,9.752,-2.8890792525194366,2.7664455665459484,140.0,0.0,azimuth_elevation
V00486,234.66736815900902,-5.18423777658085,0.0,12.305,9.752,3.9990242569142183,-0.08834586923951891,140.0,0.0,azimuth_elevation
V00487,-176.69893460487734,-154.83357681556436,0.0,12.305,9.752,-3.0084328069382216,-2.636158577577952,140.0,0.0,azimuth_elevation
V00488,25.727060115388774,233.73995888127294,0.0,12.305,9.752,0.4376251903378846,3.9759884548099143,140.0,0.0,azimuth_elevation
V00489,139.0446730764361,-189.90294597258622,0.0,12.305,9.752,2.3630504157017067,-3.227381714773137,140.0,0.0,azimuth_elevation
V00491,201.69609517844302,122.13040239747204,0.0,12.305,9.752,3.4216155972091125,2.0718462068733112,140.0,0.0,azimuth_elevation
V00492,-66.28623299804809,-226.50294769589308,0.0,12.305,9.752,-1.1234808501838969,-3.8389830397215965,140.0,0.0,azimuth_elevation
V00493,-104.2168478659452,211.98254319845876,0.0,12.305,9.752,-1.7647759691239557,3.5896470270491223,140.0,0.0,azimuth_elevation
V00494,220.23608838673846,-85.98904216299151,0.0,12.305,9.752,3.7260626030089234,-1.4548049623431887,140.0,0.0,azimuth_elevation
V00495,-220.67771997724492,-85.43824615267266,0.0,12.305,9.752,-3.7301892333366022,-1.4441912212375796,140.0,0.0,azimuth_elevation
V00496,105.10217603282719,212.25499427142955,0.0,12.305,9.752,1.7749882970015638,3.584608283412218,140.0,0.0,azimuth_elevation
V00497,65.93598017945428,-227.70901720787126,0.0,12.305,9.752,1.1125469750122159,-3.8421659553422685,140.0,0.0,azimuth_elevation
V00498,-202.61493567430315,123.47646675256787,0.0,12.305,9.752,-3.4157033265499392,2.081578916350682,140.0,0.0,azimuth_elevation
V00500,-140.96791041022462,-191.38416401200726,0.0,12.305,9.752,-2.3722289744851124,-3.2206411927771947,140.0,0.0,azimuth_elevation
V00501,-25.355271068618634,236.55286983893657,0.0,12.305,9.752,-0.42630404955887347,3.9772182310416038,140.0,0.0,azimuth_elevation
V00502,178.6434306117674,-157.43879667749826,0.0,12.305,9.752,3.0009156519720555,-2.644712697014391,140.0,0.0,azimuth_elevation
V00503,-238.2849624447285,-4.585485003173658,0.0,12.305,9.752,-3.9992595654457435,-0.07696056256761895,140.0,0.0,azimuth_elevation
V00504,172.75879371514202,164.4854072375085,0.0,12.305,9.752,2.896943425861389,2.758209344367914,140.0,0.0,azimuth_elevation
V00505,-16.293002719164864,-238.1929639229364,0.0,12.305,9.752,-0.2729722821218182,-3.990674896955803,140.0,0.0,azimuth_elevation
V00506,-149.0140124747076,186.80597979237092,0.0,12.305,9.752,-2.494380895032101,3.126989598719327,140.0,0.0,azimuth_elevation
V00507,236.2711555999399,-37.11995462644019,0.0,12.305,9.752,3.951529966261456,-0.6208147273846968,140.0,0.0,azimuth_elevation
V00508,-199.4678134541775,-132.34364886842678,0.0,12.305,9.752,-3.333089540798052,-2.211450680667021,140.0,0.0,azimuth_elevation
V00509,57.73496997491771,232.5278977714187,0.0,12.305,9.752,0.9639030242042368,3.8821245420426593,140.0,0.0,azimuth_elevation
V00510,114.59835641698953,-210.64203451952466,0.0,12.305,9.752,1.911585357730494,-3.513664955585603,140.0,0.0,azimuth_elevation
V00511,-226.98561390525856,77.978721969861,0.0,12.305,9.752,-3.7829901253655978,1.2996098304438821,140.0,0.0,azimuth_elevation
V00512,220.23748870384782,95.91088869060964,0.0,12.305,9.752,3.6673330113139038,1.5970812703576782,140.0,0.0,azimuth_elevation
V00513,-97.69419091001797,-219.68066610978073,0.0,12.305,9.752,-1.6253643308186507,-3.654885879490964,140.0,0.0,azimuth_elevation
V00514,-76.42171846464053,228.17486922733454,0.0,12.305,9.752,-1.270346865145364,3.7929169305714234,140.0,0.0,azimuth_elevation
V00515,210.6631224659477,-116.72788369921354,0.0,12.305,9.752,3.49879281626375,-1.938671923988476,140.0,0.0,azimuth_elevation
V00516,-234.3873693918328,-56.27798032602561,0.0,12.305,9.752,-3.889455001968418,-0.9338842474647773,140.0,0.0,azimuth_elevation
V00517,134.93103024261367,199.99641766208433,0.0,12.305,9.752,2.237133326011384,3.315906283604716,140.0,0.0,azimuth_elevation
V00518,35.632358224409025,-238.82124077930627,0.0,12.305,9.752,0.5902700205431425,-3.956207944844153,140.0,0.0,azimuth_elevation
V00519,-187.75690920108136,152.1607473931989,0.0,12.305,9.752,-3.1076268116337133,2.518462943863832,140.0,0.0,azimuth_elevation
V00521,-168.28116133484386,-174.03333226654095,0.0,12.305,9.752,-2.7805063783252777,-2.875549387524486,140.0,0.0,azimuth_elevation
V00522,6.5330475544671085,242.20604717812284,0.0,12.305,9.752,0.10785316673287076,3.9985456974287152,140.0,0.0,azimuth_elevation
V00523,158.92615712948694,-183.16447958065896,0.0,12.305,9.752,2.6214512412232556,-3.021256922191334,140.0,0.0,azimuth_elevation
V00525,196.69200412686243,142.54685374485936,0.0,12.305,9.752,3.2388709274735343,2.3472782355670416,140.0,0.0,azimuth_elevation
V00526,-48.78695719111532,-238.17531947712862,0.0,12.305,9.752,-0.8026789559748045,-3.918635794971918,140.0,0.0,azimuth_elevation
V00527,-125.0170689209963,208.75507773082518,0.0,12.305,9.752,-2.0551299650250954,3.431681923904946,140.0,0.0,azimuth_elevation
V00528,233.3931613464772,-69.54050788351533,0.0,12.305,9.752,3.8334567092061924,-1.1421951053309716,140.0,0.0,azimuth_elevation
V00529,-219.25595577394836,-106.46772213986924,0.0,12.305,9.752,-3.598213380633272,-1.7472436771760491,140.0,0.0,azimuth_elevation
V00530,89.83033997261838,226.8024691673435,0.0,12.305,9.752,1.4729644179217254,3.718921325268459,140.0,0.0,azimuth_elevation
V00531,87.03802675547432,-228.108596722073,0.0,12.305,9.752,1.4259771400488115,-3.7371900133734455,140.0,0.0,azimuth_elevation
V00532,-218.44782682742158,109.49884453443715,0.0,12.305,9.752,-3.575906745767976,1.7924538893849082,140.0,0.0,azimuth_elevation
V00534,-128.3926697373759,-208.387553269645,0.0,12.305,9.752,-2.098216895459819,-3.4055081646660255,140.0,0.0,azimuth_elevation
V00535,-46.1295769503958,240.5876391886697,0.0,12.305,9.752,-0.753227874090085,3.9284408828050004,140.0,0.0,azimuth_elevation
V00536,196.69329829157383,-146.363917709188,0.0,12.305,9.752,3.209030480370069,-2.3879119280358405,140.0,0.0,azimuth_elevation
V00537,-244.1063246450729,-24.961014968832657,0.0,12.305,9.752,-3.979250535969143,-0.4068970041537429,140.0,0.0,azimuth_elevation
V00538,163.2713032062753,183.44953406679593,0.0,12.305,9.752,2.6593205262301813,2.9879783029283917,140.0,0.0,azimuth_elevation
V00539,3.530133801391891,-245.76225942024593,0.0,12.305,9.752,0.05745015021514318,-3.9995874137516054,140.0,0.0,azimuth_elevation
V00540,-168.75294598371636,178.98126500228153,0.0,12.305,9.752,-2.744044431849324,2.91036426518,140.0,0.0,azimuth_elevation
V00541,245.5365168473759,-17.999135936435707,0.0,12.305,9.752,3.9892957780044576,-0.2924366522784232,140.0,0.0,azimuth_elevation
V00542,-193.36902125018847,-152.71172718800662,0.0,12.305,9.752,-3.139120672450137,-2.479096892780958,140.0,0.0,azimuth_elevation
V00543,39.461564624441486,243.4245980121792,0.0,12.305,9.752,0.640083998789588,3.9484544412331175,140.0,0.0,azimuth_elevation
V00544,135.44478197434012,-206.31956047821419,0.0,12.305,9.752,2.195164632323409,-3.3438379501698994,140.0,0.0,azimuth_elevation
V00546,217.72856035179612,117.0808438948673,0.0,12.305,9.752,3.522948390157982,1.8944219805215745,140.0,0.0,azimuth_elevation
V00547,-81.52610885177585,-233.59675420580743,0.0,12.305,9.752,-1.318048840900605,-3.7766052551200757,140.0,0.0,azimuth_elevation
V00548,-97.75751513047236,227.50322686835779,0.0,12.305,9.752,-1.5791720000233602,3.67508037930359,140.0,0.0,azimuth_elevation
V00549,225.94414817552794,-101.80271069689194,0.0,12.305,9.752,3.6469134128004526,-1.6431745371494033,140.0,0.0,azimuth_elevation
V00550,-235.56304724444595,-77.6202343007989,0.0,12.305,9.752,-3.799068903267542,-1.2518288494141496,140.0,0.0,azimuth_elevation
V00551,121.3639661352285,216.53160906418978,0.0,12.305,9.752,1.9557169370887992,3.489293805626578,140.0,0.0,azimuth_elevation
V00552,56.82118046531359,-241.84045040176437,0.0,12.305,9.752,0.914899295787665,-3.8939644680668613,140.0,0.0,azimuth_elevation
V00553,-205.4257729696814,140.0571376253596,0.0,12.305,9.752,-3.3049534716679925,2.2532826165640394,140.0,0.0,azimuth_elevation
V00555,-157.73567662012283,-192.70652900509637,0.0,12.305,9.752,-2.5335928419216422,-3.0953040741360804,140.0,0.0,azimuth_elevation
V00556,-13.873216174984387,248.84570294253052,0.0,12.305,9.752,-0.2226553485120428,3.9937982667855145,140.0,0.0,azimuth_elevation
V00557,178.46644593329123,-174.26037322334537,0.0,12.305,9.752,2.861951090982567,-2.794501020365477,140.0,0.0,azimuth_elevation
V00559,189.5004528449451,162.81009910801217,0.0,12.305,9.752,3.034009138388957,2.6066815202805844,140.0,0.0,azimuth_elevation
V00560,-29.7789919839516,-248.25604048324735,0.0,12.305,9.752,-0.47639584727283546,-3.971529553799291,140.0,0.0,azimuth_elevation
V00561,-145.85330261157372,203.33461121338073,0.0,12.305,9.752,-2.3314501955394733,3.250283062399174,140.0,0.0,azimuth_elevation
V00562,245.09429956958283,-51.451281018995005,0.0,12.305,9.752,3.9146734772336833,-0.8217855965172067,140.0,0.0,azimuth_elevation
V00563,-215.65197955480284,-127.72225222761656,0.0,12.305,9.752,-3.4416665843620504,-2.0383648157495404,140.0,0.0,azimuth_elevation
V00564,72.79796366779149,240.04063507211214,0.0,12.305,9.752,1.1608821788277024,3.827839151124332,140.0,0.0,azimuth_elevation
V00565,108.55258559464414,-226.35301226340565,0.0,12.305,9.752,1.7296698047962706,-3.6066941049077106,140.0,0.0,azimuth_elevation
V00566,-233.12786015094952,93.65388844804754,0.0,12.305,9.752,-3.7116915456439816,1.4910888202903911,140.0,0.0,azimuth_elevation
V00567,235.35028996382854,88.48836654578855,0.0,12.305,9.752,3.744101856772315,1.4077291238424041,140.0,0.0,azimuth_elevation
V00568,-113.85715776724336,-224.4032032417654,0.0,12.305,9.752,-1.809876825434341,-3.5671201096620946,140.0,0.0,azimuth_elevation
V00569,-67.68100124915064,242.56923149878773,0.0,12.305,9.752,-1.075008168311368,3.8528375826219095,140.0,0.0,azimuth_elevation
V00570,213.92798936808276,-133.25038598416685,0.0,12.305,9.752,3.3952319594199096,-2.1148049417697226,140.0,0.0,azimuth_elevation
V00571,-247.94870906089693,-46.28809431197928,0.0,12.305,9.752,-3.9320685931548702,-0.7340548880874497,140.0,0.0,azimuth_elevation
V00572,151.6819265639746,201.77721168120306,0.0,12.305,9.752,2.4035380547033096,3.1973434003236236,140.0,0.0,azimuth_elevation
V00573,24.472253502820976,-251.44156141834162,0.0,12.305,9.752,0.38748027552461034,-3.98118814376806,140.0,0.0,azimuth_elevation
V00574,-188.03899620165186,169.00705875044144,0.0,12.305,9.752,-2.974969846785431,2.673865069654314,140.0,0.0,azimuth_elevation
V00576,-185.08912446441525,-172.81396357064494,0.0,12.305,9.752,-2.9237158444359745,-2.7298142173038142,140.0,0.0,azimuth_elevation
V00577,19.76024122403827,252.650911074486,0.0,12.305,9.752,0.31189406310572576,3.9878217228706956,140.0,0.0,azimuth_elevation
V00578,156.2144924281615,-199.80060649410422,0.0,12.305,9.752,2.4637538936528585,-3.151177042235231,140.0,0.0,azimuth_elevation
V00580,213.02413947009563,138.36388980881264,0.0,12.305,9.752,3.3545067837896623,2.178826344046064,140.0,0.0,azimuth_elevation
V00581,-63.663329645694795,-246.11202826847696,0.0,12.305,9.752,-1.0017328553846685,-3.8725355113210878,140.0,0.0,azimuth_elevation
V00582,-119.39547468185475,224.65344561233547,0.0,12.305,9.752,-1.8772135203712899,3.532147986556513,140.0,0.0,azimuth_elevation
V00583,239.97545199918747,-85.06781082046054,0.0,12.305,9.752,3.770130510243936,-1.3364564847864666,140.0,0.0,azimuth_elevation
V00584,-234.59418779410763,-99.45158145159364,0.0,12.305,9.752,-3.68274028872355,-1.5612251489815252,140.0,0.0,azimuth_elevation
V00585,105.88556949384368,231.97757687536182,0.0,12.305,9.752,1.6609456396558975,3.638854157850801,140.0,0.0,azimuth_elevation
V00586,78.68249087358511,-242.76473308519954,0.0,12.305,9.752,1.2332810429992525,-3.8051304667486336,140.0,0.0,azimuth_elevation
V00587,-222.17412880976883,125.9547795346419,0.0,12.305,9.752,-3.4797117577191385,1.9727154085653569,140.0,0.0,azimuth_elevation
V00589,-145.11887852034212,-210.63489999759815,0.0,12.305,9.752,-2.2693782841053722,-3.2939220093425035,140.0,0.0,azimuth_elevation
V00590,-35.3027146931809,253.53612826437947,0.0,12.305,9.752,-0.5516434280791883,3.9617785814274176,140.0,0.0,azimuth_elevation
V00591,197.44325401734974,-163.22779004520123,0.0,12.305,9.752,3.0829076754294324,-2.548662446221212,140.0,0.0,azimuth_elevation
V00592,-256.0427336480641,-13.021848794488395,0.0,12.305,9.752,-3.994836919621704,-0.20316984428644785,140.0,0.0,azimuth_elevation
V00593,180.13909968062165,182.69552475705328,0.0,12.305,9.752,2.808429159625192,2.8482846865029026,140.0,0.0,azimuth_elevation
V00594,-9.427085754886482,-256.591465279284,0.0,12.305,9.752,-0.146859597568837,-3.9973031231821685,140.0,0.0,azimuth_elevation
V00595,-166.5003134915523,195.71917536923866,0.0,12.305,9.752,-2.5918497662364577,3.0466891520567074,140.0,0.0,azimuth_elevation
V00596,255.17214111267236,-31.872063001544515,0.0,12.305,9.752,3.969158306123509,-0.49576440062872396,140.0,0.0,azimuth_elevation
V00597,-209.84422343666589,-148.97768923655192,0.0,12.305,9.752,-3.2616178479666256,-2.3155666722911605,140.0,0.0,azimuth_elevation
V00598,54.140566372791746,251.78969214968538,0.0,12.305,9.752,0.8408726804272494,3.910617999154493,140.0,0.0,azimuth_elevation
V00599,130.2582982677339,-222.40127187674548,0.0,12.305,9.752,2.021551158019922,-3.4515693409677155,140.0,0.0,azimuth_elevation
V00601,233.28907310396843,110.48238941248177,0.0,12.305,9.752,3.6150889980512457,1.7120547702012456,140.0,0.0,azimuth_elevation
V00602,-97.46359482224014,-239.23063701024208,0.0,12.305,9.752,-1.5091777381312472,-3.704373436187158,140.0,0.0,azimuth_elevation
V00603,-89.79876239193136,242.41891896648136,0.0,12.305,9.752,-1.3894476068780133,3.750924599047675,140.0,0.0,azimuth_elevation
V00604,230.1389424082941,-118.18255872670844,0.0,12.305,9.752,3.558248584195745,-1.827256690525164,140.0,0.0,azimuth_elevation
V00605,-249.71536147031537,-68.36364710684875,0.0,12.305,9.752,-3.85803592602637,-1.0562001673403822,140.0,0.0,azimuth_elevation
V00606,138.05652806809684,219.2533809494914,0.0,12.305,9.752,2.1313426605240977,3.38487495536099,140.0,0.0,azimuth_elevation
V00607,46.33952231731336,-255.11683337522675,0.0,12.305,9.752,0.7148644332441336,-3.935602729199499,140.0,0.0,azimuth_elevation
V00608,-206.6522412670802,156.93024303585486,0.0,12.305,9.752,-3.185580230762741,2.4191069826226372,140.0,0.0,azimuth_elevation
V00610,-174.65567758070878,-192.4272441439192,0.0,12.305,9.752,-2.6883459811610315,-2.961890593113684,140.0,0.0,azimuth_elevation
V00611,-1.1979633627665733,260.0609830093347,0.0,12.305,9.752,-0.018425688297723352,3.9999575615262164,140.0,0.0,azimuth_elevation
V00612,176.68287570585915,-191.09320090549517,0.0,12.305,9.752,2.715519039376858,-2.9369978458932837,140.0,0.0,azimuth_elevation
V00614,206.11267761838877,159.5356202387985,0.0,12.305,9.752,3.1631584211615045,2.4483522627749172,140.0,0.0,azimuth_elevation
V00615,-44.248939940013486,-257.053265519396,0.0,12.305,9.752,-0.6785763857581599,-3.942021573849057,140.0,0.0,azimuth_elevation
V00616,-141.1130982611526,219.59449787992932,0.0,12.305,9.752,-2.1624362046476318,3.3650957877643166,140.0,0.0,azimuth_elevation
V00617,252.57205771569326,-66.65062386250035,0.0,12.305,9.752,3.867602702032094,-1.0206122374506608,140.0,0.0,azimuth_elevation
V00618,-231.43052939145812,-121.55311623150365,0.0,12.305,9.752,-3.5412635258525462,-1.8599603868003187,140.0,0.0,azimuth_elevation
V00619,88.60667489414999,246.13899968148567,0.0,12.305,9.752,1.3548323240430502,3.7635660448208035,140.0,0.0,azimuth_elevation
V00620,101.00263497198965,-241.52498365327554,0.0,12.305,9.752,1.5432411443248093,-3.6903125572860427,140.0,0.0,azimuth_elevation
V00621,-237.797795848531,109.94707040017195,0.0,12.305,9.752,-3.630708306433229,1.6786772154278962,140.0,0.0,azimuth_elevation
V00623,-130.50602742357796,-227.60695684911815,0.0,12.305,9.752,-1.9896669338947042,-3.470046900571525,140.0,0.0,azimuth_elevation
V00624,-57.557093838642686,256.1722681104449,0.0,12.305,9.752,-0.8768645271728708,3.902705292612535,140.0,0.0,azimuth_elevation
V00625,215.63939183071875,-150.12329163350296,0.0,12.305,9.752,3.2828121591509793,-2.285419945596539,140.0,0.0,azimuth_elevation
V00626,-260.60170270816525,-34.99146389628554,0.0,12.305,9.752,-3.9644225102971866,-0.5323102101678603,140.0,0.0,azimuth_elevation
V00627,168.64538735246418,201.9818886057295,0.0,12.305,9.752,2.5636713981415777,3.0704379105187596,140.0,0.0,azimuth_elevation
V00628,12.091693980928154,-263.0438004148198,0.0,12.305,9.752,0.18367950507891398,-3.9957805044088652,140.0,0.0,azimuth_elevation
V00629,-186.73448532970443,185.92681890639233,0.0,12.305,9.752,-2.834550499313618,2.8222904646476272,140.0,0.0,azimuth_elevation
V00630,263.4740402290066,-10.967229613890312,0.0,12.305,9.752,3.996539137991541,-0.16635780264786412,140.0,0.0,azimuth_elevation
V00631,-201.83121388996187,-170.00973824962045,0.0,12.305,9.752,-3.05929666144023,-2.5769563320515663,140.0,0.0,azimuth_elevation
V00632,34.00859218405355,261.88330541991166,0.0,12.305,9.752,0.5151211559183306,3.966692601491243,140.0,0.0,azimuth_elevation
V00633,151.9318908790895,-216.23239936213176,0.0,12.305,9.752,2.2996280438124153,-3.2728750144347836,140.0,0.0,azimuth_elevation
V00635,229.01540247980617,132.63595073362424,0.0,12.305,9.752,3.4613899580597405,2.0046893919615547,140.0,0.0,azimuth_elevation
V00636,-79.33127451312421,-252.68003261857342,0.0,12.305,9.752,-1.1981730026870159,-3.8163308891698557,140.0,0.0,azimuth_elevation
V00637,-112.26668048997813,240.07736763752047,0.0,12.305,9.752,-1.6943989925896241,3.6233978602840824,140.0,0.0,azimuth_elevation
V00638,245.12671410115132,-101.26274751344852,0.0,12.305,9.752,3.6969671710527137,-1.5272307409682715,140.0,0.0,azimuth_elevation
V00639,-249.3283828038951,-90.97751111343032,0.0,12.305,9.752,-3.7576580778334248,-1.3711330242150872,140.0,0.0,azimuth_elevation
V00640,122.4796690415414,235.67049172833347,0.0,12.305,9.752,1.8445930710552334,3.5492923804915004,140.0,0.0,azimuth_elevation
V00641,68.92938512027922,-256.6922084266296,0.0,12.305,9.752,1.0373670312033398,-3.8631424569348165,140.0,0.0,azimuth_elevation
V00642,-224.37859933553602,142.8169953479732,0.0,12.305,9.752,-3.3744373989629244,2.147829658162009,140.0,0.0,azimuth_elevation
V00644,-162.1159800283617,-211.33257917189155,0.0,12.305,9.752,-2.434618341287957,-3.1737412516246937,140.0,0.0,azimuth_elevation
V00645,-23.230231955724207,265.5253402658271,0.0,12.305,9.752,-0.34861961710549216,3.9847790857924883,140.0,0.0,azimuth_elevation
V00646,196.627694377881,-180.22541386729733,0.0,12.305,9.752,2.9487408531702983,-2.7027629161368374,140.0,0.0,azimuth_elevation
V00648,197.00281005445703,180.3722340900825,0.0,12.305,9.752,2.9502099534698223,2.701159238261896,140.0,0.0,azimuth_elevation
V00649,-23.440507224305236,-266.2613239302083,0.0,12.305,9.752,-0.3507861547847819,-3.9845889466306694,140.0,0.0,azimuth_elevation
V00650,-162.68671623718893,212.3155254802634,0.0,12.305,9.752,-2.432892366671697,3.1750645240987767,140.0,0.0,azimuth_elevation
V00651,263.5617501475202,-46.69425938138587,0.0,12.305,9.752,3.938664384580823,-0.6977985852913183,140.0,0.0,azimuth_elevation
V00652,-226.04180928666628,-143.70299389508347,0.0,12.305,9.752,-3.37560471009911,-2.145994604176978,140.0,0.0,azimuth_elevation
V00653,69.65485536582275,258.8318974237262,0.0,12.305,9.752,1.0394673312625313,3.8625778525795376,140.0,0.0,azimuth_elevation
V00654,123.56327182921846,-238.0717703862822,0.0,12.305,9.752,1.842662990394871,-3.550294791116511,140.0,0.0,azimuth_elevation
V00655,-252.10242584676922,92.14508604464068,0.0,12.305,9.752,-3.756912015070352,1.3731759213662418,140.0,0.0,azimuth_elevation
V00656,248.30825626625534,102.41904056381145,0.0,12.305,9.752,3.69779700478791,1.5252204140325296,140.0,0.0,azimuth_elevation
V00657,-113.99086638620649,-243.41945768677166,0.0,12.305,9.752,-1.6963688424933236,-3.62247605240088,140.0,0.0,azimuth_elevation
V00658,-80.42993597383382,256.66763605730466,0.0,12.305,9.752,-1.1960978243952651,3.8169817912163158,140.0,0.0,azimuth_elevation
V00659,232.84426509033358,-135.02258409074565,0.0,12.305,9.752,3.4602994641858387,-2.0065711096682315,140.0,0.0,azimuth_elevation
V00660,-263.08048156852277,-57.76253299219254,0.0,12.305,9.752,-3.90693644304819,-0.8578156153754438,140.0,0.0,azimuth_elevation
V00661,155.07641745260875,220.45284019504996,0.0,12.305,9.752,2.301407219281664,3.271624185483143,140.0,0.0,azimuth_elevation
V00662,34.58908255613492,-267.49214075917234,0.0,12.305,9.752,0.5129643244820515,-3.9669720949117697,140.0,0.0,azimuth_elevation
V00663,-206.3353506609164,173.9956122079998,0.0,12.305,9.752,-3.0578950761567323,2.5786193405030553,140.0,0.0,azimuth_elevation
V00665,-191.63170741104227,-190.5954845077099,0.0,12.305,9.752,-2.836084605564542,-2.820748856257823,140.0,0.0,azimuth_elevation
V00666,12.566475473233572,270.16982380380796,0.0,12.305,9.752,0.1858520487888758,3.9956800442429046,140.0,0.0,azimuth_elevation
V00667,173.34968901220734,-207.84570074786492,0.0,12.305,9.752,2.5620015721572194,-3.071831366508249,140.0,0.0,azimuth_elevation
V00669,222.50914414056044,154.72630924905857,0.0,12.305,9.752,3.2840542939075945,2.2836346894078945,140.0,0.0,azimuth_elevation
V00670,-59.595846578864354,-264.57359103007326,0.0,12.305,9.752,-0.8789863619129776,-3.902227950231891,140.0,0.0,azimuth_elevation
V00671,-134.86463264942776,235.5051610057302,0.0,12.305,9.752,-1.9877799188477592,3.4711282019288188,140.0,0.0,azimuth_elevation
V00672,258.7024074057547,-82.61061918704469,0.0,12.305,9.752,3.810440459167755,-1.216775865612656,140.0,0.0,azimuth_elevation
V00673,-246.72937711552277,-113.9138466920776,0.0,12.305,9.752,-3.631620493873782,-1.6767028921296543,140.0,0.0,azimuth_elevation
V00674,105.0541319743344,250.82998097340584,0.0,12.305,9.752,1.545247399180144,3.6894729264932953,140.0,0.0,azimuth_elevation
V00675,92.03191753229858,-256.0907576530793,0.0,12.305,9.752,1.352785811699969,-3.7643021328877486,140.0,0.0,azimuth_elevation
V00676,-241.01134598107512,126.75244024629468,0.0,12.305,9.752,-3.5402517116870986,1.861885554457247,140.0,0.0,azimuth_elevation
V00678,-147.53685853170492,-229.31664870784175,0.0,12.305,9.752,-2.16426554232958,-3.363919538616352,140.0,0.0,azimuth_elevation
V00679,-46.14317399616638,268.9318826274778,0.0,12.305,9.752,-0.6764329442009118,3.942389944183564,140.0,0.0,azimuth_elevation
V00680,215.83064823736424,-167.24527282240035,0.0,12.305,9.752,3.1618267446508637,-2.450071761563428,140.0,0.0,azimuth_elevation
V00681,-272.30234600129916,-22.485158709441112,0.0,12.305,9.752,-3.9864323345615644,-0.3291766121127615,140.0,0.0,azimuth_elevation
V00682,185.72340569161256,200.65210334882784,0.0,12.305,9.752,2.7171155314907436,2.9355209398898476,140.0,0.0,azimuth_elevation
V00683,-1.40905528540304,-273.5923327931591,0.0,12.305,9.752,-0.0206005275674575,-3.999946951931231,140.0,0.0,azimuth_elevation
V00684,-183.89304995160973,202.8260244137689,0.0,12.305,9.752,-2.6867351556902683,2.9633518527468166,140.0,0.0,azimuth_elevation
V00685,272.7863524053586,-25.356575900138253,0.0,12.305,9.752,3.98283030245729,-0.3702199100912389,140.0,0.0,azimuth_elevation
V00686,-218.41808262275563,-165.67797434601596,0.0,12.305,9.752,-3.186895067708279,-2.417374573254349,140.0,0.0,azimuth_elevation
V00687,49.173612743980385,269.88498626212066,0.0,12.305,9.752,0.717004178801487,3.9352134640424787,140.0,0.0,azimuth_elevation
V00688,146.14288840988576,-232.37578653382903,0.0,12.305,9.752,2.1295019339076378,-3.3860333007050643,140.0,0.0,azimuth_elevation
V00690,244.5875773130902,125.43431358329796,0.0,12.305,9.752,3.559241567424383,1.8253217427945192,140.0,0.0,azimuth_elevation
V00691,-95.68505278702803,-257.87888760645694,0.0,12.305,9.752,-1.3914868402192184,-3.7501685793436987,140.0,0.0,azimuth_elevation
V00692,-103.70818124496951,254.95502180357335,0.0,12.305,9.752,-1.5071633869579963,3.7051934531159505,140.0,0.0,azimuth_elevation
V00693,248.85540212678922,-118.02007808976421,0.0,12.305,9.752,3.6141575916630995,-1.7140200998308,140.0,0.0,azimuth_elevation
V00694,-263.3936045038857,-81.12865773849984,0.0,12.305,9.752,-3.8227712701677374,-1.1774632970840924,140.0,0.0,azimuth_elevation
V00695,139.50864282735802,237.89848376244157,0.0,12.305,9.752,2.0234275336041483,3.4504696805293964,140.0,0.0,azimuth_elevation
V00696,57.866902909115495,-269.83341443881073,0.0,12.305,9.752,0.8387462895147871,-3.9110746172663564,140.0,0.0,azimuth_elevation
V00697,-225.08717807049476,159.98347498495386,0.0,12.305,9.752,-3.2603583545878947,2.3173397246991896,140.0,0.0,azimuth_elevation
V00699,-179.284655386782,-210.51499315450866,0.0,12.305,9.752,-2.59350591757786,-3.045279470834922,140.0,0.0,azimuth_elevation
V00700,-10.008467599272047,276.51343652038736,0.0,12.305,9.752,-0.1446861771289804,3.9973823822781576,140.0,0.0,azimuth_elevation
V00701,194.28921802281414,-197.26086728006496,0.0,12.305,9.752,2.806880085783935,-2.8498112541060627,140.0,0.0,azimuth_elevation
V00703,213.77058291656624,176.53013306376752,0.0,12.305,9.752,3.084292968964411,2.546985842441355,140.0,0.0,azimuth_elevation
V00705,-157.37011844562076,228.68317782559194,0.0,12.305,9.752,-2.2675869896816327,3.295155420344629,140.0,0.0,azimuth_elevation
V00706,270.68908208068666,-62.36241530212967,0.0,12.305,9.752,3.8978935790525875,-0.8980120524695727,140.0,0.0,azimuth_elevation
V00707,-241.87996400633625,-136.95266705067655,0.0,12.305,9.752,-3.480783840827763,-1.9708231410840302,140.0,0.0,azimuth_elevation
V00708,85.90026314186746,264.54374835205977,0.0,12.305,9.752,1.2353497720360485,3.804459349333422,140.0,0.0,azimuth_elevation
V00709,115.431309306401,-253.25513387058905,0.0,12.305,9.752,1.6589668899467014,-3.6397567031411,140.0,0.0,azimuth_elevation
V00710,-256.3526441101101,108.84012062541669,0.0,12.305,9.752,-3.681890880854211,1.5632272840129824,140.0,0.0,azimuth_elevation
V00712,-131.00427154871045,-246.173375562817,0.0,12.305,9.752,-1.8791337292109713,-3.531126792929088,140.0,0.0,azimuth_elevation
V00713,-69.73418159433893,270.1867759853686,0.0,12.305,9.752,-0.9996271467629892,3.8730795973558934,140.0,0.0,azimuth_elevation
V00714,234.07897869646237,-152.2205036531581,0.0,12.305,9.752,3.3533216246214885,-2.1806499218916136,140.0,0.0,azimuth_elevation
V00715,-275.60313623065525,-45.90491585687642,0.0,12.305,9.752,-3.9456428616028525,-0.6571928245822974,140.0,0.0,azimuth_elevation
V00716,172.32344748283384,220.15739698595414,0.0,12.305,9.752,2.4654668756941747,3.1498369933783565,140.0,0.0,azimuth_elevation
V00718,-204.51084300658417,191.1558659647574,0.0,12.305,9.752,-2.922231167875023,2.7314034856644267,140.0,0.0,azimuth_elevation
V00719,280.10294357126287,-2.8090928631751027,0.0,12.305,9.752,3.999798862019919,-0.04011313231550341,140.0,0.0,azimuth_elevation
V00720,-208.56988465198057,-187.25504857348852,0.0,12.305,9.752,-2.9764232309781242,-2.672247134921047,140.0,0.0,azimuth_elevation
V00721,27.321397044313127,279.1409881467553,0.0,12.305,9.752,0.3896448550052641,3.980976875964984,140.0,0.0,azimuth_elevation
V00722,168.5184089061504,-224.42815300166663,0.0,12.305,9.752,2.401799251809681,-3.1986497704510346,140.0,0.0,azimuth_elevation
V00724,238.6049275681791,148.44102714608246,0.0,12.305,9.752,3.396381311406372,2.1129585863261804,140.0,0.0,azimuth_elevation
V00725,-75.7174151164936,-270.8029228942638,0.0,12.305,9.752,-1.0771028598780126,-3.8522525136915164,140.0,0.0,azimuth_elevation
V00726,-127.17366633982927,250.98706857064525,0.0,12.305,9.752,-1.8079370566799695,3.568103641864032,140.0,0.0,azimuth_elevation
V00727,263.4799796087879,-99.22827392105907,0.0,12.305,9.752,3.743335898118676,-1.4097646448453904,140.0,0.0,azimuth_elevation
V00728,-261.4749419412266,-104.87661673048096,0.0,12.305,9.752,-3.712501726252176,-1.489070492815775,140.0,0.0,azimuth_elevation
V00729,122.03738600280326,254.11695421125052,0.0,12.305,9.752,1.73163056738212,3.605753122179592,140.0,0.0,azimuth_elevation
V00730,81.71848687320649,-269.9832196695817,0.0,12.305,9.752,1.1588007488188146,-3.828469775842165,140.0,0.0,azimuth_elevation
V00731,-242.78058672221565,143.96783220850665,0.0,12.305,9.752,-3.4405577835278156,2.0402358045594053,140.0,0.0,azimuth_elevation
V00733,-164.84900063544006,-229.55295029577962,0.0,12.305,9.752,-2.3332170826931433,-3.2490149345653827,140.0,0.0,azimuth_elevation
V00734,-33.527299186755286,280.7952460588352,0.0,12.305,9.752,-0.47423639163103415,3.971787990924588,140.0,0.0,azimuth_elevation
V00735,214.53085835236868,-184.51791461697132,0.0,12.305,9.752,3.0325913947749172,-2.6083307751006433,140.0,0.0,azimuth_elevation
V00736,-283.0055256411115,-8.861289781865812,0.0,12.305,9.752,-3.9980406372392694,-0.1251841163383494,140.0,0.0,azimuth_elevation
V00737,202.82050523719548,197.82515678075112,0.0,12.305,9.752,2.863470083610397,2.792944517935913,140.0,0.0,azimuth_elevation
V00739,-179.5599063785022,219.61281843586346,0.0,12.305,9.752,-2.5319095002449465,3.0966811722502827,140.0,0.0,azimuth_elevation
V00740,280.92312231911257,-40.67000548906928,0.0,12.305,9.752,3.958729343868918,-0.573116028384449,140.0,0.0,azimuth_elevation
V00741,-234.76214724489387,-159.87146155886225,0.0,12.305,9.752,-3.3061781295637593,-2.251485326533194,140.0,0.0,azimuth_elevation
V00742,65.15514661143813,276.63560304133307,0.0,12.305,9.752,0.9170163723781052,3.8934664468556166,140.0,0.0,azimuth_elevation
V00743,138.90745216619993,-248.14808025188282,0.0,12.305,9.752,1.9538194622039684,-3.4903566449738337,140.0,0.0,azimuth_elevation
V00745,259.66345801017525,116.82567600573931,0.0,12.305,9.752,3.647806294462342,1.6411914081181749,140.0,0.0,azimuth_elevation
V00746,-112.62274356136734,-261.70549790310196,0.0,12.305,9.752,-1.5811699675855075,-3.674221214571279,140.0,0.0,azimuth_elevation
V00747,-93.79291039981767,269.2152298045781,0.0,12.305,9.752,-1.3159952443630196,3.777321341481807,140.0,0.0,azimuth_elevation
V00748,251.16708698367907,-135.238102678694,0.0,12.305,9.752,3.5219178413702394,-1.8963371848481991,140.0,0.0,azimuth_elevation
V00749,-276.72520393151143,-69.98365172712421,0.0,12.305,9.752,-3.877909970387373,-0.9807212965823694,140.0,0.0,azimuth_elevation
V00750,156.8717458074963,238.67573267365967,0.0,12.305,9.752,2.1969824069363066,3.342643909185116,140.0,0.0,azimuth_elevation
V00752,-224.32253412236523,177.35515409742197,0.0,12.305,9.752,-3.1377722831365853,2.48080331731071,140.0,0.0,azimuth_elevation
V00754,-196.5282336743318,-208.21312006895056,0.0,12.305,9.752,-2.745626438636346,-2.90887185339284,140.0,0.0,azimuth_elevation
V00755,4.270471556699946,286.45787312043535,0.0,12.305,9.752,0.05962478246207036,3.999555585976566,140.0,0.0,azimuth_elevation
V00756,190.4668720238344,-214.2405672636634,0.0,12.305,9.752,2.6576955207369046,-2.989423777094006,140.0,0.0,azimuth_elevation
V00758,230.35259437932783,171.21603973551325,0.0,12.305,9.752,3.2103283525912536,2.3861667729957032,140.0,0.0,azimuth_elevation
V00760,-150.60475549590547,244.73671081801055,0.0,12.305,9.752,-2.0963649551274877,3.4066484959433847,140.0,0.0,azimuth_elevation
V00761,276.5363216544844,-78.77698144640682,0.0,12.305,9.752,3.846952269975435,-1.0958823990423647,140.0,0.0,azimuth_elevation
V00762,-257.2782787985955,-128.78795463253599,0.0,12.305,9.752,-3.576880803537787,-1.7905093457680894,140.0,0.0,azimuth_elevation
V00763,102.77619120465035,268.91598041296305,0.0,12.305,9.752,1.4280089002736498,3.736414133997895,140.0,0.0,azimuth_elevation
V00764,105.93021027623993,-267.8765397544765,0.0,12.305,9.752,1.4709421621765104,-3.7197216502759307,140.0,0.0,azimuth_elevation
V00765,-259.21416220349425,126.04510348736521,0.0,12.305,9.752,-3.5972628439580374,1.7491998260573138,140.0,0.0,azimuth_elevation
V00767,-148.4033084027576,-247.5003193030587,0.0,12.305,9.752,-2.0569955225345287,-3.430564009062198,140.0,0.0,azimuth_elevation
V00768,-57.79085192055908,282.91424042330567,0.0,12.305,9.752,-0.800548211300996,3.9190716453495433,140.0,0.0,azimuth_elevation
V00769,233.85952986013433,-169.6769586408152,0.0,12.305,9.752,3.237594195364307,-2.3490389154169717,140.0,0.0,azimuth_elevation
V00770,-287.2282717012368,-32.87506555918166,0.0,12.305,9.752,-3.9740541877154416,-0.45485526610270305,140.0,0.0,azimuth_elevation
V00771,189.7001218613748,218.39188118100813,0.0,12.305,9.752,2.6230935602720717,3.0198311499253045,140.0,0.0,azimuth_elevation
V00773,-201.21173606487713,208.31607539927938,0.0,12.305,9.752,-2.7789424843499315,2.877060769027139,140.0,0.0,azimuth_elevation
V00774,289.2555401079228,-17.699788610993977,0.0,12.305,9.752,3.9925323274077154,-0.24430639493131273,140.0,0.0,azimuth_elevation
V00775,-225.3785331828675,-182.44688756002142,0.0,12.305,9.752,-3.1089956815541795,-2.5167729043514164,140.0,0.0,azimuth_elevation
V00776,42.97162143830456,286.94265934322675,0.0,12.305,9.752,0.592420987908187,3.955886420650357,140.0,0.0,azimuth_elevation
V00777,162.23760838683702,-240.75279525878676,0.0,12.305,9.752,2.2353300831463585,-3.317122159249022,140.0,0.0,azimuth_elevation
V00779,254.3168108911823,140.7356020988954,0.0,12.305,9.752,3.499846386555584,1.936769286857322,140.0,0.0,azimuth_elevation
V00781,-118.10286382693927,265.96214684777124,0.0,12.305,9.752,-1.623376869661017,3.655769076275141,140.0,0.0,azimuth_elevation
V00782,266.8981419964386,-116.40374478017847,0.0,12.305,9.752,3.66646411016551,-1.5990750229017523,140.0,0.0,azimuth_elevation
V00783,-275.59485319636747,-94.5104591654947,0.0,12.305,9.752,-3.783696185193327,-1.297552765074879,140.0,0.0,azimuth_elevation
V00784,139.45648793026092,256.00183197422047,0.0,12.305,9.752,1.9134955119649455,3.512625076163127,140.0,0.0,azimuth_elevation
V00786,-243.11594722690492,161.49392002166763,0.0,12.305,9.752,-3.3318866464131216,2.213262608786839,140.0,0.0,azimuth_elevation
V00788,-182.34447338786646,-228.33471708196646,0.0,12.305,9.752,-2.4960807214398315,-3.1256329010388297,140.0,0.0,azimuth_elevation
V00789,-19.794361077545524,291.71001571686173,0.0,12.305,9.752,-0.2708024469151993,3.9908227265495944,140.0,0.0,azimuth_elevation
V00790,211.76715246750345,-201.84529505491366,0.0,12.305,9.752,2.8954433143652807,-2.7597840519318533,140.0,0.0,azimuth_elevation
V00792,219.84351903610474,193.5362424400708,0.0,12.305,9.752,3.002353181710379,2.6430806594339047,140.0,0.0,azimuth_elevation
V00794,-173.7780413170298,236.19746475357582,0.0,12.305,9.752,-2.370477508830654,3.2219305362046553,140.0,0.0,azimuth_elevation
V00795,287.85535076736016,-56.81238451781489,0.0,12.305,9.752,3.9242991471874196,-0.7745167547471723,140.0,0.0,azimuth_elevation
V00796,-250.77775219141287,-152.64065318853403,0.0,12.305,9.752,-3.416834609979947,-2.079721435203086,140.0,0.0,azimuth_elevation
V00797,81.85601751250516,282.1144136640176,0.0,12.305,9.752,1.1146358586927638,3.8415604775294434,140.0,0.0,azimuth_elevation
V00798,130.2831213902022,-263.4683250047828,0.0,12.305,9.752,1.773039024799648,-3.5855728435687255,140.0,0.0,azimuth_elevation
V00801,-130.04523523881605,-264.15598950559684,0.0,12.305,9.752,-1.7667274577470975,-3.5886869590481805,140.0,0.0,azimuth_elevation
V00802,-82.59123524441738,282.7881501421184,0.0,12.305,9.752,-1.121393366590801,3.8395933270811575,140.0,0.0,azimuth_elevation
V00803,252.06638225633162,-152.81782924843853,0.0,12.305,9.752,3.4204885949621584,-2.073706288685502,140.0,0.0,azimuth_elevation
V00804,-289.2596710969271,-57.6185098462078,0.0,12.305,9.752,-3.9229303089030787,-0.7814203679771808,140.0,0.0,azimuth_elevation
V00805,174.47082983596573,238.01529265227794,0.0,12.305,9.752,2.3648048463484526,3.226096408771268,140.0,0.0,azimuth_elevation
V00807,-222.10605366643205,194.83544576058023,0.0,12.305,9.752,-3.0069990399497524,2.6377939217727504,140.0,0.0,azimuth_elevation
V00809,-213.75239430344973,-204.45650865047696,0.0,12.305,9.752,-2.8905829869300987,-2.764874318241296,140.0,0.0,azimuth_elevation
V00810,19.51715344235891,295.31666177428497,0.0,12.305,9.752,0.26378016723999115,3.9912930264979094,140.0,0.0,azimuth_elevation
V00811,185.1981387257323,-231.07314732033316,0.0,12.305,9.752,2.50157641497597,-3.121236203819886,140.0,0.0,azimuth_elevation
V00813,246.66109740767286,164.4750832972657,0.0,12.305,9.752,3.3279872489583777,2.2191216439777355,140.0,0.0,azimuth_elevation
V00815,-142.4430609885969,260.3926350267973,0.0,12.305,9.752,-1.9196730207979655,3.5092528397395952,140.0,0.0,azimuth_elevation
V00816,281.0856565399717,-95.84103342250162,0.0,12.305,9.752,3.785973374976799,-1.2908933356272254,140.0,0.0,azimuth_elevation
V00817,-272.1581280961171,-119.26819907761465,0.0,12.305,9.752,-3.6636448590841098,-1.6055236985191375,140.0,0.0,azimuth_elevation
V00818,120.184627363606,271.9391574331861,0.0,12.305,9.752,1.61694202386372,3.658619752237652,140.0,0.0,azimuth_elevation
V00820,-260.68597708323483,143.66165581726798,0.0,12.305,9.752,-3.5032487184535976,1.9306083022335798,140.0,0.0,azimuth_elevation
V00822,-166.08995460531193,-247.40771406568032,0.0,12.305,9.752,-2.2294901400128846,-3.3210500923029342,140.0,0.0,azimuth_elevation
V00823,-44.67715726737395,294.789249496155,0.0,12.305,9.752,-0.5993804608789847,3.954837931333785,140.0,0.0,azimuth_elevation
V00824,232.20170518845055,-187.2950028900288,0.0,12.305,9.752,3.1134191359736927,-2.51129872451543,140.0,0.0,azimuth_elevation
V00825,-297.90199401753677,-18.755051596182646,0.0,12.305,9.752,-3.9920962896820105,-0.251330885302862,140.0,0.0,azimuth_elevation
V00826,207.11128165438876,215.18031278784883,0.0,12.305,9.752,2.7738759886332143,2.8819458703598353,140.0,0.0,azimuth_elevation
V00828,-196.47009487863025,225.3835659900296,0.0,12.305,9.752,-2.6284028988112036,3.0152111371379724,140.0,0.0,azimuth_elevation
V00829,297.28197169675286,-33.49595951888885,0.0,12.305,9.752,3.974848354920172,-0.44786220580486785,140.0,0.0,azimuth_elevation
V00830,-241.968141101744,-176.21086428414827,0.0,12.305,9.752,-3.233456045186693,-2.354731832681937,140.0,0.0,azimuth_elevation
V00831,59.424281049232,293.54370172392026,0.0,12.305,9.752,0.7936513577895822,3.920474145084846,140.0,0.0,azimuth_elevation
V00832,154.55464374088427,-256.73393250236387,0.0,12.305,9.752,2.0630284226294116,-3.4269394111106197,140.0,0.0,azimuth_elevation
V00834,269.56354151174304,131.6645247879882,0.0,12.305,9.752,3.594179555106836,1.7555265095269912,140.0,0.0,azimuth_elevation
V00836,-107.71343901037166,280.3541778831893,0.0,12.305,9.752,-1.4345809178931885,3.7338957658211,140.0,0.0,azimuth_elevation
V00837,268.95047100886745,-134.03952455939375,0.0,12.305,9.752,3.5800256715358145,-1.7842130453352636,140.0,0.0,azimuth_elevation
V00838,-289.018482154883,-82.88285089744193,0.0,12.305,9.752,-3.8450181079307164,-1.102649422837963,140.0,0.0,azimuth_elevation
V00839,157.213814283531,256.4865817122281,0.0,12.305,9.752,2.0903677053355887,3.4103317809987383,140.0,0.0,azimuth_elevation
V00841,-242.02776003282162,179.23368370229667,0.0,12.305,9.752,-3.2145218484080123,2.380514500293484,140.0,0.0,azimuth_elevation
V00843,-199.9275748886079,-225.68055919631198,0.0,12.305,9.752,-2.652431509766761,-2.9940953702239383,140.0,0.0,azimuth_elevation
V00844,-5.027427028551862,301.6252227143357,0.0,12.305,9.752,-0.06666191614332531,3.999444485042404,140.0,0.0,azimuth_elevation
V00845,207.56626991828975,-219.13373449153758,0.0,12.305,9.752,2.7507403544010707,-2.904036415520555,140.0,0.0,azimuth_elevation
V00847,236.7014782726741,187.82002072071757,0.0,12.305,9.752,3.1334024477501865,2.486320393761259,140.0,0.0,azimuth_elevation
V00849,-166.589769882029,252.49237329205144,0.0,12.305,9.752,-2.202860394752131,3.3387731401268472,140.0,0.0,azimuth_elevation
V00850,293.5550129218724,-73.6905990506209,0.0,12.305,9.752,3.8796295487382975,-0.9738965882251971,140.0,0.0,azimuth_elevation
V00851,-266.3813284696308,-144.0351965415213,0.0,12.305,9.752,-3.518575780673193,-1.9025310708790102,140.0,0.0,azimuth_elevation
V00852,99.18111788578742,286.3015121422266,0.0,12.305,9.752,1.3093470029187935,3.779630990711603,140.0,0.0,azimuth_elevation
V00857,-70.17234110405478,295.6058060051868,0.0,12.305,9.752,-0.9238655148312206,3.891846927938667,140.0,0.0,azimuth_elevation
V00858,251.55831267173582,-170.66243091480086,0.0,12.305,9.752,3.3101345047404394,-2.2456646144352823,140.0,0.0,azimuth_elevation
V00859,-300.9352731116513,-44.10795163250962,0.0,12.305,9.752,-3.957714817266374,-0.5800805333660076,140.0,0.0,azimuth_elevation
V00860,192.2099272688575,235.93048522668815,0.0,12.305,9.752,2.526456964382869,3.101131278601617,140.0,0.0,azimuth_elevation
V00862,-218.45924596279423,212.32995043885677,0.0,12.305,9.752,-2.8683798425856515,2.787901913383667,140.0,0.0,azimuth_elevation
V00863,304.67637148995004,-9.003258061277759,0.0,12.305,9.752,3.9982547102736476,-0.11814936214211932,140.0,0.0,azimuth_elevation
V00864,-230.86500245604083,-199.27468640289536,0.0,12.305,9.752,-3.0279973373860343,-2.61366258816686,140.0,0.0,azimuth_elevation
V00865,35.64375468990114,303.0492909604082,0.0,12.305,9.752,0.4672472887113202,3.972616262765876,140.0,0.0,azimuth_elevation
V00866,178.5203352585228,-247.6694165600279,0.0,12.305,9.752,2.3389301192616267,-3.244904605255876,140.0,0.0,azimuth_elevation
V00868,262.6105018418377,156.35208448363642,0.0,12.305,9.752,3.4369626588636013,2.04628631466304,140.0,0.0,azimuth_elevation
V00870,-132.93701798645313,275.56959057354175,0.0,12.305,9.752,-1.7379722167090372,3.6027007333315204,140.0,0.0,azimuth_elevation
V00871,284.32039988148705,-113.45950912652184,0.0,12.305,9.752,3.715116002060346,-1.4825360337054707,140.0,0.0,azimuth_elevation
V00872,-286.44297996170064,-108.45215180281448,0.0,12.305,9.752,-3.7408496200310735,-1.416348869563346,140.0,0.0,azimuth_elevation
V00873,138.0294919274862,273.6048416206117,0.0,12.305,9.752,1.8016561727037084,3.5712791875403163,140.0,0.0,azimuth_elevation
V00875,-260.7679525379526,161.5933938289684,0.0,12.305,9.752,-3.4000938088815187,2.106979375980118,140.0,0.0,azimuth_elevation
V00877,-183.96823737087166,-245.9037161952918,0.0,12.305,9.752,-2.396167503397969,-3.2028707897227986,140.0,0.0,azimuth_elevation
V00878,-30.469309670352146,305.7529577423777,0.0,12.305,9.752,-0.39664878856319497,3.980285132817918,140.0,0.0,azimuth_elevation
V00879,229.12188311876955,-204.97978601830206,0.0,12.305,9.752,2.9811204478259055,-2.667005975912741,140.0,0.0,azimuth_elevation
V00880,-307.5722735552813,-3.625815775135969,0.0,12.305,9.752,-3.9997220914962663,-0.04715072424400583,140.0,0.0,azimuth_elevation
V00881,224.46390132461775,210.54716099281003,0.0,12.305,9.752,2.9174207346374508,2.736540929185507,140.0,0.0,azimuth_elevation
V00883,-190.31828816830458,242.26782532702558,0.0,12.305,9.752,-2.4710052037659507,3.1454941238160967,140.0,0.0,azimuth_elevation
V00884,304.14492070349405,-50.10905317669931,0.0,12.305,9.752,3.9467930861210165,-0.6502494408666125,140.0,0.0,azimuth_elevation
V00885,-258.25137815468014,-168.58699736696315,0.0,12.305,9.752,-3.349479576074708,-2.186546722450357,140.0,0.0,azimuth_elevation
V00886,76.58799797271978,298.9145840646299,0.0,12.305,9.752,0.9928109081918994,3.8748324480647134,140.0,0.0,azimuth_elevation
V00891,-96.06630899819396,294.0891264148736,0.0,12.305,9.752,-1.2420418135685996,3.8022798599455068,140.0,0.0,azimuth_elevation
V00892,269.63181687046097,-152.03990703474594,0.0,12.305,9.752,3.484246120056691,-1.9646956443352466,140.0,0.0,azimuth_elevation
V00893,-301.67736323421514,-70.0608200926267,0.0,12.305,9.752,-3.896307491421293,-0.9048690138878165,140.0,0.0,azimuth_elevation
V00894,175.21363246531055,255.57431991166695,0.0,12.305,9.752,2.2617856471382627,3.299140143491839,140.0,0.0,azimuth_elevation
V00896,-239.5273752776039,197.09207617918557,0.0,12.305,9.752,-3.08876962134571,2.541555080310454,140.0,0.0,azimuth_elevation
V00898,-217.504649782566,-221.60996665981276,0.0,12.305,9.752,-2.801861492398047,-2.854745553883391,140.0,0.0,azimuth_elevation
V00899,10.691334485373153,310.49194090494825,0.0,12.305,9.752,0.1376525509459346,3.9976307702460563,140.0,0.0,azimuth_elevation
V00900,201.9556864160147,-236.29166452551038,0.0,12.305,9.752,2.5988600782868017,-3.040711478172028,140.0,0.0,azimuth_elevation
V00902,253.30558062457624,180.71173958668626,0.0,12.305,9.752,3.2562759439624673,2.3230727446146284,140.0,0.0,azimuth_elevation
V00904,-158.0378412287208,268.4121657819661,0.0,12.305,9.752,-2.02949550972813,3.446904114708351,140.0,0.0,azimuth_elevation
V00905,297.9959127336425,-91.21286090263429,0.0,12.305,9.752,3.8248371018088174,-1.1707353008373529,140.0,0.0,azimuth_elevation
V00906,-281.4915538058578,-134.1050153274063,0.0,12.305,9.752,-3.61113617545808,-1.7203765640981006,140.0,0.0,azimuth_elevation
V00907,117.03679956134465,289.1787294190872,0.0,12.305,9.752,1.500641758762312,3.7078395747198605,140.0,0.0,azimuth_elevation
V00909,-278.12564279259004,142.0164667255477,0.0,12.305,9.752,-3.562447715208147,1.819056424745602,140.0,0.0,azimuth_elevation
V00912,-56.605199038849264,307.60250558435354,0.0,12.305,9.752,-0.7239270848178726,3.933945802355072,140.0,0.0,azimuth_elevation
V00913,249.649305566226,-188.67690433728535,0.0,12.305,9.752,3.1911435099843724,-2.4117634831559704,140.0,0.0,azimuth_elevation
V00914,-311.6925515607462,-29.526315407641935,0.0,12.305,9.752,-3.982172734670313,-0.37722713482510845,140.0,0.0,azimuth_elevation
V00915,209.99500055122704,232.43590459197597,0.0,12.305,9.752,2.681516973371486,2.96807458152935,140.0,0.0,azimuth_elevation
V00917,-213.40475445576732,229.74629654397836,0.0,12.305,9.752,-2.7222763805086867,2.9307356257643784,140.0,0.0,azimuth_elevation
V00918,312.70879098814794,-25.267806369584633,0.0,12.305,9.752,3.98700535076511,-0.3221619669830419,140.0,0.0,azimuth_elevation
V00919,-247.77603969928552,-192.6981685199371,0.0,12.305,9.752,-3.1575109442631786,-2.4556312094567967,140.0,0.0,azimuth_elevation
V00920,52.563332440553985,309.61741889426025,0.0,12.305,9.752,0.6694952542176111,3.9435740267655808,140.0,0.0,azimuth_elevation
V00923,278.1174797300662,146.89253714398222,0.0,12.305,9.752,3.536970240321664,1.868111752299339,140.0,0.0,azimuth_elevation
V00925,-122.13911597546281,290.1885358671711,0.0,12.305,9.752,-1.5517366421773917,3.686748349606199,140.0,0.0,azimuth_elevation
V00926,286.22581850056764,-131.5387046601878,0.0,12.305,9.752,3.6345650344590372,-1.6703104532654327,140.0,0.0,azimuth_elevation
V00927,-300.0586648066141,-96.3988987202242,0.0,12.305,9.752,-3.8082936413461193,-1.2234784596725505,140.0,0.0,azimuth_elevation
V00928,156.216213373671,273.90645242343544,0.0,12.305,9.752,1.9816693849653473,3.4746203315889153,140.0,0.0,azimuth_elevation
V00930,-259.46170132638593,179.74558560592607,0.0,12.305,9.752,-3.288067270199005,2.277852854476352,140.0,0.0,azimuth_elevation
V00932,-201.94397225033208,-242.99811125141923,0.0,12.305,9.752,-2.5565927129959043,-3.0763344583865133,140.0,0.0,azimuth_elevation
V00933,-15.243317239481238,315.7489370996148,0.0,12.305,9.752,-0.192882168057365,3.9953468521826094,140.0,0.0,azimuth_elevation
V00934,224.63794049513868,-222.6383742531878,0.0,12.305,9.752,2.841043328719451,-2.8157543934687737,140.0,0.0,azimuth_elevation
V00936,241.66699108643883,204.51825204422974,0.0,12.305,9.752,3.0533532569270934,2.5839957214385456,140.0,0.0,azimuth_elevation
V00938,-182.78989043510666,258.8804858515251,0.0,12.305,9.752,-2.307160086111942,3.2675697906933734,140.0,0.0,azimuth_elevation
V00939,309.8094184917223,-67.45127288510496,0.0,12.305,9.752,3.9084397236789727,-0.8509400251299928,140.0,0.0,azimuth_elevation
V00940,-274.1431571226378,-159.61635067508823,0.0,12.305,9.752,-3.456763542059874,-2.012656407409291,140.0,0.0,azimuth_elevation
V00941,94.3723319483416,303.02807289528806,0.0,12.305,9.752,1.1893799859024932,3.8190804193070593,140.0,0.0,azimuth_elevation
V00946,-83.22290703473385,307.0954212369309,0.0,12.305,9.752,-1.0462619356288339,3.860742928770861,140.0,0.0,azimuth_elevation
V00947,268.9390884982881,-170.3106475758634,0.0,12.305,9.752,3.3793753666742052,-2.140051899164031,140.0,0.0,azimuth_elevation
V00948,-313.5055416823926,-56.111721898633625,0.0,12.305,9.752,-3.937430509831316,-0.7047275929389366,140.0,0.0,azimuth_elevation
V00949,193.36183498494478,253.27011424811846,0.0,12.305,9.752,2.427302068417133,3.17934028827647,140.0,0.0,azimuth_elevation
V00951,-235.62797343478135,214.97583151372618,0.0,12.305,9.752,-2.9549580817974976,2.695964156812856,140.0,0.0,azimuth_elevation
V00953,-234.98397125787528,-216.14412611005193,0.0,12.305,9.752,-2.9439807720359266,-2.707947047835823,140.0,0.0,azimuth_elevation
V00954,27.280019137693625,318.2638065439535,0.0,12.305,9.752,0.3416078507730406,3.9853863145610138,140.0,0.0,azimuth_elevation
V00955,194.96442828599368,-253.22958299360607,0.0,12.305,9.752,2.4401987767013997,-3.169452623117278,140.0,0.0,azimuth_elevation
V00957,269.56921692301853,172.24804001065024,0.0,12.305,9.752,3.3706530650490656,2.1537636627716,140.0,0.0,azimuth_elevation
V00959,-148.16622908894254,283.87377222554926,0.0,12.305,9.752,-1.8508352027386565,3.5460413212910193,140.0,0.0,azimuth_elevation
V00960,301.1543273809995,-109.28824776570335,0.0,12.305,9.752,3.760064772533653,-1.3645192949722076,140.0,0.0,azimuth_elevation
V00961,-296.0295165551894,-122.90107944237454,0.0,12.305,9.752,-3.694274282911259,-1.533733197991262,140.0,0.0,azimuth_elevation
V00962,135.33047728142748,290.73030787790435,0.0,12.305,9.752,1.6880209940740867,3.626373549920793,140.0,0.0,azimuth_elevation
V00964,-278.05654528866,160.38580866814684,0.0,12.305,9.752,-3.4649118550448983,1.9985959663647193,140.0,0.0,azimuth_elevation
V00967,-41.959241370573196,318.7151895715138,0.0,12.305,9.752,-0.522099762040053,3.9657801046550376,140.0,0.0,azimuth_elevation
V00968,246.34791952168882,-206.76787116797308,0.0,12.305,9.752,3.063826085650354,-2.571569504580506,140.0,0.0,azimuth_elevation
V00969,-321.4747236006734,-13.948192924913986,0.0,12.305,9.752,-3.996240244766139,-0.1733894636691332,140.0,0.0,azimuth_elevation
V00970,227.7338104222562,227.5481522459804,0.0,12.305,9.752,2.8295802859789334,2.827273493173127,140.0,0.0,azimuth_elevation
V00972,-206.967091493522,246.99407490608374,0.0,12.305,9.752,-2.5690698713572675,3.065922372807954,140.0,0.0,azimuth_elevation
V00973,319.6074343734547,-42.341916503836345,0.0,12.305,9.752,3.9653529745385545,-0.525333976931094,140.0,0.0,azimuth_elevation
V00974,-264.3976037243065,-184.75918690242324,0.0,12.305,9.752,-3.278785876682788,-2.291192522435747,140.0,0.0,azimuth_elevation
V00975,70.18933488229169,314.9854080251679,0.0,12.305,9.752,0.8699963521587102,3.904242096390865,140.0,0.0,azimuth_elevation
V00980,-110.10302998055039,304.172932374171,0.0,12.305,9.752,-1.361452228776158,3.76117638894541,140.0,0.0,azimuth_elevation
V00981,286.78975500295377,-149.9859540935275,0.0,12.305,9.752,3.54453064822813,-1.8537266475323362,140.0,0.0,azimuth_elevation
V00982,-312.9336167762983,-83.16851261928915,0.0,12.305,9.752,-3.8658009460202436,-1.0274157122357972,140.0,0.0,azimuth_elevation
V00983,174.65146758797638,272.83990703224856,0.0,12.305,9.752,2.1565119646539896,3.368895389635034,140.0,0.0,azimuth_elevation
V00985,-256.7712385920697,198.02495052870083,0.0,12.305,9.752,-3.1674614054867707,2.4427828894013013,140.0,0.0,azimuth_elevation
V00987,-219.92462296738861,-238.70297487180997,0.0,12.305,9.752,-2.71034718242938,-2.9417712607708166,140.0,0.0,azimuth_elevation
V00988,0.9244695422464633,324.723567601838,0.0,12.305,9.752,0.01138772652252308,3.999983789927735,140.0,0.0,azimuth_elevation
V00989,218.76991547734417,-240.179670417868,0.0,12.305,9.752,2.693553272169829,-2.9571558582501543,140.0,0.0,azimuth_elevation
V00991,258.63157631286964,197.1214289059418,0.0,12.305,9.752,3.181318876195776,2.424708272753744,140.0,0.0,azimuth_elevation
V00993,-173.92033319914563,275.1353625034379,0.0,12.305,9.752,-2.137295055555481,3.381119614195584,140.0,0.0,azimuth_elevation
V00994,314.2433484149759,-85.43516826778117,0.0,12.305,9.752,3.8598883403636677,-1.0494103105671357,140.0,0.0,azimuth_elevation
V00995,-289.56072809405896,-149.34167116260102,0.0,12.305,9.752,-3.555028014527621,-1.8335146075021607,140.0,0.0,azimuth_elevation
V00996,112.68742150861696,305.85976367240477,0.0,12.305,9.752,1.3828456968547997,3.7533635287152998,140.0,0.0,azimuth_elevation
V01001,-69.2457525732476,319.30420565749614,0.0,12.305,9.752,-0.8477521189362074,3.9091324286648534,140.0,0.0,azimuth_elevation
V01002,266.87183978502094,-188.75876437865898,0.0,12.305,9.752,3.2656870433745913,-2.309824264903138,140.0,0.0,azimuth_elevation
V01003,-324.4398703340543,-41.103777656342395,0.0,12.305,9.752,-3.9682798637198573,-0.5027473751254332,140.0,0.0,azimuth_elevation
V01004,211.56579537623858,249.58157830020144,0.0,12.305,9.752,2.586485098649218,3.051244800809261,140.0,0.0,azimuth_elevation
V01006,-230.3451635238474,232.79337542372633,0.0,12.305,9.752,-2.8134363749365177,2.843338840902376,140.0,0.0,azimuth_elevation
V01007,327.25193356726834,-16.06617491764037,0.0,12.305,9.752,3.9951882136580403,-0.1961406063207605,140.0,0.0,azimuth_elevation
V01008,-252.27570566465607,-209.30651765150506,0.0,12.305,9.752,-3.078418526697005,-2.554082883245694,140.0,0.0,azimuth_elevation
V01009,44.65656033576967,324.8974324598115,0.0,12.305,9.752,0.5446718169141386,3.962743066596604,140.0,0.0,azimuth_elevation
V01012,285.4080407682706,162.4675360335633,0.0,12.305,9.752,3.4762353747175636,1.9788349146814244,140.0,0.0,azimuth_elevation
V01014,-137.020696734041,298.79655062687385,0.0,12.305,9.752,-1.6673456397364257,3.6359260880347843,140.0,0.0,azimuth_elevation
V01015,303.00950214371306,-127.82641202278637,0.0,12.305,9.752,3.685481566860991,-1.5547429434886844,140.0,0.0,azimuth_elevation
V01016,-309.9188834668348,-110.4759506438865,0.0,12.305,9.752,-3.767773176532818,-1.3430879681539085,140.0,0.0,azimuth_elevation
V01017,153.9703857119304,290.94341429858724,0.0,12.305,9.752,1.8709957932062034,3.5354454799649635,140.0,0.0,azimuth_elevation
V01019,-276.6241366077399,178.9822255030439,0.0,12.305,9.752,-3.3583352405341027,2.1729207100551897,140.0,0.0,azimuth_elevation
V01022,-26.304826908715892,328.8837272978134,0.0,12.305,9.752,-0.31891016053863197,3.9872667718006056,140.0,0.0,azimuth_elevation
V01023,241.665384430207,-224.84348326825096,0.0,12.305,9.752,2.928514432266929,-2.7246657079363525,140.0,0.0,azimuth_elevation
V01025,245.335870388181,221.28637712447113,0.0,12.305,9.752,2.9702605708686836,2.6790953960512196,140.0,0.0,azimuth_elevation
V01027,-199.17317417901714,263.984841775915,0.0,12.305,9.752,-2.4091600662540915,3.1931094211076734,140.0,0.0,azimuth_elevation
V01028,325.3323886961529,-60.14222198468642,0.0,12.305,9.752,3.933354077638135,-0.727135269346398,140.0,0.0,azimuth_elevation
V01029,-280.6439587769623,-175.49221749694402,0.0,12.305,9.752,-3.391505700371551,-2.1207755855694104,140.0,0.0,azimuth_elevation
V01030,88.4352845188417,319.12074588166706,0.0,12.305,9.752,1.0682274289202685,3.85472309772082,140.0,0.0,azimuth_elevation
V01035,-96.88409872404851,317.4489272535486,0.0,12.305,9.752,-1.1676154724380507,3.825790651423999,140.0,0.0,azimuth_elevation
V01036,286.0031012355845,-168.70944278145203,0.0,12.305,9.752,3.445247763851913,-2.032306041341559,140.0,0.0,azimuth_elevation
V01037,-324.99909603767077,-68.82250776233636,0.0,12.305,9.752,-3.9132214842286084,-0.8286722001923602,140.0,0.0,azimuth_elevation
V01038,193.24303610124863,270.40410314633084,0.0,12.305,9.752,2.3257277071433515,3.254380222442628,140.0,0.0,azimuth_elevation
V01040,-252.70346981672853,216.33956259220315,0.0,12.305,9.752,-3.03859090326925,2.601339140244763,140.0,0.0,azimuth_elevation
V01042,-237.819249609896,-233.03316183536188,0.0,12.305,9.752,-2.85702973081673,-2.7995323033016217,140.0,0.0,azimuth_elevation
V01043,17.95699176896647,332.6263616230819,0.0,12.305,9.752,0.21562790789689112,3.9941838472128457,140.0,0.0,azimuth_elevation
V01046,275.27073343448524,188.3870306428778,0.0,12.305,9.752,3.3009837006213267,2.2590942008319024,140.0,0.0,azimuth_elevation
V01048,-163.7473738414223,290.94853077483907,0.0,12.305,9.752,-1.9618533291487055,3.485847316637397,140.0,0.0,azimuth_elevation
V01049,317.41784234542297,-103.97337813486764,0.0,12.305,9.752,3.801265617934733,-1.245142442416638,140.0,0.0,azimuth_elevation
V01050,-304.4237971137519,-137.8078435751944,0.0,12.305,9.752,-3.644016598799756,-1.6495887450124829,140.0,0.0,azimuth_elevation
V01051,131.4437661354259,307.3884941635511,0.0,12.305,9.752,1.5727032443767788,3.6778532468175995,140.0,0.0,azimuth_elevation
V01053,-294.9843179321621,157.955696871297,0.0,12.305,9.752,-3.526276176126011,1.8882204134279752,140.0,0.0,azimuth_elevation
V01056,-54.19884401149515,330.64956571545287,0.0,12.305,9.752,-0.6470303213982235,3.94732210025877,140.0,0.0,azimuth_elevation
V01057,263.4327109889874,-207.29244265286817,0.0,12.305,9.752,3.1434777892208703,-2.473569766284159,140.0,0.0,azimuth_elevation
V01058,-334.420269433875,-25.10644124073438,0.0,12.305,9.752,-3.9887750600056058,-0.2994553734319594,140.0,0.0,azimuth_elevation
V01059,229.7343133032477,244.51931476078786,0.0,12.305,9.752,2.738919392585374,2.9151879117682564,140.0,0.0,azimuth_elevation
V01061,-223.69742446447796,250.45481087006328,0.0,12.305,9.752,-2.6645737635446225,2.983294598029106,140.0,0.0,azimuth_elevation
V01062,334.27587212693777,-33.587070634027874,0.0,12.305,9.752,3.979960312473319,-0.3998948751075497,140.0,0.0,azimuth_elevation
V01063,-269.29193782384186,-201.12335076534524,0.0,12.305,9.752,-3.2048239772647693,-2.393554527214458,140.0,0.0,azimuth_elevation
V01064,62.73845550700146,330.3527451083099,0.0,12.305,9.752,0.7463146086351334,3.929760107810372,140.0,0.0,azimuth_elevation
V01069,-124.64919633492437,313.1024239016004,0.0,12.305,9.752,-1.4795055873218936,3.7163238848468656,140.0,0.0,azimuth_elevation
V01070,303.54403547674167,-146.73741351984708,0.0,12.305,9.752,3.6012820895804847,-1.7409099090035693,140.0,0.0,azimuth_elevation
V01071,-323.08607034933306,-96.88416354712352,0.0,12.305,9.752,-3.831441080753135,-1.148938311972077,140.0,0.0,azimuth_elevation
V01072,172.86544932670336,289.8085340860013,0.0,12.305,9.752,2.049088732695775,3.4352926171636713,140.0,0.0,azimuth_elevation
V01074,-273.826855232441,197.71419613551228,0.0,12.305,9.752,-3.242995954649897,2.341575802344311,140.0,0.0,azimuth_elevation
V01077,-9.713551253820036,338.051175004672,0.0,12.305,9.752,-0.11488844885931289,3.9983497401201284,140.0,0.0,azimuth_elevation
V01078,235.61600255636628,-242.813404365077,0.0,12.305,9.752,2.7855616091537767,-2.8706526299098996,140.0,0.0,azimuth_elevation
V01080,262.71246476084724,213.67267223320954,0.0,12.305,9.752,3.103190760722721,2.5239269210032886,140.0,0.0,azimuth_elevation
V01082,-190.0527133678809,280.63217232082656,0.0,12.305,9.752,-2.2429642067714335,3.311964910312637,140.0,0.0,azimuth_elevation
V01083,329.8471697213599,-78.58495165620711,0.0,12.305,9.752,3.891092152567803,-0.9270392981018998,140.0,0.0,azimuth_elevation
V01084,-296.4316234123089,-164.93435858287108,0.0,12.305,9.752,-3.495376303305128,-1.9448250559608131,140.0,0.0,azimuth_elevation
V01085,107.21458903883064,321.99438177899106,0.0,12.305,9.752,1.2636712538915011,3.7951462372467653,140.0,0.0,azimuth_elevation
V01090,-82.53965392299682,329.94553418749575,0.0,12.305,9.752,-0.9707321379763559,3.8804225435253636,140.0,0.0,azimuth_elevation
V01091,283.8601614235151,-187.61811947841264,0.0,12.305,9.752,3.336975433279188,-2.2055826798583578,140.0,0.0,azimuth_elevation
V01092,-336.1893966571072,-53.42414786714208,0.0,12.305,9.752,-3.950431524847634,-0.6277664912130949,140.0,0.0,azimuth_elevation
V01093,211.89975237398957,266.6012845877565,0.0,12.305,9.752,2.4888750895250746,3.1313736265002863,140.0,0.0,azimuth_elevation
V01095,-247.26855579337118,234.59883059354854,0.0,12.305,9.752,-2.90179201641573,2.7531078971711103,140.0,0.0,azimuth_elevation
V01096,340.94444886627167,-5.960938455836177,0.0,12.305,9.752,3.9993887871549303,-0.06992373831123033,140.0,0.0,azimuth_elevation
V01097,-255.53852217746544,-226.00666734270695,0.0,12.305,9.752,-2.996257629551167,-2.649988720231922,140.0,0.0,azimuth_elevation
V01098,35.77624991385524,339.4102384167298,0.0,12.305,9.752,0.4193054663165788,3.977962157426467,140.0,0.0,azimuth_elevation
V01101,291.4996675190936,178.34823754738338,0.0,12.305,9.752,3.4120354970714653,2.087585630992003,140.0,0.0,azimuth_elevation
V01103,-152.31142851659706,306.23843446444397,0.0,12.305,9.752,-1.7812926748282805,3.581479639283617,140.0,0.0,azimuth_elevation
V01104,319.3075975398547,-122.9784865467378,0.0,12.305,9.752,3.7327245165986023,-1.4376257103932624,140.0,0.0,azimuth_elevation
V01105,-318.6546625772364,-125.06220859151507,0.0,12.305,9.752,-3.7234971031312303,-1.4613587249451587,140.0,0.0,azimuth_elevation
V01106,150.5521132802769,307.5966696614947,0.0,12.305,9.752,1.758457246328906,3.5927465973588175,140.0,0.0,azimuth_elevation
V01108,-293.50745484267134,177.0187107392246,0.0,12.305,9.752,-3.425255718310398,2.0658226603902667,140.0,0.0,azimuth_elevation
V01111,-38.14791898413737,341.0687412783231,0.0,12.305,9.752,-0.44462027248896063,3.9752122978894904,140.0,0.0,azimuth_elevation
V01112,258.62776151745703,-225.82101534726434,0.0,12.305,9.752,3.013066476349456,-2.630861153519713,140.0,0.0,azimuth_elevation
V01113,-343.3899583243621,-8.190636238586714,0.0,12.305,9.752,-3.9988626219934376,-0.09538202358815345,140.0,0.0,azimuth_elevation
V01114,247.77762592162603,238.09724503371046,0.0,12.305,9.752,2.8842072139878137,2.771524624963786,140.0,0.0,azimuth_elevation
V01116,-215.70642874727213,267.87195933336886,0.0,12.305,9.752,-2.5087586645158937,3.115466251336456,140.0,0.0,azimuth_elevation
V01117,340.144237760849,-51.83480990696302,0.0,12.305,9.752,3.9543477767004562,-0.6026057259138511,140.0,0.0,azimuth_elevation
V01118,-285.9467412601026,-191.6238794167573,0.0,12.305,9.752,-3.322867302758345,-2.2267808352551186,140.0,0.0,azimuth_elevation
V01119,81.4426065799601,334.5932632816474,0.0,12.305,9.752,0.9460100933756598,3.8865234983505985,140.0,0.0,azimuth_elevation
V01124,-111.10214386799687,326.7160290342899,0.0,12.305,9.752,-1.2878051635244363,3.787024935328496,140.0,0.0,azimuth_elevation
V01125,302.7441810766332,-165.93164503565544,0.0,12.305,9.752,3.5076860365522506,-1.9225344389571708,140.0,0.0,azimuth_elevation
V01126,-335.46041423338283,-82.18248281943768,0.0,12.305,9.752,-3.885111871322616,-0.9517908106869284,140.0,0.0,azimuth_elevation
V01127,191.9252366703017,287.3197757361102,0.0,12.305,9.752,2.2218351269795984,3.326176283440123,140.0,0.0,azimuth_elevation
V01129,-269.66670398166144,216.49115169832447,0.0,12.305,9.752,-3.119194944197789,2.5041211831880155,140.0,0.0,azimuth_elevation
V01131,-239.4385899761618,-249.91660935245474,0.0,12.305,9.752,-2.7672308840380513,-2.888327065002505,140.0,0.0,azimuth_elevation
V01132,7.741559454640544,346.16400485493904,0.0,12.305,9.752,0.0894330332847582,3.999000091592583,140.0,0.0,azimuth_elevation
V01135,279.77671393495194,204.73236270741378,0.0,12.305,9.752,3.2280240100091144,2.362172938377856,140.0,0.0,azimuth_elevation
V01137,-179.63849153519288,296.85175148373384,0.0,12.305,9.752,-2.070915936247789,3.422178719031919,140.0,0.0,azimuth_elevation
V01138,333.1189871753122,-97.5858103583415,0.0,12.305,9.752,3.8386774704399382,-1.124524467469178,140.0,0.0,azimuth_elevation
V01139,-311.6794856511252,-153.12559624128826,0.0,12.305,9.752,-3.5901266631178617,-1.76380002913318,140.0,0.0,azimuth_elevation
V01140,126.44044817394426,323.58099923446076,0.0,12.305,9.752,1.4558178690446315,3.7256669647420644,140.0,0.0,azimuth_elevation
V01145,-67.12923686421232,341.5948119600596,0.0,12.305,9.752,-0.7713159394312799,3.924929518039686,140.0,0.0,azimuth_elevation
V01146,280.358931131357,-206.62168263491384,0.0,12.305,9.752,3.2199961639987316,-2.3731044443583715,140.0,0.0,azimuth_elevation
V01147,-346.4420426566914,-37.0386430617969,0.0,12.305,9.752,-3.9773339782972053,-0.4252227946412655,140.0,0.0,azimuth_elevation
V01148,230.5315141057084,261.43731754309596,0.0,12.305,9.752,2.645528422640861,3.000196554394288,140.0,0.0,azimuth_elevation
V01150,-240.48018379087327,252.71353585415207,0.0,12.305,9.752,-2.757421684781322,2.897693160480891,140.0,0.0,azimuth_elevation
V01151,348.1715355982919,-23.910913807869946,0.0,12.305,9.752,3.990600539748875,-0.2740571695029821,140.0,0.0,azimuth_elevation
V01152,-272.9947829081365,-217.64489083123328,0.0,12.305,9.752,-3.1276676009254203,-2.4935307052694227,140.0,0.0,azimuth_elevation
V01153,54.303172974844294,345.03175999444477,0.0,12.305,9.752,0.6218889600437084,3.9513610466997005,140.0,0.0,azimuth_elevation
V01158,-139.65580139566933,320.92601505102914,0.0,12.305,9.752,-1.5960842169963452,3.6677670553424147,140.0,0.0,azimuth_elevation
V01159,319.8911320190325,-142.36296448016913,0.0,12.305,9.752,3.6544438759010744,-1.6263578812454313,140.0,0.0,azimuth_elevation
V01160,-332.17836412226325,-111.1547768161903,0.0,12.305,9.752,-3.7932621445503893,-1.2693156828468555,140.0,0.0,azimuth_elevation
V01161,169.92342461953658,306.470520222694,0.0,12.305,9.752,1.9396230276671,3.4982656432214396,140.0,0.0,azimuth_elevation
V01163,-290.67851067895333,196.22628118951243,0.0,12.305,9.752,-3.315297978158058,2.2380346994676144,140.0,0.0,azimuth_elevation
V01166,-21.160613686298575,350.5023230000327,0.0,12.305,9.752,-0.24105010672160243,3.992730249597323,140.0,0.0,azimuth_elevation
V01169,265.6074689211508,230.33285144177745,0.0,12.305,9.752,3.021969473413011,2.620629791054031,140.0,0.0,azimuth_elevation
V01171,-206.3972756154341,284.95844366947,0.0,12.305,9.752,-2.3463976353899936,3.2395089344893377,140.0,0.0,azimuth_elevation
V01172,344.81718601007736,-70.72876523799712,0.0,12.305,9.752,3.9184174353541783,-0.8037442393649742,140.0,0.0,azimuth_elevation
V01173,-302.1562817520074,-180.8406243016251,0.0,12.305,9.752,-3.4322405009092933,-2.0541969584044084,140.0,0.0,azimuth_elevation
V01174,100.68524738191758,337.58633112085874,0.0,12.305,9.752,1.143237219546743,3.8331460525060916,140.0,0.0,azimuth_elevation
V01179,-96.43259843327952,339.56487444876547,0.0,12.305,9.752,-1.0927445589746623,3.8478447641285207,140.0,0.0,azimuth_elevation
V01180,300.60008535663684,-185.31982809074321,0.0,12.305,9.752,3.404937621471168,-2.099142633050518,140.0,0.0,azimuth_elevation
V01181,-346.9743454807039,-66.43006531862754,0.0,12.305,9.752,-3.928645508767064,-0.7521598676108535,140.0,0.0,azimuth_elevation
V01182,211.05997853847117,283.4751055372236,0.0,12.305,9.752,2.3887842408628424,3.2083811884820252,140.0,0.0,azimuth_elevation
V01184,-264.14947988742813,235.2235155659425,0.0,12.305,9.752,-2.987255234571374,2.6601327341931507,140.0,0.0,azimuth_elevation
V01186,-257.62260879796213,-242.76787562635252,0.0,12.305,9.752,-2.9111101484567374,-2.7432531242217135,140.0,0.0,azimuth_elevation
V01187,25.985944163903742,353.1723102196865,0.0,12.305,9.752,0.2935211640155943,3.9892161293009596,140.0,0.0,azimuth_elevation
V01190,296.4436748846421,194.4942097361477,0.0,12.305,9.752,3.3444345999850467,2.1942555016275707,140.0,0.0,azimuth_elevation
V01192,-167.96655457131,312.56149242260017,0.0,12.305,9.752,-1.8934641683075275,3.5234632740154233,140.0,0.0,azimuth_elevation
V01193,335.1189654057955,-117.05993774707567,0.0,12.305,9.752,3.7762467932507673,-1.3190754930872206,140.0,0.0,azimuth_elevation
V01194,-326.3089380097425,-140.1089824920373,0.0,12.305,9.752,-3.675509554264826,-1.5781728411387583,140.0,0.0,azimuth_elevation
V01195,146.0258338996861,323.8592376849876,0.0,12.305,9.752,1.644165919538043,3.6464665676555463,140.0,0.0,azimuth_elevation
V01200,-50.71472786315139,352.33203995345997,0.0,12.305,9.752,-0.5698871996643928,3.959195446003983,140.0,0.0,azimuth_elevation
V01201,275.5013102354155,-225.63062305141418,0.0,12.305,9.752,3.0946151819078387,-2.5344342319155797,140.0,0.0,azimuth_elevation
V01202,-355.6979735770724,-19.733261087927158,0.0,12.305,9.752,-3.9938586498706528,-0.22156959370221702,140.0,0.0,azimuth_elevation
V01203,249.04934554639584,254.92189682903256,0.0,12.305,9.752,2.7952789618092058,2.8611912773645263,140.0,0.0,azimuth_elevation
V01205,-232.35576534717,270.5959133282151,0.0,12.305,9.752,-2.605856603863332,3.034717673870481,140.0,0.0,azimuth_elevation
V01206,354.25639762100565,-42.59172154994385,0.0,12.305,9.752,3.9713998949471025,-0.4774755223193563,140.0,0.0,azimuth_elevation
V01207,-290.102145168701,-207.97282362971842,0.0,12.305,9.752,-3.250916766011684,-2.3305664934655126,140.0,0.0,azimuth_elevation
V01208,73.45756569603238,349.45133572789945,0.0,12.305,9.752,0.8228498020129766,3.9144499234665404,140.0,0.0,azimuth_elevation
V01213,-125.82683309685031,334.93485646139817,0.0,12.305,9.752,-1.4067112072416326,3.7444844210412724,140.0,0.0,azimuth_elevation
V01214,319.1509910093262,-162.0391771694889,0.0,12.305,9.752,3.5666279480908183,-1.8108465092043233,140.0,0.0,azimuth_elevation
V01215,-344.9228398046794,-96.13836165171227,0.0,12.305,9.752,-3.85312968997139,-1.0739607033131993,140.0,0.0,azimuth_elevation
V01216,189.4689029760282,304.0003039555395,0.0,12.305,9.752,2.115727885078129,3.3946569070088404,140.0,0.0,azimuth_elevation
V01218,-286.4955264242686,215.4891258019328,0.0,12.305,9.752,-3.196689860777126,2.404407189725716,140.0,0.0,azimuth_elevation
V01221,-3.3065437560377737,358.8944368033439,0.0,12.305,9.752,-0.03685098561640182,3.9998302470053777,140.0,0.0,azimuth_elevation
V01224,283.137175008349,221.24735055654688,0.0,12.305,9.752,3.151846717348343,2.4628971294677484,140.0,0.0,azimuth_elevation
V01226,-195.79865301072007,301.62980204082555,0.0,12.305,9.752,-2.1779143135439183,3.355098991514337,140.0,0.0,azimuth_elevation
V01227,348.2588147512954,-90.18729371714694,0.0,12.305,9.752,3.8722630389831525,-1.0027855986824712,140.0,0.0,azimuth_elevation
V01228,-317.83894547039455,-168.80952207226807,0.0,12.305,9.752,-3.532658191814397,-1.8762532078071545,140.0,0.0,azimuth_elevation
V01229,120.38193821949586,339.3033140871416,0.0,12.305,9.752,1.3374813760815931,3.7697670443456963,140.0,0.0,azimuth_elevation
V01234,-80.69636664448949,351.5795022614062,0.0,12.305,9.752,-0.8948327317846972,3.8986246782842198,140.0,0.0,azimuth_elevation
V01235,297.1059732177665,-204.81306276291014,0.0,12.305,9.752,3.2933049386532813,-2.270273679766804,140.0,0.0,azimuth_elevation
V01236,-357.56355829061965,-49.68854780078239,0.0,12.305,9.752,-3.961928403784432,-0.550566365923439,140.0,0.0,azimuth_elevation
V01237,230.18063507105734,278.27652656716253,0.0,12.305,9.752,2.54950046559704,3.0822146868640536,140.0,0.0,azimuth_elevation
V01239,-257.28494485284006,253.82278690470454,0.0,12.305,9.752,-2.847521086911163,2.8092033852315264,140.0,0.0,azimuth_elevation
V01240,361.3073783495753,-13.372671765838316,0.0,12.305,9.752,3.997263050490554,-0.1479462915484815,140.0,0.0,azimuth_elevation
V01241,-275.5555792734149,-234.28886599941697,0.0,12.305,9.752,-3.0473936549371325,-2.5910214032016223,140.0,0.0,azimuth_elevation
V01242,44.94347224985191,359.0299908115292,0.0,12.305,9.752,0.4968434303174222,3.969023381859877,140.0,0.0,azimuth_elevation
V01247,-155.07633543408022,327.6816750877849,0.0,12.305,9.752,-1.7110719155508758,3.6155543004929487,140.0,0.0,azimuth_elevation
V01248,335.8223275780711,-136.9219277546395,0.0,12.305,9.752,3.7039630170395674,-1.5101847464476479,140.0,0.0,azimuth_elevation
V01249,-340.24402657441,-125.93074438131518,0.0,12.305,9.752,-3.751302193085243,-1.3884278361347568,140.0,0.0,azimuth_elevation
V01250,165.88352741376534,322.81187297366637,0.0,12.305,9.752,1.8282239618564562,3.5577516980944415,140.0,0.0,azimuth_elevation
V01252,-307.30707955531864,193.61768735108137,0.0,12.305,9.752,-3.384295407419127,2.1322627875854816,140.0,0.0,azimuth_elevation
V01255,-33.3604071221647,362.09588956054637,0.0,12.305,9.752,-0.3669714927268968,3.983130919706982,140.0,0.0,azimuth_elevation
V01257,-363.9017201120211,-1.5773710762765067,0.0,12.305,9.752,-3.999962422887497,-0.017338266579540716,140.0,0.0,azimuth_elevation
V01258,267.36549789845844,247.06869598050952,0.0,12.305,9.752,2.9377359733261987,2.7147204922468857,140.0,0.0,azimuth_elevation
V01260,-222.9165752831283,288.15976551913246,0.0,12.305,9.752,-2.447492241923517,3.163823908773084,140.0,0.0,azimuth_elevation
V01261,359.15649694925463,-61.92544468261857,0.0,12.305,9.752,3.9418369516613088,-0.6796480313496687,140.0,0.0,azimuth_elevation
V01262,-306.77661970983877,-197.01917571496676,0.0,12.305,9.752,-3.3656835393048206,-2.1615212960441945,140.0,0.0,azimuth_elevation
V01263,93.1581168618913,352.6334006624248,0.0,12.305,9.752,1.0216636390264295,3.8673250973626816,140.0,0.0,azimuth_elevation
V01268,-110.87398482358482,348.19134034225993,0.0,12.305,9.752,-1.2136677634344837,3.811431563074423,140.0,0.0,azimuth_elevation
V01269,317.073913254236,-181.9194424289092,0.0,12.305,9.752,3.469505865182306,-1.9906102208784062,140.0,0.0,azimuth_elevation
V01270,-356.81908812435904,-80.0686477349336,0.0,12.305,9.752,-3.902943531156781,-0.8758035125537232,140.0,0.0,azimuth_elevation
V01271,209.1000661673677,300.18046626788094,0.0,12.305,9.752,2.2863123203619273,3.2821907278159896,140.0,0.0,azimuth_elevation
V01273,-280.96069279221473,234.71863817285308,0.0,12.305,9.752,-3.0697408421083745,2.5645060269556335,140.0,0.0,azimuth_elevation
V01276,15.34267683195603,366.19291673601526,0.0,12.305,9.752,0.16744428821138743,3.9964937645823224,140.0,0.0,azimuth_elevation
V01279,300.28180059328383,210.86581096151014,0.0,12.305,9.752,3.2735000661018785,2.2987382011075113,140.0,0.0,azimuth_elevation
V01281,-183.9429421753293,317.8036249382368,0.0,12.305,9.752,-2.003748310833023,3.4619348212861847,140.0,0.0,azimuth_elevation
V01282,350.4373334621717,-110.12776814192999,0.0,12.305,9.752,3.816005015055093,-1.1992104590414405,140.0,0.0,azimuth_elevation
V01283,-332.9154849996389,-155.5700159010571,0.0,12.305,9.752,-3.6238583625518186,-1.6934138797598333,140.0,0.0,azimuth_elevation
V01284,140.44761307134317,339.71976389748403,0.0,12.305,9.752,1.528235735164061,3.696551844322972,140.0,0.0,azimuth_elevation
V01289,-63.95204716960261,362.6936526365149,0.0,12.305,9.752,-0.6945860795694753,3.9392321812846105,140.0,0.0,azimuth_elevation
V01290,292.26029128886427,-224.32291932780348,0.0,12.305,9.752,3.173079263521363,-2.435481058725509,140.0,0.0,azimuth_elevation
V01291,-367.16717812738955,-32.022075291426695,0.0,12.305,9.752,-3.9848737136231906,-0.3475363095777489,140.0,0.0,azimuth_elevation
V01292,249.19900052048496,271.7302120478902,0.0,12.305,9.752,2.7035644554748886,2.9480059760951587,140.0,0.0,azimuth_elevation
V01294,-249.08694794597736,272.2016575316138,0.0,12.305,9.752,-2.7003570998435285,2.950944176585631,140.0,0.0,azimuth_elevation
V01295,367.6739085706875,-32.46916932035263,0.0,12.305,9.752,3.9844934353136052,-0.3518693847762064,140.0,0.0,azimuth_elevation
V01296,-293.15175724222365,-224.50099604633473,0.0,12.305,9.752,-3.1757258083717295,-2.43202910962055,140.0,0.0,azimuth_elevation
V01297,64.53646408320586,363.6949199585239,0.0,12.305,9.752,0.6988693174932586,3.938474536805654,140.0,0.0,azimuth_elevation
V01302,-141.01072271791338,342.135099161971,0.0,12.305,9.752,-1.5242150814411541,3.6982115117320333,140.0,0.0,azimuth_elevation
V01303,335.2085490870139,-157.08589567169605,0.0,12.305,9.752,3.6220147468535413,-1.697353579421647,140.0,0.0,azimuth_elevation
V01304,-353.4116095220248,-110.6403373777027,0.0,12.305,9.752,-3.8173068190999064,-1.195060102611309,140.0,0.0,azimuth_elevation
V01305,185.92620053601618,320.42596329611166,0.0,12.305,9.752,2.0075117461073053,3.4597538336189757,140.0,0.0,azimuth_elevation
V01307,-303.1656523021665,213.38354497055735,0.0,12.305,9.752,-3.270998408291042,2.302296551914516,140.0,0.0,azimuth_elevation
V01310,-15.132960626650187,370.82859046016426,0.0,12.305,9.752,-0.16309827250860498,3.9966734859761446,140.0,0.0,azimuth_elevation
V01313,285.3935787793792,237.89547114541355,0.0,12.305,9.752,3.0725277539855327,2.5611663751089306,140.0,0.0,azimuth_elevation
V01315,-212.18784253661514,305.3206011386337,0.0,12.305,9.752,-2.2827418081150888,3.2846749972384575,140.0,0.0,azimuth_elevation
V01316,362.83336521204086,-81.83275071085978,0.0,12.305,9.752,3.9019888464303705,-0.8800471818788934,140.0,0.0,azimuth_elevation
V01317,-322.9362612231613,-184.8164526961984,0.0,12.305,9.752,-3.4716684678178824,-1.986836190922401,140.0,0.0,azimuth_elevation
V01318,113.3224560036147,354.5465709399949,0.0,12.305,9.752,1.2178117199191418,3.8101095279306056,140.0,0.0,azimuth_elevation
V01323,-94.84987036315943,360.62480792659267,0.0,12.305,9.752,-1.0174575804527823,3.868433800904336,140.0,0.0,azimuth_elevation
V01324,313.6509634682924,-201.91612891349692,0.0,12.305,9.752,3.36333104109484,-2.16517997127442,140.0,0.0,azimuth_elevation
V01325,-367.801332065218,-63.004207248811916,0.0,12.305,9.752,-3.942573692303406,-0.6753611483917946,140.0,0.0,azimuth_elevation
V01326,228.72885741893896,295.0097621839431,0.0,12.305,9.752,2.4509312393748943,3.1611605558491083,140.0,0.0,azimuth_elevation
V01328,-274.0804613153738,253.82700944767856,0.0,12.305,9.752,-2.934782161427245,2.717913476358,140.0,0.0,azimuth_elevation
V01329,373.6903057627184,-2.0261734787522774,0.0,12.305,9.752,3.9999412036983,-0.02168794496009245,140.0,0.0,azimuth_elevation
V01331,34.71346662396824,372.34946654312085,0.0,12.305,9.752,0.37130266126368483,3.9827295079804887,140.0,0.0,azimuth_elevation
V01336,-170.86627510704255,333.39970910461886,0.0,12.305,9.752,-1.8243540665381732,3.55973766447833,140.0,0.0,azimuth_elevation
V01337,351.3252092304704,-130.46665228772525,0.0,12.305,9.752,3.749790153733166,-1.3925063026664544,140.0,0.0,azimuth_elevation
V01338,-347.3091779940861,-141.16509795651413,0.0,12.305,9.752,-3.705603050836548,-1.5061560442500204,140.0,0.0,azimuth_elevation
V01339,160.79666843128126,338.8155566401882,0.0,12.305,9.752,1.7150025746647333,3.613691487785494,140.0,0.0,azimuth_elevation
V01344,-46.26102662476637,372.844427899389,0.0,12.305,9.752,-0.4925270920411226,3.969561318786437,140.0,0.0,azimuth_elevation
V01346,-375.72792469518464,-13.49728136513747,0.0,12.305,9.752,-3.997421568676676,-0.14359945082939898,140.0,0.0,azimuth_elevation
V01347,268.02783712120447,263.84660037250626,0.0,12.305,9.752,2.8505742220046595,2.8061052376635,140.0,0.0,azimuth_elevation
V01349,-239.57350726642107,290.27415423365903,0.0,12.305,9.752,-2.546147258161239,3.0849852738316277,140.0,0.0,azimuth_elevation
V01350,372.8633569895454,-52.22802901208125,0.0,12.305,9.752,3.9613273575855352,-0.554874369604867,140.0,0.0,azimuth_elevation
V01351,-310.32709113022935,-213.4297226504554,0.0,12.305,9.752,-3.2957717605663754,-2.2666910910517153,140.0,0.0,azimuth_elevation
V01352,84.68575592433638,367.1290954739541,0.0,12.305,9.752,0.8990716933965479,3.8976493031227246,140.0,0.0,azimuth_elevation
V01357,-125.81608383317679,355.8472467912082,0.0,12.305,9.752,-1.3333812185660783,3.771219235999843,140.0,0.0,azimuth_elevation
V01358,333.26148421106177,-177.4655829772078,0.0,12.305,9.752,3.530615804635021,-1.8800936253446006,140.0,0.0,azimuth_elevation
V01359,-365.7415213904532,-94.2904530214839,0.0,12.305,9.752,-3.8733512110125514,-0.9985741815947395,140.0,0.0,azimuth_elevation
V01360,206.06653212711075,316.6929654051483,0.0,12.305,9.752,2.1815614691002425,3.3527286732655828,140.0,0.0,azimuth_elevation
V01362,-297.6737670337172,233.12824457786382,0.0,12.305,9.752,-3.149166619733633,2.4663230934237803,140.0,0.0,azimuth_elevation
V01365,3.898558679104813,378.4760907114551,0.0,12.305,9.752,0.041200508725813455,3.9997878091319707,140.0,0.0,azimuth_elevation
V01368,303.04870375947183,227.42412613815594,0.0,12.305,9.752,3.1993026009353995,2.4009295840669687,140.0,0.0,azimuth_elevation
V01370,-200.19880065574495,321.9957922333789,0.0,12.305,9.752,-2.112035174327503,3.396955610896821,140.0,0.0,azimuth_elevation
V01371,365.2527467951355,-102.23297393017883,0.0,12.305,9.752,3.851959552153845,-1.0781500862916769,140.0,0.0,azimuth_elevation
V01372,-338.50132966632304,-171.400991286898,0.0,12.305,9.752,-3.5685950124220036,-1.8069669718389432,140.0,0.0,azimuth_elevation
V01373,133.86724890228825,355.1637786589911,0.0,12.305,9.752,1.4107822490971662,3.7429525037906024,140.0,0.0,azimuth_elevation
V01378,-77.8102450579752,372.16772531214724,0.0,12.305,9.752,-0.8185926159292308,3.915342402542355,140.0,0.0,azimuth_elevation
V01379,308.8776354684882,-221.94178585249716,0.0,12.305,9.752,3.2483805104388854,-2.3341002676407894,140.0,0.0,azimuth_elevation
V01380,-377.8071827732878,-45.006473366744906,0.0,12.305,9.752,-3.9719167691783803,-0.47315661119715824,140.0,0.0,azimuth_elevation
V01381,248.2677843682212,288.49134691511006,0.0,12.305,9.752,2.6091551133801794,3.031882186748367,140.0,0.0,azimuth_elevation
V01383,-265.8656215389849,272.72737538371393,0.0,12.305,9.752,-2.792165957066415,2.8642292625066506,140.0,0.0,azimuth_elevation
V01384,380.3971681974,-21.518467124751265,0.0,12.305,9.752,3.993615346533625,-0.22591251388782896,140.0,0.0,azimuth_elevation
V01386,54.73034801511909,377.31980998371125,0.0,12.305,9.752,0.574192220015521,3.9585733913208747,140.0,0.0,azimuth_elevation
V01391,-156.60855249060015,348.3402234695254,0.0,12.305,9.752,-1.6401996616238113,3.648252330912588,140.0,0.0,azimuth_elevation
V01392,350.8992918004693,-151.11961161255368,0.0,12.305,9.752,3.67379122486442,-1.5821687761137184,140.0,0.0,azimuth_elevation
V01393,-360.9459942818888,-125.64131172452291,0.0,12.305,9.752,-3.7776789659207073,-1.3149683001655426,140.0,0.0,azimuth_elevation
V01394,181.34308539205668,336.5750070645313,0.0,12.305,9.752,1.8972945768176284,3.5214021765169647,140.0,0.0,azimuth_elevation
V01396,-319.65134256545105,210.21814668601914,0.0,12.305,9.752,-3.342046518104726,2.1978910507175002,140.0,0.0,azimuth_elevation
V01399,-27.6874353041831,381.9724544077448,0.0,12.305,9.752,-0.2891829877072816,3.989532955073901,140.0,0.0,azimuth_elevation
V01402,286.58103138567606,254.6404572135429,0.0,12.305,9.752,2.9901461827945637,2.6568827233280548,140.0,0.0,azimuth_elevation
V01404,-228.76685728033937,307.9558004163533,0.0,12.305,9.752,-2.3852939309130066,3.2109769328273874,140.0,0.0,azimuth_elevation
V01405,376.8350598357878,-72.5719482896678,0.0,12.305,9.752,3.927825262946884,-0.7564315592016502,140.0,0.0,azimuth_elevation
V01406,-326.99938755824905,-201.10457612031112,0.0,12.305,9.752,-3.4072182839406557,-2.0954387525242755,140.0,0.0,azimuth_elevation
V01407,105.31080080934508,369.29877502219585,0.0,12.305,9.752,1.0969281838476443,3.8466542032629745,140.0,0.0,azimuth_elevation
V01412,-109.5422501126757,368.74645142733505,0.0,12.305,9.752,-1.1390682564937578,3.834386979302985,140.0,0.0,azimuth_elevation
V01413,329.96946889319287,-197.97449229217432,0.0,12.305,9.752,3.4300046713073535,-2.0579280732838376,140.0,0.0,azimuth_elevation
V01414,-377.16674007976314,-76.93698835803501,0.0,12.305,9.752,-3.9192891360768516,-0.7994827501766156,140.0,0.0,azimuth_elevation
V01415,226.21735224259317,311.6088245611002,0.0,12.305,9.752,2.3499189949597277,3.236955470365242,140.0,0.0,azimuth_elevation
V01417,-290.8350067247032,252.7646115725892,0.0,12.305,9.752,-3.0191179289863252,2.6239144290302843,140.0,0.0,azimuth_elevation
V01420,23.662806611286,384.98820966787656,0.0,12.305,9.752,0.24539178833028125,3.992465763186964,140.0,0.0,azimuth_elevation
V01425,-186.98270384362888,338.1047448104297,0.0,12.305,9.752,-1.9358177535454093,3.5003727837272427,140.0,0.0,azimuth_elevation
V01426,366.384725745656,-123.04423082891965,0.0,12.305,9.752,3.7918796068008134,-1.2734398484137797,140.0,0.0,azimuth_elevation
V01427,-353.3944619451457,-156.812959497935,0.0,12.305,9.752,-3.656210269404154,-1.6223829590770507,140.0,0.0,azimuth_elevation
V01428,154.70832445753717,354.4623877699035,0.0,12.305,9.752,1.6000717219371414,3.666029253109843,140.0,0.0,azimuth_elevation
V01433,-59.81395869791918,382.75584952405836,0.0,12.305,9.752,-0.6175917544286832,3.9520349726263433,140.0,0.0,azimuth_elevation
V01435,-386.77780086083277,-26.139677910371876,0.0,12.305,9.752,-3.9908961989255327,-0.26971749925010996,140.0,0.0,azimuth_elevation
V01436,267.63008041696776,280.632838520383,0.0,12.305,9.752,2.7605710997928186,2.8946929375995425,140.0,0.0,azimuth_elevation
V01438,-256.3313486306739,291.33398310046135,0.0,12.305,9.752,-2.642264347600507,3.0030716137646913,140.0,0.0,azimuth_elevation
V01439,385.9325047937494,-41.68515015713199,0.0,12.305,9.752,3.9768692256468694,-0.42954762495312865,140.0,0.0,azimuth_elevation
V01440,-312.8365990918517,-230.0328504119446,0.0,12.305,9.752,-3.2225748507583605,-2.3696015131788997,140.0,0.0,azimuth_elevation
V01441,75.31605188628001,381.0638297296966,0.0,12.305,9.752,0.7755835788073427,3.9240884434839636,140.0,0.0,azimuth_elevation
V01446,-141.2134279035292,362.54988316055864,0.0,12.305,9.752,-1.4517655974163222,3.727247865403967,140.0,0.0,azimuth_elevation
V01447,349.14091925808106,-172.00165260724145,0.0,12.305,9.752,3.588206527186934,-1.7677030062352348,140.0,0.0,azimuth_elevation
V01448,-373.75476801789654,-109.0487202304013,0.0,12.305,9.752,-3.8398980451139546,-1.1203495004372657,140.0,0.0,azimuth_elevation
V01449,202.00057839972686,332.9869611954435,0.0,12.305,9.752,2.0746360997346978,3.419924714621303,140.0,0.0,azimuth_elevation
V01451,-314.2595160721051,230.49101188143172,0.0,12.305,9.752,-3.225453398100369,2.3656817995416843,140.0,0.0,azimuth_elevation
V01454,-8.298069284251753,390.02204046201507,0.0,12.305,9.752,-0.08508433824719017,3.9990949795403754,140.0,0.0,azimuth_elevation
V01457,304.77376753768027,244.13090877823734,0.0,12.305,9.752,3.1219161623998493,2.500727789053939,140.0,0.0,azimuth_elevation
V01459,-216.69346608400016,325.16379219787416,0.0,12.305,9.752,-2.21821682153805,3.328590412268477,140.0,0.0,azimuth_elevation
V01460,379.5526057555591,-93.42199668260747,0.0,12.305,9.752,3.8840745660912868,-0.956015044360068,140.0,0.0,azimuth_elevation
V01461,-343.08848862434337,-187.55916126242357,0.0,12.305,9.752,-3.509774588804499,-1.9187189308969177,140.0,0.0,azimuth_elevation
V01462,126.32979892239786,370.17459651389714,0.0,12.305,9.752,1.2919225356178623,3.7856222952062604,140.0,0.0,azimuth_elevation
V01467,-92.24246947408838,380.7640697667282,0.0,12.305,9.752,-0.9417832025697755,3.887549922426388,140.0,0.0,azimuth_elevation
V01468,325.3254017452673,-218.52604645506327,0.0,12.305,9.752,3.3204438645280425,-2.230392912138594,140.0,0.0,azimuth_elevation
V01469,-387.6235540784965,-58.63898296828515,0.0,12.305,9.752,-3.9550007316483997,-0.5983052838314386,140.0,0.0,azimuth_elevation
V01470,246.2918082693001,305.1740408020288,0.0,12.305,9.752,2.5121450400609984,3.1127363039128335,140.0,0.0,azimuth_elevation
V01472,-282.65746669923226,272.20618383712815,0.0,12.305,9.752,-2.881191663085122,2.7746593665833625,140.0,0.0,azimuth_elevation
V01473,392.4231913769191,-9.787178835289872,0.0,12.305,9.752,3.9987565361465736,-0.09973045986586576,140.0,0.0,azimuth_elevation
V01475,44.08625426522011,390.318782772316,0.0,12.305,9.752,0.4489427841498195,3.9747264530480346,140.0,0.0,azimuth_elevation
V01480,-172.57681306780887,353.5690789525557,0.0,12.305,9.752,-1.754549337672535,3.594656676467569,140.0,0.0,azimuth_elevation
V01481,366.2038370474396,-144.18356262671657,0.0,12.305,9.752,3.7219057728088822,-1.465406912202859,140.0,0.0,azimuth_elevation
V01482,-367.54085037087657,-141.09632634711983,0.0,12.305,9.752,-3.7342856303460903,-1.4335657749090913,140.0,0.0,azimuth_elevation
V01483,175.76082706488037,352.42429211033283,0.0,12.305,9.752,1.7851862385357042,3.57954048639525,140.0,0.0,azimuth_elevation
V01488,-40.92287773624147,392.32839315780427,0.0,12.305,9.752,-0.4149794535692326,3.978415771775919,140.0,0.0,azimuth_elevation
V01490,-394.6580536125961,-6.470758743550608,0.0,12.305,9.752,-3.999462459834003,-0.06557463212666924,140.0,0.0,azimuth_elevation
V01491,286.72988344654505,271.4463555451255,0.0,12.305,9.752,2.9047841193728265,2.749950766802823,140.0,0.0,azimuth_elevation
V01493,-245.49722467880318,309.562372834628,0.0,12.305,9.752,-2.4854684609105,3.134078258406958,140.0,0.0,azimuth_elevation
V01494,390.2537090613676,-62.45072108347086,0.0,12.305,9.752,3.9497465355305823,-0.6320619471730314,140.0,0.0,azimuth_elevation
V01495,-330.05171320110986,-217.6332157852112,0.0,12.305,9.752,-3.3393718822853433,-2.2019526406810033,140.0,0.0,azimuth_elevation
V01496,96.3916499150465,383.5456945745254,0.0,12.305,9.752,0.9749512611234884,3.879364643654128,140.0,0.0,azimuth_elevation
V01501,-124.72826278222219,375.9561283758105,0.0,12.305,9.752,-1.2595435418588805,3.7965181503795797,140.0,0.0,azimuth_elevation
V01502,346.0360054778977,-193.02728541038007,0.0,12.305,9.752,3.49325937092039,-1.9486248914239188,140.0,0.0,azimuth_elevation
V01503,-385.66737208434967,-91.44084486459947,0.0,12.305,9.752,-3.89209794448542,-0.9228074504100887,140.0,0.0,azimuth_elevation
V01504,222.6827654559225,328.0448688348937,0.0,12.305,9.752,2.2465644184719182,3.309523880206325,140.0,0.0,azimuth_elevation
V01506,-307.5166155143941,250.6694659957057,0.0,12.305,9.752,-3.1004443261038843,2.527299938814194,140.0,0.0,azimuth_elevation
V01509,11.83771597024506,396.9413287635943,0.0,12.305,9.752,0.11923631587940556,3.9982224426581756,140.0,0.0,azimuth_elevation
V01514,-203.3840260232945,341.81718499595047,0.0,12.305,9.752,-2.045351872757573,3.437518831454904,140.0,0.0,azimuth_elevation
V01515,380.9839548361009,-114.69776003673233,0.0,12.305,9.752,3.830189422679642,-1.1531040657256357,140.0,0.0,azimuth_elevation
V01516,-358.5164572405805,-172.83113112996458,0.0,12.305,9.752,-3.6031730820999077,-1.7369927289515783,140.0,0.0,azimuth_elevation
V01517,147.65985229385436,369.7316838202497,0.0,12.305,9.752,1.4835459634603896,3.71471282528009,140.0,0.0,azimuth_elevation
V01522,-73.97333104068554,391.83465428002296,0.0,12.305,9.752,-0.7420408190113029,3.9305693509873394,140.0,0.0,azimuth_elevation
V01524,-397.0517278083489,-39.458528158115485,0.0,12.305,9.752,-3.9803928179360795,-0.39556670097832247,140.0,0.0,azimuth_elevation
V01525,266.2035484251637,297.393713460543,0.0,12.305,9.752,2.667816319228628,2.9803952903696205,140.0,0.0,azimuth_elevation
V01527,-273.1537824755713,291.3673988614517,0.0,12.305,9.752,-2.7357477034758273,2.918164577765746,140.0,0.0,azimuth_elevation
V01528,398.3561340046179,-30.342058283757233,0.0,12.305,9.752,3.9884470641558494,-0.30379271950885617,140.0,0.0,azimuth_elevation
V01530,65.09332050518977,394.42579736321585,0.0,12.305,9.752,0.6513223846793675,3.9466161646675975,140.0,0.0,azimuth_elevation
V01535,-157.02235574796774,368.31281513865173,0.0,12.305,9.752,-1.5687028978225142,3.679561280691388,140.0,0.0,azimuth_elevation
V01536,364.6891626311828,-165.56710017200487,0.0,12.305,9.752,3.6422206280531277,-1.653550391304807,140.0,0.0,azimuth_elevation
V01537,-380.8684249404503,-124.29880483488381,0.0,12.305,9.752,-3.8026173786194275,-1.241008086928328,140.0,0.0,azimuth_elevation
V01538,196.93938980949466,349.03599634058367,0.0,12.305,9.752,1.9656427924135895,3.483711872792081,140.0,0.0,azimuth_elevation
V01543,-21.201781099494195,400.82818573325045,0.0,12.305,9.752,-0.21128437558605864,3.9944159664002457,140.0,0.0,azimuth_elevation
V01546,305.48242785272083,260.9485318471963,0.0,12.305,9.752,3.0414178870825874,2.5980333400736204,140.0,0.0,azimuth_elevation
V01548,-233.38723620350385,327.3295708873396,0.0,12.305,9.752,-2.3221874136373284,3.256907369874737,140.0,0.0,azimuth_elevation
V01549,393.3224265177345,-83.73779790632979,0.0,12.305,9.752,3.9123180455405615,-0.8329270739612686,140.0,0.0,azimuth_elevation
V01550,-346.6952512928444,-204.00307039599053,0.0,12.305,9.752,-3.4474557222143005,-2.0285583657789776,140.0,0.0,azimuth_elevation
V01551,117.87671005311007,384.7339746201978,0.0,12.305,9.752,1.171775070687133,3.8245186865429432,140.0,0.0,azimuth_elevation
V01556,-107.20405569220469,388.4893054424313,0.0,12.305,9.752,-1.0640350466396953,3.8558824436855517,140.0,0.0,azimuth_elevation
V01557,341.5751101294979,-214.11070533726573,0.0,12.305,9.752,3.3891974950997175,-2.1244623647430907,140.0,0.0,azimuth_elevation
V01558,-396.61889239219755,-72.87457854139818,0.0,12.305,9.752,-3.9341424624553745,-0.7228575828650916,140.0,0.0,azimuth_elevation
V01559,243.3033555325828,321.7468371042451,0.0,12.305,9.752,2.41263093238229,3.1904877345183706,140.0,0.0,azimuth_elevation
V01561,-299.42830821979993,270.667394114305,0.0,12.305,9.752,-2.9673454796235434,2.682323769524799,140.0,0.0,azimuth_elevation
V01564,32.648136391753,402.6824421180361,0.0,12.305,9.752,0.3232458549495573,3.986917621077457,140.0,0.0,azimuth_elevation
V01569,-188.8734203613086,357.83708734705016,0.0,12.305,9.752,-1.867150129102588,3.537477971011578,140.0,0.0,azimuth_elevation
V01570,381.1015448697948,-136.3175062046537,0.0,12.305,9.752,3.7663104314824314,-1.3471843725736372,140.0,0.0,azimuth_elevation
V01571,-373.2077675260411,-156.96213638399698,0.0,12.305,9.752,-3.687170065611168,-1.5507343122730382,140.0,0.0,azimuth_elevation
V01572,169.21713964497485,367.94973794035116,0.0,12.305,9.752,1.6712984776449233,3.6341108126502912,140.0,0.0,azimuth_elevation
V01577,-54.794665238603145,401.89612421792447,0.0,12.305,9.752,-0.5403622797772087,3.96333301737237,140.0,0.0,azimuth_elevation
V01579,-405.39466329135564,-19.460651964627118,0.0,12.305,9.752,-3.9953991411290044,-0.19179599335130076,140.0,0.0,azimuth_elevation
V01580,285.8669188391274,288.27756540081936,0.0,12.305,9.752,2.8165266501823307,2.84027773797083,140.0,0.0,azimuth_elevation
V01582,-262.3411363006658,310.16379254270714,0.0,12.305,9.752,-2.583165547002765,3.054055624375218,140.0,0.0,azimuth_elevation
V01583,403.0772579389346,-51.51188340984586,0.0,12.305,9.752,3.967730813684275,-0.5070623138632177,140.0,0.0,azimuth_elevation
V01585,86.60652651934649,397.27151869251054,0.0,12.305,9.752,0.8520025348526277,3.90820824427316,140.0,0.0,azimuth_elevation
V01590,-140.36446181925345,382.2625640292172,0.0,12.305,9.752,-1.3787633502313446,3.754865060699098,140.0,0.0,azimuth_elevation
V01591,361.82441232518977,-187.11024730230844,0.0,12.305,9.752,3.5530320894595357,-1.837379375978408,140.0,0.0,azimuth_elevation
V01592,-393.30803696490534,-106.47177118284742,0.0,12.305,9.752,-3.861027220930758,-1.0452123225602084,140.0,0.0,azimuth_elevation
V01593,218.1583246402573,344.28868031080566,0.0,12.305,9.752,2.1409705307956077,3.378793451258123,140.0,0.0,azimuth_elevation
V01595,-324.09325838887213,247.57202965376317,0.0,12.305,9.752,-3.1786802889545966,2.428166308268757,140.0,0.0,azimuth_elevation
V01598,-0.7182330405953156,408.2018301542748,0.0,12.305,9.752,-0.007038007924198937,3.9999938083007653,140.0,0.0,azimuth_elevation
V01601,323.8042465558859,249.16051033896815,0.0,12.305,9.752,3.170115893904677,2.4393370450212393,140.0,0.0,azimuth_elevation
V01603,-220.0297498721496,344.5542906004789,0.0,12.305,9.752,-2.1528472436975568,3.371238458683074,140.0,0.0,azimuth_elevation
V01604,395.1046724928188,-105.4672829570497,0.0,12.305,9.752,3.8646814152408644,-1.0316189018682582,140.0,0.0,azimuth_elevation
V01605,-362.6887309074365,-189.17778535745978,0.0,12.305,9.752,-3.546544354875033,-1.8498711141331001,140.0,0.0,azimuth_elevation
V01606,139.68947148821195,384.6017440877563,0.0,12.305,9.752,1.3655414487775488,3.7596936779038943,140.0,0.0,azimuth_elevation
V01611,-88.69534875048154,400.082847807839,0.0,12.305,9.752,-0.8657502385209641,3.9051858501870167,140.0,0.0,azimuth_elevation
V01613,-406.54780009301857,-53.41007619847597,0.0,12.305,9.752,-3.9659218951779764,-0.521021613129367,140.0,0.0,azimuth_elevation
V01614,263.77634971090777,314.0956658936714,0.0,12.305,9.752,2.5724023356242647,3.0631268703197434,140.0,0.0,azimuth_elevation
V01616,-290.0049123820129,290.39938153222886,0.0,12.305,9.752,-2.826504144251877,2.830348798739647,140.0,0.0,azimuth_elevation
V01617,410.12461720999517,-18.24139134920744,0.0,12.305,9.752,3.996049332654122,-0.17773500216486537,140.0,0.0,azimuth_elevation
V01619,54.059131144645434,407.20162123926525,0.0,12.305,9.752,0.5264119710167144,3.9652100116854214,140.0,0.0,azimuth_elevation
V01624,-173.200668145494,373.1468592309929,0.0,12.305,9.752,-1.6840765600282928,3.628207014485705,140.0,0.0,azimuth_elevation
V01625,379.88238459854756,-158.1983687391283,0.0,12.305,9.752,3.6926042675227286,-1.537749564614776,140.0,0.0,azimuth_elevation
V01626,-387.0894977386318,-139.99775262643954,0.0,12.305,9.752,-3.761546371832618,-1.360429672034856,140.0,0.0,azimuth_elevation
V01627,190.91710794090602,364.81311365613004,0.0,12.305,9.752,1.8546901885528662,3.544026566560377,140.0,0.0,azimuth_elevation
V01632,-34.769422230140336,410.8899332884443,0.0,12.305,9.752,-0.337273810697777,3.9857554336182495,140.0,0.0,azimuth_elevation
V01635,305.19717106623045,277.83994812332156,0.0,12.305,9.752,2.9578880133654653,2.6927492457317483,140.0,0.0,azimuth_elevation
V01637,-250.2412437753451,328.5122066434796,0.0,12.305,9.752,-2.423843315708477,3.181977935325029,140.0,0.0,azimuth_elevation
V01638,406.54641037153726,-73.22066794298965,0.0,12.305,9.752,3.9366618382079723,-0.709008865668847,140.0,0.0,azimuth_elevation
V01639,-349.33714299041225,-220.69234360823734,0.0,12.305,9.752,-3.3817005303178322,-2.136375791673388,140.0,0.0,azimuth_elevation
V01640,108.54666922841707,398.8226054267945,0.0,12.305,9.752,1.0504596138666746,3.859602906988629,140.0,0.0,azimuth_elevation
V01645,-122.65207843739061,395.3477174020209,0.0,12.305,9.752,-1.1852262909922673,3.820371531558248,140.0,0.0,azimuth_elevation
V01646,357.5979898496126,-208.7278794399934,0.0,12.305,9.752,3.4545728704985215,-2.016414213998604,140.0,0.0,azimuth_elevation
V01647,-404.79364194434044,-87.67016277752141,0.0,12.305,9.752,-3.909362752526333,-0.8466893581235871,140.0,0.0,azimuth_elevation
V01648,239.33182633455675,338.17824723563393,0.0,12.305,9.752,2.3107119831645186,3.2650589781594905,140.0,0.0,azimuth_elevation
V01650,-316.1441946871676,268.1374613246016,0.0,12.305,9.752,-3.0505415310178576,2.5873145088170526,140.0,0.0,azimuth_elevation
V01653,20.457564126953862,414.39985288365096,0.0,12.305,9.752,0.1972267235239257,3.9951347436010236,140.0,0.0,azimuth_elevation
V01658,-205.45746802490382,361.1571386983727,0.0,12.305,9.752,-1.9778897986608903,3.4767732086452203,140.0,0.0,azimuth_elevation
V01659,395.5709386761096,-127.5585452837304,0.0,12.305,9.752,3.8069609395894743,-1.2276189980771837,140.0,0.0,azimuth_elevation
V01660,-377.9559344246164,-173.19688690393687,0.0,12.305,9.752,-3.636379235165274,-1.6663571220056093,140.0,0.0,azimuth_elevation
V01661,161.7470360303058,383.12667139656423,0.0,12.305,9.752,1.5557448142127697,3.685058761139376,140.0,0.0,azimuth_elevation
V01666,-69.26011354365843,410.67345503686937,0.0,12.305,9.752,-0.6652064883109111,3.944299725922089,140.0,0.0,azimuth_elevation
V01668,-415.3961199916473,-33.11062512072161,0.0,12.305,9.752,-3.987353322781669,-0.3178261778110547,140.0,0.0,azimuth_elevation
V01669,284.0162531145092,305.0988658890673,0.0,12.305,9.752,2.725461747747781,2.9277736014869062,140.0,0.0,azimuth_elevation
V01671,-279.2613962355725,309.7809267410739,0.0,12.305,9.752,-2.6782878075245624,2.970988795008368,140.0,0.0,azimuth_elevation
V01672,415.29234854798455,-39.795919859947034,0.0,12.305,9.752,3.981760171193121,-0.3815572553367705,140.0,0.0,azimuth_elevation
V01674,75.99453272656223,410.45935364621846,0.0,12.305,9.752,0.7282045568140597,3.933156254642731,140.0,0.0,azimuth_elevation
V01679,-156.40884903922927,387.6723125814166,0.0,12.305,9.752,-1.4966088467110166,3.709469228871743,140.0,0.0,azimuth_elevation
V01680,377.30813367026514,-180.2565456960199,0.0,12.305,9.752,3.609263247186028,-1.72430241329999,140.0,0.0,azimuth_elevation
V01681,-400.0915235976653,-121.98738764847306,0.0,12.305,9.752,-3.826107935822743,-1.1665753569462316,140.0,0.0,azimuth_elevation
V01682,212.6746777638877,360.3108816536444,0.0,12.305,9.752,2.0332425849023275,3.44469513759051,140.0,0.0,azimuth_elevation
V01687,-13.963531062848832,418.76123244667343,0.0,12.305,9.752,-0.1333053164408908,3.99777809446805,140.0,0.0,azimuth_elevation
V01690,324.11067737345235,266.0998286593246,0.0,12.305,9.752,3.091531564369625,2.5381947495230346,140.0,0.0,azimuth_elevation
V01692,-236.8803217087627,346.3310023476863,0.0,12.305,9.752,-2.2581967180496165,3.3015977317944025,140.0,0.0,azimuth_elevation
V01693,408.72778421395896,-95.39050482908361,0.0,12.305,9.752,3.895321203851368,-0.9091054497834296,140.0,0.0,azimuth_elevation
V01694,-365.9226371864533,-205.81222897221457,0.0,12.305,9.752,-3.486380533627541,-1.9609056006710122,140.0,0.0,azimuth_elevation
V01695,130.83301084949346,399.0502139731995,0.0,12.305,9.752,1.2461758014187096,3.800926975351991,140.0,0.0,azimuth_elevation
V01700,-103.93786520937476,407.50063825191467,0.0,12.305,9.752,-0.9885967029413731,3.875909771774034,140.0,0.0,azimuth_elevation
V01702,-415.2624798834165,-67.9523568470963,0.0,12.305,9.752,-3.9474978548537463,-0.6459571858297356,140.0,0.0,azimuth_elevation
V01703,260.3741875598729,330.70535594776226,0.0,12.305,9.752,2.4744242549136133,3.1428052129737867,140.0,0.0,azimuth_elevation
V01705,-306.84927269737955,288.4525504222301,0.0,12.305,9.752,-2.914443206500445,2.7397118089469563,140.0,0.0,azimuth_elevation
V01706,421.22705613173866,-5.423760926613237,0.0,12.305,9.752,3.999668453417565,-0.051500123653664895,140.0,0.0,azimuth_elevation
V01708,42.252935036663075,419.37684661982416,0.0,12.305,9.752,0.40097684495053926,3.9798514507219376,140.0,0.0,azimuth_elevation
V01713,-189.7073653320066,377.0608247203474,0.0,12.305,9.752,-1.7977715828621805,3.5732362552528216,140.0,0.0,azimuth_elevation
V01714,394.69628784293195,-149.92961803129293,0.0,12.305,9.752,3.739307224623488,-1.4204159531202776,140.0,0.0,azimuth_elevation
V01715,-392.4231123236771,-156.10397469058455,0.0,12.305,9.752,-3.7167259631584315,-1.4784952197366172,140.0,0.0,azimuth_elevation
V01716,183.96557333595203,380.2910961713073,0.0,12.305,9.752,1.7418888825329215,3.6008086759654714,140.0,0.0,azimuth_elevation
V01721,-48.95961850277695,420.2012681514212,0.0,12.305,9.752,-0.46292706091706337,3.9731220137658356,140.0,0.0,azimuth_elevation
V01723,-423.1095936774089,-12.042497172011316,0.0,12.305,9.752,-3.99838082572784,-0.11380146067584353,140.0,0.0,azimuth_elevation
V01724,303.9382951426173,294.76865970757353,0.0,12.305,9.752,2.871409801436226,2.7847810959240533,140.0,0.0,azimuth_elevation
V01726,-267.2173597153803,328.72866115801503,0.0,12.305,9.752,-2.5230832000574024,3.103876796135455,140.0,0.0,azimuth_elevation
V01727,419.20787813747273,-61.908843532065966,0.0,12.305,9.752,3.957081678897371,-0.5843839376084563,140.0,0.0,azimuth_elevation
V01729,98.37625298508962,412.42049276025756,0.0,12.305,9.752,0.9280970889339267,3.89083998559596,140.0,0.0,azimuth_elevation
V01734,-138.54500959149797,401.341911986889,0.0,12.305,9.752,-1.3052361356632554,3.7810525823054686,140.0,0.0,azimuth_elevation
V01735,373.36516904421705,-202.40751108736865,0.0,12.305,9.752,3.516504826420241,-1.9063561592113774,140.0,0.0,azimuth_elevation
V01736,-412.1467101449612,-102.98417022380343,0.0,12.305,9.752,-3.880686301567012,-0.9696771776370452,140.0,0.0,azimuth_elevation
V01737,234.40446004716645,354.43687605834174,0.0,12.305,9.752,2.2064897823011647,3.3363757043535367,140.0,0.0,azimuth_elevation
V01739,-332.77145942742294,264.64071075808243,0.0,12.305,9.752,-3.1306968898237284,2.4897262869737378,140.0,0.0,azimuth_elevation
V01742,7.554258453341527,425.4590264399383,0.0,12.305,9.752,0.07101100213683556,3.9993696300261523,140.0,0.0,azimuth_elevation
V01747,-222.28903814632284,363.54027771346415,0.0,12.305,9.752,-2.086657964212316,3.4126028981393826,140.0,0.0,azimuth_elevation
V01748,409.5900281197239,-117.94176047899133,0.0,12.305,9.752,3.8438167778668273,-1.10682996805719,140.0,0.0,azimuth_elevation
V01749,-381.7928018096558,-189.75986532017998,0.0,12.305,9.752,-3.5819637658555226,-1.7803189545972162,140.0,0.0,azimuth_elevation
V01750,153.38348231414957,397.93009103759033,0.0,12.305,9.752,1.4386404288241483,3.73233354840543,140.0,0.0,azimuth_elevation
V01755,-84.27807154231435,418.6568483341799,0.0,12.305,9.752,-0.7893876380341613,3.921334869265675,140.0,0.0,azimuth_elevation
V01757,-424.6552514751349,-47.38003160182484,0.0,12.305,9.752,-3.9753330246336778,-0.44353956222286406,140.0,0.0,azimuth_elevation
V01758,281.20002270952574,321.87543744150815,0.0,12.305,9.752,2.6316801829579157,3.0123511439781705,140.0,0.0,azimuth_elevation
V01760,-296.22138200420386,308.4327201246968,0.0,12.305,9.752,-2.770740427328718,2.8849605689447944,140.0,0.0,azimuth_elevation
V01761,426.8847520791455,-27.341514996914245,0.0,12.305,9.752,3.991820623994917,-0.25567187144626174,140.0,0.0,azimuth_elevation
V01763,64.59291197927257,423.0916044097754,0.0,12.305,9.752,0.6036807252913611,3.9541838072997684,140.0,0.0,azimuth_elevation
V01768,-172.82060770771352,392.1903715691355,0.0,12.305,9.752,-1.612962566279395,3.6603759041635855,140.0,0.0,azimuth_elevation
V01769,392.46043625383214,-172.4974086050331,0.0,12.305,9.752,3.661896794490281,-1.6095067152708007,140.0,0.0,azimuth_elevation
V01770,-406.0191859736541,-137.94662236275062,0.0,12.305,9.752,-3.787374895705484,-1.2867755823685327,140.0,0.0,azimuth_elevation
V01771,206.2605377385654,376.0820928624465,0.0,12.305,9.752,1.9234879609272841,3.507163250287588,140.0,0.0,azimuth_elevation
V01776,-27.858279422330845,428.6100398586427,0.0,12.305,9.752,-0.2594397500309366,3.9915775097201713,140.0,0.0,azimuth_elevation
V01779,323.45865583872325,283.1219665850857,0.0,12.305,9.752,3.0098656845527176,2.634522454061077,140.0,0.0,azimuth_elevation
V01781,-253.89699922456867,347.16057348834903,0.0,12.305,9.752,-2.361295286471039,3.2286660666736124,140.0,0.0,azimuth_elevation
V01782,421.83365784470413,-84.50334377619095,0.0,12.305,9.752,3.9220782476466853,-0.7856858273742162,140.0,0.0,azimuth_elevation
V01783,-368.22793312137935,-222.6947221403259,0.0,12.305,9.752,-3.4227415879336824,-2.069985512565055,140.0,0.0,azimuth_elevation
V01784,121.12448301329265,413.0543664153214,0.0,12.305,9.752,1.125568001645269,3.838371617453458,140.0,0.0,azimuth_elevation
V01789,-119.6600522140445,414.0869738401971,0.0,12.305,9.752,-1.1104577624305498,3.842770297306064,140.0,0.0,azimuth_elevation
V01791,-423.19110052471433,-83.04482185350928,0.0,12.305,9.752,-3.9251390615198933,-0.7702488868740611,140.0,0.0,azimuth_elevation
V01792,256.02098202899435,347.18972732629834,0.0,12.305,9.752,2.373979738843685,3.21935089723995,140.0,0.0,azimuth_elevation
V01794,-323.65183760533796,285.5477858689995,0.0,12.305,9.752,-2.9994772350808385,2.6463439527453367,140.0,0.0,azimuth_elevation
V01797,29.71254939457667,430.93632291612977,0.0,12.305,9.752,0.27514203663216547,3.9905258876090386,140.0,0.0,azimuth_elevation
V01802,-206.5024453867746,380.0620870979927,0.0,12.305,9.752,-1.9096746383790317,3.5147037962724417,140.0,0.0,azimuth_elevation
V01803,409.1063452949242,-140.79328193997839,0.0,12.305,9.752,3.7822829471817396,-1.3016665116143287,140.0,0.0,azimuth_elevation
V01804,-396.8730652655248,-172.5769975018295,0.0,12.305,9.752,-3.668200828298172,-1.5950870456726192,140.0,0.0,azimuth_elevation
V01805,176.1148985341158,395.4426538884217,0.0,12.305,9.752,1.6273513114757139,3.654001602221635,140.0,0.0,azimuth_elevation
V01810,-63.732397498839404,428.7552116406865,0.0,12.305,9.752,-0.588118878678106,3.956528299474478,140.0,0.0,azimuth_elevation
V01812,-432.9162887740736,-26.01801133989421,0.0,12.305,9.752,-3.992795633486798,-0.2399646415802893,140.0,0.0,azimuth_elevation
V01813,301.7244984870852,311.69869587907635,0.0,12.305,9.752,2.782069450308057,2.874037155929378,140.0,0.0,azimuth_elevation
V01815,-284.2781196074495,327.9943607936768,0.0,12.305,9.752,-2.6198081472002475,3.022681801292224,140.0,0.0,azimuth_elevation
V01816,431.28960755882304,-49.838984858806725,0.0,12.305,9.752,3.9735572136955333,-0.45917651234377066,140.0,0.0,azimuth_elevation
V01818,87.40042953339398,425.5072442595757,0.0,12.305,9.752,0.8048094633538286,3.9181987861383605,140.0,0.0,azimuth_elevation
V01823,-154.8424544565808,406.4733254444401,0.0,12.305,9.752,-1.4239449582652073,3.7379647879335485,140.0,0.0,azimuth_elevation
V01824,388.8478232787119,-195.17791968203682,0.0,12.305,9.752,3.5749316308625545,-1.794397903102429,140.0,0.0,azimuth_elevation
V01825,-418.6759483200357,-118.77626151011334,0.0,12.305,9.752,-3.84814169344524,-1.0916984506576906,140.0,0.0,azimuth_elevation
V01826,228.5468947264617,370.49152070039565,0.0,12.305,9.752,2.1000682155009684,3.4043668266276153,140.0,0.0,azimuth_elevation
V01831,-6.0234945973614575,435.84729838882276,0.0,12.305,9.752,-0.055275500983467986,3.999618059139025,140.0,0.0,azimuth_elevation
V01836,-239.32905605784305,364.99623686616525,0.0,12.305,9.752,-2.193346208760456,3.3450310026240615,140.0,0.0,azimuth_elevation
V01837,423.13656129781765,-107.50069996543378,0.0,12.305,9.752,3.876841209467031,-0.9849376815708745,140.0,0.0,azimuth_elevation
V01838,-384.7245978722145,-206.61131090059624,0.0,12.305,9.752,-3.523977897465217,-1.8925062161527044,140.0,0.0,azimuth_elevation
V01839,144.15790513785896,412.3348740844801,0.0,12.305,9.752,1.3201020477876955,3.775888052290048,140.0,0.0,azimuth_elevation
V01844,-99.80860798569859,425.8418623995968,0.0,12.305,9.752,-0.9127819487288094,3.894461338115303,140.0,0.0,azimuth_elevation
V01846,-433.1641002536838,-62.22951270431577,0.0,12.305,9.752,-3.959350228174329,-0.5688108390808746,140.0,0.0,azimuth_elevation
V01847,277.4389205430103,338.57288043777106,0.0,12.305,9.752,2.53527543459676,3.0939260609669086,140.0,0.0,azimuth_elevation
V01849,-313.1850161279166,306.1367270893131,0.0,12.305,9.752,-2.860431252285482,2.7960566966620166,140.0,0.0,azimuth_elevation
V01850,437.83970631572356,-14.185963955999753,0.0,12.305,9.752,3.9979021441179796,-0.12953164114169124,140.0,0.0,azimuth_elevation
V01852,52.4374853524419,435.1502730435917,0.0,12.305,9.752,0.4785551620780677,3.971269942581143,140.0,0.0,azimuth_elevation
V01857,-189.55989670788833,395.8206608555126,0.0,12.305,9.752,-1.7277085308734528,3.6076340213978324,140.0,0.0,azimuth_elevation
V01858,407.2545804815631,-163.86261525066058,0.0,12.305,9.752,3.7108802677577235,-1.4931067069591386,140.0,0.0,azimuth_elevation
V01859,-411.09139969110083,-154.30946536104506,0.0,12.305,9.752,-3.744866708566535,-1.4056931866769675,140.0,0.0,azimuth_elevation
V01860,198.94318373616156,391.5730578639443,0.0,12.305,9.752,1.8118160591403414,3.5661355229212983,140.0,0.0,azimuth_elevation
V01865,-42.363839387814494,437.7381124740265,0.0,12.305,9.752,-0.3853155814950752,3.9813982346227452,140.0,0.0,azimuth_elevation
V01867,-439.99371913920504,-3.934096853197121,0.0,12.305,9.752,-3.9998401174384717,-0.035763597830649536,140.0,0.0,azimuth_elevation
V01868,321.8635694381973,300.19009422114976,0.0,12.305,9.752,2.9251996566670315,2.7282241419346547,140.0,0.0,azimuth_elevation
V01870,-271.04175488278804,347.05506351306656,0.0,12.305,9.752,-2.4620401832576655,3.1525161595183873,140.0,0.0,azimuth_elevation
V01871,434.4023850062617,-72.8403590111391,0.0,12.305,9.752,3.9449258759700294,-0.6614830557936447,140.0,0.0,azimuth_elevation
V01873,110.59653154150327,426.59132341268884,0.0,12.305,9.752,1.0038382678657867,3.8719902804589035,140.0,0.0,azimuth_elevation
V01878,-135.8221445313619,419.83996362292845,0.0,12.305,9.752,-1.231211949369922,3.8058004592632964,140.0,0.0,azimuth_elevation
V01880,-430.32826101625847,-98.64805000973352,0.0,12.305,9.752,-3.8988678017820075,-0.8937728258497991,140.0,0.0,azimuth_elevation
V01881,250.73935533429207,363.5160597367654,0.0,12.305,9.752,2.271168907637959,3.2926876245672925,140.0,0.0,azimuth_elevation
V01883,-340.378030592273,281.70471471050257,0.0,12.305,9.752,-3.081521470503051,2.550338296545914,140.0,0.0,azimuth_elevation
V01886,16.4745340960059,441.8645038089386,0.0,12.305,9.752,0.14903297459388137,3.997222682373813,140.0,0.0,azimuth_elevation
V01891,-223.5467489690739,382.15703712656904,0.0,12.305,9.752,-2.019674184810567,3.452667981027103,140.0,0.0,azimuth_elevation
V01892,423.08798835455667,-130.82050340101335,0.0,12.305,9.752,3.821488598228312,-1.1816196061385453,140.0,0.0,azimuth_elevation
V01893,-400.4422551151899,-189.37726980358863,0.0,12.305,9.752,-3.6160193357196393,-1.7100889344422119,140.0,0.0,azimuth_elevation
V01894,167.39391539486743,410.2405722119351,0.0,12.305,9.752,1.5111916431510481,3.7035523241437316,140.0,0.0,azimuth_elevation
V01899,-79.04889428375327,436.5441813980757,0.0,12.305,9.752,-0.7127244763541608,3.9359908308843514,140.0,0.0,azimuth_elevation
V01901,-442.00865571358105,-40.60170284942495,0.0,12.305,9.752,-3.9832305367052627,-0.36588863259017257,140.0,0.0,azimuth_elevation
V01902,298.5733409562349,328.5945983582687,0.0,12.305,9.752,2.6899560118837336,2.960428457863922,140.0,0.0,azimuth_elevation
V01904,-301.38666876646386,326.3236520539903,0.0,12.305,9.752,-2.7139217444804684,2.9384738836402966,140.0,0.0,azimuth_elevation
V01905,442.77409963990925,-37.046547586350535,0.0,12.305,9.752,3.9860720202600572,-0.33351139305862515,140.0,0.0,azimuth_elevation
V01907,75.65295066391698,438.06230271029136,0.0,12.305,9.752,0.6807196267087386,3.941652038145112,140.0,0.0,azimuth_elevation
V01912,-171.50494746122686,410.7426237880868,0.0,12.305,9.752,-1.5412344332442671,3.6911510971216313,140.0,0.0,azimuth_elevation
V01913,404.0172945709251,-187.06623342439528,0.0,12.305,9.752,3.629795045656198,-1.6806510424623307,140.0,0.0,azimuth_elevation
V01914,-424.3785300212151,-135.00708595119232,0.0,12.305,9.752,-3.8117613676941247,-1.2126315498759774,140.0,0.0,azimuth_elevation
V01915,221.7836052761103,386.3112507172558,0.0,12.305,9.752,1.991553360740797,3.4689645733737375,140.0,0.0,azimuth_elevation
V01920,-20.23852120899142,445.5516269292182,0.0,12.305,9.752,-0.18150690706825742,3.9958797833126205,140.0,0.0,azimuth_elevation
V01925,-256.5391791006261,365.53385559531546,0.0,12.305,9.752,-2.297848188511593,3.274124875833845,140.0,0.0,azimuth_elevation
V01926,436.18822525991675,-96.2677627485137,0.0,12.305,9.752,3.9060013165826777,-0.8620636373576994,140.0,0.0,azimuth_elevation
V01928,134.10058899059504,426.31594156490974,0.0,12.305,9.752,1.2002478267659957,3.8156788589114132,140.0,0.0,azimuth_elevation
V01933,-115.81276769925717,432.22349871083816,0.0,12.305,9.752,-1.035266424471786,3.86370591923886,140.0,0.0,azimuth_elevation
V01935,-440.9142467044513,-77.62072566683625,0.0,12.305,9.752,-3.9394208645983557,-0.6935151415557851,140.0,0.0,azimuth_elevation
V01936,272.75261686732745,355.1572327744782,0.0,12.305,9.752,2.436343596164324,3.1724170409057333,140.0,0.0,azimuth_elevation
V01938,-330.11674672520803,302.9095302752372,0.0,12.305,9.752,-2.9472708811421784,2.7043657950010025,140.0,0.0,azimuth_elevation
V01939,448.1421832572569,-0.3654933914085793,0.0,12.305,9.752,3.999998669676738,-0.003262297400311249,140.0,0.0,azimuth_elevation
V01941,39.56299297932442,446.6171958025328,0.0,12.305,9.752,0.35295258876026053,3.9843976295153363,140.0,0.0,azimuth_elevation
V01946,-206.58769135557083,398.56640071683836,0.0,12.305,9.752,-1.8407323649928378,3.5512961521770996,140.0,0.0,azimuth_elevation
V01947,421.663957979549,-154.38088139734506,0.0,12.305,9.752,3.7561648416617697,-1.3752184125672595,140.0,0.0,azimuth_elevation
V01948,-415.30792267489255,-171.03677780952682,0.0,12.305,9.752,-3.6986257453529885,-1.5232096361998406,140.0,0.0,azimuth_elevation
V01949,190.7488550452782,406.75474711294453,0.0,12.305,9.752,1.6983381909022641,3.621553173615269,140.0,0.0,azimuth_elevation
V01954,-57.44255817925244,446.13495997267825,0.0,12.305,9.752,-0.5108073413994624,3.967250415586646,140.0,0.0,azimuth_elevation
V01956,-449.6714257268664,-18.22796984766245,0.0,12.305,9.752,-3.9967176778789613,-0.16201173824695733,140.0,0.0,azimuth_elevation
V01957,319.3399402246358,317.267950756653,0.0,12.305,9.752,2.8376178733898634,2.8192064139786552,140.0,0.0,azimuth_elevation
V01959,-288.27720286826667,346.0257278100116,0.0,12.305,9.752,-2.5603309887749948,3.073223914380216,140.0,0.0,azimuth_elevation
V01960,446.41398981106425,-60.43508667129553,0.0,12.305,9.752,3.963841314958172,-0.5366209368172938,140.0,0.0,azimuth_elevation
V01962,99.28078196183478,439.6382334750319,0.0,12.305,9.752,0.8811079368024053,3.90174945424534,140.0,0.0,azimuth_elevation
V01967,-152.38524115632003,424.757210977907,0.0,12.305,9.752,-1.3507388994363345,3.765037108123839,140.0,0.0,azimuth_elevation
V01968,399.381826379925,-210.3197726259599,0.0,12.305,9.752,3.539238850925391,-1.8638101716913973,140.0,0.0,azimuth_elevation
V01969,-436.6681391160187,-114.72352104495974,0.0,12.305,9.752,-3.8687102620810405,-1.0164058776241145,140.0,0.0,azimuth_elevation
V01970,244.55101446664364,379.65201345881917,0.0,12.305,9.752,2.1660942401968604,3.3627422950006123,140.0,0.0,azimuth_elevation
V01975,2.5744870138423983,452.14568671680985,0.0,12.305,9.752,0.022775360747111225,3.999935159842324,140.0,0.0,azimuth_elevation
V01980,-240.80183980278,383.35143660562477,0.0,12.305,9.752,-2.1276605777505155,3.387190645045883,140.0,0.0,azimuth_elevation
V01981,436.6167586048114,-120.04147660466296,0.0,12.305,9.752,3.856885098689771,-1.0603948960197775,140.0,0.0,azimuth_elevation
V01982,-403.1330245080259,-206.46601306513213,0.0,12.305,9.752,-3.5602334984445165,-1.823386255447133,140.0,0.0,azimuth_elevation
V01983,157.83052748376355,424.65783237118916,0.0,12.305,9.752,1.393525662198786,3.749411450987133,140.0,0.0,azimuth_elevation
V01988,-94.87112138028517,443.56027812242974,0.0,12.305,9.752,-0.8366196506441607,3.9115300791577767,140.0,0.0,azimuth_elevation
V01990,-450.3754752729152,-55.756446019233884,0.0,12.305,9.752,-3.969695069598702,-0.4914479162675884,140.0,0.0,azimuth_elevation
V01991,294.5016085221659,345.4214130274164,0.0,12.305,9.752,2.595161302207849,3.0438688893450823,140.0,0.0,azimuth_elevation
V01993,-318.5067221521267,323.7301622399556,0.0,12.305,9.752,-2.805330182152014,2.8513369792269287,140.0,0.0,azimuth_elevation
V01994,453.64379208969996,-23.566075160642338,0.0,12.305,9.752,3.9946136241893466,-0.20751383915501273,140.0,0.0,azimuth_elevation
V01996,63.16666008252835,450.06513201315465,0.0,12.305,9.752,0.5559512682039183,3.961176364084596,140.0,0.0,azimuth_elevation
V02001,-188.49379350937014,414.15002089634976,0.0,12.305,9.752,-1.656987649801436,3.6406581724195854,140.0,0.0,azimuth_elevation
V02002,418.84518895322554,-178.098730177216,0.0,12.305,9.752,3.6810403845163284,-1.5652289569132947,140.0,0.0,azimuth_elevation
V02003,-429.2512523988197,-151.6380965128643,0.0,12.305,9.752,-3.771581587183208,-1.3323559326323398,140.0,0.0,azimuth_elevation
V02004,214.13824977975545,401.8654749804505,0.0,12.305,9.752,1.8810533825288378,3.5301045554029726,140.0,0.0,azimuth_elevation
V02009,-35.05450646731068,454.55883180984756,0.0,12.305,9.752,-0.3075573922570427,3.9881585287533454,140.0,0.0,azimuth_elevation
V02012,339.6552926670294,304.61078799555764,0.0,12.305,9.752,2.9778757352597687,2.670628410196951,140.0,0.0,azimuth_elevation
V02014,-273.88171187130695,365.16141349058563,0.0,12.305,9.752,-2.4000597388769274,3.19995519497102,140.0,0.0,azimuth_elevation
V02015,448.7228080955044,-84.27450085811932,0.0,12.305,9.752,3.9312680332516248,-0.7383303127556808,140.0,0.0,azimuth_elevation
V02017,123.24098986571765,439.8483925364717,0.0,12.305,9.752,1.0791972330235384,3.8516663059297254,140.0,0.0,azimuth_elevation
V02022,-132.25238112633116,437.796479755623,0.0,12.305,9.752,-1.1567189762358026,3.8290992687596903,140.0,0.0,azimuth_elevation
V02024,-447.89706776354717,-93.5161306343266,0.0,12.305,9.752,-3.91556479892637,-0.8175281679604031,140.0,0.0,azimuth_elevation
V02025,267.16009307518635,371.5949874097574,0.0,12.305,9.752,2.3349832800831725,3.2477458462342814,140.0,0.0,azimuth_elevation
V02027,-346.98153572600194,298.76707292676224,0.0,12.305,9.752,-3.0311727546443583,2.609979258825965,140.0,0.0,azimuth_elevation
V02030,26.003363042518828,457.4742343678811,0.0,12.305,9.752,0.2269982023958996,3.9935537827991037,140.0,0.0,azimuth_elevation
V02035,-223.86566033645278,400.4304135828396,0.0,12.305,9.752,-1.9519214097173614,3.4914184524755822,140.0,0.0,azimuth_elevation
V02036,435.6622043249611,-144.08016422365648,0.0,12.305,9.752,3.7977053778326146,-1.2559593397802498,140.0,0.0,azimuth_elevation
V02037,-418.6681834747366,-188.09014367043335,0.0,12.305,9.752,-3.6486980977323644,-1.6392077939066254,140.0,0.0,azimuth_elevation
V02038,181.70306307812203,421.5984426774226,0.0,12.305,9.752,1.5831674677113217,3.6733609636381397,140.0,0.0,azimuth_elevation
V02043,-73.05755388030407,453.7899776559928,0.0,12.305,9.752,-0.635789943152642,3.9491481547526117,140.0,0.0,azimuth_elevation
V02045,-458.6571430317302,-33.12061512066154,0.0,12.305,9.752,-3.9896114243971987,-0.2880983899978474,140.0,0.0,azimuth_elevation
V02046,315.9017405741601,334.31981739378847,0.0,12.305,9.752,2.7472076337416214,2.907378581662829,140.0,0.0,azimuth_elevation
V02048,-305.56654466697154,344.0833282510033,0.0,12.305,9.752,-2.656069729555328,2.9908683675046426,140.0,0.0,azimuth_elevation
V02049,457.84859805261834,-47.32030495730013,0.0,12.305,9.752,3.9788057102433787,-0.41122392942857916,140.0,0.0,azimuth_elevation
V02051,87.20811933503813,452.1724161446005,0.0,12.305,9.752,0.7574993425334152,3.9276194757208143,140.0,0.0,azimuth_elevation
V02056,-169.3111503833789,428.83608098649637,0.0,12.305,9.752,-1.4689194715830247,3.7205208756307555,140.0,0.0,azimuth_elevation
V02057,414.61716790731816,-201.8899553631006,0.0,12.305,9.752,3.5963112438337346,-1.7511554578263624,140.0,0.0,azimuth_elevation
V02058,-442.20474281064594,-131.23343871045395,0.0,12.305,9.752,-3.834696502590415,-1.1380258050768606,140.0,0.0,azimuth_elevation
V02059,237.47705536299048,395.5656686014639,0.0,12.305,9.752,2.0588604719389423,3.429445080051196,140.0,0.0,azimuth_elevation
V02064,-11.952723166085843,461.76420650469964,0.0,12.305,9.752,-0.10350495492814435,3.9986606162945764,140.0,0.0,azimuth_elevation
V02069,-258.22991309097256,383.6507030946624,0.0,12.305,9.752,-2.2335261794557555,3.318337054261634,140.0,0.0,azimuth_elevation
V02070,449.6684322449198,-108.48571814942238,0.0,12.305,9.752,3.88843716634638,-0.9381132145834722,140.0,0.0,azimuth_elevation
V02072,147.45198969971594,438.66771106795045,0.0,12.305,9.752,1.274470654704878,3.791533271685232,140.0,0.0,azimuth_elevation
V02077,-111.16178837207985,449.7955166583155,0.0,12.305,9.752,-0.9596809063874543,3.883170426071376,140.0,0.0,azimuth_elevation
V02079,-458.00550846974033,-71.44581311297829,0.0,12.305,9.752,-3.9522027239329947,-0.6165173387153182,140.0,0.0,azimuth_elevation
V02080,289.525604235906,362.1446872340302,0.0,12.305,9.752,2.4977798099369957,3.1242752793361706,140.0,0.0,azimuth_elevation
V02082,-335.602536282524,320.2270876124272,0.0,12.305,9.752,-2.8939423468974192,2.7613579436273485,140.0,0.0,azimuth_elevation
V02083,463.88123278858404,-9.43142971894889,0.0,12.305,9.752,3.999173511457286,-0.08130944138535898,140.0,0.0,azimuth_elevation
V02085,49.97373743480156,461.49536895487637,0.0,12.305,9.752,0.43062875336503087,3.9767523026680047,140.0,0.0,azimuth_elevation
V02090,-205.77094485961032,416.6955342352294,0.0,12.305,9.752,-1.771089228439629,3.5865363437312494,140.0,0.0,azimuth_elevation
V02091,433.3034581749137,-168.3011085336658,0.0,12.305,9.752,3.7286165675571357,-1.448246695883834,140.0,0.0,azimuth_elevation
V02092,-433.2907789219095,-168.63140544170577,0.0,12.305,9.752,-3.727642401969035,-1.4507522610847534,140.0,0.0,azimuth_elevation
V02093,205.63394531986395,417.1239989885348,0.0,12.305,9.752,1.7686784240780085,3.587725830132639,140.0,0.0,azimuth_elevation
V02098,-50.435794723250545,462.8557881356072,0.0,12.305,9.752,-0.4333013130297481,3.976461991787007,140.0,0.0,azimuth_elevation
V02100,-465.7082438420276,-9.781698092590982,0.0,12.305,9.752,-3.9991179626303266,-0.08399714856749804,140.0,0.0,azimuth_elevation
V02101,336.86915587780885,321.8684852826889,0.0,12.305,9.752,2.892085866805854,2.763302252563377,140.0,0.0,azimuth_elevation
V02103,-291.3195423698838,363.8868975841278,0.0,12.305,9.752,-2.49987897831099,3.122595890248817,140.0,0.0,azimuth_elevation
V02104,460.7183320354582,-71.5518590007648,0.0,12.305,9.752,3.952616174333027,-0.6138610416054655,140.0,0.0,azimuth_elevation
V02106,111.60798443290986,452.90761509476005,0.0,12.305,9.752,0.9570709263315434,3.883814522086615,140.0,0.0,azimuth_elevation
V02111,-149.0899153373126,442.55547352248726,0.0,12.305,9.752,-1.2770185435963712,3.790675881595656,140.0,0.0,azimuth_elevation
V02113,-454.1039464422294,-109.87882337189848,0.0,12.305,9.752,-3.8878058102012565,-0.9407263056624654,140.0,0.0,azimuth_elevation
V02114,260.6799085378415,387.8531104486628,0.0,12.305,9.752,2.2312955194214763,3.3198373913506134,140.0,0.0,azimuth_elevation
V02119,11.79192469462291,467.7034322217406,0.0,12.305,9.752,0.10081755070924377,3.9987292758411375,140.0,0.0,azimuth_elevation
V02124,-241.3560709642554,401.4153671805519,0.0,12.305,9.752,-2.06116483498266,3.4280606066741153,140.0,0.0,azimuth_elevation
V02125,449.22329316097336,-132.98790502000625,0.0,12.305,9.752,3.8354604698537664,-1.135448362625587,140.0,0.0,azimuth_elevation
V02126,-421.17151401463894,-205.43175456247465,0.0,12.305,9.752,-3.5951335321577464,-1.7535720361464957,140.0,0.0,azimuth_elevation
V02127,171.83084016434242,436.07581034542164,0.0,12.305,9.752,1.4664186884452288,3.7215072524688937,140.0,0.0,azimuth_elevation
V02132,-89.17254615976134,460.692638329923,0.0,12.305,9.752,-0.7601388076665971,3.9271094959370823,140.0,0.0,azimuth_elevation
V02134,-466.9371920448682,-48.576832803856654,0.0,12.305,9.752,-3.978528440303532,-0.41389787350981116,140.0,0.0,azimuth_elevation
V02135,311.56264658203224,351.31049977875654,0.0,12.305,9.752,2.654059056059309,2.9926527574961934,140.0,0.0,azimuth_elevation
V02137,-322.87352953301126,341.2383828453295,0.0,12.305,9.752,-2.7491609759643714,2.9055316085416494,140.0,0.0,azimuth_elevation
V02138,468.68657632285175,-33.52824443306967,0.0,12.305,9.752,3.9898041457436335,-0.2854170257831748,140.0,0.0,azimuth_elevation
V02140,74.40890886519986,464.17148154694985,0.0,12.305,9.752,0.6331356945753543,3.9495745583865847,140.0,0.0,azimuth_elevation
V02145,-186.5622691626009,432.0739169689618,0.0,12.305,9.752,-1.585635866790911,3.6722961342933984,140.0,0.0,azimuth_elevation
V02146,429.5241672487153,-192.62045516844162,0.0,12.305,9.752,3.6497989365064027,-1.636755242263403,140.0,0.0,azimuth_elevation
V02147,-446.9321144386621,-148.14059228782176,0.0,12.305,9.752,-3.7968604272543436,-1.2585113809377977,140.0,0.0,azimuth_elevation
V02148,229.53820638259336,411.22556074575664,0.0,12.305,9.752,1.9495744904217749,3.4927294922877548,140.0,0.0,azimuth_elevation
V02153,-27.072772790648003,470.70459417072396,0.0,12.305,9.752,-0.22968209981971918,3.9934003221593506,140.0,0.0,azimuth_elevation
V02158,-275.7937260034972,383.06013979153175,0.0,12.305,9.752,-2.337165466117877,3.2461758399670844,140.0,0.0,azimuth_elevation
V02159,462.21912383525273,-96.18228298897507,0.0,12.305,9.752,3.916113350998375,-0.8148964487174294,140.0,0.0,azimuth_elevation
V02161,136.28513140094924,452.2438644791392,0.0,12.305,9.752,1.1541452913007055,3.8298758004102966,140.0,0.0,azimuth_elevation
V02166,-127.88416033253434,455.2420142474139,0.0,12.305,9.752,-1.0817855796388407,3.8509401397172427,140.0,0.0,azimuth_elevation
V02168,-464.88767083162156,-87.63391757048107,0.0,12.305,9.752,-3.9307709355785563,-0.740972234304957,140.0,0.0,azimuth_elevation
V02169,283.66138205641806,378.73047187920173,0.0,12.305,9.752,2.3979086021616163,3.201567481044141,140.0,0.0,azimuth_elevation
V02171,-352.63889090472503,315.82742537893296,0.0,12.305,9.752,-2.979669912641703,2.66862646537461,140.0,0.0,azimuth_elevation
V02174,36.10589219877437,472.3329488279751,0.0,12.305,9.752,0.3048770000957037,3.98836432824443,140.0,0.0,azimuth_elevation
V02179,-223.29890598635416,418.37919234266104,0.0,12.305,9.752,-1.8834254359640128,3.5288395581499263,140.0,0.0,azimuth_elevation
V02180,447.364469509671,-157.69870456135843,0.0,12.305,9.752,3.7724761721979556,-1.3298208639507278,140.0,0.0,azimuth_elevation
V02181,-436.49383677095244,-185.9496718495978,0.0,12.305,9.752,-3.679987609376708,-1.5677025211544124,140.0,0.0,azimuth_elevation
V02182,196.29348893837908,432.0570751653055,0.0,12.305,9.752,1.6545404975374463,3.6417709623215653,140.0,0.0,azimuth_elevation
V02187,-66.34723197500236,470.4295853889881,0.0,12.305,9.752,-0.5586133314373412,3.9608018311877804,140.0,0.0,azimuth_elevation
V02189,-474.6395660691483,-24.97663551583035,0.0,12.305,9.752,-3.994473258171113,-0.21019845326703407,140.0,0.0,azimuth_elevation
V02190,333.1869104732172,339.10666860047496,0.0,12.305,9.752,2.8034132498395268,2.853221714242373,140.0,0.0,azimuth_elevation
V02192,-308.8160948131413,361.7182184855512,0.0,12.305,9.752,-2.597206409846591,3.0421240712127084,140.0,0.0,azimuth_elevation
V02193,472.1531643689139,-58.13036535599431,0.0,12.305,9.752,3.9700244606097153,-0.48877989132178995,140.0,0.0,azimuth_elevation
V02195,99.2300688633435,465.4693796947079,0.0,12.305,9.752,0.8339906387047044,3.9120914629585184,140.0,0.0,azimuth_elevation
V02200,-166.288357667078,446.49527668765535,0.0,12.305,9.752,-1.396045215380385,3.748474057081566,140.0,0.0,azimuth_elevation
V02202,-459.52644328992227,-126.67240392963993,0.0,12.305,9.752,-3.856171567790027,-1.0629867542767448,140.0,0.0,azimuth_elevation
V02203,253.33041523661925,403.899060058379,0.0,12.305,9.752,2.125383667177895,3.3886198174615934,140.0,0.0,azimuth_elevation
V02208,-3.038422965497087,477.2871441657346,0.0,12.305,9.752,-0.025463593029763563,3.9999189498576113,140.0,0.0,azimuth_elevation
V02213,-259.0217169034017,401.5239721018087,0.0,12.305,9.752,-2.1683537500624483,3.3612857680640778,140.0,0.0,azimuth_elevation
V02214,462.32161614704734,-121.1312232381982,0.0,12.305,9.752,3.8693924845275998,-1.0138056030035196,140.0,0.0,azimuth_elevation
V02216,161.1569389047526,450.1589619710462,0.0,12.305,9.752,1.3482082249528105,3.7659440492616976,140.0,0.0,azimuth_elevation
V02221,-105.75172306153047,466.8326499609012,0.0,12.305,9.752,-0.8837299875445463,3.9011564066459212,140.0,0.0,azimuth_elevation
V02223,-474.49817224713667,-64.5618659436561,0.0,12.305,9.752,-3.9634797728001527,-0.5392847954504637,140.0,0.0,azimuth_elevation
V02224,306.33624276167484,368.2053182270188,0.0,12.305,9.752,2.558264988184771,3.074943942615535,140.0,0.0,azimuth_elevation
V02226,-340.16242695421863,337.50136783221456,0.0,12.305,9.752,-2.8395119373062236,2.8172986987352715,140.0,0.0,azimuth_elevation
V02227,478.9086479319592,-19.09075524914497,0.0,12.305,9.752,3.9968256585327104,-0.15932562660967292,140.0,0.0,azimuth_elevation
V02229,60.91317179468347,475.61343074172265,0.0,12.305,9.752,0.508140955060779,3.9675928180434443,140.0,0.0,azimuth_elevation
V02234,-204.10148959853368,434.46821741487565,0.0,12.305,9.752,-1.700771745500689,3.6204109531524926,140.0,0.0,azimuth_elevation
V02235,444.0737697615327,-182.53448170080438,0.0,12.305,9.752,3.699648613939075,-1.5207235558702583,140.0,0.0,azimuth_elevation
V02236,-450.84449795788504,-165.40824846754947,0.0,12.305,9.752,-3.7552397499888746,-1.3777425086363184,140.0,0.0,azimuth_elevation
V02237,220.75502421763912,426.60071411411116,0.0,12.305,9.752,1.8383452287906727,3.5525324516156878,140.0,0.0,azimuth_elevation
V02242,-42.75173743395189,478.95170836565393,0.0,12.305,9.752,-0.3556303041640355,3.9841595207471543,140.0,0.0,azimuth_elevation
V02244,-481.0639643966928,-0.7156528050992058,0.0,12.305,9.752,-3.99999557382706,-0.0059505767728492585,140.0,0.0,azimuth_elevation
V02247,-293.45654579877964,381.5851225190111,0.0,12.305,9.752,-2.438475133055916,3.1707789303998997,140.0,0.0,azimuth_elevation
V02248,474.24537413289477,-83.15993695013604,0.0,12.305,9.752,3.9398860658177024,-0.6908674173642166,140.0,0.0,azimuth_elevation
V02250,124.35653510383185,465.3604003103073,0.0,12.305,9.752,1.0326695088616888,3.864400818428047,140.0,0.0,azimuth_elevation
V02255,-145.00194699002057,459.8921453657403,0.0,12.305,9.752,-1.2028119599507798,3.814871346323407,140.0,0.0,azimuth_elevation
V02257,-471.01117625664017,-104.28529062785522,0.0,12.305,9.752,-3.905421067129323,-0.8646885499545262,140.0,0.0,azimuth_elevation
V02258,276.9249358250124,395.1453275926626,0.0,12.305,9.752,2.2956472276407265,3.2756684518164296,140.0,0.0,azimuth_elevation
V02263,21.59451801811559,482.5582107803838,0.0,12.305,9.752,0.17882135414857528,3.996000866278744,140.0,0.0,azimuth_elevation
V02268,-241.0406607254276,419.2012045271927,0.0,12.305,9.752,-1.9938842988608916,3.4676253261787107,140.0,0.0,azimuth_elevation
V02269,461.0010665140125,-146.31666573887964,0.0,12.305,9.752,3.812575480438751,-1.2100695045976624,140.0,0.0,azimuth_elevation
V02270,-438.8573787466956,-203.5560146976241,0.0,12.305,9.752,-3.6286647103383727,-1.6830901401722174,140.0,0.0,azimuth_elevation
V02271,186.13953538585358,446.6354479509419,0.0,12.305,9.752,1.5387533723293254,3.6921860813270406,140.0,0.0,azimuth_elevation
V02276,-82.75404153345812,477.2676592959957,0.0,12.305,9.752,-0.6833685400495415,3.9411936565551504,140.0,0.0,azimuth_elevation
V02278,-482.88134126150527,-40.72910828252512,0.0,12.305,9.752,-3.9858469769630043,-0.33619023816119264,140.0,0.0,azimuth_elevation
V02279,328.6197116812594,356.29009963023947,0.0,12.305,9.752,2.7119462706903863,2.940297166085174,140.0,0.0,azimuth_elevation
V02281,-326.33529586805,358.66338629794967,0.0,12.305,9.752,-2.6919450202823945,2.958619949871362,140.0,0.0,azimuth_elevation
V02282,483.00611114924374,-44.040283746637606,0.0,12.305,9.752,3.9834755400006037,-0.3632115392122026,140.0,0.0,azimuth_elevation
V02284,86.13551786832723,477.50991880960447,0.0,12.305,9.752,0.7100790530479895,3.936468942900791,140.0,0.0,azimuth_elevation
V02289,-183.811125321027,449.6109654003311,0.0,12.305,9.752,-1.5136803492041708,3.702535860789621,140.0,0.0,azimuth_elevation
V02291,-464.1564380300603,-143.8608738860111,0.0,12.305,9.752,-3.8206936038011485,-1.1841876480832723,140.0,0.0,azimuth_elevation
V02292,245.12993120679664,419.70080632106385,0.0,12.305,9.752,2.017353293252812,3.4540245642152048,140.0,0.0,azimuth_elevation
V02297,-18.455076766569576,486.2081448737156,0.0,12.305,9.752,-0.1517193553871979,3.9971216190154752,140.0,0.0,azimuth_elevation
V02302,-276.82586388338586,400.7591434829867,0.0,12.305,9.752,-2.2733813121166904,3.291160495891775,140.0,0.0,azimuth_elevation
V02303,474.9320519801572,-108.53707201651106,0.0,12.305,9.752,3.8994675993919437,-0.8911523109392875,140.0,0.0,azimuth_elevation
V02305,149.70599238864608,463.8205103732808,0.0,12.305,9.752,1.228653906044648,3.8066270606878776,140.0,0.0,azimuth_elevation
V02310,-122.75963650107512,472.20008645289755,0.0,12.305,9.752,-1.0064402906387602,3.8713147561750865,140.0,0.0,azimuth_elevation
V02312,-481.3270821850322,-81.0412854984622,0.0,12.305,9.752,-3.9444804219677474,-0.6641341737278282,140.0,0.0,azimuth_elevation
V02313,300.23618824984123,384.9701043785165,0.0,12.305,9.752,2.4599209149062826,3.1541701115200866,140.0,0.0,azimuth_elevation
V02315,-357.3980088703299,332.8828821906041,0.0,12.305,9.752,-2.927032554325594,2.726257586127582,140.0,0.0,azimuth_elevation
V02316,488.4959906931424,-4.03944014998535,0.0,12.305,9.752,3.9998632497677984,-0.03307541620277569,140.0,0.0,azimuth_elevation
V02318,46.750725798123526,486.47674110624104,0.0,12.305,9.752,0.3826397151654582,3.981656294606316,140.0,0.0,azimuth_elevation
V02323,-221.89212715365565,436.0167816807352,0.0,12.305,9.752,-1.814212343556608,3.5649170498746305,140.0,0.0,azimuth_elevation
V02324,458.23743671695394,-171.65518224357692,0.0,12.305,9.752,3.7458105874012717,-1.4031760557080994,140.0,0.0,azimuth_elevation
V02325,-453.93647716642266,-183.0000674801456,0.0,12.305,9.752,-3.7098759570962794,-1.4956003419894521,140.0,0.0,azimuth_elevation
V02326,211.1480520951094,441.6606730244849,0.0,12.305,9.752,1.7252835571873744,3.608794348158243,140.0,0.0,azimuth_elevation
V02331,-58.955976638291496,486.4908455650787,0.0,12.305,9.752,-0.48122402638800255,3.970947423024752,140.0,0.0,azimuth_elevation
V02333,-489.9868793669122,-16.20518584512564,0.0,12.305,9.752,-3.997814186872258,-0.1322184829851989,140.0,0.0,azimuth_elevation
V02334,350.4277251190487,343.0021274976125,0.0,12.305,9.752,2.8585514597623805,2.7979784759519433,140.0,0.0,azimuth_elevation
V02336,-311.1821121560857,379.23125276548257,0.0,12.305,9.752,-2.5373541976959686,3.092221479039729,140.0,0.0,azimuth_elevation
V02337,485.72422552077,-69.44729470791627,0.0,12.305,9.752,3.9597316148409982,-0.566149749120053,140.0,0.0,azimuth_elevation
V02339,111.69267985797515,477.9919405870185,0.0,12.305,9.752,0.9101643909784337,3.895073912186373,140.0,0.0,azimuth_elevation
V02344,-162.47921647179288,463.73867017395935,0.0,12.305,9.752,-1.3226394116838731,3.774999998233184,140.0,0.0,azimuth_elevation
V02346,-476.3656568808219,-121.36478461441389,0.0,12.305,9.752,-3.8761783866103543,-0.9875429687738918,140.0,0.0,azimuth_elevation
V02347,269.33235262088255,411.35633437653615,0.0,12.305,9.752,2.191097617591819,3.3465043299215163,140.0,0.0,azimuth_elevation
V02352,6.470815483790956,492.15198724273654,0.0,12.305,9.752,0.0525874641914555,3.9996543048881,140.0,0.0,azimuth_elevation
V02357,-258.9596173312244,419.16210061462596,0.0,12.305,9.752,-2.1023557148902916,3.4029546644156357,140.0,0.0,azimuth_elevation
V02358,474.18662279318545,-134.1800907884372,0.0,12.305,9.752,3.848874522434443,-1.0891119825596614,140.0,0.0,azimuth_elevation
V02360,175.19474045540883,460.830394957583,0.0,12.305,9.752,1.4214324617533047,3.7389209347984265,140.0,0.0,azimuth_elevation
V02365,-99.62172632203641,483.35790222630817,0.0,12.305,9.752,-0.8074425864373183,3.917657012757423,140.0,0.0,azimuth_elevation
V02367,-490.41848040521666,-57.005824939545924,0.0,12.305,9.752,-3.973247717436575,-0.46184691823703655,140.0,0.0,azimuth_elevation
V02368,323.1789119860174,373.3840393583181,0.0,12.305,9.752,2.61777610103112,3.0244418137683367,140.0,0.0,azimuth_elevation
V02370,-343.84155176910986,354.73065454935033,0.0,12.305,9.752,-2.7840003768773154,2.8721667607482275,140.0,0.0,azimuth_elevation
V02371,493.2564973667084,-29.311734945689892,0.0,12.305,9.752,3.9929560048537405,-0.2372811482239041,140.0,0.0,azimuth_elevation
V02373,72.35251195905397,489.0059958867734,0.0,12.305,9.752,0.5854596808911006,3.956922663137466,140.0,0.0,azimuth_elevation
V02378,-201.6219958452725,451.89802034460047,0.0,12.305,9.752,-1.6298066897259917,3.6529070826020753,140.0,0.0,azimuth_elevation
V02379,454.01546914274763,-197.06218251884545,0.0,12.305,9.752,3.669272010425396,-1.5926213967885694,140.0,0.0,azimuth_elevation
V02380,-467.98624753173254,-161.40855653021612,0.0,12.305,9.752,-3.781407281656061,-1.3042081774925818,140.0,0.0,azimuth_elevation
V02381,236.09688112027723,435.2268520269374,0.0,12.305,9.752,1.9073120792375773,3.5159864380276598,140.0,0.0,azimuth_elevation
V02386,-34.425623259422345,494.4497208647208,0.0,12.305,9.752,-0.27782388822494114,3.990340071614395,140.0,0.0,azimuth_elevation
V02391,-294.7322099510132,399.1241340953863,0.0,12.305,9.752,-2.376142832670966,3.2177546890256252,140.0,0.0,azimuth_elevation
V02392,487.03002685800465,-95.23236287466203,0.0,12.305,9.752,3.925655836431398,-0.76761074373155,140.0,0.0,azimuth_elevation
V02394,137.5026431003624,477.03361845934336,0.0,12.305,9.752,1.107874900051478,3.8435157350836913,140.0,0.0,azimuth_elevation
V02399,-140.16112083901754,476.7854970583211,0.0,12.305,9.752,-1.1281474028236131,3.837614289829338,140.0,0.0,azimuth_elevation
V02401,-487.4114208942418,-97.98090008698763,0.0,12.305,9.752,-3.9215493258164424,-0.7883215620472422,140.0,0.0,azimuth_elevation
V02402,293.27635224673236,401.571203166824,0.0,12.305,9.752,2.359124862787542,3.230252293827475,140.0,0.0,azimuth_elevation
V02407,31.95129689296477,496.7404398947781,0.0,12.305,9.752,0.25675707094105316,3.9917509700032356,140.0,0.0,azimuth_elevation
V02412,-239.89786638248634,436.7178307616152,0.0,12.305,9.752,-1.9258445866104037,3.505869739197879,140.0,0.0,azimuth_elevation
V02413,471.9871867813121,-160.00576712813452,0.0,12.305,9.752,3.788238843956047,-1.2842299097679326,140.0,0.0,azimuth_elevation
V02414,-456.2030907548105,-200.8800387936993,0.0,12.305,9.752,-3.660814265909909,-1.6119674036749299,140.0,0.0,azimuth_elevation
V02415,200.737947757491,456.3755321334732,0.0,12.305,9.752,1.6105021722570774,3.6614591016636027,140.0,0.0,azimuth_elevation
V02420,-75.65204324718671,493.3078332568071,0.0,12.305,9.752,-0.6063380782562139,3.953777198433994,140.0,0.0,azimuth_elevation
V02422,-498.2334242312319,-32.24755771870726,0.0,12.305,9.752,-3.991647893026654,-0.2583545975899711,140.0,0.0,azimuth_elevation
V02423,345.66843017129696,360.40267255239826,0.0,12.305,9.752,2.768800905413579,2.886822049621512,140.0,0.0,azimuth_elevation
V02425,-328.9346110506324,376.0044835543443,0.0,12.305,9.752,-2.6337041002102266,3.010581789710394,140.0,0.0,azimuth_elevation
V02426,496.6332876308179,-55.07292998384326,0.0,12.305,9.752,3.9756302165919433,-0.44086775899480224,140.0,0.0,azimuth_elevation
V02428,98.32005622505892,490.11367716469744,0.0,12.305,9.752,0.7867520472538084,3.921864507621591,140.0,0.0,azimuth_elevation
V02433,-180.28032890091868,466.7748418792262,0.0,12.305,9.752,-1.4411484942667911,3.7313658380642014,140.0,0.0,azimuth_elevation
V02435,-480.9412637834259,-138.83749778212376,0.0,12.305,9.752,-3.8430720422879108,-1.1094130329976424,140.0,0.0,azimuth_elevation
V02436,260.8999375112286,427.331104188119,0.0,12.305,9.752,2.0843639840804067,3.414004508179281,140.0,0.0,azimuth_elevation
V02441,-9.234110515781378,501.0956806868149,0.0,12.305,9.752,-0.07369884345022205,3.99932100242955,140.0,0.0,azimuth_elevation
V02446,-277.01956806758295,418.26284667377496,0.0,12.305,9.752,-2.2087315628426882,3.3348920347295348,140.0,0.0,azimuth_elevation
V02447,486.89509028155743,-121.31414204334973,0.0,12.305,9.752,3.8813371163397896,-0.967068864829763,140.0,0.0,azimuth_elevation
V02449,163.48187660721015,474.6137650985113,0.0,12.305,9.752,1.3026947079322904,3.7819289387725417,140.0,0.0,azimuth_elevation
V02454,-116.91599271049711,488.6887564171279,0.0,12.305,9.752,-0.9307117971347517,3.89021536044911,140.0,0.0,azimuth_elevation
V02456,-497.236461929596,-73.77364656662597,0.0,12.305,9.752,-3.9566880381740637,-0.5870432425045697,140.0,0.0,azimuth_elevation
V02457,316.8761806417757,390.3542444266242,0.0,12.305,9.752,2.520996606989261,3.105571784317444,140.0,0.0,azimuth_elevation
V02460,502.88423633969006,-13.974793059174615,0.0,12.305,9.752,3.9984564053127896,-0.11111424217050432,140.0,0.0,azimuth_elevation
V02462,57.90923905019664,499.9349658031805,0.0,12.305,9.752,0.46025673926155636,3.973432235984945,140.0,0.0,azimuth_elevation
V02467,-219.6850545211166,453.3524311394547,0.0,12.305,9.752,-1.7443084855361524,3.599637191063368,140.0,0.0,azimuth_elevation
V02468,468.31660327809567,-185.9295810086893,0.0,12.305,9.752,3.717718776429073,-1.475996984884019,140.0,0.0,azimuth_elevation
V02469,-471.00872478303114,-179.2800356377217,0.0,12.305,9.752,-3.7383517608352874,-1.4229287094790468,140.0,0.0,azimuth_elevation
V02470,226.24991036167654,450.4462543537612,0.0,12.305,9.752,1.7953697110684377,3.5744436770745227,140.0,0.0,azimuth_elevation
V02475,-50.91775510985705,501.9957491997045,0.0,12.305,9.752,-0.4036514941570308,3.9795810673065573,140.0,0.0,azimuth_elevation
V02477,-504.7238748028764,-6.838143313088313,0.0,12.305,9.752,-3.9996329384344977,-0.054188170201866094,140.0,0.0,azimuth_elevation
V02480,-312.70485757236025,396.62264439974916,0.0,12.305,9.752,-2.4765358819793564,3.14114151627537,140.0,0.0,azimuth_elevation
V02481,498.59156814466587,-81.24406547584276,0.0,12.305,9.752,3.947931091961465,-0.6433040440755479,140.0,0.0,azimuth_elevation
V02483,124.57164650938718,489.7720437978676,0.0,12.305,9.752,0.9859915960266586,3.8765733028752085,140.0,0.0,azimuth_elevation
V02488,-157.92123018927188,480.5799986011767,0.0,12.305,9.752,-1.2487300099290708,3.8000885992700937,140.0,0.0,azimuth_elevation
V02490,-492.7392739271675,-115.34668582030342,0.0,12.305,9.752,-3.8947093414073244,-0.9117231739703269,140.0,0.0,azimuth_elevation
V02491,285.4709245981533,417.9754791959398,0.0,12.305,9.752,2.255977302445913,3.303114652997813,140.0,0.0,azimuth_elevation
V02496,16.544608260089454,506.38416833222595,0.0,12.305,9.752,0.13061849860856467,3.997866782150356,140.0,0.0,azimuth_elevation
V02501,-258.08272093699225,436.57010794803466,0.0,12.305,9.752,-2.0355572028399993,3.44332787779006,140.0,0.0,azimuth_elevation
V02502,485.29563445193475,-147.60961073688304,0.0,12.305,9.752,3.8268910923302157,-1.164003680167571,140.0,0.0,azimuth_elevation
V02504,189.54558696335639,470.7159658039195,0.0,12.305,9.752,1.494115484802883,3.710474217411064,140.0,0.0,azimuth_elevation
V02509,-92.80661271442848,499.38910944920906,0.0,12.305,9.752,-0.7308477496657644,3.9326659617628965,140.0,0.0,azimuth_elevation
V02511,-505.78716746461765,-48.81076959154362,0.0,12.305,9.752,-3.981502838675314,-0.38423319172140263,140.0,0.0,azimuth_elevation
V02512,340.0465420585589,377.71920686406287,0.0,12.305,9.752,2.6762904894773816,2.972788121601154,140.0,0.0,azimuth_elevation
V02514,-346.6786580791206,371.91122332145363,0.0,12.305,9.752,-2.7274288017703374,2.925941238520285,140.0,0.0,azimuth_elevation
V02515,506.9507951061712,-40.065463197382606,0.0,12.305,9.752,3.9875660237997406,-0.3151463244874137,140.0,0.0,azimuth_elevation
V02517,84.26525821158114,501.70142142367456,0.0,12.305,9.752,0.6625554915767876,3.944745900635609,140.0,0.0,azimuth_elevation
V02522,-198.36988616007278,468.9944970517669,0.0,12.305,9.752,-1.5582210812305108,3.684012359100987,140.0,0.0,azimuth_elevation
V02524,-484.7287522105107,-156.66871666175496,0.0,12.305,9.752,-3.806135033620347,-1.2301772660262575,140.0,0.0,azimuth_elevation
V02525,251.6443150967638,443.0377959942929,0.0,12.305,9.752,1.975552716134899,3.4781017043456366,140.0,0.0,azimuth_elevation
V02530,-25.48917412772416,509.3713301730738,0.0,12.305,9.752,-0.19991169019166802,3.995001291129292,140.0,0.0,azimuth_elevation
V02535,-295.18466067543807,416.5049412695202,0.0,12.305,9.752,-2.3129058103200664,3.263505279999969,140.0,0.0,azimuth_elevation
V02536,499.10104314450894,-107.74413548803001,0.0,12.305,9.752,3.909930904368132,-0.8440618005021906,140.0,0.0,azimuth_elevation
V02538,151.02392606905687,487.95801433595506,0.0,12.305,9.752,1.182658465268147,3.8211672240991486,140.0,0.0,azimuth_elevation
V02543,-134.60269190633147,493.2492932904914,0.0,12.305,9.752,-1.0530533009237686,3.8588960526831446,140.0,0.0,azimuth_elevation
V02545,-503.32140530177435,-90.99952178471571,0.0,12.305,9.752,-3.9361844453893937,-0.7116544188541161,140.0,0.0,azimuth_elevation
V02546,309.7236016252933,407.1669689405768,0.0,12.305,9.752,2.4217042556003894,3.183606209694749,140.0,0.0,azimuth_elevation
V02551,42.83397516399318,510.27482847153107,0.0,12.305,9.752,0.33459502687586756,3.985981205172691,140.0,0.0,azimuth_elevation
V02556,-237.96465559117098,453.97078396013046,0.0,12.305,9.752,-1.857071604514625,3.54277928407987,140.0,0.0,azimuth_elevation
V02557,482.21261281013875,-174.03432433522764,0.0,12.305,9.752,3.762459826638176,-1.3579013413845016,140.0,0.0,azimuth_elevation
V02558,-473.2173424404961,-197.44010943461882,0.0,12.305,9.752,-3.691569957852179,-1.5402309068069184,140.0,0.0,azimuth_elevation
V02559,215.6079775186127,465.3286473346912,0.0,12.305,9.752,1.6816377697010507,3.6293380128495714,140.0,0.0,azimuth_elevation
V02564,-67.89920593828748,508.830765415133,0.0,12.305,9.752,-0.5290767518194269,3.9648553303600127,140.0,0.0,azimuth_elevation
V02566,-513.0137611740736,-23.163135496530323,0.0,12.305,9.752,-3.9959289797819033,-0.18042058790269752,140.0,0.0,azimuth_elevation
V02569,-330.7082954504593,393.2589138471647,0.0,12.305,9.752,-2.5744603911175865,3.061397343463714,140.0,0.0,azimuth_elevation
V02570,509.59335255218616,-66.59928704290505,0.0,12.305,9.752,3.966271162643433,-0.5183561173393362,140.0,0.0,azimuth_elevation
V02572,110.93795400284642,502.01017953987974,0.0,12.305,9.752,0.8631254837666757,3.9057668132227943,140.0,0.0,azimuth_elevation
V02577,-176.00519105350736,483.5753537166864,0.0,12.305,9.752,-1.3680679186561948,3.7587750890341534,140.0,0.0,azimuth_elevation
V02579,-497.2993868587329,-133.10473256022289,0.0,12.305,9.752,-3.8639872220704836,-1.0342160062946368,140.0,0.0,azimuth_elevation
V02580,276.8345060968662,434.15032676954655,0.0,12.305,9.752,2.150581048423607,3.3726845619122487,140.0,0.0,azimuth_elevation
V02585,0.5604501863778487,515.3882380260424,0.0,12.305,9.752,0.004349729494452994,3.999997634980966,140.0,0.0,azimuth_elevation
V02590,-276.41100527698444,435.5729630748065,0.0,12.305,9.752,-2.143240833842784,3.377353805592314,140.0,0.0,azimuth_elevation
V02591,498.13602605365753,-134.4903325427885,0.0,12.305,9.752,3.8617288050666496,-1.0426172049791371,140.0,0.0,azimuth_elevation
V02593,177.59214697578443,484.6532568058646,0.0,12.305,9.752,1.3762395057509724,3.7557908385332532,140.0,0.0,azimuth_elevation
V02598,-110.38642877873696,504.72179103093697,0.0,12.305,9.752,-0.8546289329320925,3.9076347560890787,140.0,0.0,azimuth_elevation
V02600,-512.6323611242647,-65.86282963980143,0.0,12.305,9.752,-3.9673891361185074,-0.5097287931918737,140.0,0.0,azimuth_elevation
V02601,333.5720528060139,394.917504786483,0.0,12.305,9.752,2.581112423694464,3.0557910033655915,140.0,0.0,azimuth_elevation
V02604,516.6556589722557,-24.453630649544813,0.0,12.305,9.752,3.995527139192475,-0.18911076113325212,140.0,0.0,azimuth_elevation
V02606,69.55505632531896,512.7316492470322,0.0,12.305,9.752,0.5376985195270527,3.9636952837091823,140.0,0.0,azimuth_elevation
V02611,-216.7126949378878,470.39213200558316,0.0,12.305,9.752,-1.6737404779639404,3.6329867619391405,140.0,0.0,azimuth_elevation
V02613,-487.71955414339055,-174.82387281539175,0.0,12.305,9.752,-3.765404178363168,-1.3497152935212655,140.0,0.0,azimuth_elevation
V02614,241.58251205022626,458.4451328910607,0.0,12.305,9.752,1.8647722737195065,3.538732028165877,140.0,0.0,azimuth_elevation
V02619,-42.26324885072341,516.9616695622431,0.0,12.305,9.752,-0.32592527067182675,3.9866994767523543,140.0,0.0,azimuth_elevation
V02624,-313.41937961172306,413.8904957640398,0.0,12.305,9.752,-2.4147746194076047,3.1888655565051436,140.0,0.0,azimuth_elevation
V02625,510.77971812671575,-93.49561246600209,0.0,12.305,9.752,3.9346273850483553,-0.7202133995056903,140.0,0.0,azimuth_elevation
V02627,137.8441554435657,500.8362395135261,0.0,12.305,9.752,1.0614433824594458,3.8565966791762203,140.0,0.0,azimuth_elevation
V02632,-152.6477757779243,497.029281380939,0.0,12.305,9.752,-1.1743451512873562,3.823730307650878,140.0,0.0,azimuth_elevation
V02634,-508.66013459171285,-108.65043707754079,0.0,12.305,9.752,-3.911757376478112,-0.8355562384238898,140.0,0.0,azimuth_elevation
V02635,301.73375388247325,423.7889707955967,0.0,12.305,9.752,2.3199980186447404,3.258467307413791,140.0,0.0,azimuth_elevation
V02640,27.155147947182773,520.0042768477646,0.0,12.305,9.752,0.2085997997292552,3.994557062247692,140.0,0.0,azimuth_elevation
V02645,-256.4253948854791,453.75033538040066,0.0,12.305,9.752,-1.967983647604943,3.482390035989585,140.0,0.0,azimuth_elevation
V02646,495.6755381379131,-161.39829891200915,0.0,12.305,9.752,3.8034505644555,-1.2384521806445086,140.0,0.0,azimuth_elevation
V02648,204.19042911719345,479.8442650036952,0.0,12.305,9.752,1.5662296198766243,3.6806147282514,140.0,0.0,azimuth_elevation
V02653,-85.33770035743233,514.9400226217663,0.0,12.305,9.752,-0.6539746408973891,3.946177538968962,140.0,0.0,azimuth_elevation
V02655,-520.6206075926876,-40.00666131809573,0.0,12.305,9.752,-3.9882419933590847,-0.30647316751578574,140.0,0.0,azimuth_elevation
V02658,-348.7073883652494,389.03779674921964,0.0,12.305,9.752,-2.6698187517400767,2.9786016572977765,140.0,0.0,azimuth_elevation
V02659,520.0127498302961,-51.325335010439375,0.0,12.305,9.752,3.9806577676187977,-0.39289150804786566,140.0,0.0,azimuth_elevation
V02661,96.62677879596393,513.7230923557124,0.0,12.305,9.752,0.7393990327032807,3.9310671668692523,140.0,0.0,azimuth_elevation
V02666,-194.37836760068444,485.7640375829536,0.0,12.305,9.752,-1.486042176396101,3.71371493924506,140.0,0.0,azimuth_elevation
V02668,-501.08122848737446,-151.22120373011055,0.0,12.305,9.752,-3.8294135907344145,-1.1556779616738209,140.0,0.0,azimuth_elevation
V02669,267.3821820662805,450.0636829532843,0.0,12.305,9.752,2.043041156693542,3.4388926752744573,140.0,0.0,azimuth_elevation
V02674,-15.971265569975515,523.733681059461,0.0,12.305,9.752,-0.12192337530930371,3.9981414045220043,140.0,0.0,azimuth_elevation
V02679,-294.84731605549433,433.7264232380492,0.0,12.305,9.752,-2.2487881436538593,3.308013283673726,140.0,0.0,azimuth_elevation
V02680,510.48227373806947,-120.67186167127244,0.0,12.305,9.752,3.892717256931248,-0.9201914787638814,140.0,0.0,azimuth_elevation
V02682,164.8991735310606,498.15932448241205,0.0,12.305,9.752,1.256991730500608,3.79736379472037,140.0,0.0,azimuth_elevation
V02687,-128.35826266484665,509.2937329338171,0.0,12.305,9.752,-0.9775582465104037,3.878708531802758,140.0,0.0,azimuth_elevation
V02689,-518.7539960238126,-83.37170748716916,0.0,12.305,9.752,-3.9493208534914563,-0.6347163115735357,140.0,0.0,azimuth_elevation
V02690,326.25552610834615,411.96381113365555,0.0,12.305,9.752,2.4833615788343435,3.1357479600199687,140.0,0.0,azimuth_elevation
V02693,525.7275127371789,-8.266338438474442,0.0,12.305,9.752,3.999505627357917,-0.06288669757873512,140.0,0.0,azimuth_elevation
V02695,54.21645502420677,523.18154211001,0.0,12.305,9.752,0.412305584964903,3.9786937686389927,140.0,0.0,azimuth_elevation
V02700,-235.27374075793722,470.9629676628163,0.0,12.305,9.752,-1.7875915380415666,3.578339907432242,140.0,0.0,azimuth_elevation
V02702,-489.905840407062,-193.26851149385496,0.0,12.305,9.752,-3.7209200758661236,-1.4679079634011263,140.0,0.0,azimuth_elevation
V02703,230.73202393021128,473.52242094020045,0.0,12.305,9.752,1.7521330796122117,3.595835045066532,140.0,0.0,azimuth_elevation
V02708,-59.525121901146214,523.85017883232,0.0,12.305,9.752,-0.45161397816344023,3.974423834309495,140.0,0.0,azimuth_elevation
V02710,-527.2385508649468,-13.504091299708803,0.0,12.305,9.752,-3.9986886071953185,-0.10241788264929602,140.0,0.0,azimuth_elevation
V02713,-331.68853538496967,410.4223014093821,0.0,12.305,9.752,-2.514236450188653,3.1110472629876202,140.0,0.0,azimuth_elevation
V02714,521.9070519583071,-78.59439621365492,0.0,12.305,9.752,3.9554019416359676,-0.5956471103786339,140.0,0.0,azimuth_elevation
V02716,123.96617500444468,513.2222106015751,0.0,12.305,9.752,0.9391702832284228,3.8881819889378435,140.0,0.0,azimuth_elevation
V02721,-171.01726464094958,500.0192448243642,0.0,12.305,9.752,-1.2944664479765913,3.7847531775616314,140.0,0.0,azimuth_elevation
V02723,-513.2402337235208,-126.69337980899314,0.0,12.305,9.752,-3.8834311796441816,-0.9586251994222779,140.0,0.0,azimuth_elevation
V02724,292.9197769036092,440.18752174356297,0.0,12.305,9.752,2.215979273985851,3.3300804580768224,140.0,0.0,azimuth_elevation
V02729,10.901385945714068,529.1027402919613,0.0,12.305,9.752,0.08239664626577203,3.9991512590403673,140.0,0.0,azimuth_elevation
V02734,-275.0320918968421,452.68907478184957,0.0,12.305,9.752,-2.0769340608597227,3.418529641065109,140.0,0.0,azimuth_elevation
V02735,508.6780797689444,-148.0437812357528,0.0,12.305,9.752,3.8406501314840997,-1.1177685661760066,140.0,0.0,azimuth_elevation
V02737,192.01705963081673,493.96396509334096,0.0,12.305,9.752,1.4492602971428399,3.7282227121143725,140.0,0.0,azimuth_elevation
V02742,-103.20091661982507,520.3095432613436,0.0,12.305,9.752,-0.7782206667528893,3.923566310620822,140.0,0.0,azimuth_elevation
V02744,-527.5276599360129,-57.337753726791284,0.0,12.305,9.752,-3.9765796413339047,-0.4322202634406544,140.0,0.0,azimuth_elevation
V02745,350.31375913036084,398.68987968589767,0.0,12.305,9.752,2.6402454757807883,3.0048467228161706,140.0,0.0,azimuth_elevation
V02748,529.8278627137043,-35.44976575702604,0.0,12.305,9.752,3.9910765667318375,-0.26703527572963903,140.0,0.0,azimuth_elevation
V02750,81.66364770478279,524.8865578804139,0.0,12.305,9.752,0.6149355698186454,3.952449145146818,140.0,0.0,azimuth_elevation
V02755,-213.00623744261165,487.1392950794893,0.0,12.305,9.752,-1.602535189777893,3.6649530645730692,140.0,0.0,azimuth_elevation
V02757,-504.07504545952526,-169.66230737844364,0.0,12.305,9.752,-3.7910229094072636,-1.2759879702995973,140.0,0.0,azimuth_elevation
V02758,257.1295820462839,465.6840431415955,0.0,12.305,9.752,1.933464819948602,3.5016729987280537,140.0,0.0,azimuth_elevation
V02763,-33.02046436004895,531.4022948138696,0.0,12.305,9.752,-0.24807495037812577,3.992299941010807,140.0,0.0,azimuth_elevation
V02768,-313.35652153719735,431.0312522429295,0.0,12.305,9.752,-2.3520939257292737,3.235375428686361,140.0,0.0,azimuth_elevation
V02769,522.3089878012886,-106.17848775525731,0.0,12.305,9.752,3.919825559520039,-0.7968485319892408,140.0,0.0,azimuth_elevation
V02771,151.48863406115458,511.2067524498142,0.0,12.305,9.752,1.1364910218284512,3.835151647236824,140.0,0.0,azimuth_elevation
V02776,-146.6888835340271,513.0935796202684,0.0,12.305,9.752,-1.099513157971757,3.845916121738353,140.0,0.0,azimuth_elevation
V02778,-524.1378502793426,-101.30530047608295,0.0,12.305,9.752,-3.9273160007424344,-0.7590711628776662,140.0,0.0,azimuth_elevation
V02779,318.10815578146816,428.824849122941,0.0,12.305,9.752,2.3831353901473564,3.2125792927532864,140.0,0.0,azimuth_elevation
V02784,38.27673716662553,533.0290249056585,0.0,12.305,9.752,0.2865016759863764,3.9897264053637813,140.0,0.0,azimuth_elevation
V02789,-254.0181711463224,470.70300479971195,0.0,12.305,9.752,-1.8996607779781531,3.520126266004025,140.0,0.0,azimuth_elevation
V02790,505.3489677618174,-175.52569835230878,0.0,12.305,9.752,3.778561863847317,-1.3124291375456012,140.0,0.0,azimuth_elevation
V02792,219.11086888006182,488.2395694109853,0.0,12.305,9.752,1.6377474093448643,3.6493538363913394,140.0,0.0,azimuth_elevation
V02797,-77.24346029000607,530.0211296188354,0.0,12.305,9.752,-0.5768525297524654,3.9581865998103454,140.0,0.0,azimuth_elevation
V02799,-534.9316867223744,-30.620916713179405,0.0,12.305,9.752,-3.9934626155387063,-0.22859645293562605,140.0,0.0,azimuth_elevation
V02802,-349.95726062331767,406.103885400058,0.0,12.305,9.752,-2.611192161950971,3.0301279665000647,140.0,0.0,azimuth_elevation
V02803,532.4597162767311,-63.06663573160451,0.0,12.305,9.752,3.972233866646103,-0.4704870972404497,140.0,0.0,azimuth_elevation
V02805,109.41398521144718,525.0904015882877,0.0,12.305,9.752,0.815961045908295,3.9158916700491404,140.0,0.0,azimuth_elevation
V02810,-189.67722501737018,502.21051393784046,0.0,12.305,9.752,-1.4132974575135866,3.742003513705677,140.0,0.0,azimuth_elevation
V02812,-517.0500947541178,-145.09531182901037,0.0,12.305,9.752,-3.8512340896317934,-1.080738630223778,140.0,0.0,azimuth_elevation
V02813,283.2954240312779,456.33042055394293,0.0,12.305,9.752,2.109751704537581,3.3983742797403544,140.0,0.0,azimuth_elevation
V02818,-5.898444029244817,537.5504240143745,0.0,12.305,9.752,-0.04388863781549669,3.9997592161867317,140.0,0.0,azimuth_elevation
V02823,-293.7497797330463,450.78577717890215,0.0,12.305,9.752,-2.1838142456185086,3.3512617535241356,140.0,0.0,azimuth_elevation
V02824,521.1936265712877,-133.99348350374774,0.0,12.305,9.752,3.8740214482581257,-0.9959707919592904,140.0,0.0,azimuth_elevation
V02826,179.1081591556117,507.6592531648448,0.0,12.305,9.752,1.330846393180083,3.772114510159993,140.0,0.0,azimuth_elevation
V02831,-121.45645980166886,524.9261646864687,0.0,12.305,9.752,-0.9016909844957225,3.8970441835420773,140.0,0.0,azimuth_elevation
V02833,-533.7189702853881,-75.12530038212809,0.0,12.305,9.752,-3.9609535484056235,-0.5575365345633383,140.0,0.0,azimuth_elevation
V02834,342.86052096958565,415.9888377834967,0.0,12.305,9.752,2.5440733563158653,3.0866957669462223,140.0,0.0,azimuth_elevation
V02837,539.0175636986355,-19.000421689727272,0.0,12.305,9.752,3.9975171748209806,-0.14091287028263141,140.0,0.0,azimuth_elevation
V02839,66.07444108327465,535.4770940344068,0.0,12.305,9.752,0.48985915673793523,3.969891435110034,140.0,0.0,azimuth_elevation
V02844,-231.85437619034624,487.69518988953075,0.0,12.305,9.752,-1.7174308418928756,3.6125380694624005,140.0,0.0,azimuth_elevation
V02846,-506.27190967015275,-188.39427666183684,0.0,12.305,9.752,-3.7488534448239244,-1.3950261105914092,140.0,0.0,azimuth_elevation
V02847,246.09292781376627,480.9804786891548,0.0,12.305,9.752,1.8219612607423497,3.560962954645014,140.0,0.0,azimuth_elevation
V02852,-50.55687807851059,538.3766823321332,0.0,12.305,9.752,-0.373979251424813,3.982479067051544,140.0,0.0,azimuth_elevation
V02854,-540.9206812234546,-3.296456393411485,0.0,12.305,9.752,-3.9999257245320448,-0.024376181546583827,140.0,0.0,azimuth_elevation
V02857,-331.9037577297519,427.4890005659446,0.0,12.305,9.752,-2.4530552078247356,3.159512643963297,140.0,0.0,azimuth_elevation
V02858,533.5915075511062,-91.03490028191217,0.0,12.305,9.752,3.94302669205137,-0.6727113093819896,140.0,0.0,azimuth_elevation
V02860,137.3829593692858,523.768815867208,0.0,12.305,9.752,1.014857491399523,3.869116730230592,140.0,0.0,azimuth_elevation
V02865,-165.3450383640917,516.1108100867264,0.0,12.305,9.752,-1.2203721061539081,3.80929021243085,140.0,0.0,azimuth_elevation
V02867,-528.7705322479948,-119.63140986451839,0.0,12.305,9.752,-3.9013965116783136,-0.8826693937507343,140.0,0.0,azimuth_elevation
V02868,309.1418133958079,445.46783184687024,0.0,12.305,9.752,2.2805337602360853,3.286208418287474,140.0,0.0,azimuth_elevation
V02873,21.76349754145017,542.2528009837877,0.0,12.305,9.752,0.16041219032418413,3.9967821968672994,140.0,0.0,azimuth_elevation
V02878,-272.91128645815525,469.60907116851433,0.0,12.305,9.752,-2.009836490359193,3.458403863348039,140.0,0.0,azimuth_elevation
V02879,518.5407842857697,-161.95371262277007,0.0,12.305,9.752,3.818109121344639,-1.192494334370135,140.0,0.0,azimuth_elevation
V02881,206.73763028509734,502.5671121592641,0.0,12.305,9.752,1.5217292792769137,3.6992350561421974,140.0,0.0,azimuth_elevation
V02886,-95.38678674221374,535.4596258496017,0.0,12.305,9.752,-0.7015160912310269,3.938003958066058,140.0,0.0,azimuth_elevation
V02888,-541.93228730974,-48.224951749415666,0.0,12.305,9.752,-3.98425605451296,-0.35454716481283816,140.0,0.0,azimuth_elevation
V02892,542.4151504094996,-46.93883899544225,0.0,12.305,9.752,3.9851063824971082,-0.34485811601413013,140.0,0.0,azimuth_elevation
V02894,94.21201245849086,536.4160201825828,0.0,12.305,9.752,0.6919384819444889,3.939698102292148,140.0,0.0,azimuth_elevation
V02899,-208.59375577004374,503.59526909388984,0.0,12.305,9.752,-1.5307197325520492,3.6955239277233454,140.0,0.0,azimuth_elevation
V02901,-520.0789602316377,-163.82315197913476,0.0,12.305,9.752,-3.815198199577961,-1.201774811658609,140.0,0.0,azimuth_elevation
V02902,272.87510540999114,472.18600873753786,0.0,12.305,9.752,2.0014211949042977,3.463280699075351,140.0,0.0,azimuth_elevation
V02907,-23.215209556493683,545.3283451694475,0.0,12.305,9.752,-0.17013017496092667,3.9963803276925187,140.0,0.0,azimuth_elevation
V02912,-312.54370167909553,448.0400479206391,0.0,12.305,9.752,-2.2885176667686493,3.2806534240738956,140.0,0.0,azimuth_elevation
V02913,533.1962834147525,-119.27058879998388,0.0,12.305,9.752,3.903531251204966,-0.8731802625266994,140.0,0.0,azimuth_elevation
V02915,165.48455068020124,520.9023070463136,0.0,12.305,9.752,1.211105939575758,3.8122463723012867,140.0,0.0,azimuth_elevation
V02920,-140.07184386101426,528.7775794768303,0.0,12.305,9.752,-1.024262522442961,3.8666375942307782,140.0,0.0,azimuth_elevation
V02922,-539.1794354114621,-93.33802242053855,0.0,12.305,9.752,-3.9413792902169487,-0.6822970692073529,140.0,0.0,azimuth_elevation
V02923,334.5812310316739,433.1075499703621,0.0,12.305,9.752,2.445365377257192,3.1654680809813565,140.0,0.0,azimuth_elevation
V02926,547.5615290871108,-2.005458497449165,0.0,12.305,9.752,3.9999731720722065,-0.014650006914975802,140.0,0.0,azimuth_elevation
V02928,49.885422764137815,545.4719924942465,0.0,12.305,9.752,0.36429446605399557,3.983376650782905,140.0,0.0,azimuth_elevation
V02933,-250.88844938876562,487.4266467513864,0.0,12.305,9.752,-1.830614608046303,3.5565221996787084,140.0,0.0,azimuth_elevation
V02936,234.28907153762526,495.9226562257844,0.0,12.305,9.752,1.7086416226380396,3.616703444490417,140.0,0.0,azimuth_elevation
V02941,-68.55002375116247,544.6402888546852,0.0,12.305,9.752,-0.49951078064871623,3.9686885718100515,140.0,0.0,azimuth_elevation
V02943,-548.7304756499996,-20.678856180292968,0.0,12.305,9.752,-3.9971627174505153,-0.15063269971560636,140.0,0.0,azimuth_elevation
V02946,-350.45443013923244,423.1020472602158,0.0,12.305,9.752,-2.5515713546175474,3.080500547361609,140.0,0.0,azimuth_elevation
V02947,544.3059308845205,-75.26621821199448,0.0,12.305,9.752,3.962297528300948,-0.5479035473696081,140.0,0.0,azimuth_elevation
V02949,122.60507553819085,535.8195082789301,0.0,12.305,9.752,0.8922123800326606,3.8992251882799045,140.0,0.0,azimuth_elevation
V02954,-184.29343977100274,518.3357773271798,0.0,12.305,9.752,-1.3400146223089253,3.768867311540467,140.0,0.0,azimuth_elevation
V02956,-532.6395186642328,-138.3177253902562,0.0,12.305,9.752,-3.8715882221053772,-1.0053878050060683,140.0,0.0,azimuth_elevation
V02957,299.36908672975045,461.860476670818,0.0,12.305,9.752,2.175658959466116,3.3565619452193665,140.0,0.0,azimuth_elevation
V02962,4.704667168319539,550.8323847658517,0.0,12.305,9.752,0.03416281037657759,3.999854110137915,140.0,0.0,azimuth_elevation
V02967,-291.9185371428153,467.67886169079605,0.0,12.305,9.752,-2.1180088551812277,3.393234222592644,140.0,0.0,azimuth_elevation
V02968,531.251810826205,-147.68806144667894,0.0,12.305,9.752,3.8538505968227907,-1.0713708869334726,140.0,0.0,azimuth_elevation
V02970,193.63149006735702,516.4762299024951,0.0,12.305,9.752,1.4041943329669286,3.7454289841436803,140.0,0.0,azimuth_elevation
V02975,-113.92346392837837,540.1516401590941,0.0,12.305,9.752,-0.8254804015213939,3.9138960265576905,140.0,0.0,azimuth_elevation
V02977,-548.2236110737184,-66.28591299282459,0.0,12.305,9.752,-3.9710781009553453,-0.4801444742084296,140.0,0.0,azimuth_elevation
V02981,551.7515922737691,-30.237897138532198,0.0,12.305,9.752,3.9940066582329834,-0.21888539008028385,140.0,0.0,azimuth_elevation
V02983,78.38513569609097,547.1750364388944,0.0,12.305,9.752,0.5672262134867794,3.9595775560952773,140.0,0.0,azimuth_elevation
V02988,-227.73298130032387,504.1665788487634,0.0,12.305,9.752,-1.646616229921674,3.645360749138353,140.0,0.0,azimuth_elevation
V02990,-522.3169604694004,-182.84376611196458,0.0,12.305,9.752,-3.775359429028558,-1.3216130983177954,140.0,0.0,azimuth_elevation
V02991,261.6739221257257,487.72318837568065,0.0,12.305,9.752,1.891095725844232,3.52473501921686,140.0,0.0,azimuth_elevation
V02996,-41.019493749514666,552.4183660347777,0.0,12.305,9.752,-0.29620213121167643,3.989017961537108,140.0,0.0,azimuth_elevation
V03001,-331.37931331811603,444.45236044464195,0.0,12.305,9.752,-2.390939958930311,3.206775033080793,140.0,0.0,azimuth_elevation
V03002,544.6608982206602,-103.89877742044719,0.0,12.305,9.752,3.929150125795659,-0.7495193719711014,140.0,0.0,azimuth_elevation
V03004,151.16761850847223,533.6660014601614,0.0,12.305,9.752,1.0901582901942408,3.8485782962440513,140.0,0.0,azimuth_elevation
V03009,-159.01448120237345,531.8523712158666,0.0,12.305,9.752,-1.1458131047861968,3.832376851106923,140.0,0.0,azimuth_elevation
V03011,-543.8948314110556,-111.94446107038704,0.0,12.305,9.752,-3.917876377829582,-0.8063775096348849,140.0,0.0,azimuth_elevation
V03012,325.4866483310763,450.0132128706914,0.0,12.305,9.752,2.3442199278991396,3.2410851469285027,140.0,0.0,azimuth_elevation
V03017,33.12326150914308,554.8493485145286,0.0,12.305,9.752,0.2383666570644593,3.9928913504877532,140.0,0.0,azimuth_elevation
V03022,-270.07421068065025,486.3294878220153,0.0,12.305,9.752,-1.9419736698924641,3.4969612902410563,140.0,0.0,azimuth_elevation
V03023,527.7406705593822,-176.20026855125283,0.0,12.305,9.752,3.794114357191754,-1.2667660575463031,140.0,0.0,azimuth_elevation
V03025,221.73552550885864,510.480858335854,0.0,12.305,9.752,1.5936188594146627,3.668838907736058,140.0,0.0,azimuth_elevation
V03030,-86.96918989021552,550.177435024229,0.0,12.305,9.752,-0.6245444118065987,3.9509422012579676,140.0,0.0,azimuth_elevation
V03032,-555.8537810205297,-38.54898345197988,0.0,12.305,9.752,-3.990415452844043,-0.27673907151587485,140.0,0.0,azimuth_elevation
V03036,554.4291426888609,-58.89801131867541,0.0,12.305,9.752,3.977618859649394,-0.42254965076480205,140.0,0.0,azimuth_elevation
V03038,107.17842751564902,547.3335680143077,0.0,12.305,9.752,0.7686779368721555,3.925447010133492,140.0,0.0,azimuth_elevation
V03043,-203.50076057040238,519.7597430036957,0.0,12.305,9.752,-1.4583214501936854,3.7246877114605175,140.0,0.0,azimuth_elevation
V03045,-535.7331886085047,-157.33181694547415,0.0,12.305,9.752,-3.8379208440755326,-1.1271040744361411,140.0,0.0,azimuth_elevation
V03046,288.80331036831,477.9710220508202,0.0,12.305,9.752,2.068615524043593,3.4235697471624342,140.0,0.0,azimuth_elevation
V03051,-12.871470271249542,558.7481322143783,0.0,12.305,9.752,-0.09212062208012099,3.9989390831803844,140.0,0.0,azimuth_elevation
V03056,-311.0055264555671,464.91097267551726,0.0,12.305,9.752,-2.2240700493296903,3.324682302968906,140.0,0.0,azimuth_elevation
V03057,543.4557364876338,-132.75094153595893,0.0,12.305,9.752,3.8857506641999406,-0.9491795276288479,140.0,0.0,azimuth_elevation
V03059,179.81225396550832,529.938773184076,0.0,12.305,9.752,1.2852597258927196,3.787889575607791,140.0,0.0,azimuth_elevation
V03064,-132.82168577074515,544.0840466224105,0.0,12.305,9.752,-0.9486218965501308,3.885886835380777,140.0,0.0,azimuth_elevation
V03066,-553.7898002049991,-84.77326930646986,0.0,12.305,9.752,-3.9539418902724757,-0.605263189322235,140.0,0.0,azimuth_elevation
V03067,351.1399346312222,436.65855803726214,0.0,12.305,9.752,2.5066642857575654,3.117151609804617,140.0,0.0,azimuth_elevation
V03070,560.4481075860178,-12.991100925304313,0.0,12.305,9.752,3.998925822313833,-0.09269448544352728,140.0,0.0,azimuth_elevation
V03072,61.958705252399476,557.3442103794084,0.0,12.305,9.752,0.44194855015187734,3.97551021618844,140.0,0.0,azimuth_elevation
V03077,-247.0610507458458,503.91843308650516,0.0,12.305,9.752,-1.7608714273071586,3.591563979173036,140.0,0.0,azimuth_elevation
V03080,249.70769278065984,502.9114416735412,0.0,12.305,9.752,1.7788852666245774,3.582675984258974,140.0,0.0,azimuth_elevation
V03085,-59.28158365210388,558.8032246146211,0.0,12.305,9.752,-0.4219788416459294,3.9776794563166047,140.0,0.0,azimuth_elevation
V03087,-562.0247567215986,-10.204059585668492,0.0,12.305,9.752,-3.9993408902716734,-0.07261159274510001,140.0,0.0,azimuth_elevation
V03090,-350.22228935265275,440.0240880231295,0.0,12.305,9.752,-2.4909790304966397,3.129700220408661,140.0,0.0,azimuth_elevation
V03091,555.5630884226358,-87.90224560443619,0.0,12.305,9.752,3.950852535868413,-0.6251113819329558,140.0,0.0,azimuth_elevation
V03093,136.1793290917351,545.9239327306735,0.0,12.305,9.752,0.9681240021947555,3.881074067365168,140.0,0.0,azimuth_elevation
V03098,-178.2516786370115,534.1400463016114,0.0,12.305,9.752,-1.2662215733868687,3.7942961042978287,140.0,0.0,azimuth_elevation
V03100,-547.8518449667462,-130.91297096366063,0.0,12.305,9.752,-3.8904682382733298,-0.9296541760173043,140.0,0.0,azimuth_elevation
V03101,315.58832980776396,466.67350052166677,0.0,12.305,9.752,2.2407378271340597,3.3134715918580824,140.0,0.0,azimuth_elevation
V03106,15.815045187579713,563.5880892511078,0.0,12.305,9.752,0.11220125100201954,3.9984260502444684,140.0,0.0,azimuth_elevation
V03111,-289.37750526453834,484.4004639209918,0.0,12.305,9.752,-2.0513970279020692,3.433914709761231,140.0,0.0,azimuth_elevation
V03112,540.6709217691525,-161.73560014200618,0.0,12.305,9.752,3.832212382722414,-1.1463630549302448,140.0,0.0,azimuth_elevation
V03114,208.45048462798496,524.6260053203216,0.0,12.305,9.752,1.4770076224676767,3.7173173772456365,140.0,0.0,azimuth_elevation
V03119,-105.78342949369348,554.9733471479084,0.0,12.305,9.752,-0.7489555149494126,3.9292576444701184,140.0,0.0,azimuth_elevation
V03121,-562.2731738225759,-56.87730654212901,0.0,12.305,9.752,-3.979690656193097,-0.402569597721137,140.0,0.0,azimuth_elevation
V03125,563.9388421456777,-41.95631441621762,0.0,12.305,9.752,3.98897541423163,-0.29677456874806074,140.0,0.0,azimuth_elevation
V03127,91.12699554479333,558.2865041204017,0.0,12.305,9.752,0.644377297519319,3.9477560586289653,140.0,0.0,azimuth_elevation
V03132,-222.93363407738607,520.3749079241333,0.0,12.305,9.752,-1.5751746649511513,3.6767954491508,140.0,0.0,azimuth_elevation
V03134,-538.0408538153127,-176.64113231546423,0.0,12.305,9.752,-3.800427936266768,-1.2476968787502494,140.0,0.0,azimuth_elevation
V03135,277.4585895142707,493.76824635121216,0.0,12.305,9.752,1.959510151804762,3.487165032655334,140.0,0.0,azimuth_elevation
V03140,-30.936268744326505,565.981269368677,0.0,12.305,9.752,-0.21831223133793362,3.9940380280673664,140.0,0.0,azimuth_elevation
V03145,-330.13801778205885,461.30493083743744,0.0,12.305,9.752,-2.3279143540352103,3.2528164350723556,140.0,0.0,azimuth_elevation
V03146,555.1269970055,-117.16512789928403,0.0,12.305,9.752,3.913777526402728,-0.8260420533029416,140.0,0.0,azimuth_elevation
V03148,165.3003699111981,542.9272858378192,0.0,12.305,9.752,1.1650440086636369,3.8265745070332766,140.0,0.0,azimuth_elevation
V03153,-152.0494747907451,547.2446502395968,0.0,12.305,9.752,-1.070817832391809,3.854004303296989,140.0,0.0,azimuth_elevation
V03155,-558.6159097166181,-103.65623672252008,0.0,12.305,9.752,-3.9328645033495873,-0.7297785953923281,140.0,0.0,azimuth_elevation
V03156,341.94031662990943,453.84300133750816,0.0,12.305,9.752,2.4070135283230685,3.194727824787228,140.0,0.0,azimuth_elevation
V03161,44.9585549513629,566.9011186588763,0.0,12.305,9.752,0.3162303651367113,3.9874802013509116,140.0,0.0,azimuth_elevation
V03166,-266.54414228405784,502.8457717969356,0.0,12.305,9.752,-1.873371438390889,3.5341872409114448,140.0,0.0,azimuth_elevation
V03169,236.99297353106317,517.7208519046773,0.0,12.305,9.752,1.6649016654263347,3.6370458403023487,140.0,0.0,azimuth_elevation
V03174,-77.97146484971758,564.4665629328183,0.0,12.305,9.752,-0.5473349356308548,3.9623761139293645,140.0,0.0,azimuth_elevation
V03176,-569.2977291680131,-28.332764851732897,0.0,12.305,9.752,-3.9950554911213847,-0.1988256091676086,140.0,0.0,azimuth_elevation
V03180,565.8792668224374,-71.3057177265658,0.0,12.305,9.752,3.968616849080845,-0.5000802987437376,140.0,0.0,azimuth_elevation
V03182,120.5422453148715,557.650443462972,0.0,12.305,9.752,0.8451247158703912,3.9097012948082095,140.0,0.0,azimuth_elevation
V03187,-197.7506388079531,535.6310622537183,0.0,12.305,9.752,-1.385367908522224,3.7524333116041864,140.0,0.0,azimuth_elevation
V03189,-551.0381016054082,-150.21171918032172,0.0,12.305,9.752,-3.859182191198774,-1.0520041896942385,140.0,0.0,azimuth_elevation
V03190,304.8986517508062,483.05658277321993,0.0,12.305,9.752,2.1350222229647002,3.382555263029249,140.0,0.0,azimuth_elevation
V03195,-2.011711301386489,571.6680006941441,0.0,12.305,9.752,-0.014075994059783737,3.9999752332222296,140.0,0.0,azimuth_elevation
V03200,-308.7642778543962,481.6372812823497,0.0,12.305,9.752,-2.1587756119970116,3.367445301270227,140.0,0.0,azimuth_elevation
V03201,553.0992036994568,-146.59952546658133,0.0,12.305,9.752,3.8664905685061495,-1.0248173903935245,140.0,0.0,azimuth_elevation
V03203,194.4528426205029,538.3296777967995,0.0,12.305,9.752,1.3589241465476507,3.7620905310651076,140.0,0.0,azimuth_elevation
V03208,-124.96155874478617,559.0141848254599,0.0,12.305,9.752,-0.872620080642688,3.9036565159935823,140.0,0.0,azimuth_elevation
V03210,-567.9721399264394,-75.63397561533648,0.0,12.305,9.752,-3.964999017668855,-0.5279988540565373,140.0,0.0,azimuth_elevation
V03214,572.8135689865384,-24.467635457972985,0.0,12.305,9.752,3.996355872158557,-0.1707036703290861,140.0,0.0,azimuth_elevation
V03216,74.4753054150273,568.654621790185,0.0,12.305,9.752,0.5194343613015298,3.9661300967440885,140.0,0.0,azimuth_elevation
V03221,-242.55865931186645,520.1744388114721,0.0,12.305,9.752,-1.6904577906340519,3.625238262250447,140.0,0.0,azimuth_elevation
V03224,265.3498178988394,509.2214882946838,0.0,12.305,9.752,1.8484515958687684,3.5472844117338838,140.0,0.0,azimuth_elevation
V03229,-49.46071598560072,572.5139191095634,0.0,12.305,9.752,-0.3442862332047092,3.9851558300304535,140.0,0.0,azimuth_elevation
V03234,-349.28194589347504,456.86121773780224,0.0,12.305,9.752,-2.4294382602606923,3.177708252747804,140.0,0.0,azimuth_elevation
V03235,566.2407995472329,-100.9539842111765,0.0,12.305,9.752,3.9379032470551762,-0.7020812038733844,140.0,0.0,azimuth_elevation
V03237,150.1169404177452,555.4150287844353,0.0,12.305,9.752,1.043667008873266,3.861445218385149,140.0,0.0,azimuth_elevation
V03242,-171.57468465711864,549.6222135110719,0.0,12.305,9.752,-1.191946407627474,3.8182802099039246,140.0,0.0,azimuth_elevation
V03244,-562.6879340883436,-122.90377875147642,0.0,12.305,9.752,-3.9078669495241787,-0.8535665790180594,140.0,0.0,azimuth_elevation
V03245,331.93843217651914,470.78681719457103,0.0,12.305,9.752,2.3049635286157986,3.26911962640571,140.0,0.0,azimuth_elevation
V03250,27.411008419620497,575.8241802993509,0.0,12.305,9.752,0.19019697073767775,3.995475580243509,140.0,0.0,azimuth_elevation
V03255,-286.1484718071827,500.94450998330547,0.0,12.305,9.752,-1.984004126384474,3.473287725842675,140.0,0.0,azimuth_elevation
V03258,223.5470724197739,532.1221254679684,0.0,12.305,9.752,1.5492585378479433,3.6877903930274085,140.0,0.0,azimuth_elevation
V03263,-97.05882145030307,569.3929532218309,0.0,12.305,9.752,-0.6721454618028988,3.9431231883086997,140.0,0.0,azimuth_elevation
V03265,-575.8712568733953,-46.92169548360306,0.0,12.305,9.752,-3.986787934869051,-0.3248414419106088,140.0,0.0,azimuth_elevation
V03269,575.5866668183323,-54.13445280929762,0.0,12.305,9.752,3.9824253584744183,-0.3745507498055498,140.0,0.0,azimuth_elevation
V03271,104.27953508735476,568.8206470953434,0.0,12.305,9.752,0.7212830333863385,3.9344314437729118,140.0,0.0,azimuth_elevation
V03276,-217.47846631965703,536.3168528838618,0.0,12.305,9.752,-1.5031333485282112,3.7068302006623353,140.0,0.0,azimuth_elevation
V03278,-553.4421912528237,-169.80868923960548,0.0,12.305,9.752,-3.824049421643224,-1.1733055956698246,140.0,0.0,azimuth_elevation
V03279,293.43082589636236,499.1311455056463,0.0,12.305,9.752,2.0271784896769853,3.4482672998175383,140.0,0.0,azimuth_elevation
V03284,-20.329063536798415,579.0697532903241,0.0,12.305,9.752,-0.140339208573116,3.997537355239732,140.0,0.0,azimuth_elevation
V03289,-328.2005844890245,478.0386243192726,0.0,12.305,9.752,-2.264002390280615,3.2976193195703565,140.0,0.0,azimuth_elevation
V03290,564.9995991559123,-130.81400136704963,0.0,12.305,9.752,3.896914747027326,-0.9022502171797764,140.0,0.0,azimuth_elevation
V03292,179.76220276930644,551.5641399289177,0.0,12.305,9.752,1.239486133887584,3.8031137405947257,140.0,0.0,azimuth_elevation
V03297,-144.47216063741962,562.2870661866193,0.0,12.305,9.752,-0.9954148435898172,3.8741643342998575,140.0,0.0,azimuth_elevation
V03299,-572.9351000018582,-94.78882416118803,0.0,12.305,9.752,-3.946355181475744,-0.6529018162323871,140.0,0.0,azimuth_elevation
V03300,358.48887921753726,456.9743685124518,0.0,12.305,9.752,2.4688906526912104,3.1471541025272294,140.0,0.0,azimuth_elevation
V03303,581.0327287318898,-6.458958304100721,0.0,12.305,9.752,3.9997528768011326,-0.0444626193680155,140.0,0.0,azimuth_elevation
V03305,57.24843333024784,578.415047246553,0.0,12.305,9.752,0.39397366775851445,3.980550809764008,140.0,0.0,azimuth_elevation
V03310,-262.342410425541,519.1524917518136,0.0,12.305,9.752,-1.8040559163184469,3.570067541489433,140.0,0.0,azimuth_elevation
V03313,252.4926905132151,524.3006687363633,0.0,12.305,9.752,1.7355505562228029,3.603867959123186,140.0,0.0,azimuth_elevation
V03318,-68.41543466199974,578.3291262767332,0.0,12.305,9.752,-0.46991706039676073,3.9723013425907236,140.0,0.0,azimuth_elevation
V03320,-582.2681222957492,-17.5978339059816,0.0,12.305,9.752,-3.998174402639405,-0.12083644350541685,140.0,0.0,azimuth_elevation
V03324,576.7731472381142,-84.1414679277745,0.0,12.305,9.752,3.958103778328649,-0.577420539971066,140.0,0.0,azimuth_elevation
V03326,134.28372972718125,567.3760040137029,0.0,12.305,9.752,0.9212497116450442,3.8924669515352246,140.0,0.0,azimuth_elevation
V03331,-191.3650072194804,551.2064803790755,0.0,12.305,9.752,-1.311886884763161,3.7787501639545322,140.0,0.0,azimuth_elevation
V03333,-565.9928316868388,-142.48461137650506,0.0,12.305,9.752,-3.878974145641824,-0.9765037518833614,140.0,0.0,azimuth_elevation
V03334,321.1457954506625,487.4581295499761,0.0,12.305,9.752,2.200616007158035,3.3402528630389385,140.0,0.0,azimuth_elevation
V03339,9.34288033595586,584.0926815044236,0.0,12.305,9.752,0.06397399343198126,3.99948838330159,140.0,0.0,azimuth_elevation
V03344,-305.84030533979035,498.2115591088427,0.0,12.305,9.752,-2.0926592157840482,3.408926136863938,140.0,0.0,azimuth_elevation
V03345,562.1366671719404,-160.797131258064,0.0,12.305,9.752,3.8457582974484583,-1.1000650515339234,140.0,0.0,azimuth_elevation
V03347,209.38805870222765,546.0866148084134,0.0,12.305,9.752,1.432071153646279,3.734859061717619,140.0,0.0,azimuth_elevation
V03352,-116.51304071447778,573.5679221709199,0.0,12.305,9.752,-0.7962860125940677,3.919939870220848,140.0,0.0,azimuth_elevation
V03354,-581.7282459170486,-65.94162495930644,0.0,12.305,9.752,-3.9745464623784574,-0.45053348199095483,140.0,0.0,azimuth_elevation
V03358,584.6633669745927,-36.4142460849161,0.0,12.305,9.752,3.9922643001211626,-0.24864785938769932,140.0,0.0,azimuth_elevation
V03360,87.41497495955716,579.4104522295227,0.0,12.305,9.752,0.5967223965948125,3.9552398639528987,140.0,0.0,azimuth_elevation
V03365,-237.40217792249248,536.1898506291006,0.0,12.305,9.752,-1.6194005081877223,3.6575322273469233,140.0,0.0,azimuth_elevation
V03368,281.1989108325473,514.866412330994,0.0,12.305,9.752,1.917314122824208,3.5105422023412336,140.0,0.0,azimuth_elevation
V03373,-39.10863980856861,585.7749263090079,0.0,12.305,9.752,-0.2664625369717624,3.991114846304297,140.0,0.0,azimuth_elevation
V03378,-347.652607629514,473.60417482154776,0.0,12.305,9.752,-2.366972475705411,3.2245063652058428,140.0,0.0,azimuth_elevation
V03379,576.3469579223163,-114.40163501319259,0.0,12.305,9.752,3.9234545923338575,-0.77878370674685,140.0,0.0,azimuth_elevation
V03381,164.3988838344257,564.302363094463,0.0,12.305,9.752,1.1188126368874673,3.8403461150709988,140.0,0.0,azimuth_elevation
V03386,-164.28359286604584,564.7800909336512,0.0,12.305,9.752,-1.1172174054780062,3.84081049635321,140.0,0.0,azimuth_elevation
V03388,-577.1474331268367,-114.31137491563831,0.0,12.305,9.752,-3.9237777312570534,-0.7771539845431246,140.0,0.0,azimuth_elevation
V03389,348.40479430936784,474.215825655626,0.0,12.305,9.752,2.36831160982163,3.223522935979218,140.0,0.0,azimuth_elevation
V03394,39.47200607250594,587.5457520369049,0.0,12.305,9.752,0.26812027252648785,3.9910038235336636,140.0,0.0,azimuth_elevation
V03399,-282.251449758964,517.3042326416468,0.0,12.305,9.752,-1.91585581063703,3.5113382794667234,140.0,0.0,azimuth_elevation
V03402,238.9037117717874,538.9763134885083,0.0,12.305,9.752,1.6209195693987155,3.6568592739590464,140.0,0.0,azimuth_elevation
V03407,-87.7706879271857,583.4108812327627,0.0,12.305,9.752,-0.595079487693509,3.9554873787343117,140.0,0.0,azimuth_elevation
V03409,-589.0200988138865,-36.439994419311105,0.0,12.305,9.752,-3.9923672346772516,-0.2469896019582986,140.0,0.0,azimuth_elevation
V03413,586.700863331381,-66.75213079904002,0.0,12.305,9.752,3.9743589849106584,-0.4521843197855512,140.0,0.0,azimuth_elevation
V03415,117.82316635273567,578.7849786152157,0.0,12.305,9.752,0.7979141390411545,3.919608784906756,140.0,0.0,azimuth_elevation
V03420,-211.38798342430155,551.9881977577122,0.0,12.305,9.752,-1.430519710556642,3.7354535678694956,140.0,0.0,azimuth_elevation
V03422,-568.5185471294621,-162.36721211440897,0.0,12.305,9.752,-3.8462148912251033,-1.098467573721803,140.0,0.0,azimuth_elevation
V03423,309.57480921052985,503.82555264919233,0.0,12.305,9.752,2.0940749745760563,3.4080566311102123,140.0,0.0,azimuth_elevation
V03428,-9.218526743789676,591.6867995524947,0.0,12.305,9.752,-0.062312751321464875,3.9995146106774944,140.0,0.0,azimuth_elevation
V03433,-325.58597468177976,494.6448454098309,0.0,12.305,9.752,-2.199228402299716,3.341166627769145,140.0,0.0,azimuth_elevation
V03434,574.286867037168,-144.8262557295263,0.0,12.305,9.752,3.8785682082098334,-0.9781148471748935,140.0,0.0,azimuth_elevation
V03436,194.53476775038544,559.5863419851343,0.0,12.305,9.752,1.3134563218590412,3.7782049296681244,140.0,0.0,azimuth_elevation
V03441,-136.3032217456799,576.9779733592505,0.0,12.305,9.752,-0.9196328482487511,3.8928492681353446,140.0,0.0,azimuth_elevation
V03443,-586.8525505739365,-85.36295381994026,0.0,12.305,9.752,-3.958343275599417,-0.5757764431764077,140.0,0.0,azimuth_elevation
V03447,593.0883148990707,-18.171426201065177,0.0,12.305,9.752,3.9981238668453214,-0.1224971238920137,140.0,0.0,azimuth_elevation
V03449,69.9729493514275,589.3965866537255,0.0,12.305,9.752,0.4715669639812115,3.972105814109381,140.0,0.0,azimuth_elevation
V03454,-257.48871620140903,535.2435062931173,0.0,12.305,9.752,-1.7340534957131903,3.6045885304712475,140.0,0.0,azimuth_elevation
V03457,268.21781922408877,530.2321674989871,0.0,12.305,9.752,1.805538632069666,3.569317896756185,140.0,0.0,azimuth_elevation
V03462,-58.32164749348067,591.7660309899903,0.0,12.305,9.752,-0.3923202631312634,3.98071410818921,140.0,0.0,azimuth_elevation
V03464,-594.7676372244472,-6.364566791890521,0.0,12.305,9.752,-3.99977099986551,-0.042801269079985514,140.0,0.0,azimuth_elevation
V03467,-367.086674082157,468.3346279224933,0.0,12.305,9.752,-2.467583230633981,3.148179315079426,140.0,0.0,azimuth_elevation
V03468,587.1169207601898,-97.38568353240112,0.0,12.305,9.752,3.9460836502681995,-0.654540926975543,140.0,0.0,azimuth_elevation
V03470,148.38392170971554,576.5180498284898,0.0,12.305,9.752,0.99702393943584,3.8737505423286924,140.0,0.0,azimuth_elevation
V03475,-184.36399943746804,566.482361341835,0.0,12.305,9.752,-1.2379063569956843,3.8036282483057775,140.0,0.0,azimuth_elevation
V03477,-580.5954986926059,-134.17084965775587,0.0,12.305,9.752,-3.8972891715705296,-0.9006315079759828,140.0,0.0,azimuth_elevation
V03478,337.52960419331845,491.189389434566,0.0,12.305,9.752,2.2653719016453557,3.296678653923628,140.0,0.0,azimuth_elevation
V03483,21.17219701397991,596.0255766941559,0.0,12.305,9.752,0.14199962267189117,3.997478718787761,140.0,0.0,azimuth_elevation
V03488,-302.2523440387593,514.6258548917607,0.0,12.305,9.752,-2.0257460346577467,3.449109015828351,140.0,0.0,azimuth_elevation
V03491,224.60019960242244,553.2195769661012,0.0,12.305,9.752,1.5046728962870755,3.7062055360137625,140.0,0.0,azimuth_elevation
V03496,-107.49638882543607,587.7441419440016,0.0,12.305,9.752,-0.7196487567728074,3.934730698138737,140.0,0.0,azimuth_elevation
V03498,-595.0587567234223,-55.71647913117693,0.0,12.305,9.752,-3.9825805891898405,-0.3728965682442027,140.0,0.0,azimuth_elevation
V03502,596.0016149492607,-48.81111531068769,0.0,12.305,9.752,3.986652664077226,-0.32649737518999844,140.0,0.0,azimuth_elevation
V03504,100.7583415436911,589.6175087371175,0.0,12.305,9.752,0.6737832284380086,3.942843664295562,140.0,0.0,azimuth_elevation
V03509,-231.611017614841,551.9591348274053,0.0,12.305,9.752,-1.547726635195314,3.6884335784594238,140.0,0.0,azimuth_elevation
V03512,297.2387713085021,519.8582141613346,0.0,12.305,9.752,1.9854466279284788,3.4724633457601004,140.0,0.0,azimuth_elevation
V03517,-28.245429465845792,598.5876257610827,0.0,12.305,9.752,-0.1885373845021712,3.9955542362286964,140.0,0.0,azimuth_elevation
V03522,-345.35189582482343,490.24332534997393,0.0,12.305,9.752,-2.3036054608220966,3.2700767392938377,140.0,0.0,azimuth_elevation
V03523,585.8880377588796,-128.22619549471816,0.0,12.305,9.752,3.9075120730644475,-0.8551896858917214,140.0,0.0,azimuth_elevation
V03525,179.00680201259507,572.594022701271,0.0,12.305,9.752,1.19353227436304,3.817784790955848,140.0,0.0,azimuth_elevation
V03530,-156.3981877286885,579.610607973303,0.0,12.305,9.752,-1.0420630201780543,3.861878385187368,140.0,0.0,azimuth_elevation
V03532,-591.2289949997011,-105.15572010900537,0.0,12.305,9.752,-3.9381945254059305,-0.7004454868601508,140.0,0.0,azimuth_elevation
V03538,51.978445900334684,598.7566209753224,0.0,12.305,9.752,0.34594148689195786,3.9850124827466953,140.0,0.0,azimuth_elevation
V03543,-277.7049663169288,533.4723063879825,0.0,12.305,9.752,-1.846978028294207,3.5480518827940557,140.0,0.0,azimuth_elevation
V03546,254.50332129675382,545.1987797573664,0.0,12.305,9.752,1.6919634320173436,3.6245357971354197,140.0,0.0,azimuth_elevation
V03551,-77.93888307284126,597.0265324969721,0.0,12.305,9.752,-0.5177869356754549,3.9663455080519427,140.0,0.0,azimuth_elevation
V03553,-601.7208195445148,-25.452020090307293,0.0,12.305,9.752,-3.9964264312861926,-0.16904372013507554,140.0,0.0,azimuth_elevation
V03557,597.2859432010529,-79.79004984600836,0.0,12.305,9.752,3.964779364831024,-0.5296457195240002,140.0,0.0,azimuth_elevation
V03559,131.73906728846723,588.1856578921019,0.0,12.305,9.752,0.8742414370174914,3.9032937257912823,140.0,0.0,azimuth_elevation
V03564,-204.68132552678483,567.3840013435331,0.0,12.305,9.752,-1.3573613988428403,3.762654652360672,140.0,0.0,azimuth_elevation
V03566,-583.266656686283,-154.33618240064698,0.0,12.305,9.752,-3.8669159054527533,-1.0232113076762381,140.0,0.0,azimuth_elevation
V03567,325.8749726322733,507.8636157591082,0.0,12.305,9.752,2.1601741355145037,3.366548336836138,140.0,0.0,azimuth_elevation
V03572,2.375718462090153,603.834253716853,0.0,12.305,9.752,0.01573743165657122,3.9999690415358033,140.0,0.0,azimuth_elevation
V03577,-322.31168328333996,511.11459460580846,0.0,12.305,9.752,-2.1336170529405356,3.383441778928868,140.0,0.0,azimuth_elevation
V03578,582.9956107386733,-159.18344090840995,0.0,12.305,9.752,3.858744895442364,-1.0536070576346306,140.0,0.0,azimuth_elevation
V03580,209.6002858959258,567.0022664437473,0.0,12.305,9.752,1.3869264082517656,3.751857558342781,140.0,0.0,azimuth_elevation
V03585,-127.56211307121768,591.3148546322898,0.0,12.305,9.752,-0.8435007005412836,3.9100519904710174,140.0,0.0,azimuth_elevation
V03587,-600.3674372588598,-75.39821137950842,0.0,12.305,9.752,-3.9688242212267393,-0.49843184188409373,140.0,0.0,azimuth_elevation
V03591,604.6539363230513,-30.344147525337114,0.0,12.305,9.752,3.994972561838997,-0.20048498735208684,140.0,0.0,azimuth_elevation
V03593,83.11300411803809,599.8499633629021,0.0,12.305,9.752,0.5489807099750654,3.9621484298389524,140.0,0.0,azimuth_elevation
V03598,-252.00139477772862,551.1121002392157,0.0,12.305,9.752,-1.6633908301774964,3.637737063901323,140.0,0.0,azimuth_elevation
V03601,284.15187776687037,535.5257793622651,0.0,12.305,9.752,1.8748392448427031,3.533408808218721,140.0,0.0,azimuth_elevation
V03606,-47.70957420757479,604.7771875070454,0.0,12.305,9.752,-0.3145740890152204,3.9876112075427117,140.0,0.0,azimuth_elevation
V03611,-365.10458975043105,485.0069984476197,0.0,12.305,9.752,-2.40568635127119,3.195727331814701,140.0,0.0,azimuth_elevation
V03612,596.9154935240439,-111.01956400088723,0.0,12.305,9.752,3.9325610415919363,-0.7314120959851175,140.0,0.0,azimuth_elevation
V03614,162.82452844412683,585.0830906264065,0.0,12.305,9.752,1.0724185480099897,3.8535591935098323,140.0,0.0,azimuth_elevation
V03619,-176.766501274868,581.454343888703,0.0,12.305,9.752,-1.1634544934725617,3.827058092271203,140.0,0.0,azimuth_elevation
V03621,-594.8433935593879,-125.28961305212499,0.0,12.305,9.752,-3.9141202954957626,-0.8244163465071297,140.0,0.0,azimuth_elevation
V03622,354.03512471904037,494.2626634343055,0.0,12.305,9.752,2.3292652504527513,3.251849226675997,140.0,0.0,azimuth_elevation
V03627,33.45704736399185,607.4689917861516,0.0,12.305,9.752,0.21997118522567066,3.9939470048650385,140.0,0.0,azimuth_elevation
V03632,-298.01777538218295,530.8717882467054,0.0,12.305,9.752,-1.958061545972005,3.487978638435982,140.0,0.0,azimuth_elevation
V03635,240.07204495842223,559.7372269462531,0.0,12.305,9.752,1.5767017311928184,3.676140863848061,140.0,0.0,azimuth_elevation
V03640,-97.93074536671466,601.540870691194,0.0,12.305,9.752,-0.6427374929975667,3.948023368103994,140.0,0.0,azimuth_elevation
V03642,-607.9633628220043,-44.977766353609894,0.0,12.305,9.752,-3.989098339090625,-0.29511767324986177,140.0,0.0,azimuth_elevation
V03646,606.8313190371719,-61.639275106104925,0.0,12.305,9.752,3.9795231006699794,-0.4042225763536619,140.0,0.0,azimuth_elevation
V03648,114.48678093600695,599.2804243348106,0.0,12.305,9.752,0.7505875157348367,3.9289462176546786,140.0,0.0,azimuth_elevation
V03653,-225.2033351806435,567.4761737936799,0.0,12.305,9.752,-1.4754634616522697,3.7179305498259514,140.0,0.0,azimuth_elevation
V03656,313.4534986551094,524.2075487637233,0.0,12.305,9.752,2.05282316956705,3.433062340606225,140.0,0.0,azimuth_elevation
V03661,-16.890189261849585,610.9524298230582,0.0,12.305,9.752,-0.11054044598071777,3.9984723094955137,140.0,0.0,azimuth_elevation
V03666,-342.39610206518404,506.76874340330824,0.0,12.305,9.752,-2.2393613427474426,3.3144020239868865,140.0,0.0,azimuth_elevation
V03667,594.8693371883447,-142.40934545562493,0.0,12.305,9.752,3.890081759397108,-0.9312700495591492,140.0,0.0,azimuth_elevation
V03669,193.92291366941453,580.2968667449143,0.0,12.305,9.752,1.267797471622563,3.793769836316831,140.0,0.0,azimuth_elevation
V03674,-147.93711482100133,594.1099730339813,0.0,12.305,9.752,-0.9665118669327623,3.881475854759134,140.0,0.0,azimuth_elevation
V03676,-604.9304573585231,-95.45570574883506,0.0,12.305,9.752,-3.9511118427418115,-0.6234702929133081,140.0,0.0,azimuth_elevation
V03680,612.6372514680985,-11.377526691413212,0.0,12.305,9.752,3.999310385160555,-0.07427276181030543,140.0,0.0,azimuth_elevation
V03682,64.91155204831931,609.4595478050027,0.0,12.305,9.752,0.42363098322760306,3.9775038390992927,140.0,0.0,azimuth_elevation
V03687,-272.5263003555303,549.440957350767,0.0,12.305,9.752,-1.7773970047269463,3.583414557037419,140.0,0.0,azimuth_elevation
V03690,270.32922273557386,550.7984761554633,0.0,12.305,9.752,1.7623630755895827,3.590832269794626,140.0,0.0,azimuth_elevation
V03695,-67.58225066250361,610.2384692850743,0.0,12.305,9.752,-0.44029723506220625,3.975693442004373,140.0,0.0,azimuth_elevation
V03697,-613.9736175379879,-13.976657945177513,0.0,12.305,9.752,-3.99896397914707,-0.09103347452574606,140.0,0.0,azimuth_elevation
V03701,607.3453544006,-93.22966527886742,0.0,12.305,9.752,3.953690145699461,-0.606905455403864,140.0,0.0,azimuth_elevation
V03703,146.0090727669567,597.0277218603284,0.0,12.305,9.752,0.9502358655138388,3.8854924784242173,140.0,0.0,azimuth_elevation
V03708,-197.37648252245657,582.4987331720665,0.0,12.305,9.752,-1.2836862685891488,3.7884230972577058,140.0,0.0,azimuth_elevation
V03710,-597.6825698278129,-145.7339895975595,0.0,12.305,9.752,-3.8861445823713225,-0.9475654515156317,140.0,0.0,azimuth_elevation
V03711,342.3159816191586,511.2562163222192,0.0,12.305,9.752,2.225450805078453,3.323758221377672,140.0,0.0,azimuth_elevation
V03716,14.434920422570125,615.5130242914394,0.0,12.305,9.752,0.09378162257055031,3.9989004747890435,140.0,0.0,azimuth_elevation
V03721,-318.39397415552907,527.4385530291166,0.0,12.305,9.752,-2.067193323884636,3.424428676682695,140.0,0.0,azimuth_elevation
V03724,224.9414728512598,573.8191211449006,0.0,12.305,9.752,1.4598684191578446,3.724081658442196,140.0,0.0,azimuth_elevation
V03729,-118.26725163554545,605.2944797291435,0.0,12.305,9.752,-0.7670473879685645,3.9257659513285557,140.0,0.0,azimuth_elevation
V03731,-613.4781371736926,-64.91321290689623,0.0,12.305,9.752,-3.9777940277124566,-0.4208974614975924,140.0,0.0,azimuth_elevation
V03735,615.7312034186095,-42.95852810177316,0.0,12.305,9.752,3.990300161648979,-0.278396515682458,140.0,0.0,azimuth_elevation
V03737,96.65022389353722,609.778389434497,0.0,12.305,9.752,0.6261854302673241,3.950682448251305,140.0,0.0,azimuth_elevation
V03742,-245.8976315160676,566.7510959978712,0.0,12.305,9.752,-1.5920948246707745,3.6695005204055406,140.0,0.0,azimuth_elevation
V03745,300.2787165169862,540.1907463173648,0.0,12.305,9.752,1.943426008164514,3.4961543659841086,140.0,0.0,azimuth_elevation
V03750,-36.59777165705076,617.3616874326899,0.0,12.305,9.752,-0.23670814006887858,3.992990014566168,140.0,0.0,azimuth_elevation
V03755,-362.47230279633544,501.5876590442809,0.0,12.305,9.752,-2.342873501181254,3.2420585678643583,140.0,0.0,azimuth_elevation
V03756,606.1727521950996,-125.02497548977274,0.0,12.305,9.752,3.917541101064866,-0.8080047781216844,140.0,0.0,azimuth_elevation
V03758,177.5878312552246,593.0765652005362,0.0,12.305,9.752,1.1474048307108373,3.831900592977515,140.0,0.0,azimuth_elevation
V03763,-168.5903450746932,596.1174762977478,0.0,12.305,9.752,-1.0885596419190904,3.8490307748815136,140.0,0.0,azimuth_elevation
V03765,-608.7331290884107,-115.859084884321,0.0,12.305,9.752,-3.9294611089262053,-0.747887286585643,140.0,0.0,azimuth_elevation
V03771,46.17902112896314,618.4243268238813,0.0,12.305,9.752,0.2978589932341514,3.98889458624185,140.0,0.0,azimuth_elevation
V03776,-293.1528423222329,546.9406375818093,0.0,12.305,9.752,-1.8896315207548233,3.5255202049867496,140.0,0.0,azimuth_elevation
V03779,255.78679560459943,565.6471207337052,0.0,12.305,9.752,1.6481302332120864,3.6446764924163397,140.0,0.0,azimuth_elevation
V03784,-87.8343081709193,614.9554327820317,0.0,12.305,9.752,-0.5655815054126266,3.959812818901316,140.0,0.0,azimuth_elevation
V03786,-620.4409749956997,-33.74383716155795,0.0,12.305,9.752,-3.994097230431824,-0.21722641150845204,140.0,0.0,azimuth_elevation
V03790,617.1545699628617,-74.88048326470124,0.0,12.305,9.752,3.9708783244976584,-0.48179386882220576,140.0,0.0,azimuth_elevation
V03792,128.58231083816358,608.4028594110304,0.0,12.305,9.752,0.8271060150725609,3.913552815515691,140.0,0.0,azimuth_elevation
V03797,-218.1962296472922,582.7343780554792,0.0,12.305,9.752,-1.4026385019384138,3.746011910402843,140.0,0.0,azimuth_elevation
V03800,329.8274611894306,527.9239489219395,0.0,12.305,9.752,2.1194180939634832,3.3923541889048368,140.0,0.0,azimuth_elevation
V03805,-5.061198282584316,622.8689543330478,0.0,12.305,9.752,-0.03250141893216796,3.9998679550414407,140.0,0.0,azimuth_elevation
V03810,-338.8004007217599,523.1702767462759,0.0,12.305,9.752,-2.174264582583194,3.3574653423266088,140.0,0.0,azimuth_elevation
V03813,209.12993662399973,587.4167341910186,0.0,12.305,9.752,1.3415799520109397,3.7683103949067576,140.0,0.0,azimuth_elevation
V03818,-138.91805620677312,608.2738064882722,0.0,12.305,9.752,-0.8905927120246261,3.8995954432849347,140.0,0.0,azimuth_elevation
V03820,-618.2489899481378,-85.22931671735577,0.0,12.305,9.752,-3.9625247649657873,-0.5462577111884404,140.0,0.0,azimuth_elevation
V03824,623.9646354783787,-23.773591910649646,0.0,12.305,9.752,3.9970998055027005,-0.15229295732330178,140.0,0.0,azimuth_elevation
V03826,78.25324693202747,619.6564204013342,0.0,12.305,9.752,0.5011591810716376,3.9684807515253997,140.0,0.0,azimuth_elevation
V03831,-266.7316791123554,565.2020535683707,0.0,12.305,9.752,-1.707139233076551,3.617412837773815,140.0,0.0,azimuth_elevation
V03834,286.3650930171954,555.7833062455663,0.0,12.305,9.752,1.8320916952825077,3.5557615246353156,140.0,0.0,azimuth_elevation
V03839,-56.71877648819838,623.0445653351627,0.0,12.305,9.752,-0.3626398902428262,3.9835276213432578,140.0,0.0,azimuth_elevation
V03841,-625.777932635912,-2.032000473460211,0.0,12.305,9.752,-3.9999789120830505,-0.012988567699961706,140.0,0.0,azimuth_elevation
V03845,616.8816647492681,-107.05307887292012,0.0,12.305,9.752,3.9410955497601243,-0.6839341106136931,140.0,0.0,azimuth_elevation
V03847,160.61558378077757,605.31527673334,0.0,12.305,9.752,1.0258684894731007,3.8662118206722944,140.0,0.0,azimuth_elevation
V03852,-189.49047243377714,597.3263855354323,0.0,12.305,9.752,-1.2095223717744112,3.8127490911646946,140.0,0.0,azimuth_elevation
V03854,-611.761777934263,-136.57809875199385,0.0,12.305,9.752,-3.903893600614925,-0.8715588075843399,140.0,0.0,azimuth_elevation
V03860,26.941070993473005,626.7232472900017,0.0,12.305,9.752,0.17179010591152288,3.996309317296511,140.0,0.0,azimuth_elevation
V03865,-313.84807521876434,543.6071519778569,0.0,12.305,9.752,-1.9999825061104448,3.464111715180702,140.0,0.0,azimuth_elevation
V03868,240.54147549112045,580.0431437130816,0.0,12.305,9.752,1.5322545817353475,3.694887805705477,140.0,0.0,azimuth_elevation
V03873,-108.43617448484066,618.9130359453525,0.0,12.305,9.752,-0.690302020294626,3.9399851675833957,140.0,0.0,azimuth_elevation
V03875,-626.1823723468159,-53.92575045480292,0.0,12.305,9.752,-3.9852492797816867,-0.3432028234142978,140.0,0.0,azimuth_elevation
V03879,626.3209425821539,-55.996668499137336,0.0,12.305,9.752,3.9841084453026125,-0.3562020438857678,140.0,0.0,azimuth_elevation
V03881,110.56685740807957,619.1842375601154,0.0,12.305,9.752,0.7031517289938417,3.937712235043715,140.0,0.0,azimuth_elevation
V03886,-239.19364151334844,582.1529454186277,0.0,12.305,9.752,-1.5201926253210902,3.6998668059700974,140.0,0.0,azimuth_elevation
V03889,316.58248183718865,544.2353187673564,0.0,12.305,9.752,2.011272807476698,3.4575687547617617,140.0,0.0,azimuth_elevation
V03894,-25.004018611039296,629.517949746708,0.0,12.305,9.752,-0.15875206394238064,3.9968484812654625,140.0,0.0,azimuth_elevation
V03899,-359.2039259298624,518.065719379862,0.0,12.305,9.752,-2.2791685965043373,3.2871553825014797,140.0,0.0,azimuth_elevation
V03900,614.8917390226267,-139.38435809562722,0.0,12.305,9.752,3.901029547566223,-0.8842898105345737,140.0,0.0,azimuth_elevation
V03902,192.65660864680558,600.5030234267864,0.0,12.305,9.752,1.2219542363281197,3.808782987296567,140.0,0.0,azimuth_elevation
V03907,-159.85247138511872,610.4663278118375,0.0,12.305,9.752,-1.0132503187258632,3.8695379299862065,140.0,0.0,azimuth_elevation
V03909,-622.2607647247149,-105.8966037425793,0.0,12.305,9.752,-3.943305770813982,-0.6710734668165218,140.0,0.0,azimuth_elevation
V03913,631.5115604072959,-4.110848080671706,0.0,12.305,9.752,3.9999152545405874,-0.02603759769080497,140.0,0.0,azimuth_elevation
V03915,59.32037647626593,628.8922347546629,0.0,12.305,9.752,0.3756333907315423,3.982323386638449,140.0,0.0,azimuth_elevation
V03920,-287.6728283463335,562.8234126537567,0.0,12.305,9.752,-1.8204820139054654,3.5617194214377275,140.0,0.0,azimuth_elevation
V03923,271.72802234690124,570.9558931050997,0.0,12.305,9.752,1.7189312057750112,3.6118244018519046,140.0,0.0,azimuth_elevation
V03928,-77.22447259403431,627.9845784990051,0.0,12.305,9.752,-0.4882101713486553,3.9700945616687413,140.0,0.0,azimuth_elevation
V03930,-632.489863954836,-22.032294351544206,0.0,12.305,9.752,-3.9975753598738173,-0.1392524403007815,140.0,0.0,azimuth_elevation
V03934,626.972702304061,-88.51712018329104,0.0,12.305,9.752,3.960721627079089,-0.559181717143874,140.0,0.0,azimuth_elevation
V03936,143.02750215315723,616.9876689430904,0.0,12.305,9.752,0.9033095918457938,3.8966693189542507,140.0,0.0,azimuth_elevation
V03941,-210.6059059323895,597.7267790440691,0.0,12.305,9.752,-1.3292794843145845,3.772666968151357,140.0,0.0,azimuth_elevation
V03943,-614.0037599492604,-157.58214609584118,0.0,12.305,9.752,-3.8744348027681896,-0.994361583680012,140.0,0.0,azimuth_elevation
V03944,346.34527026882427,531.0160108343391,0.0,12.305,9.752,2.1852060449378463,3.3503543903842607,140.0,0.0,azimuth_elevation
V03949,7.2239687473398835,634.336160308978,0.0,12.305,9.752,0.04554998311523147,3.99974064147142,140.0,0.0,azimuth_elevation
V03954,-334.57902591124275,539.4376010441653,0.0,12.305,9.752,-2.1083399660736397,3.399250297853426,140.0,0.0,azimuth_elevation
V03957,224.61102332074483,593.9586165742593,0.0,12.305,9.752,1.4148516226892658,3.7414161604629808,140.0,0.0,azimuth_elevation
V03962,-129.35787672617843,622.0972510218115,0.0,12.305,9.752,-0.8143344618501462,3.9162302516888907,140.0,0.0,azimuth_elevation
V03964,-631.1812169707641,-74.49376714400466,0.0,12.305,9.752,-3.972428946580069,-0.46883714056457143,140.0,0.0,azimuth_elevation
V03968,634.8231502891673,-36.60352246625026,0.0,12.305,9.752,3.993367320708551,-0.23025516692792755,140.0,0.0,azimuth_elevation
V03970,91.98605248350981,629.348406010932,0.0,12.305,9.752,0.578496561380685,3.9579466555867984,140.0,0.0,azimuth_elevation
V03975,-260.33644222655164,580.7471798027274,0.0,12.305,9.752,-1.6362314641545526,3.6500337800780214,140.0,0.0,azimuth_elevation
V03978,302.5949238950258,560.1603003006938,0.0,12.305,9.752,1.9011227417604386,3.5193369149260594,140.0,0.0,azimuth_elevation
V03983,-45.36571565873882,635.442130994452,0.0,12.305,9.752,-0.28484446943370545,3.9898450631864177,140.0,0.0,azimuth_elevation
V03989,625.8967145906884,-121.24294892727717,0.0,12.305,9.752,3.9270003724359546,-0.76070235630493,140.0,0.0,azimuth_elevation
V03991,175.54149135927693,613.0516575390371,0.0,12.305,9.752,1.1011105115961084,3.845459093691227,140.0,0.0,azimuth_elevation
V03996,-181.03949037896388,611.8605665699703,0.0,12.305,9.752,-1.1348979464834643,3.835623371900272,140.0,0.0,azimuth_elevation
V03998,-625.4993193104535,-126.88519039730079,0.0,12.305,9.752,-3.9201562022031875,-0.7952203155905148,140.0,0.0,azimuth_elevation
V04004,39.876798446544456,637.4644232783926,0.0,12.305,9.752,0.24973317975901987,3.9921965556479613,140.0,0.0,azimuth_elevation
V04009,-308.68834141254206,559.6106305959295,0.0,12.305,9.752,-1.9320101903008042,3.50247578500892,140.0,0.0,azimuth_elevation
V04012,256.3838186642096,585.6797653386685,0.0,12.305,9.752,1.6040573347762346,3.664287115763524,140.0,0.0,azimuth_elevation
V04017,-98.08567080116116,632.1662369847714,0.0,12.305,9.752,-0.6132938185055314,3.9527042252340236,140.0,0.0,azimuth_elevation
V04019,-638.4773293571205,-42.4529138811346,0.0,12.305,9.752,-3.9911871388297007,-0.26537751005009846,140.0,0.0,azimuth_elevation
V04023,636.4233344804951,-69.44126531629335,0.0,12.305,9.752,3.976399770310436,-0.43387194732445433,140.0,0.0,azimuth_elevation
V04025,124.84568977514583,628.0691870682465,0.0,12.305,9.752,0.7798503010484432,3.923242728656316,140.0,0.0,azimuth_elevation
V04030,-231.9048197225774,597.3098062056565,0.0,12.305,9.752,-1.4477116090596835,3.72882435856046,140.0,0.0,azimuth_elevation
V04033,333.0475854091748,547.6669205394081,0.0,12.305,9.752,2.078353809944677,3.417666666117169,140.0,0.0,azimuth_elevation
V04038,-12.94542957778357,641.2438427408459,0.0,12.305,9.752,-0.0807355425947639,3.999185138520337,140.0,0.0,azimuth_elevation
V04043,-355.31272086257167,534.4301828987919,0.0,12.305,9.752,-2.214595893032485,3.3310006050079983,140.0,0.0,azimuth_elevation
V04046,208.01407166970432,607.3662782764542,0.0,12.305,9.752,1.2960383800005952,3.7842151785496334,140.0,0.0,azimuth_elevation
V04051,-150.56906432725808,624.4950815399702,0.0,12.305,9.752,-0.9375551980945233,3.888571749437824,140.0,0.0,azimuth_elevation
V04053,-635.4219106448476,-95.41878993390824,0.0,12.305,9.752,-3.9556490097700703,-0.5940041342491328,140.0,0.0,azimuth_elevation
V04057,642.6407691299307,-16.726979765967027,0.0,12.305,9.752,3.998645721732098,-0.1040787782095418,140.0,0.0,azimuth_elevation
V04059,72.86394548230093,638.8727537223295,0.0,12.305,9.752,0.45326476493337076,3.9742359080545153,140.0,0.0,azimuth_elevation
V04064,-281.59220735536144,578.5109149849595,0.0,12.305,9.752,-1.7506393542481455,3.5965625048589986,140.0,0.0,azimuth_elevation
V04067,287.8796228031676,575.6694127489369,0.0,12.305,9.752,1.7890776912450383,3.5775971006653786,140.0,0.0,azimuth_elevation
V04072,-66.11795053732281,640.6245910178161,0.0,12.305,9.752,-0.4106529501083522,3.978864681610485,140.0,0.0,azimuth_elevation
V04074,-644.1077769978825,-9.860101969350028,0.0,12.305,9.752,-3.999531403110655,-0.06122544839948159,140.0,0.0,azimuth_elevation
V04078,636.2864276547426,-102.53210220397295,0.0,12.305,9.752,3.9490568756006637,-0.6363566557137004,140.0,0.0,azimuth_elevation
V04080,157.80540444611793,625.0370423643683,0.0,12.305,9.752,0.9791692313779489,3.8783021563981728,140.0,0.0,azimuth_elevation
V04085,-202.44781204152065,612.4461065266079,0.0,12.305,9.752,-1.255414340405762,3.7978855740929807,140.0,0.0,azimuth_elevation
V04087,-627.9515427043125,-148.16480693900948,0.0,12.305,9.752,-3.8930991339605954,-0.9185745114879152,140.0,0.0,azimuth_elevation
V04093,19.948340001067436,645.3524724762444,0.0,12.305,9.752,0.12358404189960184,3.99809041726019,140.0,0.0,azimuth_elevation
V04098,-329.7454198534079,555.5602650349462,0.0,12.305,9.752,-2.0416125941713164,3.4397409808474046,140.0,0.0,azimuth_elevation
V04101,240.34970653933388,599.9268026738396,0.0,12.305,9.752,1.487584585289977,3.7130973730307213,140.0,0.0,azimuth_elevation
V04106,-119.27274677408907,635.5750639200409,0.0,12.305,9.752,-0.7377661519171421,3.931373946228643,140.0,0.0,azimuth_elevation
V04108,-643.7233194744412,-63.265614395234955,0.0,12.305,9.752,-3.9808206165460973,-0.3912380590913275,140.0,0.0,azimuth_elevation
V04112,645.2118963628126,-49.8503640097359,0.0,12.305,9.752,3.988114351929762,-0.3081297063443438,140.0,0.0,azimuth_elevation
V04114,106.0930071349772,638.5360787277863,0.0,12.305,9.752,0.6556136777655932,3.945905562165252,140.0,0.0,azimuth_elevation
V04119,-253.35517942179823,596.0677000644712,0.0,12.305,9.752,-1.5647006962671657,3.6812649634468104,140.0,0.0,azimuth_elevation
V04122,319.0029878557317,563.9357620679112,0.0,12.305,9.752,1.9694299312903332,3.4815723094225333,140.0,0.0,azimuth_elevation
V04127,-33.53969957071214,647.4280180473397,0.0,12.305,9.752,-0.20694059343125804,3.9946433621526616,140.0,0.0,azimuth_elevation
V04133,634.3917448085036,-135.78241461552508,0.0,12.305,9.752,3.911409980498816,-0.8371809627877649,140.0,0.0,azimuth_elevation
V04135,190.77011251030584,620.2395619216862,0.0,12.305,9.752,1.175933283299305,3.823242199132683,140.0,0.0,azimuth_elevation
V04140,-172.03903373755563,626.094578215343,0.0,12.305,9.752,-1.059841406127554,3.8570372300326023,140.0,0.0,azimuth_elevation
V04142,-638.8898675431365,-116.67127817382236,0.0,12.305,9.752,-3.9349261951123693,-0.7185790415942364,140.0,0.0,azimuth_elevation
V04148,53.2252773729513,647.7355323344337,0.0,12.305,9.752,0.3275811671191834,3.9865637557862827,140.0,0.0,azimuth_elevation
V04153,-302.9283916343267,575.439084127799,0.0,12.305,9.752,-1.8633022570745674,3.5395062789576777,140.0,0.0,azimuth_elevation
V04156,272.45236027115783,590.7337483017837,0.0,12.305,9.752,1.675249339227068,3.632291239895181,140.0,0.0,azimuth_elevation
V04161,-87.23189302186744,645.049414262056,0.0,12.305,9.752,-0.5360521036549386,3.963918281469374,140.0,0.0,azimuth_elevation
V04163,-650.3597597332455,-30.511193351215272,0.0,12.305,9.752,-3.9956053440023798,-0.1874511535830708,140.0,0.0,azimuth_elevation
V04167,646.0380301698043,-83.27552806388633,0.0,12.305,9.752,3.9671770717694828,-0.5113766529931868,140.0,0.0,azimuth_elevation
V04169,139.4699699861465,636.4343465527795,0.0,12.305,9.752,0.8562519432697194,3.90727943838764,140.0,0.0,azimuth_elevation
V04174,-224.04586724825967,612.213605997919,0.0,12.305,9.752,-1.3746793732036913,3.756362152520482,140.0,0.0,azimuth_elevation
V04182,-0.43855066020226463,652.5367864521651,0.0,12.305,9.752,-0.002688280999725474,3.9999990966430565,140.0,0.0,azimuth_elevation
V04187,-350.8112333899952,550.6699815019794,0.0,12.305,9.752,-2.149179976980306,3.3735775412085807,140.0,0.0,azimuth_elevation
V04190,223.6438093933284,613.6695336417156,0.0,12.305,9.752,1.3696290540166,3.7582065209875837,140.0,0.0,azimuth_elevation
V04195,-140.7556655929357,638.1976125021854,0.0,12.305,9.752,-0.8615031011270988,3.9061249860633476,140.0,0.0,azimuth_elevation
V04197,-648.2118152341651,-84.4416519901685,0.0,12.305,9.752,-3.9664861260772537,-0.5167086332128209,140.0,0.0,azimuth_elevation
V04201,653.3176113049426,-29.769930446743498,0.0,12.305,9.752,3.9958536951756614,-0.18208033048908334,140.0,0.0,azimuth_elevation
V04203,86.79305445206084,648.365418339752,0.0,12.305,9.752,0.530723557504408,3.964635229817475,140.0,0.0,azimuth_elevation
V04208,-274.92476991444363,593.9937885933574,0.0,12.305,9.752,-1.6801301345459414,3.6300361886612973,140.0,0.0,azimuth_elevation
V04211,304.2257849253967,579.7929128460663,0.0,12.305,9.752,1.8585429811766687,3.5420076209854403,140.0,0.0,azimuth_elevation
V04216,-54.53087079054373,652.8713764064289,0.0,12.305,9.752,-0.33293937179302285,3.9861198394817565,140.0,0.0,azimuth_elevation
V04222,645.0959467353123,-116.90880850334204,0.0,12.305,9.752,3.9358885114438973,-0.7132892999926064,140.0,0.0,azimuth_elevation
V04224,172.89948302266652,632.5526213450504,0.0,12.305,9.752,1.054656049926026,3.8584583211892327,140.0,0.0,azimuth_elevation
V04229,-193.73675473181797,626.884853753848,0.0,12.305,9.752,-1.1810711945389363,3.8216581261842837,140.0,0.0,azimuth_elevation
V04231,-641.5715312784116,-138.2212727950155,0.0,12.305,9.752,-3.9102811585146546,-0.8424376899007366,140.0,0.0,azimuth_elevation
V04237,33.095460943865945,655.9158791071558,0.0,12.305,9.752,0.2015710457698258,3.9949179107344945,140.0,0.0,azimuth_elevation
V04242,-324.31235798691904,571.5277285110186,0.0,12.305,9.752,-1.9741078734797612,3.4789219743859188,140.0,0.0,azimuth_elevation
V04245,256.32985352585365,605.3250004678598,0.0,12.305,9.752,1.5597511465667753,3.683364815054793,140.0,0.0,azimuth_elevation
V04250,-108.67824591240677,648.7016948223602,0.0,12.305,9.752,-0.6609169357894141,3.945020760906935,140.0,0.0,azimuth_elevation
V04252,-655.8711216396277,-51.56085529911872,0.0,12.305,9.752,-3.9876965797148345,-0.313490012808401,140.0,0.0,azimuth_elevation
V04256,655.1295279693626,-63.49765021353372,0.0,12.305,9.752,3.9813428992468083,-0.3858869246515364,140.0,0.0,azimuth_elevation
V04258,120.55759570136281,647.2195269911954,0.0,12.305,9.752,0.7324811677032167,3.9323620559353545,140.0,0.0,azimuth_elevation
V04263,-245.8018467216428,611.1548102962375,0.0,12.305,9.752,-1.4925741649088926,3.711094496539602,140.0,0.0,azimuth_elevation
V04266,335.5738092641196,567.1153926106822,0.0,12.305,9.752,2.0369872557493838,3.4424820870869604,140.0,0.0,azimuth_elevation
V04271,-21.25682625653096,658.998708145547,0.0,12.305,9.752,-0.12895792430467778,3.997920691279284,140.0,0.0,azimuth_elevation
V04279,206.28513606789062,626.8811630903036,0.0,12.305,9.752,1.2503083156506192,3.799569596127292,140.0,0.0,azimuth_elevation
V04284,-162.50400790852672,640.021481993898,0.0,12.305,9.752,-0.9843813286676004,3.8769825121827166,140.0,0.0,azimuth_elevation
V04286,-651.9278060766343,-105.95180821536938,0.0,12.305,9.752,-3.948197955632987,-0.6416641669405435,140.0,0.0,azimuth_elevation
V04290,660.7206131728664,-9.226122071132158,0.0,12.305,9.752,3.9996100856928285,-0.055849462165756425,140.0,0.0,azimuth_elevation
V04292,66.97015250616013,657.5351311323993,0.0,12.305,9.752,0.4053044271807583,3.979413062413561,140.0,0.0,azimuth_elevation
V04297,-296.58122447732336,591.0825046366467,0.0,12.305,9.752,-1.7938848671386474,3.57518909757945,140.0,0.0,azimuth_elevation
V04300,288.7312532377788,595.2093021817969,0.0,12.305,9.752,1.7458034885582636,3.598912360608104,140.0,0.0,azimuth_elevation
V04305,-75.89045080337745,657.5575940378608,0.0,12.305,9.752,-0.45860628570715134,3.9736230665112022,140.0,0.0,azimuth_elevation
V04307,-661.8260647902762,-18.11656601614165,0.0,12.305,9.752,-3.9985022130585555,-0.10945342464189409,140.0,0.0,azimuth_elevation
V04311,655.16424924393,-97.4831088580861,0.0,12.305,9.752,3.9564438612421595,-0.588686650807739,140.0,0.0,azimuth_elevation
V04313,154.42334956111984,644.2803575388002,0.0,12.305,9.752,0.9323275655529926,3.8898284422979414,140.0,0.0,azimuth_elevation
V04318,-215.63089817397815,626.8560965266936,0.0,12.305,9.752,-1.3011237249552865,3.7824697027680845,140.0,0.0,azimuth_elevation
V04326,12.50055932824158,663.3938392964477,0.0,12.305,9.752,0.0753600041573414,3.99929004571729,140.0,0.0,azimuth_elevation
V04331,-345.7114076925593,566.7740048654571,0.0,12.305,9.752,-2.082945755599248,3.414869979842729,140.0,0.0,azimuth_elevation
V04334,239.52974273697097,619.4154924962407,0.0,12.305,9.752,1.4426982385474152,3.7307669174704796,140.0,0.0,azimuth_elevation
V04339,-130.42727093972405,651.5675536697755,0.0,12.305,9.752,-0.7851229848239134,3.9221909564299886,140.0,0.0,azimuth_elevation
V04341,-660.6254391165816,-72.98067683999544,0.0,12.305,9.752,-3.975812993478051,-0.43921639415110686,140.0,0.0,azimuth_elevation
V04345,663.5398041361788,-43.22358530850386,0.0,12.305,9.752,3.9915402379419453,-0.26001255525524025,140.0,0.0,azimuth_elevation
V04347,101.0914564493683,657.3693538893834,0.0,12.305,9.752,0.6079802758419391,3.953525007406322,140.0,0.0,azimuth_elevation
V04352,-267.68373016087423,609.2625629456976,0.0,12.305,9.752,-1.608981201349821,3.662127727660913,140.0,0.0,azimuth_elevation
V04355,320.75095610191613,583.331101656432,0.0,12.305,9.752,1.9273006265105963,3.505069513583413,140.0,0.0,azimuth_elevation
V04360,-42.47886402479049,664.7205398595438,0.0,12.305,9.752,-0.25509902603009366,3.991857272864161,140.0,0.0,azimuth_elevation
V04366,653.4010443814426,-131.63101914533752,0.0,12.305,9.752,3.9212215484958013,-0.7899503576885013,140.0,0.0,azimuth_elevation
V04368,188.29356562343463,639.535599591464,0.0,12.305,9.752,1.1297413057066092,3.8371453689142827,140.0,0.0,azimuth_elevation
V04373,-184.48699753988146,641.035332675758,0.0,12.305,9.752,-1.106278353041464,3.843975572970237,140.0,0.0,azimuth_elevation
V04375,-654.8573072617406,-127.766416267743,0.0,12.305,9.752,-3.9259743343373756,-0.7659801081778816,140.0,0.0,azimuth_elevation
V04381,46.64932176319946,666.024016668343,0.0,12.305,9.752,0.2794813009910549,3.990224329833643,140.0,0.0,azimuth_elevation
V04386,-318.29205505482315,587.329394538514,0.0,12.305,9.752,-1.9058515065862853,3.516778360210206,140.0,0.0,azimuth_elevation
V04389,272.5356271064567,610.1564405606897,0.0,12.305,9.752,1.6313238289319978,3.6522298072764596,140.0,0.0,azimuth_elevation
V04394,-97.5894507405498,661.4713516881573,0.0,12.305,9.752,-0.5838160739936539,3.9571654996659715,140.0,0.0,azimuth_elevation
V04396,-667.6201639892367,-39.395007741905175,0.0,12.305,9.752,-3.993054218047158,-0.23562260446697797,140.0,0.0,azimuth_elevation
V04400,664.5743390678434,-77.52933543207386,0.0,12.305,9.752,3.9730555409061976,-0.4634972156060498,140.0,0.0,azimuth_elevation
V04402,135.36368991170204,655.3984448055156,0.0,12.305,9.752,0.8090697637091401,3.9173212936203785,140.0,0.0,azimuth_elevation
V04407,-237.6898650662558,625.9995831027246,0.0,12.305,9.752,-1.4198793324325507,3.7395110216886502,140.0,0.0,azimuth_elevation
V04415,-8.532737061239963,670.1503878968091,0.0,12.305,9.752,-0.05092615414560673,3.9996758027150072,140.0,0.0,azimuth_elevation
V04423,222.07057673933681,632.9782057438142,0.0,12.305,9.752,1.324207290174845,3.774450298076237,140.0,0.0,azimuth_elevation
V04428,-152.44881609118522,653.6341549157264,0.0,12.305,9.752,-0.908546445705287,3.895451624137603,140.0,0.0,azimuth_elevation
V04430,-664.6072915884017,-94.7417435322421,0.0,12.305,9.752,-3.9599664305100317,-0.5645049771557711,140.0,0.0,azimuth_elevation
V04434,671.2486418095871,-22.479120729794573,0.0,12.305,9.752,3.9977589234394504,-0.13387901276990782,140.0,0.0,azimuth_elevation
V04436,81.09547406047744,666.8614354473548,0.0,12.305,9.752,0.482873366629971,3.9707471981730893,140.0,0.0,azimuth_elevation
V04441,-289.65931654846537,606.5308156529854,0.0,12.305,9.752,-1.7237844513272635,3.609510654557258,140.0,0.0,azimuth_elevation
V04444,305.20491326578747,599.1101826195438,0.0,12.305,9.752,1.8156929191117916,3.56416318698896,140.0,0.0,azimuth_elevation
V04449,-64.07649084173993,669.685563022982,0.0,12.305,9.752,-0.38098585233920734,3.9818148852398156,140.0,0.0,azimuth_elevation
V04451,-672.8723677812703,-5.284569653897391,0.0,12.305,9.752,-3.9998766430080472,-0.031414021052272534,140.0,0.0,azimuth_elevation
V04455,663.8008633076977,-112.04804269577987,0.0,12.305,9.752,3.944204225424367,-0.6657725047976748,140.0,0.0,azimuth_elevation
V04457,169.6898304504848,651.6074826470962,0.0,12.305,9.752,1.0080482019264416,3.8708963848949596,140.0,0.0,azimuth_elevation
V04462,-206.67353036097592,641.2288997293639,0.0,12.305,9.752,-1.2270726707865458,3.807137068797073,140.0,0.0,azimuth_elevation
V04470,25.856259931280682,673.8117718045345,0.0,12.305,9.752,0.15337959582314514,3.9970582557157117,140.0,0.0,azimuth_elevation
V04475,-340.0246835607587,582.7311254510145,0.0,12.305,9.752,-2.015918447730688,3.4548621987134442,140.0,0.0,azimuth_elevation
V04478,255.65608526904194,624.606448945981,0.0,12.305,9.752,1.515218112343076,3.701906815686679,140.0,0.0,azimuth_elevation
V04483,-119.5984122660292,664.5983522274524,0.0,12.305,9.752,-0.7084439311006742,3.936763543380098,140.0,0.0,azimuth_elevation
V04485,-672.6575182191169,-61.05090649038999,0.0,12.305,9.752,-3.983626060745798,-0.3615569224159762,140.0,0.0,azimuth_elevation
V04489,673.3047682155391,-57.07222703048505,0.0,12.305,9.752,3.98570699238992,-0.3378457796304367,140.0,0.0,azimuth_elevation
V04491,115.74327392882597,665.8833565574655,0.0,12.305,9.752,0.6850055042618178,3.9409094710651513,140.0,0.0,azimuth_elevation
V04496,-259.88181678813186,624.307689607376,0.0,12.305,9.752,-1.5372196447831665,3.6928249029290185,140.0,0.0,azimuth_elevation
V04499,337.43981693042997,586.2882567048038,0.0,12.305,9.752,1.9953244476053995,3.466796842733679,140.0,0.0,azimuth_elevation
V04504,-29.977135110120013,676.1674506885033,0.0,12.305,9.752,-0.17716155071399411,3.996074797216465,140.0,0.0,azimuth_elevation
V04512,203.9717971027905,645.9868079045099,0.0,12.305,9.752,1.204396409832249,3.814371414529947,140.0,0.0,azimuth_elevation
V04517,-174.71234424598987,654.8897210737626,0.0,12.305,9.752,-1.0310642934703997,3.8648294170286976,140.0,0.0,azimuth_elevation
V04519,-667.8022792113437,-116.81466466216742,0.0,12.305,9.752,-3.9401726862135438,-0.689230877730206,140.0,0.0,azimuth_elevation
V04523,678.236746363039,-1.2906908533149395,0.0,12.305,9.752,3.9999927571306855,-0.0076120235192787995,140.0,0.0,azimuth_elevation
V04525,60.594295608185526,675.6742420277303,0.0,12.305,9.752,0.3572851430434224,3.984011461650235,140.0,0.0,azimuth_elevation
V04530,-311.6962554872599,602.9546370293713,0.0,12.305,9.752,-1.836869482250134,3.553295724419532,140.0,0.0,azimuth_elevation
V04533,288.9514526463844,614.4239643874124,0.0,12.305,9.752,1.7022753809121862,3.619704204426139,140.0,0.0,azimuth_elevation
V04538,-86.02100973509668,673.8780571321153,0.0,12.305,9.752,-0.5064929228496603,3.9678035383702164,140.0,0.0,azimuth_elevation
V04540,-678.9657658970875,-26.783180165569934,0.0,12.305,9.752,-3.996891491609692,-0.1576654822656282,140.0,0.0,azimuth_elevation
V04544,673.5443366158653,-91.92973736878626,0.0,12.305,9.752,3.96325543233908,-0.5409310289073627,140.0,0.0,azimuth_elevation
V04546,150.49549780192544,663.0722095981332,0.0,12.305,9.752,0.8853503045098715,3.9007890020230884,140.0,0.0,azimuth_elevation
V04551,-229.0322043662406,640.5930060210934,0.0,12.305,9.752,-1.3466438775663037,3.7665037192352795,140.0,0.0,azimuth_elevation
V04559,4.617318039460579,680.8790130222274,0.0,12.305,9.752,0.027125006266237237,3.9999080281970305,140.0,0.0,azimuth_elevation
V04567,238.11073601952475,638.5320879895075,0.0,12.305,9.752,1.3976020696639069,3.7478938692112354,140.0,0.0,azimuth_elevation
V04572,-141.88743585062193,666.9253373112583,0.0,12.305,9.752,-0.832365631550373,3.9124375337395167,140.0,0.0,azimuth_elevation
V04574,-676.9223081982534,-83.05563595294828,0.0,12.305,9.752,-3.9702271388712536,-0.4871308507682257,140.0,0.0,azimuth_elevation
V04578,681.3349774079089,-36.13721849512328,0.0,12.305,9.752,3.994385605088556,-0.21185758863285506,140.0,0.0,azimuth_elevation
V04580,95.58564263024542,675.7123906833166,0.0,12.305,9.752,0.5602584509109828,3.9605694626130252,140.0,0.0,azimuth_elevation
V04585,-282.17470637795606,621.7739018972364,0.0,12.305,9.752,-1.6530277005449676,3.642457881874685,140.0,0.0,azimuth_elevation
V04588,321.8579914252747,602.4397757084835,0.0,12.305,9.752,1.8848910203228595,3.5280569498672,140.0,0.0,azimuth_elevation
V04593,-51.80476495866544,681.427924528763,0.0,12.305,9.752,-0.3032203577206304,3.988490618600447,140.0,0.0,azimuth_elevation
V04599,671.9464673768963,-126.95469656420607,0.0,12.305,9.752,3.9304628245861837,-0.742604864343079,140.0,0.0,azimuth_elevation
V04601,185.25372065358542,658.4156809979569,0.0,12.305,9.752,1.0833850215729606,3.850490474605976,140.0,0.0,azimuth_elevation
V04606,-197.18696297761565,655.3235472891726,0.0,12.305,9.752,-1.1525544058170594,3.8303548584474107,140.0,0.0,azimuth_elevation
V04608,-670.1970396509665,-139.16960172063713,0.0,12.305,9.752,-3.916451490426232,-0.8132697726696507,140.0,0.0,azimuth_elevation
V04614,39.613270235645025,683.7871297569425,0.0,12.305,9.752,0.2313407878476818,3.9933045763975996,140.0,0.0,azimuth_elevation
V04619,-333.76207946190107,598.5302200501388,0.0,12.305,9.752,-1.9481235741794873,3.4935389706894835,140.0,0.0,azimuth_elevation
V04622,272.0073098316608,629.2443669975463,0.0,12.305,9.752,1.587161063284511,3.671637204190193,140.0,0.0,azimuth_elevation
V04627,-108.28322768948925,677.2833178228638,0.0,12.305,9.752,-0.6314951356871398,3.9498371983669758,140.0,0.0,azimuth_elevation
V04629,-684.3026178312042,-48.667003496835065,0.0,12.305,9.752,-3.9899223530362717,-0.2837597870409055,140.0,0.0,azimuth_elevation
V04633,682.6096918577239,-71.30048093739092,0.0,12.305,9.752,3.9783561795422826,-0.41555036842449167,140.0,0.0,azimuth_elevation
V04635,130.73294981655116,673.9059621581212,0.0,12.305,9.752,0.7617699152274572,3.9267934241890483,140.0,0.0,azimuth_elevation
V04640,-251.5313508140391,639.1195737556977,0.0,12.305,9.752,-1.4648727882271473,3.722116026444047,140.0,0.0,azimuth_elevation
V04648,-17.04052487750312,687.2072980636186,0.0,12.305,9.752,-0.09915662072145934,3.9987708067063683,140.0,0.0,azimuth_elevation
V04656,219.91860079859316,651.9067870660568,0.0,12.305,9.752,1.2785929371967484,3.790145129272835,140.0,0.0,azimuth_elevation
V04661,-164.42621022688775,668.440103068647,0.0,12.305,9.752,-0.9554576537415169,3.88421171821346,140.0,0.0,azimuth_elevation
V04663,-680.3997291275787,-105.38006738998448,0.0,12.305,9.752,-3.952870808087341,-0.6122192210074209,140.0,0.0,azimuth_elevation
V04667,688.645318882873,-14.750416289250838,0.0,12.305,9.752,3.999082728408075,-0.08565822405482008,140.0,0.0,azimuth_elevation
V04669,74.91508585477239,684.8636944030338,0.0,12.305,9.752,0.4349529479458772,3.9762816717472607,140.0,0.0,azimuth_elevation
V04674,-304.5363107590492,618.3928245292533,0.0,12.305,9.752,-1.7671880655453813,3.588460162938133,140.0,0.0,azimuth_elevation
V04677,305.56198993527283,618.13009982268,0.0,12.305,9.752,1.7725787875505477,3.5858003906974285,140.0,0.0,azimuth_elevation
V04682,-73.98720725300639,685.9156968337294,0.0,12.305,9.752,-0.4289769233359731,3.9769308265602508,140.0,0.0,azimuth_elevation
V04684,-689.9030792805962,-13.740130972859598,0.0,12.305,9.752,-3.999206939351517,-0.07964832856168452,140.0,0.0,azimuth_elevation
V04688,682.0373034993145,-106.6834881103166,0.0,12.305,9.752,3.9519463049598023,-0.618158881449235,140.0,0.0,azimuth_elevation
V04690,165.93752050734253,670.2399490390552,0.0,12.305,9.752,0.9612937461032304,3.882771475853662,140.0,0.0,azimuth_elevation
V04695,-219.84145545500755,654.9260144958542,0.0,12.305,9.752,-1.272895684881559,3.7920623116465144,140.0,0.0,azimuth_elevation
V04703,18.17842458771452,691.1803634938631,0.0,12.305,9.752,0.10516583876825192,3.998617279304956,140.0,0.0,azimuth_elevation
V04711,254.39016886085727,643.5439316681842,0.0,12.305,9.752,1.4704647088831726,3.719910420954936,140.0,0.0,azimuth_elevation
V04716,-130.83348466308504,679.8876740248453,0.0,12.305,9.752,-0.7558678922338765,3.927933773562115,140.0,0.0,azimuth_elevation
V04718,-688.8667141214452,-70.90768770396626,0.0,12.305,9.752,-3.9789761739266853,-0.40957124816539686,140.0,0.0,azimuth_elevation
V04722,690.9760332819669,-50.18537067630597,0.0,12.305,9.752,3.9894914150391303,-0.28975549922145816,140.0,0.0,azimuth_elevation
V04724,110.42536209559788,684.0857324970724,0.0,12.305,9.752,0.6374302154640595,3.9488837309312417,140.0,0.0,azimuth_elevation
V04729,-274.13906632397993,636.8016349814253,0.0,12.305,9.752,-1.5816415555775756,3.674018234803707,140.0,0.0,azimuth_elevation
V04737,-39.08968837881842,692.7791468155251,0.0,12.305,9.752,-0.22533941123160325,3.993647724793187,140.0,0.0,azimuth_elevation
V04745,201.09959632382493,664.7046730378797,0.0,12.305,9.752,1.1583093398356121,3.8286184810254453,140.0,0.0,azimuth_elevation
V04750,-187.18404293849068,669.131514778075,0.0,12.305,9.752,-1.077597303051194,3.8521142314911683,140.0,0.0,azimuth_elevation
V04752,-683.0760079790018,-127.99459880585067,0.0,12.305,9.752,-3.931574368686398,-0.7366973486365671,140.0,0.0,azimuth_elevation
V04758,53.75661854979219,693.3162885452008,0.0,12.305,9.752,0.3092138963240239,3.9880304369851687,140.0,0.0,azimuth_elevation
V04763,-326.9342638186803,614.1601885024277,0.0,12.305,9.752,-1.8795869480029423,3.5308855694990995,140.0,0.0,azimuth_elevation
V04766,288.56812009933424,633.3309482903361,0.0,12.305,9.752,1.6584996989242173,3.639969608206679,140.0,0.0,azimuth_elevation
V04771,-96.49552161316086,689.6156641989826,0.0,12.305,9.752,-0.5543058970178507,3.9614069435657875,140.0,0.0,azimuth_elevation
V04773,-695.5551792201262,-35.843307046896484,0.0,12.305,9.752,-3.9946994730225702,-0.20585460945336384,140.0,0.0,azimuth_elevation
V04777,691.4515865201569,-85.89326806425636,0.0,12.305,9.752,3.9694905982369164,-0.4930967354472467,140.0,0.0,azimuth_elevation
V04779,146.0452056680694,681.4355053131377,0.0,12.305,9.752,0.838244280509128,3.911182241496008,140.0,0.0,azimuth_elevation
V04784,-242.64431231602111,653.6886014767928,0.0,12.305,9.752,-1.3919681779240989,3.74998994553941,140.0,0.0,azimuth_elevation
V04792,-3.6835630413501494,697.8351391004329,0.0,12.305,9.752,-0.021113936620026672,3.9999442748218894,140.0,0.0,azimuth_elevation
V04800,236.11864553669957,657.2958506106017,0.0,12.305,9.752,1.352302637291242,3.7644757373604034,140.0,0.0,azimuth_elevation
V04805,-153.64168369412562,681.6785041584003,0.0,12.305,9.752,-0.8794872212674195,3.9021150966658213,140.0,0.0,azimuth_elevation
V04807,-692.6428526171069,-93.47635379301414,0.0,12.305,9.752,-3.964063865119048,-0.5349744603786581,140.0,0.0,azimuth_elevation
V04811,698.6233653015751,-28.610198438701786,0.0,12.305,9.752,3.9966500395462,-0.16367181002041462,140.0,0.0,azimuth_elevation
V04813,89.59668093180422,693.5893487979789,0.0,12.305,9.752,0.5124551434920692,3.967037903260885,140.0,0.0,azimuth_elevation
V04818,-296.8232458424588,633.6333409216621,0.0,12.305,9.752,-1.6968337878350594,3.6222582868234734,140.0,0.0,azimuth_elevation
V04821,322.35210922792317,621.2771263102394,0.0,12.305,9.752,1.8422072806532783,3.5505312750499827,140.0,0.0,azimuth_elevation
V04826,-61.50201843055551,697.5780613873744,0.0,12.305,9.752,-0.351297589851426,3.9845438889996654,140.0,0.0,azimuth_elevation
V04828,-700.4271349833584,-0.28031946801286683,0.0,12.305,9.752,-3.9999996796604664,-0.001600848576891157,140.0,0.0,azimuth_elevation
V04832,690.0508528369381,-121.7754921936852,0.0,12.305,9.752,3.939132464746435,-0.6951513685383041,140.0,0.0,azimuth_elevation
V04834,181.6745153079764,676.900598675767,0.0,12.305,9.752,1.036871172845504,3.863275575327495,140.0,0.0,azimuth_elevation
V04839,-210.1298919044587,668.9895204920781,0.0,12.305,9.752,-1.1986628341758525,3.816177067428281,140.0,0.0,azimuth_elevation
V04847,32.135955749377906,701.050091183272,0.0,12.305,9.752,0.18316662913021098,3.995804047494456,140.0,0.0,azimuth_elevation
V04855,270.89365521432495,648.0146430171332,0.0,12.305,9.752,1.5427674652116679,3.6905106080709706,140.0,0.0,azimuth_elevation
V04860,-119.30027621225899,692.513750113078,0.0,12.305,9.752,-0.6790823544354083,3.9419344433785883,140.0,0.0,azimuth_elevation
V04862,-700.4342820585052,-58.31180426968729,0.0,12.305,9.752,-3.9862102044606824,-0.3318557003480966,140.0,0.0,azimuth_elevation
V04866,700.1680882645575,-64.60880881083429,0.0,12.305,9.752,3.9830782167655268,-0.36754308472334496,140.0,0.0,azimuth_elevation
V04868,125.59959927636741,691.9790391779334,0.0,12.305,9.752,0.7143592769730245,3.935694452495338,140.0,0.0,azimuth_elevation
V04873,-265.5637644344262,651.6038957982192,0.0,12.305,9.752,-1.509653196873975,3.704179696662702,140.0,0.0,azimuth_elevation
V04881,-25.945389781488995,703.7336049593529,0.0,12.305,9.752,-0.14737266623262027,3.99728424023705,140.0,0.0,azimuth_elevation
V04889,217.2122693357308,670.4739965502181,0.0,12.305,9.752,1.232792629097244,3.805288731968115,140.0,0.0,azimuth_elevation
V04894,-176.6773220497035,682.6442513295965,0.0,12.305,9.752,-1.0022299025818378,3.872406902995965,140.0,0.0,azimuth_elevation
V04896,-695.6168563398795,-116.34362541980252,0.0,12.305,9.752,-3.9452002907752624,-0.6598444253509945,140.0,0.0,azimuth_elevation
V04900,705.5326152592683,-6.601424499113335,0.0,12.305,9.752,3.999824917551304,-0.03742497743096405,140.0,0.0,azimuth_elevation
V04902,68.27159921978235,702.395500227595,0.0,12.305,9.752,0.3869692708832617,3.9812378456193844,140.0,0.0,azimuth_elevation
V04907,-319.55161639668336,629.6099701071029,0.0,12.305,9.752,-1.810334664682404,3.5668877753371,140.0,0.0,azimuth_elevation
V04910,305.32342630794204,636.8676906136617,0.0,12.305,9.752,1.7292068569091614,3.606916085247665,140.0,0.0,azimuth_elevation
V04915,-84.24881636633421,701.5885453318574,0.0,12.305,9.752,-0.4769056050766818,3.9714683737688814,140.0,0.0,azimuth_elevation
V04917,-706.4095600528481,-22.593881161539645,0.0,12.305,9.752,-3.9979556018043856,-0.12787105223989645,140.0,0.0,azimuth_elevation
V04921,699.827334791681,-100.83576487721267,0.0,12.305,9.752,3.959113624065333,-0.5704553547301178,140.0,0.0,azimuth_elevation
V04923,161.66500580738833,688.4701706663093,0.0,12.305,9.752,0.9143994823055929,3.8940818669821597,140.0,0.0,azimuth_elevation
V04928,-233.23239789133905,668.0051635832288,0.0,12.305,9.752,-1.3185335724619933,3.776436047160155,140.0,0.0,azimuth_elevation
V04936,10.079486333566361,708.0459405683021,0.0,12.305,9.752,0.05693678666962638,3.9995947547625046,140.0,0.0,azimuth_elevation
V04944,252.5568174166774,662.1541391370737,0.0,12.305,9.752,1.425497444988079,3.737373012469114,140.0,0.0,azimuth_elevation
V04949,-142.37157839929102,694.59692172086,0.0,12.305,9.752,-0.8031819219686616,3.9185327356323985,140.0,0.0,azimuth_elevation
V04951,-704.5247938053293,-81.11698289235225,0.0,12.305,9.752,-3.9737475955250843,-0.4575260069751371,140.0,0.0,azimuth_elevation
V04955,708.1664688816752,-42.85559883678379,0.0,12.305,9.752,3.9926956167974956,-0.24162307755275617,140.0,0.0,azimuth_elevation
V04957,104.62431555509698,701.8480623287546,0.0,12.305,9.752,0.589762220539058,3.9562836757776663,140.0,0.0,azimuth_elevation
V04962,-288.56781650590256,648.6656035870991,0.0,12.305,9.752,-1.6258334366756084,3.65467722736052,140.0,0.0,azimuth_elevation
V04970,-48.579156422586244,708.8588826848895,0.0,12.305,9.752,-0.27348449898464555,3.990639826997059,140.0,0.0,azimuth_elevation
V04978,197.6914639533963,683.0529518858424,0.0,12.305,9.752,1.1120538084539935,3.8423087235544946,140.0,0.0,azimuth_elevation
V04983,-199.90952330623443,682.7744374912363,0.0,12.305,9.752,-1.1239735897883834,3.838838804828644,140.0,0.0,azimuth_elevation
V04991,46.47553114014223,710.4837612537261,0.0,12.305,9.752,0.2610976783607666,3.991469403910622,140.0,0.0,azimuth_elevation
V04999,287.60617570878975,651.9449652341558,0.0,12.305,9.752,1.614482809198486,3.6597056246100674,140.0,0.0,azimuth_elevation
V05004,-107.3008689002749,704.7961219624056,0.0,12.305,9.752,-0.6020382544359054,3.9544342123995144,140.0,0.0,azimuth_elevation
V05006,-711.6187343566634,-45.2816399064839,0.0,12.305,9.752,-3.991926476099134,-0.25401379769364363,140.0,0.0,azimuth_elevation
V05010,708.9073290748938,-79.39300210912995,0.0,12.305,9.752,3.9751484521080473,-0.44519072733267906,140.0,0.0,azimuth_elevation
V05012,141.09354928289835,699.3897771277145,0.0,12.305,9.752,0.7910163445098631,3.9210066491550672,140.0,0.0,azimuth_elevation
V05017,-256.4599178236996,666.170594179795,0.0,12.305,9.752,-1.4370900341707809,3.7329307834042442,140.0,0.0,azimuth_elevation
V05025,-12.38575437715336,714.2856173048067,0.0,12.305,9.752,-0.0693498087449169,3.9993987803202424,140.0,0.0,azimuth_elevation
V05033,233.57675951304523,675.7230552640519,0.0,12.305,9.752,1.3068065296705718,3.78051011029072,140.0,0.0,azimuth_elevation
V05038,-165.6791063023146,695.8532055935838,0.0,12.305,9.752,-0.9264809007236932,3.891225146479475,140.0,0.0,azimuth_elevation
V05040,-707.8121383513756,-104.2296829240747,0.0,12.305,9.752,-3.957324068589514,-0.5827402647510597,140.0,0.0,azimuth_elevation
V05044,715.4273002833239,-20.65981629431057,0.0,12.305,9.752,3.998333211982308,-0.11546222741329831,140.0,0.0,azimuth_elevation
V05046,83.1437354965905,711.0209344651344,0.0,12.305,9.752,0.464577305983951,3.972929388595359,140.0,0.0,azimuth_elevation
V05051,-311.62428135085145,644.8685581361254,0.0,12.305,9.752,-1.7403930921939115,3.6015318802759078,140.0,0.0,azimuth_elevation
V05059,-71.55639672223094,713.1950869770001,0.0,12.305,9.752,-0.39932373021377643,3.9800176580623554,140.0,0.0,azimuth_elevation
V05061,-716.8600696368114,-8.932556202219741,0.0,12.305,9.752,-3.9996894996030354,-0.04983880782302905,140.0,0.0,azimuth_elevation
V05067,177.57752655113939,695.0080374096256,0.0,12.305,9.752,0.9902065243591425,3.8754988116520677,140.0,0.0,azimuth_elevation
V05072,-223.30707029816247,682.0596765348699,0.0,12.305,9.752,-1.2445969322460655,3.8014442618883266,140.0,0.0,azimuth_elevation
V05080,24.234585664573586,717.834615254563,0.0,12.305,9.752,0.13496583114405916,3.9977223796086183,140.0,0.0,azimuth_elevation
V05088,269.2181956532471,666.4816675117253,0.0,12.305,9.752,1.4981494911854631,3.7088472740274354,140.0,0.0,azimuth_elevation
V05093,-130.62847913387787,707.1873517245413,0.0,12.305,9.752,-0.7265708092671268,3.9334583840586026,140.0,0.0,azimuth_elevation
V05095,-716.0386758560735,-68.31518629324499,0.0,12.305,9.752,-3.981918312204164,-0.37990334946291265,140.0,0.0,azimuth_elevation
V05099,717.2701537240912,-57.4723983893006,0.0,12.305,9.752,3.9872209658169724,-0.3194823465382235,140.0,0.0,azimuth_elevation
V05101,119.98343738666163,709.6366145802237,0.0,12.305,9.752,0.6668447442357298,3.944023083994969,140.0,0.0,azimuth_elevation
V05106,-279.7805588674515,663.479079459041,0.0,12.305,9.752,-1.554214045617452,3.6857046409615397,140.0,0.0,azimuth_elevation
V05114,-35.23211314197568,719.7518657173117,0.0,12.305,9.752,-0.1955672782526956,3.995216319509725,140.0,0.0,azimuth_elevation
V05122,213.97354548756618,688.6957033635975,0.0,12.305,9.752,1.186813026956703,3.8198789037148635,140.0,0.0,azimuth_elevation
V05127,-189.192141318381,696.2717024720779,0.0,12.305,9.752,-1.0488563898104082,3.860038895342102,140.0,0.0,azimuth_elevation
V05129,-710.2827749952436,-127.62025523033692,0.0,12.305,9.752,-3.936955994155498,-0.7073736636906253,140.0,0.0,azimuth_elevation
V05135,61.182981367555264,719.4768882952234,0.0,12.305,9.752,0.33892931404445964,3.9856149989783693,140.0,0.0,azimuth_elevation
V05143,304.51289087278866,655.3355242105354,0.0,12.305,9.752,1.685583435071376,3.6275071996362716,140.0,0.0,azimuth_elevation
V05148,-94.84810773213908,716.7273445736757,0.0,12.305,9.752,-0.5247649269573533,3.9654283213084867,140.0,0.0,azimuth_elevation
V05150,-722.4137737844713,-31.8306369160062,0.0,12.305,9.752,-3.9961228123578714,-0.17607517869652667,140.0,0.0,azimuth_elevation
V05154,717.1898873079828,-94.52362425956267,0.0,12.305,9.752,3.965705140344155,-0.5226688625199956,140.0,0.0,azimuth_elevation
V05156,156.8926057398349,706.3153405272781,0.0,12.305,9.752,0.8673722307161091,3.9048259133260426,140.0,0.0,azimuth_elevation
V05161,-246.8384388738485,680.4916862786212,0.0,12.305,9.752,-1.3639796960625814,3.760260547984545,140.0,0.0,azimuth_elevation
V05169,1.5755389268107138,724.4294773662168,0.0,12.305,9.752,0.008699453845309466,3.9999905399266624,140.0,0.0,azimuth_elevation
V05177,250.17827082001196,680.451161222838,0.0,12.305,9.752,1.380322860589157,3.754292050511649,140.0,0.0,azimuth_elevation
V05182,-154.20149850327982,708.7498485780035,0.0,12.305,9.752,-0.8503791390941964,3.9085617968497584,140.0,0.0,azimuth_elevation
V05184,-719.6544125406444,-91.66556884010446,0.0,12.305,9.752,-3.967941085972282,-0.5054142244269624,140.0,0.0,azimuth_elevation
V05188,724.8960270060696,-35.09985798853955,0.0,12.305,9.752,3.9953191316541865,-0.19345551488142299,140.0,0.0,azimuth_elevation
V05190,98.3587475539158,719.1887143021817,0.0,12.305,9.752,0.5420084521772836,3.9631082293786006,140.0,0.0,azimuth_elevation
V05195,-303.1622131910194,659.9250127803333,0.0,12.305,9.752,-1.6697888609423834,3.6348046934976765,140.0,0.0,azimuth_elevation
V05203,-58.431348351761216,724.428414358379,0.0,12.305,9.752,-0.32158981189569824,3.987051541287734,140.0,0.0,azimuth_elevation
V05211,193.76812975512942,701.047118167673,0.0,12.305,9.752,1.0656365429533943,3.855440151049208,140.0,0.0,azimuth_elevation
V05216,-212.87960143328158,695.8426009476619,0.0,12.305,9.752,-1.1701864088256917,3.825005067787444,140.0,0.0,azimuth_elevation
V05224,38.76789007269819,727.1960538254531,0.0,12.305,9.752,0.2129434870613646,3.994327862271467,140.0,0.0,azimuth_elevation
V05232,286.08803191191447,670.2783660515736,0.0,12.305,9.752,1.5702311134462072,3.6789093832772615,140.0,0.0,azimuth_elevation
V05237,-118.42478109301942,719.4418122566067,0.0,12.305,9.752,-0.6496830530238705,3.9468863589687486,140.0,0.0,azimuth_elevation
V05239,-727.1776277926645,-55.08400528132667,0.0,12.305,9.752,-3.9885729041357534,-0.30213604285831225,140.0,0.0,azimuth_elevation
V05243,725.9299175049362,-72.44656562789288,0.0,12.305,9.752,3.980228171091144,-0.3972199718700557,140.0,0.0,azimuth_elevation
V05245,135.65967833105768,716.9517429193642,0.0,12.305,9.752,0.7436733652301859,3.930260796161905,140.0,0.0,azimuth_elevation
V05250,-270.4718323669271,678.0632993283715,0.0,12.305,9.752,-1.4820028839186659,3.7153287138632507,140.0,0.0,azimuth_elevation
V05258,-21.474194462350443,730.2507165160423,0.0,12.305,9.752,-0.11757559482760355,3.998271624027179,140.0,0.0,azimuth_elevation
V05266,230.50611293067257,693.8274871332153,0.0,12.305,9.752,1.2611203636195796,3.7959946560109934,140.0,0.0,azimuth_elevation
V05271,-177.98935957074104,709.4722953573294,0.0,12.305,9.752,-0.9733398352991468,3.87976926698223,140.0,0.0,azimuth_elevation
V05273,-722.4520005959089,-115.30332534219826,0.0,12.305,9.752,-3.950008729502548,-0.6304213169410312,140.0,0.0,azimuth_elevation
V05277,731.76609077103,-12.3019672282427,0.0,12.305,9.752,3.9994348776003057,-0.06723585229795077,140.0,0.0,azimuth_elevation
V05279,76.24431743484554,728.0249680188823,0.0,12.305,9.752,0.4166319015959753,3.9782430617764573,140.0,0.0,azimuth_elevation
V05292,-81.95466056641989,728.2999956140621,0.0,12.305,9.752,-0.44729179400063845,3.974912584072723,140.0,0.0,azimuth_elevation
V05294,-732.8131106047502,-17.972059586754447,0.0,12.305,9.752,-3.998797615472792,-0.09806951865440978,140.0,0.0,azimuth_elevation
V05300,172.98233516261865,712.7530860835942,0.0,12.305,9.752,0.9433978629087949,3.8871584058614226,140.0,0.0,azimuth_elevation
V05305,-236.7100753169414,694.5571900451739,0.0,12.305,9.752,-1.2903500194822848,3.7861585845315653,140.0,0.0,azimuth_elevation
V05313,15.924985415459965,734.1594818835465,0.0,12.305,9.752,0.08674540409805666,3.9990592937424503,140.0,0.0,azimuth_elevation
V05321,267.0021709589441,684.6575718585246,0.0,12.305,9.752,1.4533136303373755,3.726644535218726,140.0,0.0,azimuth_elevation
V05326,-142.2564352145075,721.3256938720959,0.0,12.305,9.752,-0.7739535936035987,3.924410253139709,140.0,0.0,azimuth_elevation
V05328,-731.1362656693268,-78.66391182182372,0.0,12.305,9.752,-3.9770473004692675,-0.4278957464501291,140.0,0.0,azimuth_elevation
V05332,733.933688094051,-49.90782985328244,0.0,12.305,9.752,3.990783824185102,-0.27137514370799504,140.0,0.0,azimuth_elevation
V05334,113.90252492122765,726.894947579476,0.0,12.305,9.752,0.6192332273869622,3.9517781073967106,140.0,0.0,azimuth_elevation
V05339,-294.17521672756607,674.768472784028,0.0,12.305,9.752,-1.5985488536611467,3.666693546297349,140.0,0.0,azimuth_elevation
V05347,-44.886591113754996,735.281676596246,0.0,12.305,9.752,-0.24373344750160156,3.9925673452765933,140.0,0.0,azimuth_elevation
V05355,210.22234009128894,706.5853930888626,0.0,12.305,9.752,1.1406608179316482,3.833913522555706,140.0,0.0,azimuth_elevation
V05360,-201.96110963688292,709.3444580697301,0.0,12.305,9.752,-1.095330334182391,3.847109494025338,140.0,0.0,azimuth_elevation
V05368,53.66571820052073,736.1251528714546,0.0,12.305,9.752,0.2908400642459493,3.9894124952214973,140.0,0.0,azimuth_elevation
V05381,-105.77272399494561,731.352364362548,0.0,12.305,9.752,-0.5725479284398268,3.9588115476288164,140.0,0.0,azimuth_elevation
V05383,-737.9348081927144,-41.43632292544502,0.0,12.305,9.752,-3.9937088375683483,-0.2242536972459345,140.0,0.0,azimuth_elevation
V05387,734.1412602841549,-87.76422932147736,0.0,12.305,9.752,3.971719895143022,-0.47480635476486865,140.0,0.0,azimuth_elevation
V05389,151.63882980674626,723.7901735274116,0.0,12.305,9.752,0.8202188308374571,3.9150020523033744,140.0,0.0,azimuth_elevation
V05394,-260.65185710814166,692.4078706846688,0.0,12.305,9.752,-1.4092274461351662,3.7435381666358576,140.0,0.0,azimuth_elevation
V05402,-7.318550671311107,740.3491668233789,0.0,12.305,9.752,-0.03953914421142914,3.999804577235621,140.0,0.0,azimuth_elevation
V05410,247.27467325908583,698.4469099112777,0.0,12.305,9.752,1.3349475257427152,3.7706650744283032,140.0,0.0,azimuth_elevation
V05415,-166.31264829330203,722.367256329956,0.0,12.305,9.752,-0.8974526793600525,3.8980224073636958,140.0,0.0,azimuth_elevation
V05417,-734.275341963994,-102.5410755924652,0.0,12.305,9.752,-3.9615574897496435,-0.5532289358018977,140.0,0.0,azimuth_elevation
V05421,741.1819768676753,-26.933755150827878,0.0,12.305,9.752,3.9973615780530567,-0.14525981655356607,140.0,0.0,azimuth_elevation
V05423,91.64570433966011,736.1235051783686,0.0,12.305,9.752,0.4941758555726464,3.9693563991872844,140.0,0.0,azimuth_elevation
V05436,-68.63304953221038,739.5066967322941,0.0,12.305,9.752,-0.36964835364305215,3.982883389536905,140.0,0.0,azimuth_elevation
V05438,-742.8104865062089,-3.7190235827532447,0.0,12.305,9.752,-3.999949867005868,-0.020026518412783856,140.0,0.0,azimuth_elevation
V05444,189.3484549104658,718.7003635890408,0.0,12.305,9.752,1.0190642941499435,3.8680108537061626,140.0,0.0,azimuth_elevation
V05449,-226.08544508131226,708.3571991039443,0.0,12.305,9.752,-1.2162290391090735,3.8106150323048666,140.0,0.0,azimuth_elevation
V05457,30.649226791697313,743.4699556115708,0.0,12.305,9.752,0.164758325827233,3.9966053963420762,140.0,0.0,azimuth_elevation
V05465,284.03397390109103,688.3415225525439,0.0,12.305,9.752,1.5257510475015275,3.6975780912710947,140.0,0.0,azimuth_elevation
V05470,-129.85571883029536,733.5723156492938,0.0,12.305,9.752,-0.6972333634648816,3.9387644810106948,140.0,0.0,azimuth_elevation
V05472,-742.2503334310962,-65.23720197423083,0.0,12.305,9.752,-3.984639244867918,-0.3502143461630739,140.0,0.0,azimuth_elevation
V05476,742.5352010126292,-65.07015642469679,0.0,12.305,9.752,3.9847290164040223,-0.34919144581137224,140.0,0.0,azimuth_elevation
V05478,129.76110269437555,734.13575463094,0.0,12.305,9.752,0.6962222280912642,3.938943336621084,140.0,0.0,azimuth_elevation
V05483,-284.6729818383385,689.3881659930557,0.0,12.305,9.752,-1.5267001951502548,3.697186296919344,140.0,0.0,azimuth_elevation
V05491,-30.934907887626135,745.7480683675849,0.0,12.305,9.752,-0.16578428102504722,3.9965629698736147,140.0,0.0,azimuth_elevation
V05499,226.9258255218388,711.6208398516952,0.0,12.305,9.752,1.2152507836250384,3.810927122485909,140.0,0.0,azimuth_elevation
V05504,-190.5625921244569,722.5558445426955,0.0,12.305,9.752,-1.0200572099423564,3.867749124289813,140.0,0.0,azimuth_elevation
V05510,747.6564972621961,-3.5513520838613433,0.0,12.305,9.752,3.999954876177242,-0.018999698573985296,140.0,0.0,azimuth_elevation
V05512,68.91452698972088,744.6168397033356,0.0,12.305,9.752,0.368625903393138,3.9829781499962555,140.0,0.0,azimuth_elevation
V05525,-92.68442168726085,742.9111306047971,0.0,12.305,9.752,-0.4951948048804252,3.969229409497445,140.0,0.0,azimuth_elevation
V05527,-748.3034262218383,-27.384891905171298,0.0,12.305,9.752,-3.997324156983234,-0.1462859665117503,140.0,0.0,azimuth_elevation
V05533,167.90682145021503,730.1486487767307,0.0,12.305,9.752,0.8964519962060435,3.898252662219087,140.0,0.0,azimuth_elevation
V05538,-250.3307463857624,706.5024893190024,0.0,12.305,9.752,-1.3359154416924817,3.7703222584611495,140.0,0.0,azimuth_elevation
V05546,7.221797143976705,750.040995976894,0.0,12.305,9.752,0.03851236102674738,3.9998145954591626,140.0,0.0,azimuth_elevation
V05554,264.26487025670286,702.5525804864772,0.0,12.305,9.752,1.4082664034607746,3.743899803264459,140.0,0.0,azimuth_elevation
V05559,-154.17336442498464,734.9477013379121,0.0,12.305,9.752,-0.8212238162059434,3.9147913665604386,140.0,0.0,azimuth_elevation
V05561,-745.7449397059715,-89.34559252104701,0.0,12.305,9.752,-3.971597877681355,-0.47582591143921116,140.0,0.0,azimuth_elevation
V05565,750.1741074532634,-41.93040074575436,0.0,12.305,9.752,3.9937662736984603,-0.22322847280021255,140.0,0.0,azimuth_elevation
V05567,107.37343827074812,743.7680382712864,0.0,12.305,9.752,0.571531650931912,3.9589583948284983,140.0,0.0,azimuth_elevation
V05580,-54.89567828742004,750.3401325434779,0.0,12.305,9.752,-0.291864168814085,3.989337702797604,140.0,0.0,azimuth_elevation
V05588,205.97681422524292,724.1545428992487,0.0,12.305,9.752,1.0943427142611861,3.8473905473376964,140.0,0.0,azimuth_elevation
V05593,-214.97506662642306,721.8818952771741,0.0,12.305,9.752,-1.1416449766664534,3.8336205794590903,140.0,0.0,azimuth_elevation
V05601,45.73502714799285,752.355273319575,0.0,12.305,9.752,0.24270851544424854,3.9926297820522816,140.0,0.0,azimuth_elevation
V05614,-117.01104544357953,745.481364786673,0.0,12.305,9.752,-0.6202476600858208,3.951619015056748,140.0,0.0,azimuth_elevation
V05616,-752.9893189088623,-51.39781716345328,0.0,12.305,9.752,-3.9907140285170817,-0.27239960094862237,140.0,0.0,azimuth_elevation
V05620,750.6955306970376,-80.57338389004819,0.0,12.305,9.752,3.9771570136940038,-0.4268747924445705,140.0,0.0,azimuth_elevation
V05622,145.9206410328427,740.9072927975295,0.0,12.305,9.752,0.7729461405473902,3.9246088039208304,140.0,0.0,azimuth_elevation
V05627,-274.6651137939188,703.7734189812611,0.0,12.305,9.752,-1.4542702419551472,3.72627133517726,140.0,0.0,azimuth_elevation
V05635,-16.588969578641837,755.820849201925,0.0,12.305,9.752,-0.0877719917942072,3.99903689373535,140.0,0.0,azimuth_elevation
V05643,243.86438054673016,716.151460167861,0.0,12.305,9.752,1.2893780397289791,3.786489702965618,140.0,0.0,azimuth_elevation
V05648,-178.6949532214452,735.4674457059167,0.0,12.305,9.752,-0.9443956965314652,3.8869160999914634,140.0,0.0,azimuth_elevation
V05650,-748.4049114249701,-113.73187132454399,0.0,12.305,9.752,-3.9545977352721438,-0.6009631870426264,140.0,0.0,azimuth_elevation
V05654,757.0393179293364,-18.371747578418386,0.0,12.305,9.752,3.9988226589455844,-0.09704299203633374,140.0,0.0,azimuth_elevation
V05656,84.50088987688434,752.6660943672265,0.0,12.305,9.752,0.4462713873547924,3.9750272764886065,140.0,0.0,azimuth_elevation
V05669,-79.17188787729388,754.1103116719364,0.0,12.305,9.752,-0.4176531347362763,3.9781359779480843,140.0,0.0,azimuth_elevation
V05671,-758.276760393484,-12.942358639863562,0.0,12.305,9.752,-3.999417485839054,-0.06826253705231619,140.0,0.0,azimuth_elevation
V05677,184.44970277195674,736.0239514766738,0.0,12.305,9.752,0.9723438353720761,3.88001900328,140.0,0.0,azimuth_elevation
V05682,-239.51853503680735,720.336949887913,0.0,12.305,9.752,-1.2620947843084502,3.795670791233271,140.0,0.0,azimuth_elevation
V05690,22.13393425116206,759.3200504099475,0.0,12.305,9.752,0.11654920259303038,3.998301674883341,140.0,0.0,azimuth_elevation
V05703,-141.58277781334905,747.2048360567909,0.0,12.305,9.752,-0.744682270155462,3.930069759751868,140.0,0.0,azimuth_elevation
V05705,-756.8530164363888,-75.72886841317163,0.0,12.305,9.752,-3.9801260703952543,-0.3982417152434362,140.0,0.0,azimuth_elevation
V05709,758.7369077929214,-57.27874608295748,0.0,12.305,9.752,3.988650333457213,-0.3011121342816676,140.0,0.0,azimuth_elevation
V05711,123.41392692577507,750.9541614777559,0.0,12.305,9.752,0.6486698342730465,3.9470530077646764,140.0,0.0,azimuth_elevation
V05724,-40.75485567328661,760.7930676202626,0.0,12.305,9.752,-0.21396885601025792,3.9942730663610946,140.0,0.0,azimuth_elevation
V05732,222.85337795391894,729.1130378305738,0.0,12.305,9.752,1.1692044608213352,3.8253053379822495,140.0,0.0,azimuth_elevation
V05737,-203.3893853981813,735.1215599527401,0.0,12.305,9.752,-1.0666262302182201,3.855166466575791,140.0,0.0,azimuth_elevation
V05745,61.169252162699635,760.8098793981686,0.0,12.305,9.752,0.320566293224094,3.9871339645976986,140.0,0.0,azimuth_elevation
V05758,-103.7340290864043,757.044583369765,0.0,12.305,9.752,-0.543025795953751,3.9629689608838468,140.0,0.0,azimuth_elevation
V05760,-763.3460091129539,-37.158045849131405,0.0,12.305,9.752,-3.995269338429751,-0.194481138939228,140.0,0.0,azimuth_elevation
V05766,162.3674074896272,747.2057782064438,0.0,12.305,9.752,0.8493757519455136,3.908779967202937,140.0,0.0,azimuth_elevation
V05771,-264.1611597380279,717.9136658999187,0.0,12.305,9.752,-1.3812865719574066,3.7539375868719707,140.0,0.0,azimuth_elevation
V05779,-1.8613568021866767,765.4933607490367,0.0,12.305,9.752,-0.00972628317866618,3.999988174909462,140.0,0.0,azimuth_elevation
V05787,261.0239118582629,720.1753032687318,0.0,12.305,9.752,1.3630143621098065,3.760610568602178,140.0,0.0,azimuth_elevation
V05792,-166.3690289568423,748.0700476586115,0.0,12.305,9.752,-0.8683746022345066,3.9046031232628575,140.0,0.0,azimuth_elevation
V05794,-759.8803940257413,-100.34857634906491,0.0,12.305,9.752,-3.96557083639145,-0.5236868735815445,140.0,0.0,azimuth_elevation
V05798,766.004803298427,-33.554304101533134,0.0,12.305,9.752,3.9961678805967202,-0.17504933615159338,140.0,0.0,azimuth_elevation
V05800,100.41147796275142,760.2679692669789,0.0,12.305,9.752,0.5237469524450468,3.9655629020108263,140.0,0.0,azimuth_elevation
V05813,-65.24705847849263,764.9422013197495,0.0,12.305,9.752,-0.33995244218036685,3.9855278617838823,140.0,0.0,azimuth_elevation
V05821,201.2536274018678,741.4129264165754,0.0,12.305,9.752,1.047865452339587,3.8603080179945684,140.0,0.0,azimuth_elevation
V05826,-228.2252041922692,733.9011555866342,0.0,12.305,9.752,-1.1877935813717124,3.819574113438848,140.0,0.0,azimuth_elevation
V05834,37.405032481336555,768.180261100915,0.0,12.305,9.752,0.19454166777675172,3.9952663915562177,140.0,0.0,azimuth_elevation
V05847,-128.55209402679586,759.129968530637,0.0,12.305,9.752,-0.6678571845891712,3.9438517696526865,140.0,0.0,azimuth_elevation
V05849,-767.5918913389803,-61.70282287421769,0.0,12.305,9.752,-3.987138820761939,-0.32050588757945325,140.0,0.0,azimuth_elevation
V05853,766.8648861077711,-72.96572109501297,0.0,12.305,9.752,3.982015705235576,-0.3788811466109402,140.0,0.0,azimuth_elevation
V05855,139.75367253932663,757.6775442177039,0.0,12.305,9.752,0.7255610350444557,3.9336447710012177,140.0,0.0,azimuth_elevation
V05868,-26.222816259255506,770.8583617678629,0.0,12.305,9.752,-0.13599207406207517,3.9976876010754387,140.0,0.0,azimuth_elevation
V05876,239.9642125883728,733.5733274028182,0.0,12.305,9.752,1.2436210300375654,3.8017636346369965,140.0,0.0,azimuth_elevation
V05881,-191.33879689410745,748.0665844716735,0.0,12.305,9.752,-0.9912013633282389,3.875244490007855,140.0,0.0,azimuth_elevation
V05887,772.4811169379126,-9.427299420039093,0.0,12.305,9.752,3.99970216183654,-0.0488120538403288,140.0,0.0,azimuth_elevation
V05889,76.93885112510242,768.828305402155,0.0,12.305,9.752,0.39830201463505854,3.9801200365237293,140.0,0.0,azimuth_elevation
V05902,-90.03622281372091,768.2538178111698,0.0,12.305,9.752,-0.46559717347476903,3.972809996973466,140.0,0.0,azimuth_elevation
V05904,-773.3132898654069,-22.530106913663673,0.0,12.305,9.752,-3.9983034401603446,-0.11648862777951273,140.0,0.0,azimuth_elevation
V05910,179.08776181448107,753.0275051870813,0.0,12.305,9.752,0.9254819615316269,3.8914628533341507,140.0,0.0,azimuth_elevation
V05915,-253.1706318229983,731.7984566684627,0.0,12.305,9.752,-1.3077769738471554,3.7801745180183386,140.0,0.0,azimuth_elevation
V05923,13.235421327731146,774.7590422978473,0.0,12.305,9.752,0.06832312874930804,3.999416451193587,140.0,0.0,azimuth_elevation
V05936,-153.59560851091783,760.3545482511174,0.0,12.305,9.752,-0.7920228722686782,3.9208034597264976,140.0,0.0,azimuth_elevation
V05938,-770.9998718100077,-86.54737239773257,0.0,12.305,9.752,-3.9750340371030686,-0.4462111651136542,140.0,0.0,azimuth_elevation
V05942,774.5469581322692,-49.086247035690135,0.0,12.305,9.752,3.9919915519442006,-0.2529890298138108,140.0,0.0,azimuth_elevation
V05944,116.63304375172072,767.417606720884,0.0,12.305,9.752,0.6010230996533241,3.9545886301463913,140.0,0.0,azimuth_elevation
V05957,-50.92181102989426,775.3991998715474,0.0,12.305,9.752,-0.2621223119338398,3.991402246527711,140.0,0.0,azimuth_elevation
V05965,218.30483957539215,746.3124995723723,0.0,12.305,9.752,1.1229880920755801,3.8391272113667254,140.0,0.0,azimuth_elevation
V05970,-216.46070289256116,747.1851270624023,0.0,12.305,9.752,-1.1130401232467453,3.842023123829797,140.0,0.0,azimuth_elevation
V05978,53.02233310458939,776.6156592498932,0.0,12.305,9.752,0.2724600607563961,3.990709901169543,140.0,0.0,azimuth_elevation
V05991,-115.09247420900603,770.7145206757488,0.0,12.305,9.752,-0.5907778108244742,3.95613214873283,140.0,0.0,azimuth_elevation
V05993,-777.9539933384931,-47.279321576052844,0.0,12.305,9.752,-3.992633458660242,-0.2426480265461803,140.0,0.0,azimuth_elevation
V05997,774.5526497539274,-88.97832746893901,0.0,12.305,9.752,3.973864915183822,-0.456505899053973,140.0,0.0,azimuth_elevation
V05999,156.37925728366275,763.9339486443904,0.0,12.305,9.752,0.8021759767552296,3.9187387897532533,140.0,0.0,azimuth_elevation
V06012,-11.311738151628084,780.5289838180188,0.0,12.305,9.752,-0.057963512812364254,3.9995800068485257,140.0,0.0,azimuth_elevation
V06020,257.29547435474643,737.5329747723596,0.0,12.305,9.752,1.317564087626407,3.776774400860765,140.0,0.0,azimuth_elevation
V06025,-178.8336667922272,760.7074796672152,0.0,12.305,9.752,-0.9153990941916866,3.893847005000715,140.0,0.0,azimuth_elevation
V06031,781.4374371931666,-24.7927762256628,0.0,12.305,9.752,3.9979882955973656,-0.12684474079152971,140.0,0.0,azimuth_elevation
V06033,93.03084141107192,776.4051858059347,0.0,12.305,9.752,0.4758860816186801,3.971590668399957,140.0,0.0,azimuth_elevation
V06046,-75.92913703636751,779.1010307713067,0.0,12.305,9.752,-0.38799127378593873,3.981138376327299,140.0,0.0,azimuth_elevation
V06048,-782.8841592551321,-7.526166845414375,0.0,12.305,9.752,-3.9998151784675033,-0.03845176330123832,140.0,0.0,azimuth_elevation
V06054,196.06814291636178,758.3688636365085,0.0,12.305,9.752,1.0012357916806773,3.872664055848063,140.0,0.0,azimuth_elevation
V06059,-241.70302744776316,745.4174645945625,0.0,12.305,9.752,-1.2337694365832628,3.804972138840575,140.0,0.0,azimuth_elevation
V06067,28.688910918714754,783.6114447800632,0.0,12.305,9.752,0.14634652648557842,3.997321940272713,140.0,0.0,azimuth_elevation
V06080,-140.38545289260733,772.3119671584388,0.0,12.305,9.752,-0.7153695777344496,3.935510941066234,140.0,0.0,azimuth_elevation
V06082,-781.7553382378791,-72.33976179515136,0.0,12.305,9.752,-3.9829837342704346,-0.3685655607041236,140.0,0.0,azimuth_elevation
V06086,782.6598981509724,-64.95485991293886,0.0,12.305,9.752,3.9862952631341866,-0.33083239731614084,140.0,0.0,azimuth_elevation
V06088,133.15240716404028,774.1102547224275,0.0,12.305,9.752,0.6780704059051195,3.942108639375083,140.0,0.0,azimuth_elevation
V06101,-36.20798155136532,785.4738264716248,0.0,12.305,9.752,-0.18419237800154284,3.995756895493786,140.0,0.0,azimuth_elevation
V06109,235.5896625883915,750.7196952801277,0.0,12.305,9.752,1.1976831514585773,3.816484648038329,140.0,0.0,azimuth_elevation
V06114,-204.2349669573745,760.1790106757225,0.0,12.305,9.752,-1.0378628724743253,3.863009274896883,140.0,0.0,azimuth_elevation
V06120,787.5187853176844,-0.11301220677140308,0.0,12.305,9.752,3.999999958813124,-0.0005740165579017095,140.0,0.0,azimuth_elevation
V06122,68.97313204537092,784.6203904155512,0.0,12.305,9.752,0.3502747139353993,3.9846339386168808,140.0,0.0,azimuth_elevation
V06135,-101.21505236755632,781.9500387967463,0.0,12.305,9.752,-0.5134734970210741,3.966906221207775,140.0,0.0,azimuth_elevation
V06137,-787.9318730686906,-32.47019252275844,0.0,12.305,9.752,-3.9966078919938797,-0.16469777670702737,140.0,0.0,azimuth_elevation
V06143,173.27733072758923,769.7192453459389,0.0,12.305,9.752,0.8784854880792288,3.902340739509327,140.0,0.0,azimuth_elevation
V06156,3.9662415736625305,789.798024135145,0.0,12.305,9.752,0.020087118180956657,3.9999495631424136,140.0,0.0,azimuth_elevation
V06169,-165.88434850625555,773.0348846725192,0.0,12.305,9.752,-0.8392482847076456,3.91096692860158,140.0,0.0,azimuth_elevation
V06171,-784.7034037266694,-97.68171875934505,0.0,12.305,9.752,-3.9693638855614375,-0.49411571924055314,140.0,0.0,azimuth_elevation
V06175,789.9757225217028,-40.505651782359834,0.0,12.305,9.752,3.9947521859267896,-0.20482913130982447,140.0,0.0,azimuth_elevation
V06177,109.43229511139928,783.5352722032695,0.0,12.305,9.752,0.5532889538520701,3.96154910780433,140.0,0.0,azimuth_elevation
V06190,-61.42425543721354,789.5783120400306,0.0,12.305,9.752,-0.31023764550132843,3.9879509278969056,140.0,0.0,azimuth_elevation
V06198,213.29505772788326,763.2263545953185,0.0,12.305,9.752,1.0766083989580777,3.8523907324274522,140.0,0.0,azimuth_elevation
V06203,-229.76784693565608,758.7604935119862,0.0,12.305,9.752,-1.159292138709322,3.828321007586324,140.0,0.0,azimuth_elevation
V06211,44.48669924504541,792.044243455049,0.0,12.305,9.752,0.22431420243824662,3.993705439636791,140.0,0.0,azimuth_elevation
V06224,-126.74931120807403,783.9334551531008,0.0,12.305,9.752,-0.6384439045537076,3.948719967374011,140.0,0.0,azimuth_elevation
V06226,-792.1389164726828,-57.737223777076416,0.0,12.305,9.752,-3.9894169010291685,-0.2907796240846792,140.0,0.0,azimuth_elevation
V06230,790.3378631456774,-81.14747117639851,0.0,12.305,9.752,3.9790811830423376,-0.40854979960635057,140.0,0.0,azimuth_elevation
V06232,149.95644352343194,780.3412811365318,0.0,12.305,9.752,0.7548595352576594,3.928127681482692,140.0,0.0,azimuth_elevation
V06245,-21.11737915275343,795.1587302530979,0.0,12.305,9.752,-0.10619231239608493,3.998590150639094,140.0,0.0,azimuth_elevation
V06258,-191.55793546815062,772.873086191504,0.0,12.305,9.752,-0.9622904529761588,3.882524576111649,140.0,0.0,azimuth_elevation
V06264,796.4821844443061,-15.658220295618984,0.0,12.305,9.752,3.999227253943589,-0.07862169748113285,140.0,0.0,azimuth_elevation
V06266,85.24476713157337,792.1887273097767,0.0,12.305,9.752,0.427955999194576,3.9770408173355944,140.0,0.0,azimuth_elevation
V06279,-86.93095038545061,792.8282032477669,0.0,12.305,9.752,-0.43597367697797346,3.9761698848241265,140.0,0.0,azimuth_elevation
V06281,-797.5182137909363,-17.287240141628793,0.0,12.305,9.752,-3.9990606074878707,-0.0866848178099333,140.0,0.0,azimuth_elevation
V06287,190.43459912975808,775.0294274763303,0.0,12.305,9.752,0.9544605139908309,3.884456863865573,140.0,0.0,azimuth_elevation
V06300,19.59901353223996,798.6587059993543,0.0,12.305,9.752,0.09813010095686273,3.998796129247676,140.0,0.0,azimuth_elevation
V06313,-152.50119847400333,785.039575094143,0.0,12.305,9.752,-0.7627779294614432,3.9265977423625293,140.0,0.0,azimuth_elevation
V06315,-795.4909463825759,-83.29768438170325,0.0,12.305,9.752,-3.9782493733484134,-0.41657163063866554,140.0,0.0,azimuth_elevation
V06319,798.0897490535775,-56.553536190037,0.0,12.305,9.752,3.989995064981167,-0.28273553265540463,140.0,0.0,azimuth_elevation
V06321,126.13032755987464,790.2134461458112,0.0,12.305,9.752,0.6304811600243029,3.9499991780827512,140.0,0.0,azimuth_elevation
V06334,-46.53304878375198,799.6778885094229,0.0,12.305,9.752,-0.23236589350471074,3.9932450577864316,140.0,0.0,azimuth_elevation
V06347,-217.37460898077998,771.817484493875,0.0,12.305,9.752,-1.0843734376313825,3.850212234118984,140.0,0.0,azimuth_elevation
V06355,60.61640263065135,800.0512494410085,0.0,12.305,9.752,0.30219647023161433,3.9885683262769303,140.0,0.0,azimuth_elevation
V06368,-112.6979348055213,795.2103026813538,0.0,12.305,9.752,-0.5612751423643523,3.960425509281026,140.0,0.0,azimuth_elevation
V06370,-802.1428691451287,-42.75122781419214,0.0,12.305,9.752,-3.9943310879351084,-0.212882972440572,140.0,0.0,azimuth_elevation
V06376,167.03207328988333,786.1061865247486,0.0,12.305,9.752,0.8313612500625138,3.912651079753278,140.0,0.0,azimuth_elevation
V06389,-5.661798657820643,804.4467005563255,0.0,12.305,9.752,-0.028151813811059075,3.9999009331956143,140.0,0.0,azimuth_elevation
V06402,-178.4395651246869,785.2577739813295,0.0,12.305,9.752,-0.8863516391284247,3.900561596977332,140.0,0.0,azimuth_elevation
V06408,805.032236092825,-31.54914977279195,0.0,12.305,9.752,3.9969318339066384,-0.1566394430011626,140.0,0.0,azimuth_elevation
V06410,101.82460716148186,799.315081414338,0.0,12.305,9.752,0.5054743392021568,3.9679334284244416,140.0,0.0,azimuth_elevation
V06423,-72.25129104632677,803.3408373424937,0.0,12.305,9.752,-0.3583078589336343,3.98391961242021,140.0,0.0,azimuth_elevation
V06425,-806.7058413938613,-1.742257450070204,0.0,12.305,9.752,-3.9999906712654885,-0.008638853457639838,140.0,0.0,azimuth_elevation
V06431,207.8378163304508,779.8606235110154,0.0,12.305,9.752,1.03007212682052,3.8650939721496353,140.0,0.0,azimuth_elevation
V06444,35.574484535322334,807.1043960046594,0.0,12.305,9.752,0.17613572045913692,3.996120144337297,140.0,0.0,azimuth_elevation
V06457,-138.69458946857404,796.7124706267272,0.0,12.305,9.752,-0.6860171447274855,3.940733494812856,140.0,0.0,azimuth_elevation
V06459,-805.9109378282843,-68.5208748392425,0.0,12.305,9.752,-3.985620133344983,-0.3388689314102419,140.0,0.0,azimuth_elevation
V06463,805.773436754053,-72.92406064915824,0.0,12.305,9.752,3.983718744045468,-0.36053428178302244,140.0,0.0,azimuth_elevation
V06465,143.11208751667095,796.4347307887953,0.0,12.305,9.752,0.7074333090143956,3.9369452768989492,140.0,0.0,azimuth_elevation
V06478,-31.266986859172953,809.3921333523995,0.0,12.305,9.752,-0.15440566764851243,3.9970187502434884,140.0,0.0,azimuth_elevation
V06491,-204.53286411993463,784.578522198318,0.0,12.305,9.752,-1.0090418588207994,3.8706374833026493,140.0,0.0,azimuth_elevation
V06497,811.1479371421118,-6.162310451179951,0.0,12.305,9.752,3.999884575445,-0.03038721963544835,140.0,0.0,azimuth_elevation
V06499,77.06565604988099,807.6264202325241,0.0,12.305,9.752,0.3799636760093404,3.9819125561611055,140.0,0.0,azimuth_elevation
V06512,-98.24208953866916,806.1339478294386,0.0,12.305,9.752,-0.48389267333940394,3.9706231098768923,140.0,0.0,azimuth_elevation
V06514,-811.7596073483089,-27.393245111147444,0.0,12.305,9.752,-3.9977244239000513,-0.13490526510482814,140.0,0.0,azimuth_elevation
V06520,184.36625334117318,791.4006157622941,0.0,12.305,9.752,0.9075464221263956,3.895684726936406,140.0,0.0,azimuth_elevation
V06533,10.146968504174117,813.3306763120246,0.0,12.305,9.752,0.049899403643179845,3.9996887440794757,140.0,0.0,azimuth_elevation
V06546,-164.88984274322036,797.3236417917859,0.0,12.305,9.752,-0.8100753448128107,3.9171134698558845,140.0,0.0,azimuth_elevation
V06552,813.162420640387,-47.773713046677074,0.0,12.305,9.752,3.9931145726884116,-0.23459754769273217,140.0,0.0,azimuth_elevation
V06554,118.70004255789824,805.9940135613621,0.0,12.305,9.752,0.5828002186681597,3.9573152395431355,140.0,0.0,azimuth_elevation
V06567,-57.18720929858114,813.4799156049522,0.0,12.305,9.752,-0.2805056143379056,3.9901524532685353,140.0,0.0,azimuth_elevation
V06588,51.88056773197473,815.1286135891735,0.0,12.305,9.752,0.25407427587952797,3.9919226272983166,140.0,0.0,azimuth_elevation
V06601,-124.47492213501788,808.0446421822753,0.0,12.305,9.752,-0.6089951573548057,3.953368803731622,140.0,0.0,azimuth_elevation
V06603,-815.9553916098305,-53.36242969400997,0.0,12.305,9.752,-3.9914733591164953,-0.26103720704773103,140.0,0.0,azimuth_elevation
V06609,160.36474884329593,802.1943014808985,0.0,12.305,9.752,0.7841161011109256,3.922392374556452,140.0,0.0,azimuth_elevation
V06622,-15.637548748072179,818.7135744991357,0.0,12.305,9.752,-0.07638665147179016,3.999270568425813,140.0,0.0,azimuth_elevation
V06635,-191.25220646012994,797.0338408901669,0.0,12.305,9.752,-0.9333260849601696,3.8895889781740336,140.0,0.0,azimuth_elevation
V06641,819.7243780434441,-22.228226229026575,0.0,12.305,9.752,3.9985301788809564,-0.10842697348089055,140.0,0.0,azimuth_elevation
V06643,93.82210424657359,814.7638693233428,0.0,12.305,9.752,0.4575862097179882,3.9737406634902492,140.0,0.0,azimuth_elevation
V06656,-83.39256638527075,816.6959837489579,0.0,12.305,9.752,-0.40632596104283175,3.9793088864000765,140.0,0.0,azimuth_elevation
V06658,-820.9816989517801,-11.674758509220242,0.0,12.305,9.752,-3.9995956169033597,-0.056876192272618545,140.0,0.0,azimuth_elevation
V06677,26.297124968828847,821.8037546874398,0.0,12.305,9.752,0.12793162178231063,3.9979536640821824,140.0,0.0,azimuth_elevation
V06690,-150.91879610058868,809.0614111323991,0.0,12.305,9.752,-0.7334906124074856,3.932173892582841,140.0,0.0,azimuth_elevation
V06692,-819.2790214407673,-79.61994113950934,0.0,12.305,9.752,-3.9812437077982112,-0.3869089545579841,140.0,0.0,azimuth_elevation
V06696,820.866377947366,-64.31982241558272,0.0,12.305,9.752,3.987776923720224,-0.31246632881714875,140.0,0.0,azimuth_elevation
V06698,135.8584774369681,812.2202435968393,0.0,12.305,9.752,0.6599041955824058,3.9451902935920264,140.0,0.0,azimuth_elevation
V06711,-41.74986195071027,823.2375714379759,0.0,12.305,9.752,-0.20259656656360336,3.9948660342014772,140.0,0.0,azimuth_elevation
V06732,68.50517418348615,822.7250397976776,0.0,12.305,9.752,0.33191609192277477,3.9862051763453814,140.0,0.0,azimuth_elevation
V06745,-109.85263497197731,819.0273185857194,0.0,12.305,9.752,-0.5317412936459543,3.9644988581952862,140.0,0.0,azimuth_elevation
V06747,-825.6164819857923,-37.83351257025506,0.0,12.305,9.752,-3.995806822034585,-0.18310609214843399,140.0,0.0,azimuth_elevation
V06753,177.87550348181833,807.4874954208824,0.0,12.305,9.752,0.8605003391607396,3.9063460121069986,140.0,0.0,azimuth_elevation
V06766,0.34376834449970917,827.6349024922314,0.0,12.305,9.752,0.0016614490945709105,3.9999996549483483,140.0,0.0,azimuth_elevation
V06779,-177.54228384890385,809.1738301784823,0.0,12.305,9.752,-0.8572549449940662,3.907059502910497,140.0,0.0,azimuth_elevation
V06785,827.8848531123494,-38.626674554556466,0.0,12.305,9.752,3.995653332562178,-0.18642544350157766,140.0,0.0,azimuth_elevation
V06787,110.87339421034179,821.4578750345499,0.0,12.305,9.752,0.5350345164100504,3.964055759730161,140.0,0.0,azimuth_elevation
V06800,-68.16019057731327,826.8881656067308,0.0,12.305,9.752,-0.3286045391824805,3.986479531720772,140.0,0.0,azimuth_elevation
V06821,42.7768594752013,829.8591990774332,0.0,12.305,9.752,0.2059151296560459,3.994696353839518,140.0,0.0,azimuth_elevation
V06834,-136.5365033108577,820.4619633253233,0.0,12.305,9.752,-0.6566266017363216,3.9457371308656906,140.0,0.0,azimuth_elevation
V06836,-829.3774711407503,-64.29354838686368,0.0,12.305,9.752,-3.988035121158989,-0.3091534770990105,140.0,0.0,azimuth_elevation
V06842,153.28732293222032,817.988659229621,0.0,12.305,9.752,0.7367569124174819,3.9315632071740954,140.0,0.0,azimuth_elevation
V06855,-25.950435992712205,832.6061042724754,0.0,12.305,9.752,-0.12461037967085606,3.9980585605113745,140.0,0.0,azimuth_elevation
V06874,834.059022765508,-12.553746191708692,0.0,12.305,9.752,3.999546988391235,-0.06019873462623347,140.0,0.0,azimuth_elevation
V06876,85.43620573963635,829.8875253604035,0.0,12.305,9.752,0.4096315301346351,3.9789699684113673,140.0,0.0,azimuth_elevation
V06889,-94.83821292178696,829.6518928862887,0.0,12.305,9.752,-0.45428496819094205,3.9741194204094765,140.0,0.0,azimuth_elevation
V06891,-834.8865509560824,-21.945319151401268,0.0,12.305,9.752,-3.9986188721226448,-0.1051052591673184,140.0,0.0,azimuth_elevation
V06910,16.665441589053415,836.1489777884333,0.0,12.305,9.752,0.07970891707483706,3.9992057322096795,140.0,0.0,azimuth_elevation
V06923,-163.41280667701557,820.989040495633,0.0,12.305,9.752,-0.7808574031875617,3.923042405568308,140.0,0.0,azimuth_elevation
V06929,835.6227553047833,-55.345829263299706,0.0,12.305,9.752,3.991255131854656,-0.2643529315968977,140.0,0.0,azimuth_elevation
V06931,128.20716884197478,827.7028886366926,0.0,12.305,9.752,0.6122791074608414,3.952861532430266,140.0,0.0,azimuth_elevation
V06944,-52.5558294264779,836.7024171073579,0.0,12.305,9.752,-0.2507580003794863,3.99213231559848,140.0,0.0,azimuth_elevation
V06965,59.57434013038329,837.4904465114987,0.0,12.305,9.752,0.28382023485338853,3.9899180535805203,140.0,0.0,azimuth_elevation
V06978,-121.75310088449952,831.5163452542643,0.0,12.305,9.752,-0.5795125789375399,3.9577980204721364,140.0,0.0,azimuth_elevation
V06980,-839.0959984713511,-48.5978944951975,0.0,12.305,9.752,-3.9933080807829033,-0.23128028872769446,140.0,0.0,azimuth_elevation
V06999,-9.800155663992644,841.5779862549647,0.0,12.305,9.752,-0.046576747083445905,3.9997288166363383,140.0,0.0,azimuth_elevation
V07018,842.2630792791106,-29.123105659779178,0.0,12.305,9.752,3.997610975372831,-0.13822622608855378,140.0,0.0,azimuth_elevation
V07020,102.6615490564336,836.6100981612244,0.0,12.305,9.752,0.4871910001795227,3.970219758318685,140.0,0.0,azimuth_elevation
V07033,-79.44219471946884,839.9099283245519,0.0,12.305,9.752,-0.37665567266756433,3.9822268273225396,140.0,0.0,azimuth_elevation
V07035,-843.7581148411205,-5.709083968433684,0.0,12.305,9.752,-3.999908438685378,-0.027064407133792462,140.0,0.0,azimuth_elevation
V07054,33.315916171452514,844.2488375648833,0.0,12.305,9.752,0.15772603569048294,3.9968891024977617,140.0,0.0,azimuth_elevation
V07088,-36.590398966705635,846.130836634298,0.0,12.305,9.752,-0.17281598487178024,3.9962650857235174,140.0,0.0,azimuth_elevation
V07107,848.042167919631,-2.536026453411892,0.0,12.305,9.752,3.999982114555152,-0.011961740629680171,140.0,0.0,azimuth_elevation
V07109,76.67770877775287,844.6911145363104,0.0,12.305,9.752,0.3616172748371262,3.9836205826533444,140.0,0.0,azimuth_elevation
V07122,-106.57879063062539,842.2157748390334,0.0,12.305,9.752,-0.5021779053635486,3.9683519691888067,140.0,0.0,azimuth_elevation
V07124,-848.4267464037641,-32.54390859627889,0.0,12.305,9.752,-3.997060578978196,-0.15331903984336587,140.0,0.0,azimuth_elevation
V07143,6.689711579760746,850.1458685184441,0.0,12.305,9.752,0.0314746197097852,3.999876166622428,140.0,0.0,azimuth_elevation
V07162,850.0478179702203,-46.012576151171366,0.0,12.305,9.752,3.9941528625885856,-0.21620108759071574,140.0,0.0,azimuth_elevation
V07177,-63.675179130390035,849.7931639891632,0.0,12.305,9.752,-0.29888296461237657,3.9888179920202576,140.0,0.0,azimuth_elevation
V07198,50.28360000429156,851.9277020795887,0.0,12.305,9.752,0.23568309973314955,3.9930506478756533,140.0,0.0,azimuth_elevation
V07213,-852.2044595460657,-59.67670508496658,0.0,12.305,9.752,-3.9902285635544525,-0.2794208485316864,140.0,0.0,azimuth_elevation
V07232,-20.274869559707813,855.1657030449344,0.0,12.305,9.752,-0.09480816927203736,3.9988762685333596,140.0,0.0,azimuth_elevation
V07251,856.3023387059019,-19.27316078911496,0.0,12.305,9.752,3.9989872164056433,-0.09000690542534194,140.0,0.0,azimuth_elevation
V07266,-91.02384549316115,852.5516462664517,0.0,12.305,9.752,-0.42465202637290383,3.9773949585749446,140.0,0.0,azimuth_elevation
V07268,-857.3620397823166,-16.14257539259005,0.0,12.305,9.752,-3.999291186972367,-0.07529941437460168,140.0,0.0,azimuth_elevation
V07287,23.507850095598116,858.3025870774729,0.0,12.305,9.752,0.10951400246765484,3.998500554365788,140.0,0.0,azimuth_elevation
V07321,-47.54783018991758,859.2935201921581,0.0,12.305,9.752,-0.2209964561665923,3.993890404901192,140.0,0.0,azimuth_elevation
V07357,-861.6078551603501,-43.46094713626503,0.0,12.305,9.752,-3.994920964104076,-0.20151052221102594,140.0,0.0,azimuth_elevation
V07376,-3.6202705395857,863.7994811535951,0.0,12.305,9.752,-0.016764255239220885,3.999964869814018,140.0,0.0,azimuth_elevation
V07395,864.1460974798856,-36.3300455585184,0.0,12.305,9.752,3.996469694483288,-0.1680177998804138,140.0,0.0,azimuth_elevation
V07484,870.0071753149474,-9.086523015226744,0.0,12.305,9.752,3.999781855503672,-0.04177449441467385,140.0,0.0,azimuth_elevation
V07501,-870.6185343231775,-26.898284201079598,0.0,12.305,9.752,-3.998092289115965,-0.12352347028585783,140.0,0.0,azimuth_elevation
V07590,-874.4347625309713,-54.68725699286644,0.0,12.305,9.752,-3.992200338680113,-0.24967269743084475,140.0,0.0,azimuth_elevation
V07628,877.9214950974231,-26.30776398528322,0.0,12.305,9.752,3.99820529058497,-0.11981007611363684,140.0,0.0,azimuth_elevation
V07645,-879.2288434551538,-9.999541815138882,0.0,12.305,9.752,-3.9997413311006755,-0.045489386509327455,140.0,0.0,azimuth_elevation
V07734,-883.531859185745,-37.96714110623803,0.0,12.305,9.752,-3.9963119194807484,-0.17172956127614705,140.0,0.0,azimuth_elevation
V07861,891.377357087363,-15.954851047493436,0.0,12.305,9.752,3.9993593984729467,-0.07158492750649369,140.0,0.0,azimuth_elevation
V07878,-892.2309020041602,-20.910942323162747,0.0,12.305,9.752,-3.998901895134124,-0.09372103868774764,140.0,0.0,azimuth_elevation
V07967,-896.1057260345467,-49.3404273197744,0.0,12.305,9.752,-3.9939503369988825,-0.2199106763813767,140.0,0.0,azimuth_elevation
V08022,-900.5242881535174,-3.529369008871075,0.0,12.305,9.752,-3.9999692795009287,-0.01567683159379736,140.0,0.0,azimuth_elevation
V08094,904.5165398941994,-5.280062293698871,0.0,12.305,9.752,3.9999318502975703,-0.023349367765670415,140.0,0.0,azimuth_elevation
V08111,-904.9037401405794,-32.13053189088146,0.0,12.305,9.752,-3.997480869641838,-0.14193906033061804,140.0,0.0,azimuth_elevation
V08238,912.1876340846568,-23.129423318274746,0.0,12.305,9.752,3.998714766931487,-0.10139138387487856,140.0,0.0,azimuth_elevation
V08255,-913.2980565403058,-14.594859358709614,0.0,12.305,9.752,-3.9994893520570143,-0.06391340064934507,140.0,0.0,azimuth_elevation
V08471,925.1161836202514,-12.296210957091722,0.0,12.305,9.752,3.9996467171860357,-0.05316143059556165,140.0,0.0,azimuth_elevation
V08488,-925.7548951518207,-25.96389998519814,0.0,12.305,9.752,-3.9984277496492115,-0.11214067431197078,140.0,0.0,azimuth_elevation
V08632,-933.8501263568988,-7.961878120394268,0.0,12.305,9.752,-3.9998546272499205,-0.034102212060190776,140.0,0.0,azimuth_elevation
V08704,937.7418181931616,-1.154301426595114,0.0,12.305,9.752,3.9999969695899353,-0.004923745660900787,140.0,0.0,azimuth_elevation
V08865,-946.1130594188139,-19.478932136329618,0.0,12.305,9.752,-3.999152506901594,-0.0823360585812241,140.0,0.0,azimuth_elevation
V09009,-953.9137821346159,-1.0228654028684205,0.0,12.305,9.752,-3.9999977004208995,-0.004289128992515588,140.0,0.0,azimuth_elevation
V09242,-966.0028498988421,-12.686370139449187,0.0,12.305,9.752,-3.999655101136185,-0.05252686888911686,140.0,0.0,azimuth_elevation
